Day,t_Clicks_OptCost,t_Clicks_ActCost,tm1_Clicks_OptCost,Actual_Clicks,Opt_Cost,Act_Cost,Hist_MSE,Hist_R2,Hist_Bias,Day_MSE,Day_R2,Day_Bias,N_Obs,N_Opt,SlurmJobId,SlurmArrayTaskId,x_max,alpha
2025-12-18,126.5600814819336,172.32799530029297,434.6779683642063,230.0,399.8587052249651,272.38999999999993,6.6155104637146,0.953483521938324,-0.0013337948023744379,0.24372613430023193,0.9985316395759583,-0.08361619518649194,31,13,8143355,17,50,0.0
