Day,t_Clicks_OptCost,t_Clicks_ActCost,tm1_Clicks_OptCost,Actual_Clicks,Opt_Cost,Act_Cost,Hist_MSE,Hist_R2,Hist_Bias,Day_MSE,Day_R2,Day_Bias,N_Obs,N_Opt,SlurmJobId,SlurmArrayTaskId,x_max,alpha
2025-12-05,345.566162109375,158.24674224853516,584.7621668418415,230.0,398.7318296221027,247.79000000000002,6.163053512573242,0.9548079967498779,-0.0009084660810276101,0.16435503959655762,0.998415470123291,-0.06801426410675049,33,55,8142993,4,50,0.0
