Day,t_Clicks_OptCost,t_Clicks_ActCost,tm1_Clicks_OptCost,Actual_Clicks,Opt_Cost,Act_Cost,Hist_MSE,Hist_R2,Hist_Bias,Day_MSE,Day_R2,Day_Bias,N_Obs,N_Opt,SlurmJobId,SlurmArrayTaskId,x_max,alpha
2025-12-30,285.0074157714844,208.44872283935547,527.6029096165527,276.0,399.9967637925471,295.62999999999994,7.594475746154785,0.9501141905784607,-0.0007229186075014448,0.20519641041755676,0.9988126754760742,-0.08123404885593213,38,61,8143806,29,50,0.0
