x_max,alpha,avg clicks (opt),avg cost (opt),clicks/$ (opt),avg n kws (opt),avg clicks (act),avg cost (act),clicks/$ (act),avg n kws (act),improvement in clicks,improvement in clicks/$
30.0,0.25,236.24225158691405,362.05062809448395,0.6525116468663111,42.8,225.8377456665039,362.631,0.6227756194768344,35.1,0.046070712801811915,0.0477475778747676
