Day,Pred_Clicks_OptCost,Pred_Clicks_ActCost,Opt_Expected_Clicks,Actual_Clicks,Opt_Cost,Act_Cost,Hist_MSE,Hist_R2,Hist_Bias,Day_MSE,Day_R2,Day_Bias,N_Obs,N_Opt,SlurmJobId,SlurmArrayTaskId
2025-12-16,29300.7890625,306.8459167480469,10418.124148994757,310.0,399.9499926219544,367.58000000000004,7.480031490325928,0.9451102018356323,-0.0006979246083083337,0.3240439295768738,0.9988030195236206,-0.08300259866212543,38,16182,8084659,15
