Day,Pred_Clicks_OptCost,Pred_Clicks_ActCost,Opt_Expected_Clicks,Actual_Clicks,Opt_Cost,Act_Cost,Hist_MSE,Hist_R2,Hist_Bias,Day_MSE,Day_R2,Day_Bias,N_Obs,N_Opt,SlurmJobId,SlurmArrayTaskId
2025-12-24,326.9940185546875,289.0107727050781,482.7657343272259,294.0,399.99999999999983,353.90999999999997,7.30021858215332,0.9468899369239807,-0.0009546421415101282,0.6013098359107971,0.9983742237091064,-0.13858969509601593,36,90,8084303,23
