Day,Pred_Clicks_OptCost,Pred_Clicks_ActCost,Opt_Expected_Clicks,Actual_Clicks,Opt_Cost,Act_Cost,Hist_MSE,Hist_R2,Hist_Bias,Day_MSE,Day_R2,Day_Bias,N_Obs,N_Opt,SlurmJobId,SlurmArrayTaskId
2025-12-18,30302.732421875,263.7447204589844,18187.843236091136,266.0,399.6699941787957,320.42999999999995,7.644814968109131,0.9441506266593933,-0.0005866428598754046,0.1714707911014557,0.9988669753074646,-0.06095331101804166,37,16182,8084685,17
