Day,Pred_Clicks_OptCost,Pred_Clicks_ActCost,Opt_Expected_Clicks,Actual_Clicks,Opt_Cost,Act_Cost,Hist_MSE,Hist_R2,Hist_Bias,Day_MSE,Day_R2,Day_Bias,N_Obs,N_Opt,SlurmJobId,SlurmArrayTaskId
2025-12-04,502.4306640625,306.2173156738281,436.5355948642799,308.0,399.8699863458733,370.06000000000006,6.601008892059326,0.9510678052902222,-0.001367292044415007,0.0740588903427124,0.9996959567070007,-0.05093374422618321,35,90,8084268,3
