Day,Pred_Clicks_OptCost,Pred_Clicks_ActCost,Opt_Expected_Clicks,Actual_Clicks,Opt_Cost,Act_Cost,Hist_MSE,Hist_R2,Hist_Bias,Day_MSE,Day_R2,Day_Bias,N_Obs,N_Opt,SlurmJobId,SlurmArrayTaskId
2025-12-25,33970.1953125,276.5498046875,18175.305212559,281.0,399.99999999999955,351.03999999999996,7.128915786743164,0.948319137096405,-0.0008737731455815657,0.45405012369155884,0.998343825340271,-0.12361699508296119,36,16182,8084786,24
