Day,t_Clicks_OptCost,t_Clicks_ActCost,tm1_Clicks_OptCost,Actual_Clicks,Opt_Cost,Act_Cost,Hist_MSE,Hist_R2,Hist_Bias,Day_MSE,Day_R2,Day_Bias,N_Obs,N_Opt,SlurmJobId,SlurmArrayTaskId
2025-12-03,130.90234375,217.0236473083496,574.2319617050463,276.0,399.8899941401407,359.4600000000001,6.367787837982178,0.9527281522750854,-0.0013865161173710827,0.20764067769050598,0.9990504384040833,-0.07701633373896281,36,16182,8128480,2
