Day,t_Clicks_OptCost,t_Clicks_ActCost,tm1_Clicks_OptCost,Actual_Clicks,Opt_Cost,Act_Cost,Hist_MSE,Hist_R2,Hist_Bias,Day_MSE,Day_R2,Day_Bias,N_Obs,N_Opt,SlurmJobId,SlurmArrayTaskId
2025-12-05,189.55078125,221.10304260253906,584.0282539398582,303.0,399.6864148402524,326.77000000000004,6.515537261962891,0.9517929553985596,-0.0009194450285911739,0.052484069019556046,0.999660849571228,-0.032251759579307156,38,15885,8130800,4
