Day,Pred_Clicks_OptCost,Pred_Clicks_ActCost,Opt_Expected_Clicks,Actual_Clicks,Opt_Cost,Act_Cost,Hist_MSE,Hist_R2,Hist_Bias,Day_MSE,Day_R2,Day_Bias,N_Obs,N_Opt,SlurmJobId,SlurmArrayTaskId
2025-12-15,24653.794921875,311.52392578125,10307.428330294106,314.0,399.90998994513734,381.4199999999999,7.386505126953125,0.9457369446754456,-0.00032166622730293295,0.18150389194488525,0.9990571737289429,-0.06515936475051076,38,16182,8084658,14
