Day,Pred_Clicks_OptCost,Pred_Clicks_ActCost,Opt_Expected_Clicks,Actual_Clicks,Opt_Cost,Act_Cost,Hist_MSE,Hist_R2,Hist_Bias,Day_MSE,Day_R2,Day_Bias,N_Obs,N_Opt,SlurmJobId,SlurmArrayTaskId
2025-12-10,41910.71875,283.3374938964844,19618.78751519855,285.0,333.78999708254435,347.52,6.749011993408203,0.9503459930419922,-0.0017691898974291588,0.07023870199918747,0.9993925094604492,-0.04375080058449193,38,16182,8084589,9
