Day,Pred_Clicks_OptCost,Pred_Clicks_ActCost,Opt_Expected_Clicks,Actual_Clicks,Opt_Cost,Act_Cost,Hist_MSE,Hist_R2,Hist_Bias,Day_MSE,Day_R2,Day_Bias,N_Obs,N_Opt,SlurmJobId,SlurmArrayTaskId
2025-12-10,475.4951171875,283.3374938964844,488.29558653864257,285.0,400.00000000000006,347.52,6.749011993408203,0.9503459930419922,-0.0017691898974291588,0.07023870199918747,0.9993925094604492,-0.04375080058449193,38,90,8084274,9
