Day,Pred_Clicks_OptCost,Pred_Clicks_ActCost,Opt_Expected_Clicks,Actual_Clicks,Opt_Cost,Act_Cost,Hist_MSE,Hist_R2,Hist_Bias,Day_MSE,Day_R2,Day_Bias,N_Obs,N_Opt,SlurmJobId,SlurmArrayTaskId
2025-12-22,501.6610107421875,295.4544372558594,453.7580209553795,297.0,400.0,351.6900000000001,7.200653076171875,0.9475443363189697,4.759062267188091e-05,0.0661185011267662,0.999589204788208,-0.041773029275842616,37,90,8084301,21
