Day,t_Clicks_OptCost,t_Clicks_ActCost,tm1_Clicks_OptCost,Actual_Clicks,Opt_Cost,Act_Cost,Hist_MSE,Hist_R2,Hist_Bias,Day_MSE,Day_R2,Day_Bias,N_Obs,N_Opt,SlurmJobId,SlurmArrayTaskId
2025-12-01,362.90234375,270.7044143676758,793.7817657804534,322.0,399.73677934213293,355.41,6.360960483551025,0.9525688886642456,-0.000985882943199027,0.31627070903778076,0.9989595413208008,-0.10453353389616936,31,15885,8130511,0
