Day,Pred_Clicks_OptCost,Pred_Clicks_ActCost,Opt_Expected_Clicks,Actual_Clicks,Opt_Cost,Act_Cost,Hist_MSE,Hist_R2,Hist_Bias,Day_MSE,Day_R2,Day_Bias,N_Obs,N_Opt,SlurmJobId,SlurmArrayTaskId
2025-12-02,475.8689880371094,289.2392272949219,413.88496599383205,292.0,400.0,350.34000000000003,6.330215930938721,0.9529272317886353,-0.001815324129069496,0.2018638253211975,0.9991461634635925,-0.0862741470336914,32,90,8084266,1
