Day,t_Clicks_OptCost,t_Clicks_ActCost,tm1_Clicks_OptCost,Actual_Clicks,Opt_Cost,Act_Cost,Hist_MSE,Hist_R2,Hist_Bias,Day_MSE,Day_R2,Day_Bias,N_Obs,N_Opt,SlurmJobId,SlurmArrayTaskId
2025-12-20,366.24609375,278.47534942626953,651.102055177492,351.0,399.9999999999829,456.1700000000001,7.229161739349365,0.9471920728683472,-0.00021455859440302114,0.12594060599803925,0.9994577765464783,-0.06303929671263084,39,15885,8132391,19
