Day,Pred_Clicks_OptCost,Pred_Clicks_ActCost,Opt_Expected_Clicks,Actual_Clicks,Opt_Cost,Act_Cost,Hist_MSE,Hist_R2,Hist_Bias,Day_MSE,Day_R2,Day_Bias,N_Obs,N_Opt,SlurmJobId,SlurmArrayTaskId
2025-12-02,31322.5546875,289.2392272949219,17988.756910709868,292.0,385.28999507078123,350.34000000000003,6.330215930938721,0.9529272317886353,-0.001815324129069496,0.2018638253211975,0.9991461634635925,-0.0862741470336914,32,16182,8084512,1
