Day,Pred_Clicks_OptCost,Pred_Clicks_ActCost,Opt_Expected_Clicks,Actual_Clicks,Opt_Cost,Act_Cost,Hist_MSE,Hist_R2,Hist_Bias,Day_MSE,Day_R2,Day_Bias,N_Obs,N_Opt,SlurmJobId,SlurmArrayTaskId
2025-12-27,418.7914733886719,281.30987548828125,482.87585752052996,283.0,400.0000000565309,332.59000000000003,7.443812847137451,0.9462229609489441,-0.0006378446428167487,0.08835232257843018,0.99942547082901,-0.04333738791636932,39,90,8084309,26
