Day,Pred_Clicks_OptCost,Pred_Clicks_ActCost,Opt_Expected_Clicks,Actual_Clicks,Opt_Cost,Act_Cost,Hist_MSE,Hist_R2,Hist_Bias,Day_MSE,Day_R2,Day_Bias,N_Obs,N_Opt,SlurmJobId,SlurmArrayTaskId
2025-12-11,389.7696838378906,215.80035400390625,450.64461559866027,218.0,400.0000000000002,227.73,7.527974605560303,0.9446048140525818,-0.00037384773793292615,0.11442513018846512,0.9987303018569946,-0.0628469399043492,35,90,8084275,10
