Day,Pred_Clicks_OptCost,Pred_Clicks_ActCost,Opt_Expected_Clicks,Actual_Clicks,Opt_Cost,Act_Cost,Hist_MSE,Hist_R2,Hist_Bias,Day_MSE,Day_R2,Day_Bias,N_Obs,N_Opt,SlurmJobId,SlurmArrayTaskId
2025-12-06,36922.6953125,307.23699951171875,15255.890680123346,309.0,399.9999999999993,443.0,6.503819942474365,0.951904296875,-0.00134301903484122,0.15404470264911652,0.9990816712379456,-0.048972619904412165,36,16182,8084557,5
