Day,Pred_Clicks_OptCost,Pred_Clicks_ActCost,Opt_Expected_Clicks,Actual_Clicks,Opt_Cost,Act_Cost,Hist_MSE,Hist_R2,Hist_Bias,Day_MSE,Day_R2,Day_Bias,N_Obs,N_Opt,SlurmJobId,SlurmArrayTaskId
2025-12-14,335.35919189453125,350.2543640136719,497.05338601258006,353.0,400.0,524.29,7.027133464813232,0.9482631683349609,-0.0010285414971193826,0.17779068648815155,0.9992941617965698,-0.07039937759057069,39,90,8084293,13
