Day,Pred_Clicks_OptCost,Pred_Clicks_ActCost,Opt_Expected_Clicks,Actual_Clicks,Opt_Cost,Act_Cost,Hist_MSE,Hist_R2,Hist_Bias,Day_MSE,Day_R2,Day_Bias,N_Obs,N_Opt,SlurmJobId,SlurmArrayTaskId
2025-12-31,29096.916015625,229.50613403320312,19573.560854979412,231.0,399.9400072088528,233.60000000000002,7.34266996383667,0.9470862150192261,-0.0005561904031423931,0.042645979672670364,0.999347448348999,-0.03830429835197253,39,16182,8084510,30
