Day,t_Clicks_OptCost,t_Clicks_ActCost,tm1_Clicks_OptCost,Actual_Clicks,Opt_Cost,Act_Cost,Hist_MSE,Hist_R2,Hist_Bias,Day_MSE,Day_R2,Day_Bias,N_Obs,N_Opt,SlurmJobId,SlurmArrayTaskId
2025-12-25,247.1640625,199.1697540283203,655.2450754822163,281.0,399.99999999999943,351.03999999999996,7.128915786743164,0.948319137096405,-0.0008737731455815657,0.45405012369155884,0.998343825340271,-0.12361699508296119,36,15885,8132835,24
