Day,Pred_Clicks_OptCost,Pred_Clicks_ActCost,Opt_Expected_Clicks,Actual_Clicks,Opt_Cost,Act_Cost,Hist_MSE,Hist_R2,Hist_Bias,Day_MSE,Day_R2,Day_Bias,N_Obs,N_Opt,SlurmJobId,SlurmArrayTaskId
2025-12-21,19732.87890625,267.9002685546875,11628.934841020082,270.0,400.0,340.28000000000003,7.498052597045898,0.9453272819519043,-0.001293437195054131,0.12477037310600281,0.999349057674408,-0.05675015739492468,37,16182,8084726,20
