Day,Pred_Clicks_OptCost,Pred_Clicks_ActCost,Opt_Expected_Clicks,Actual_Clicks,Opt_Cost,Act_Cost,Hist_MSE,Hist_R2,Hist_Bias,Day_MSE,Day_R2,Day_Bias,N_Obs,N_Opt,SlurmJobId,SlurmArrayTaskId
2025-12-01,443.2421875,318.75946044921875,387.2240395708301,322.0,400.0,355.41,6.360960483551025,0.9525688886642456,-0.000985882943199027,0.31627070903778076,0.9989595413208008,-0.10453353389616936,31,90,8084265,0
