Day,Pred_Clicks_OptCost,Pred_Clicks_ActCost,Opt_Expected_Clicks,Actual_Clicks,Opt_Cost,Act_Cost,Hist_MSE,Hist_R2,Hist_Bias,Day_MSE,Day_R2,Day_Bias,N_Obs,N_Opt,SlurmJobId,SlurmArrayTaskId
2025-12-12,23381.0234375,240.28732299804688,16822.011434588887,242.0,399.8800109152607,240.51999999999995,7.30832052230835,0.9461873769760132,-0.0013760780103695698,0.07285498827695847,0.9986968636512756,-0.043915170889634356,39,16182,8084621,11
