Day,t_Clicks_OptCost,t_Clicks_ActCost,tm1_Clicks_OptCost,Actual_Clicks,Opt_Cost,Act_Cost,Hist_MSE,Hist_R2,Hist_Bias,Day_MSE,Day_R2,Day_Bias,N_Obs,N_Opt,SlurmJobId,SlurmArrayTaskId
2025-12-07,75.33203125,225.44159698486328,727.9457906069904,304.0,399.9841319299901,355.98,6.744345188140869,0.950162947177887,-0.0014687071309390245,0.23646938800811768,0.9990569949150085,-0.10076341909520767,34,15885,8131094,6
