Day,t_Clicks_OptCost,t_Clicks_ActCost,tm1_Clicks_OptCost,Actual_Clicks,Opt_Cost,Act_Cost,Hist_MSE,Hist_R2,Hist_Bias,Day_MSE,Day_R2,Day_Bias,N_Obs,N_Opt,SlurmJobId,SlurmArrayTaskId
2025-12-27,255.01953125,194.5679168701172,780.3528552847125,283.0,400.0,332.59000000000003,7.443812847137451,0.9462229609489441,-0.0006378446428167487,0.08835232257843018,0.99942547082901,-0.04333738791636932,39,15885,8132898,26
