Day,Pred_Clicks_OptCost,Pred_Clicks_ActCost,Opt_Expected_Clicks,Actual_Clicks,Opt_Cost,Act_Cost,Hist_MSE,Hist_R2,Hist_Bias,Day_MSE,Day_R2,Day_Bias,N_Obs,N_Opt,SlurmJobId,SlurmArrayTaskId
2025-12-13,41572.9140625,322.679931640625,12075.490166913829,325.0,399.9700110122194,450.57,6.924758434295654,0.9489476084709167,-0.0018933083602284888,0.23128117620944977,0.9988805055618286,-0.06823620024849386,34,16182,8084624,12
