Day,t_Clicks_OptCost,t_Clicks_ActCost,tm1_Clicks_OptCost,Actual_Clicks,Opt_Cost,Act_Cost,Hist_MSE,Hist_R2,Hist_Bias,Day_MSE,Day_R2,Day_Bias,N_Obs,N_Opt,SlurmJobId,SlurmArrayTaskId
2025-12-19,181.4765625,145.03557586669922,669.8434214195744,219.0,399.9999999999984,255.50000000000003,6.945839881896973,0.9492732882499695,-0.001064958485061626,0.1562499850988388,0.9987147450447083,-0.07451416590274909,39,15885,8132354,18
