Day,Pred_Clicks_OptCost,Pred_Clicks_ActCost,Opt_Expected_Clicks,Actual_Clicks,Opt_Cost,Act_Cost,Hist_MSE,Hist_R2,Hist_Bias,Day_MSE,Day_R2,Day_Bias,N_Obs,N_Opt,SlurmJobId,SlurmArrayTaskId
2025-12-30,27595.548828125,272.9130859375,20577.426849074393,276.0,396.64000677687966,295.62999999999994,7.257368564605713,0.9476689696311951,-0.0010293237035794956,0.20519641041755676,0.9988126754760742,-0.08123404885593213,38,16182,8084838,29
