Day,Pred_Clicks_OptCost,Pred_Clicks_ActCost,Opt_Expected_Clicks,Actual_Clicks,Opt_Cost,Act_Cost,Hist_MSE,Hist_R2,Hist_Bias,Day_MSE,Day_R2,Day_Bias,N_Obs,N_Opt,SlurmJobId,SlurmArrayTaskId
2025-12-19,361.56109619140625,216.09393310546875,472.79685349494406,219.0,400.0,255.50000000000003,6.945839881896973,0.9492732882499695,-0.001064958485061626,0.1562499850988388,0.9987147450447083,-0.07451416590274909,39,90,8084298,18
