Day,Pred_Clicks_OptCost,Pred_Clicks_ActCost,Opt_Expected_Clicks,Actual_Clicks,Opt_Cost,Act_Cost,Hist_MSE,Hist_R2,Hist_Bias,Day_MSE,Day_R2,Day_Bias,N_Obs,N_Opt,SlurmJobId,SlurmArrayTaskId
2025-12-07,433.0852966308594,300.57403564453125,395.2103802071,304.0,400.0000000000001,355.98,6.744345188140869,0.950162947177887,-0.0014687071309390245,0.23646938800811768,0.9990569949150085,-0.10076341909520767,34,90,8084271,6
