Day,Pred_Clicks_OptCost,Pred_Clicks_ActCost,Opt_Expected_Clicks,Actual_Clicks,Opt_Cost,Act_Cost,Hist_MSE,Hist_R2,Hist_Bias,Day_MSE,Day_R2,Day_Bias,N_Obs,N_Opt,SlurmJobId,SlurmArrayTaskId
2025-12-20,439.5824890136719,348.54150390625,458.43294136599,351.0,399.9200024624849,456.1700000000001,7.229161739349365,0.9471920728683472,-0.00021455859440302114,0.12594060599803925,0.9994577765464783,-0.06303929671263084,39,90,8084299,19
