Day,t_Clicks_OptCost,t_Clicks_ActCost,tm1_Clicks_OptCost,Actual_Clicks,Opt_Cost,Act_Cost,Hist_MSE,Hist_R2,Hist_Bias,Day_MSE,Day_R2,Day_Bias,N_Obs,N_Opt,SlurmJobId,SlurmArrayTaskId
2025-12-06,259.2890625,240.35546875,797.4385458571444,309.0,399.8004657904701,443.0,6.503819942474365,0.951904296875,-0.00134301903484122,0.15404470264911652,0.9990816712379456,-0.048972619904412165,36,15885,8131093,5
