Day,t_Clicks_OptCost,t_Clicks_ActCost,tm1_Clicks_OptCost,Actual_Clicks,Opt_Cost,Act_Cost,Hist_MSE,Hist_R2,Hist_Bias,Day_MSE,Day_R2,Day_Bias,N_Obs,N_Opt,SlurmJobId,SlurmArrayTaskId
2025-12-15,204.361328125,260.1197814941406,789.8150169819717,314.0,399.99999588798715,381.4199999999999,7.386505126953125,0.9457369446754456,-0.00032166622730293295,0.18150389194488525,0.9990571737289429,-0.06515936475051076,38,15885,8131838,14
