Day,Pred_Clicks_OptCost,Pred_Clicks_ActCost,Opt_Expected_Clicks,Actual_Clicks,Opt_Cost,Act_Cost,Hist_MSE,Hist_R2,Hist_Bias,Day_MSE,Day_R2,Day_Bias,N_Obs,N_Opt,SlurmJobId,SlurmArrayTaskId
2025-12-28,37224.0,307.5149230957031,13127.152223660498,309.0,399.99999923538843,338.32,7.3190436363220215,0.947142481803894,-0.000809960432424606,0.08515597879886627,0.9995026588439941,-0.03908027159540277,38,16182,8084808,27
