Day,Pred_Clicks_OptCost,Pred_Clicks_ActCost,Opt_Expected_Clicks,Actual_Clicks,Opt_Cost,Act_Cost,Hist_MSE,Hist_R2,Hist_Bias,Day_MSE,Day_R2,Day_Bias,N_Obs,N_Opt,SlurmJobId,SlurmArrayTaskId
2025-12-15,349.17236328125,311.52392578125,456.82637707023804,314.0,399.5500034462581,381.4199999999999,7.386505126953125,0.9457369446754456,-0.00032166622730293295,0.18150389194488525,0.9990571737289429,-0.06515936475051076,38,90,8084294,14
