Day,t_Clicks_OptCost,t_Clicks_ActCost,tm1_Clicks_OptCost,Actual_Clicks,Opt_Cost,Act_Cost,Hist_MSE,Hist_R2,Hist_Bias,Day_MSE,Day_R2,Day_Bias,N_Obs,N_Opt,SlurmJobId,SlurmArrayTaskId
2025-12-13,50.734375,235.0763702392578,661.084397295072,325.0,399.9962159001679,450.57,6.924758434295654,0.9489476084709167,-0.0018933083602284888,0.23128117620944977,0.9988805055618286,-0.06823620024849386,34,15885,8131566,12
