Day,t_Clicks_OptCost,t_Clicks_ActCost,tm1_Clicks_OptCost,Actual_Clicks,Opt_Cost,Act_Cost,Hist_MSE,Hist_R2,Hist_Bias,Day_MSE,Day_R2,Day_Bias,N_Obs,N_Opt,SlurmJobId,SlurmArrayTaskId
2025-12-28,187.296875,230.87679290771484,762.5069011505484,309.0,400.00000000001484,338.32,7.3190436363220215,0.947142481803894,-0.000809960432424606,0.08515597879886627,0.9995026588439941,-0.03908027159540277,38,15885,8132974,27
