Day,t_Clicks_OptCost,t_Clicks_ActCost,tm1_Clicks_OptCost,Actual_Clicks,Opt_Cost,Act_Cost,Hist_MSE,Hist_R2,Hist_Bias,Day_MSE,Day_R2,Day_Bias,N_Obs,N_Opt,SlurmJobId,SlurmArrayTaskId
2025-12-31,73.71875,170.35708618164062,723.1026647064216,231.0,399.9602483040901,233.60000000000002,7.34266996383667,0.9470862150192261,-0.0005561904031423931,0.042645979672670364,0.999347448348999,-0.03830429835197253,39,15885,8130474,30
