Day,t_Clicks_OptCost,t_Clicks_ActCost,tm1_Clicks_OptCost,Actual_Clicks,Opt_Cost,Act_Cost,Hist_MSE,Hist_R2,Hist_Bias,Day_MSE,Day_R2,Day_Bias,N_Obs,N_Opt,SlurmJobId,SlurmArrayTaskId
2025-12-30,260.322265625,208.44872283935547,541.0076600570404,276.0,400.0,295.62999999999994,7.257368564605713,0.9476689696311951,-0.0010293237035794956,0.20519641041755676,0.9988126754760742,-0.08123404885593213,38,15885,8133104,29
