Day,Pred_Clicks_OptCost,Pred_Clicks_ActCost,Opt_Expected_Clicks,Actual_Clicks,Opt_Cost,Act_Cost,Hist_MSE,Hist_R2,Hist_Bias,Day_MSE,Day_R2,Day_Bias,N_Obs,N_Opt,SlurmJobId,SlurmArrayTaskId
2025-12-08,41703.9609375,308.1107177734375,14292.406924104318,310.0,399.97999952745056,355.0,6.541078090667725,0.9517585635185242,-0.0009131485330389638,0.1026790663599968,0.9995021224021912,-0.05397993837084089,35,16182,8084567,7
