Day,Pred_Clicks_OptCost,Pred_Clicks_ActCost,Opt_Expected_Clicks,Actual_Clicks,Opt_Cost,Act_Cost,Hist_MSE,Hist_R2,Hist_Bias,Day_MSE,Day_R2,Day_Bias,N_Obs,N_Opt,SlurmJobId,SlurmArrayTaskId
2025-12-23,278.56817626953125,273.0128479003906,460.85011777589,275.0,399.93000718987986,323.91,7.342178821563721,0.9465415477752686,9.071386781647108e-05,0.0889599621295929,0.9995110034942627,-0.04846648617488582,41,90,8084302,22
