Day,Pred_Clicks_OptCost,Pred_Clicks_ActCost,Opt_Expected_Clicks,Actual_Clicks,Opt_Cost,Act_Cost,Hist_MSE,Hist_R2,Hist_Bias,Day_MSE,Day_R2,Day_Bias,N_Obs,N_Opt,SlurmJobId,SlurmArrayTaskId
2025-12-20,34659.6953125,348.54150390625,14287.98004361702,351.0,399.9799988139057,456.1700000000001,7.229161739349365,0.9471920728683472,-0.00021455859440302114,0.12594060599803925,0.9994577765464783,-0.06303929671263084,39,16182,8084711,19
