Day,t_Clicks_OptCost,t_Clicks_ActCost,tm1_Clicks_OptCost,Actual_Clicks,Opt_Cost,Act_Cost,Hist_MSE,Hist_R2,Hist_Bias,Day_MSE,Day_R2,Day_Bias,N_Obs,N_Opt,SlurmJobId,SlurmArrayTaskId
2025-12-04,193.86328125,194.2918243408203,65.17642412628733,308.0,399.9999999985098,370.06000000000006,6.601008892059326,0.9510678052902222,-0.001367292044415007,0.0740588903427124,0.9996959567070007,-0.05093374422618321,35,16182,8126176,3
