Day,Pred_Clicks_OptCost,Pred_Clicks_ActCost,Opt_Expected_Clicks,Actual_Clicks,Opt_Cost,Act_Cost,Hist_MSE,Hist_R2,Hist_Bias,Day_MSE,Day_R2,Day_Bias,N_Obs,N_Opt,SlurmJobId,SlurmArrayTaskId
2025-12-17,28589.10546875,291.8869934082031,10927.96638111338,295.0,399.9600078144964,335.03000000000003,7.307344913482666,0.9465007185935974,-0.0015643053126889839,0.20545659959316254,0.9992456436157227,-0.08894278662545341,35,16182,8084682,16
