Day,Pred_Clicks_OptCost,Pred_Clicks_ActCost,Opt_Expected_Clicks,Actual_Clicks,Opt_Cost,Act_Cost,Hist_MSE,Hist_R2,Hist_Bias,Day_MSE,Day_R2,Day_Bias,N_Obs,N_Opt,SlurmJobId,SlurmArrayTaskId
2025-12-26,343.3658447265625,291.95477294921875,466.1361325261644,295.0,400.00000000013705,352.57000000000005,7.282319068908691,0.9473178386688232,-0.0010766038124337247,0.34520968794822693,0.9984145164489746,-0.07808306431158996,39,90,8084308,25
