Day,t_Clicks_OptCost,t_Clicks_ActCost,tm1_Clicks_OptCost,Actual_Clicks,Opt_Cost,Act_Cost,Hist_MSE,Hist_R2,Hist_Bias,Day_MSE,Day_R2,Day_Bias,N_Obs,N_Opt,SlurmJobId,SlurmArrayTaskId
2025-12-18,152.529296875,204.0795669555664,671.1369129561181,266.0,399.9519019663767,320.42999999999995,7.644814968109131,0.9441506266593933,-0.0005866428598754046,0.1714707911014557,0.9988669753074646,-0.06095331101804166,37,15885,8132267,17
