Day,Pred_Clicks_OptCost,Pred_Clicks_ActCost,Opt_Expected_Clicks,Actual_Clicks,Opt_Cost,Act_Cost,Hist_MSE,Hist_R2,Hist_Bias,Day_MSE,Day_R2,Day_Bias,N_Obs,N_Opt,SlurmJobId,SlurmArrayTaskId
2025-12-23,27097.91015625,273.0128479003906,13764.024662985796,275.0,399.71999656265984,323.91,7.342178821563721,0.9465415477752686,9.071386781647108e-05,0.0889599621295929,0.9995110034942627,-0.04846648617488582,41,16182,8084749,22
