Day,t_Clicks_OptCost,t_Clicks_ActCost,tm1_Clicks_OptCost,Actual_Clicks,Opt_Cost,Act_Cost,Hist_MSE,Hist_R2,Hist_Bias,Day_MSE,Day_R2,Day_Bias,N_Obs,N_Opt,SlurmJobId,SlurmArrayTaskId,x_max,alpha
2025-12-21,268.1837463378906,224.799072265625,470.1771774349184,270.0,399.8787638466173,340.28000000000003,6.956490993499756,0.9514049887657166,-0.0001329508641787657,0.12477037310600281,0.999349057674408,-0.05675015739492468,37,57,8173460,20,20.0,0.05
