Day,t_Clicks_OptCost,t_Clicks_ActCost,tm1_Clicks_OptCost,Actual_Clicks,Opt_Cost,Act_Cost,Hist_MSE,Hist_R2,Hist_Bias,Day_MSE,Day_R2,Day_Bias,N_Obs,N_Opt,SlurmJobId,SlurmArrayTaskId,x_max,alpha
2025-12-06,214.06402587890625,240.35546875,531.2176136924808,309.0,399.8896912833046,443.0,7.2945756912231445,0.9502800107002258,-0.0012708168964887148,0.15404470264911652,0.9990816712379456,-0.048972619904412165,36,65,8173246,5,20.0,0.05
