Day,t_Clicks_OptCost,t_Clicks_ActCost,tm1_Clicks_OptCost,Actual_Clicks,Opt_Cost,Act_Cost,Hist_MSE,Hist_R2,Hist_Bias,Day_MSE,Day_R2,Day_Bias,N_Obs,N_Opt,SlurmJobId,SlurmArrayTaskId,x_max,alpha
2025-12-27,208.27565002441406,194.5679168701172,551.7668235242415,283.0,399.99999999999994,332.59000000000003,7.788341522216797,0.9477294087409973,-0.0007338034104184115,0.08835232257843018,0.99942547082901,-0.04333738791636932,39,80,8173525,26,20.0,0.05
