Day,t_Clicks_OptCost,t_Clicks_ActCost,tm1_Clicks_OptCost,Actual_Clicks,Opt_Cost,Act_Cost,Hist_MSE,Hist_R2,Hist_Bias,Day_MSE,Day_R2,Day_Bias,N_Obs,N_Opt,SlurmJobId,SlurmArrayTaskId,x_max,alpha
2025-12-30,190.21798706054688,208.44872283935547,382.6974770313691,276.0,399.9625874259814,295.62999999999994,6.621652126312256,0.9546903371810913,-0.000478201004563883,0.20519641041755676,0.9988126754760742,-0.08123404885593213,38,153,8173590,29,20.0,0.05
