Day,t_Clicks_OptCost,t_Clicks_ActCost,tm1_Clicks_OptCost,Actual_Clicks,Opt_Cost,Act_Cost,Hist_MSE,Hist_R2,Hist_Bias,Day_MSE,Day_R2,Day_Bias,N_Obs,N_Opt,SlurmJobId,SlurmArrayTaskId,x_max,alpha
2025-12-20,326.6636047363281,278.47534942626953,590.9182424583607,351.0,399.667525565447,456.1700000000001,7.492939472198486,0.9476397633552551,7.24952251026095e-05,0.12594060599803925,0.9994577765464783,-0.06303929671263084,39,65,8173459,19,20.0,0.05
