Day,t_Clicks_OptCost,t_Clicks_ActCost,tm1_Clicks_OptCost,Actual_Clicks,Opt_Cost,Act_Cost,Hist_MSE,Hist_R2,Hist_Bias,Day_MSE,Day_R2,Day_Bias,N_Obs,N_Opt,SlurmJobId,SlurmArrayTaskId,x_max,alpha
2025-12-18,184.66558837890625,204.0795669555664,396.2787723248155,266.0,399.9874691028433,320.42999999999995,5.450582981109619,0.9551423192024231,-0.0007015754240805296,0.1714707911014557,0.9988669753074646,-0.06095331101804166,37,158,8173428,17,20.0,0.05
