Day,t_Clicks_OptCost,t_Clicks_ActCost,tm1_Clicks_OptCost,Actual_Clicks,Opt_Cost,Act_Cost,Hist_MSE,Hist_R2,Hist_Bias,Day_MSE,Day_R2,Day_Bias,N_Obs,N_Opt,SlurmJobId,SlurmArrayTaskId,x_max,alpha
2025-12-04,179.6154022216797,194.2918243408203,434.43514324459176,308.0,394.7476872587366,370.06000000000006,6.728792667388916,0.9556798934936523,-0.0018225873395020954,0.0740588903427124,0.9996959567070007,-0.05093374422618321,35,77,8173233,3,20.0,0.05
