Day,t_Clicks_OptCost,t_Clicks_ActCost,tm1_Clicks_OptCost,Actual_Clicks,Opt_Cost,Act_Cost,Hist_MSE,Hist_R2,Hist_Bias,Day_MSE,Day_R2,Day_Bias,N_Obs,N_Opt,SlurmJobId,SlurmArrayTaskId,x_max,alpha
2025-12-07,250.89230346679688,225.44159698486328,551.1709184132633,304.0,399.8851552339802,355.98,7.568727970123291,0.9494457840919495,-0.0015003701938050135,0.23646938800811768,0.9990569949150085,-0.10076341909520767,34,91,8173255,6,20.0,0.05
