Day,t_Clicks_OptCost,t_Clicks_ActCost,tm1_Clicks_OptCost,Actual_Clicks,Opt_Cost,Act_Cost,Hist_MSE,Hist_R2,Hist_Bias,Day_MSE,Day_R2,Day_Bias,N_Obs,N_Opt,SlurmJobId,SlurmArrayTaskId,x_max,alpha
2025-12-22,240.7523193359375,208.2992935180664,563.2680114142335,297.0,399.90184555618674,351.6900000000001,6.919241905212402,0.9532159566879272,-0.0009006907343636344,0.0661185011267662,0.999589204788208,-0.041773029275842616,37,71,8173473,21,20.0,0.05
