Day,t_Clicks_OptCost,t_Clicks_ActCost,tm1_Clicks_OptCost,Actual_Clicks,Opt_Cost,Act_Cost,Hist_MSE,Hist_R2,Hist_Bias,Day_MSE,Day_R2,Day_Bias,N_Obs,N_Opt,SlurmJobId,SlurmArrayTaskId,x_max,alpha
2025-12-28,161.17950439453125,119.8930435180664,372.588105265481,179.0,399.9499727116398,191.68999999999997,5.527143478393555,0.955201268196106,-0.001488577093266937,0.14445894956588745,0.9985823035240173,-0.06788785457611084,30,145,8144474,27,5.0,1.0
