Day,t_Clicks_OptCost,t_Clicks_ActCost,tm1_Clicks_OptCost,Actual_Clicks,Opt_Cost,Act_Cost,Hist_MSE,Hist_R2,Hist_Bias,Day_MSE,Day_R2,Day_Bias,N_Obs,N_Opt,SlurmJobId,SlurmArrayTaskId,x_max,alpha
2025-12-15,178.64886474609375,255.73873901367188,328.7383114800207,313.0,400.0000000000001,380.5499999999999,7.1829915046691895,0.9510810375213623,-0.0005551374364289423,0.19838593900203705,0.9989891052246094,-0.06837857091749036,37,149,8154829,,5.0,1.0
