Day,t_Clicks_OptCost,t_Clicks_ActCost,tm1_Clicks_OptCost,Actual_Clicks,Opt_Cost,Act_Cost,Hist_MSE,Hist_R2,Hist_Bias,Day_MSE,Day_R2,Day_Bias,N_Obs,N_Opt,SlurmJobId,SlurmArrayTaskId,x_max,alpha
2025-12-23,264.4324951171875,207.74062728881836,339.69559063334896,267.0,399.8370806988928,314.4,7.229151725769043,0.9494386315345764,0.00015478346659248917,0.0873166024684906,0.9995697736740112,-0.05466823445426093,36,188,8144412,22,5.0,1.0
