Day,t_Clicks_OptCost,t_Clicks_ActCost,tm1_Clicks_OptCost,Actual_Clicks,Opt_Cost,Act_Cost,Hist_MSE,Hist_R2,Hist_Bias,Day_MSE,Day_R2,Day_Bias,N_Obs,N_Opt,SlurmJobId,SlurmArrayTaskId,x_max,alpha
2025-12-03,219.31431579589844,217.02365112304688,327.88182059071187,276.0,362.61321191987975,359.4600000000001,3.798217296600342,0.9249333739280701,-4.263665555235895e-05,0.20764067769050598,0.9990504384040833,-0.07701633373896281,36,23,8197463,2,60.0,0.5
