Day,t_Clicks_OptCost,t_Clicks_ActCost,tm1_Clicks_OptCost,Actual_Clicks,Opt_Cost,Act_Cost,Hist_MSE,Hist_R2,Hist_Bias,Day_MSE,Day_R2,Day_Bias,N_Obs,N_Opt,SlurmJobId,SlurmArrayTaskId,x_max,alpha
2025-12-06,162.2598419189453,240.35543823242188,292.93832171487537,309.0,362.24575726599153,443.0,4.318485260009766,0.9314088821411133,-0.0010736864916598727,0.15404470264911652,0.9990816712379456,-0.048972619904412165,36,26,8197681,5,60.0,0.5
