Day,t_Clicks_OptCost,t_Clicks_ActCost,tm1_Clicks_OptCost,Actual_Clicks,Opt_Cost,Act_Cost,Hist_MSE,Hist_R2,Hist_Bias,Day_MSE,Day_R2,Day_Bias,N_Obs,N_Opt,SlurmJobId,SlurmArrayTaskId,x_max,alpha
2025-12-04,76.68034362792969,194.2918243408203,338.095144106515,308.0,511.8337587915156,370.06000000000006,4.2749152183532715,0.9309830069541931,-0.0009344185601321671,0.0740588903427124,0.9996959567070007,-0.05093374422618321,35,139,8193514,3,10.0,0.5
