Day,t_Clicks_OptCost,t_Clicks_ActCost,tm1_Clicks_OptCost,Actual_Clicks,Opt_Cost,Act_Cost,Hist_MSE,Hist_R2,Hist_Bias,Day_MSE,Day_R2,Day_Bias,N_Obs,N_Opt,SlurmJobId,SlurmArrayTaskId,x_max,alpha
2025-12-07,161.8451385498047,225.44158935546875,308.11917712304887,304.0,511.85506024934637,355.98,3.885101795196533,0.9348636269569397,-0.00043782547296586605,0.23646938800811768,0.9990569949150085,-0.10076341909520767,34,179,8193977,6,10.0,0.5
