Day,t_Clicks_OptCost,t_Clicks_ActCost,tm1_Clicks_OptCost,Actual_Clicks,Opt_Cost,Act_Cost,Hist_MSE,Hist_R2,Hist_Bias,Day_MSE,Day_R2,Day_Bias,N_Obs,N_Opt,SlurmJobId,SlurmArrayTaskId,x_max,alpha
2025-12-10,252.4885711669922,209.34765625,349.286644966829,285.0,362.33543328740853,347.52,4.155767917633057,0.930263876914978,-0.001312060971244354,0.07023870199918747,0.9993925094604492,-0.04375080058449193,38,28,8197343,9,90.0,0.5
