Day,t_Clicks_OptCost,t_Clicks_ActCost,tm1_Clicks_OptCost,Actual_Clicks,Opt_Cost,Act_Cost,Hist_MSE,Hist_R2,Hist_Bias,Day_MSE,Day_R2,Day_Bias,N_Obs,N_Opt,SlurmJobId,SlurmArrayTaskId,x_max,alpha
2025-12-01,297.7212829589844,270.7044372558594,335.0177187169853,322.0,361.99539259540256,355.41,4.051510334014893,0.9295918941497803,-0.0006067543217258743,0.31627070903778076,0.9989595413208008,-0.10453353389616936,31,17,8197348,0,90.0,0.5
