Day,t_Clicks_OptCost,t_Clicks_ActCost,tm1_Clicks_OptCost,Actual_Clicks,Opt_Cost,Act_Cost,Hist_MSE,Hist_R2,Hist_Bias,Day_MSE,Day_R2,Day_Bias,N_Obs,N_Opt,SlurmJobId,SlurmArrayTaskId,x_max,alpha
2025-12-02,199.8404083251953,228.93316650390625,197.9502292527425,292.0,362.07282638733636,350.34000000000003,3.207242488861084,0.9316703677177429,-0.0003999621508411033,0.2018638253211975,0.9991461634635925,-0.0862741470336914,32,41,8195745,1,30.0,0.25
