Day,t_Clicks_OptCost,t_Clicks_ActCost,tm1_Clicks_OptCost,Actual_Clicks,Opt_Cost,Act_Cost,Hist_MSE,Hist_R2,Hist_Bias,Day_MSE,Day_R2,Day_Bias,N_Obs,N_Opt,SlurmJobId,SlurmArrayTaskId,x_max,alpha
2025-12-06,142.06951904296875,240.35543823242188,386.1646349078857,309.0,361.2354222112329,443.0,4.122376441955566,0.9314001798629761,-0.00030576166953705686,0.15404470264911652,0.9990816712379456,-0.048972619904412165,36,30,8195906,5,30.0,0.25
