Day,t_Clicks_OptCost,t_Clicks_ActCost,tm1_Clicks_OptCost,Actual_Clicks,Opt_Cost,Act_Cost,Hist_MSE,Hist_R2,Hist_Bias,Day_MSE,Day_R2,Day_Bias,N_Obs,N_Opt,SlurmJobId,SlurmArrayTaskId,x_max,alpha
2025-12-07,266.9624938964844,225.4416046142578,351.3335902091531,304.0,362.5747355408339,355.98,3.171630620956421,0.9327341914176941,-0.00035776707718535375,0.23646938800811768,0.9990569949150085,-0.10076341909520767,34,43,8195907,6,30.0,0.25
