Day,t_Clicks_OptCost,t_Clicks_ActCost,tm1_Clicks_OptCost,Actual_Clicks,Opt_Cost,Act_Cost,Hist_MSE,Hist_R2,Hist_Bias,Day_MSE,Day_R2,Day_Bias,N_Obs,N_Opt,SlurmJobId,SlurmArrayTaskId,x_max,alpha
2025-12-09,197.5898895263672,231.01846313476562,190.12697483188765,323.0,362.5453644765311,362.77,3.6944429874420166,0.9352446794509888,-0.000498117436910159,0.06510215997695923,0.9996573328971863,-0.03883494602309333,36,38,8195947,8,30.0,0.25
