Day,t_Clicks_OptCost,t_Clicks_ActCost,tm1_Clicks_OptCost,Actual_Clicks,Opt_Cost,Act_Cost,Hist_MSE,Hist_R2,Hist_Bias,Day_MSE,Day_R2,Day_Bias,N_Obs,N_Opt,SlurmJobId,SlurmArrayTaskId,x_max,alpha
2025-12-05,166.64833068847656,221.10305786132812,247.87178882121273,303.0,362.29416858377493,326.77000000000004,4.039608955383301,0.9342328310012817,-0.0013588689115056395,0.052484069019556046,0.999660849571228,-0.032251759579307156,38,83,8195871,4,30.0,0.25
