Day,t_Clicks_OptCost,t_Clicks_ActCost,tm1_Clicks_OptCost,Actual_Clicks,Opt_Cost,Act_Cost,Hist_MSE,Hist_R2,Hist_Bias,Day_MSE,Day_R2,Day_Bias,N_Obs,N_Opt,SlurmJobId,SlurmArrayTaskId,x_max,alpha
2025-12-08,196.90716552734375,220.1581573486328,221.80639189638381,310.0,362.0281352693936,355.0,3.9477007389068604,0.9368624687194824,-0.00046674761945263003,0.1026790663599968,0.9995021224021912,-0.05397993837084089,35,58,8195946,7,30.0,0.25
