Day,t_Clicks_OptCost,t_Clicks_ActCost,tm1_Clicks_OptCost,Actual_Clicks,Opt_Cost,Act_Cost,Hist_MSE,Hist_R2,Hist_Bias,Day_MSE,Day_R2,Day_Bias,N_Obs,N_Opt,SlurmJobId,SlurmArrayTaskId,x_max,alpha
2025-12-01,595.3607177734375,270.7044372558594,193.09044506765053,322.0,361.38488040741964,355.41,4.01276969909668,0.9309403896331787,-0.0011845772782531564,0.31627070903778076,0.9989595413208008,-0.10453353389616936,31,23,8195744,0,30.0,0.25
