Day,t_Clicks_OptCost,t_Clicks_ActCost,tm1_Clicks_OptCost,Actual_Clicks,Opt_Cost,Act_Cost,Hist_MSE,Hist_R2,Hist_Bias,Day_MSE,Day_R2,Day_Bias,N_Obs,N_Opt,SlurmJobId,SlurmArrayTaskId,x_max,alpha
2025-12-03,176.9910430908203,217.02365112304688,399.3834990627055,276.0,362.45409069524504,359.4600000000001,3.891392230987549,0.9345865249633789,0.00013652126513164842,0.20764067769050598,0.9990504384040833,-0.07701633373896281,36,36,8195804,2,30.0,0.25
