Day,t_Clicks_OptCost,t_Clicks_ActCost,tm1_Clicks_OptCost,Actual_Clicks,Opt_Cost,Act_Cost,Hist_MSE,Hist_R2,Hist_Bias,Day_MSE,Day_R2,Day_Bias,N_Obs,N_Opt,SlurmJobId,SlurmArrayTaskId,x_max,alpha
2025-12-10,186.98373413085938,209.34765625,292.3535522572696,285.0,361.6520274997907,347.52,4.362353801727295,0.9302167892456055,-0.00036146128506557806,0.07023870199918747,0.9993925094604492,-0.04375080058449193,38,29,8195519,9,30.0,0.25
