Day,t_Clicks_OptCost,t_Clicks_ActCost,tm1_Clicks_OptCost,Actual_Clicks,Opt_Cost,Act_Cost,Hist_MSE,Hist_R2,Hist_Bias,Day_MSE,Day_R2,Day_Bias,N_Obs,N_Opt,SlurmJobId,SlurmArrayTaskId,x_max,alpha
2025-12-04,233.0692138671875,194.2918243408203,353.02960359445575,308.0,362.26462987328136,370.06000000000006,4.003005504608154,0.936741292476654,-0.0009270070472146687,0.0740588903427124,0.9996959567070007,-0.05093374422618321,35,47,8195870,3,30.0,0.25
