Day,t_Clicks_OptCost,t_Clicks_ActCost,tm1_Clicks_OptCost,Actual_Clicks,Opt_Cost,Act_Cost,Hist_MSE,Hist_R2,Hist_Bias,Day_MSE,Day_R2,Day_Bias,N_Obs,N_Opt,SlurmJobId,SlurmArrayTaskId,x_max,alpha
2025-12-19,124.5524673461914,130.97565460205078,613.6882720444577,205.0,400.00000000000006,230.69,7.17833137512207,0.9521199464797974,-0.0011279866531726272,0.1656438112258911,0.998725175857544,-0.07883104681968689,36,59,8143380,18,50,0.3
