Day,t_Clicks_OptCost,t_Clicks_ActCost,tm1_Clicks_OptCost,Actual_Clicks,Opt_Cost,Act_Cost,Hist_MSE,Hist_R2,Hist_Bias,Day_MSE,Day_R2,Day_Bias,N_Obs,N_Opt,SlurmJobId,SlurmArrayTaskId,x_max,alpha
2025-12-05,325.64654541015625,158.24674224853516,580.1840521484376,230.0,400.0000000000002,247.79000000000002,6.163053512573242,0.9548079967498779,-0.0009084660810276101,0.16435503959655762,0.998415470123291,-0.06801426410675049,33,65,8142993,4,50,0.3
