Day,t_Clicks_OptCost,t_Clicks_ActCost,tm1_Clicks_OptCost,Actual_Clicks,Opt_Cost,Act_Cost,Hist_MSE,Hist_R2,Hist_Bias,Day_MSE,Day_R2,Day_Bias,N_Obs,N_Opt,SlurmJobId,SlurmArrayTaskId,x_max,alpha
2025-12-06,201.02598571777344,157.75232315063477,706.5296802515518,220.0,400.0000000001367,306.00999999999993,5.495090007781982,0.9583073854446411,-0.0011362040783950988,0.19927895069122314,0.9984962344169617,-0.08233167385232859,29,111,8143068,5,50,0.3
