Day,t_Clicks_OptCost,t_Clicks_ActCost,tm1_Clicks_OptCost,Actual_Clicks,Opt_Cost,Act_Cost,Hist_MSE,Hist_R2,Hist_Bias,Day_MSE,Day_R2,Day_Bias,N_Obs,N_Opt,SlurmJobId,SlurmArrayTaskId,x_max,alpha
2025-12-07,258.1778259277344,200.67369842529297,502.654688075034,280.0,399.96067356381127,340.88999999999993,6.401942253112793,0.9534185528755188,-0.0005318187226367723,0.24034930765628815,0.9991202354431152,-0.11156160216177663,31,63,8143069,6,50,0.3
