Day,t_Clicks_OptCost,t_Clicks_ActCost,tm1_Clicks_OptCost,Actual_Clicks,Opt_Cost,Act_Cost,Hist_MSE,Hist_R2,Hist_Bias,Day_MSE,Day_R2,Day_Bias,N_Obs,N_Opt,SlurmJobId,SlurmArrayTaskId,x_max,alpha
2025-12-27,247.91043090820312,194.5679168701172,517.953767505599,283.0,397.11930980933204,332.59000000000003,6.510020732879639,0.9535922408103943,-0.0006160171568337638,0.08835232257843018,0.99942547082901,-0.04333738791636932,39,51,8144473,26,40.0,1.0
