Day,t_Clicks_OptCost,t_Clicks_ActCost,tm1_Clicks_OptCost,Actual_Clicks,Opt_Cost,Act_Cost,Hist_MSE,Hist_R2,Hist_Bias,Day_MSE,Day_R2,Day_Bias,N_Obs,N_Opt,SlurmJobId,SlurmArrayTaskId,x_max,alpha
2025-12-22,181.77651977539062,140.6880340576172,434.25496321557637,213.0,399.19181660515096,246.34999999999997,6.278061866760254,0.9527971744537354,-0.0013175363727911734,0.14181919395923615,0.9986392855644226,-0.06497155502438545,32,59,8144383,21,40.0,1.0
