Day,t_Clicks_OptCost,t_Clicks_ActCost,tm1_Clicks_OptCost,Actual_Clicks,Opt_Cost,Act_Cost,Hist_MSE,Hist_R2,Hist_Bias,Day_MSE,Day_R2,Day_Bias,N_Obs,N_Opt,SlurmJobId,SlurmArrayTaskId,x_max,alpha
2025-12-26,312.8017578125,194.6619873046875,536.2430176665191,253.0,399.9999999999999,297.14000000000004,7.089693546295166,0.9505318403244019,-0.0007855291438835843,0.3059603273868561,0.9986634850502014,-0.10153916563306536,35,72,8144449,25,40.0,1.0
