Day,t_Clicks_OptCost,t_Clicks_ActCost,tm1_Clicks_OptCost,Actual_Clicks,Opt_Cost,Act_Cost,Hist_MSE,Hist_R2,Hist_Bias,Day_MSE,Day_R2,Day_Bias,N_Obs,N_Opt,SlurmJobId,SlurmArrayTaskId,x_max,alpha
2025-12-20,409.8510437011719,265.3275833129883,611.2686461053978,336.0,399.7446010248768,443.48,5.340213298797607,0.9237740635871887,-0.0008791989650757055,0.1311054676771164,0.9994957447052002,-0.07752961095641642,34,51,8144377,19,40.0,1.0
