Day,t_Clicks_OptCost,t_Clicks_ActCost,tm1_Clicks_OptCost,Actual_Clicks,Opt_Cost,Act_Cost,Hist_MSE,Hist_R2,Hist_Bias,Day_MSE,Day_R2,Day_Bias,N_Obs,N_Opt,SlurmJobId,SlurmArrayTaskId,x_max,alpha
2025-12-11,262.84063720703125,127.52103042602539,483.2370258406815,166.0,399.9999999999999,177.5,6.3391547203063965,0.956687867641449,-0.001351209713460042,0.1346288025379181,0.9986507296562195,-0.07600196983133044,28,48,8144143,10,40.0,1.0
