Day,t_Clicks_OptCost,t_Clicks_ActCost,tm1_Clicks_OptCost,Actual_Clicks,Opt_Cost,Act_Cost,Hist_MSE,Hist_R2,Hist_Bias,Day_MSE,Day_R2,Day_Bias,N_Obs,N_Opt,SlurmJobId,SlurmArrayTaskId,x_max,alpha
2025-12-10,285.79046630859375,194.1658477783203,443.4782013889032,271.0,400.0000000000003,332.13000000000005,6.155742645263672,0.9539499282836914,-0.0008988414746227136,0.08159399777650833,0.9993516802787781,-0.04730034225127276,34,106,8144107,9,40.0,1.0
