Day,t_Clicks_OptCost,t_Clicks_ActCost,tm1_Clicks_OptCost,Actual_Clicks,Opt_Cost,Act_Cost,Hist_MSE,Hist_R2,Hist_Bias,Day_MSE,Day_R2,Day_Bias,N_Obs,N_Opt,SlurmJobId,SlurmArrayTaskId,x_max,alpha
2025-12-05,219.89405822753906,213.63367462158203,652.4040517597026,299.0,399.9036000358649,323.65,6.902172565460205,0.955912709236145,-0.0008509460059878701,0.05951615050435066,0.9996368885040283,-0.03428759234292167,35,85,8144068,4,40.0,1.0
