Day,t_Clicks_OptCost,t_Clicks_ActCost,tm1_Clicks_OptCost,Actual_Clicks,Opt_Cost,Act_Cost,Hist_MSE,Hist_R2,Hist_Bias,Day_MSE,Day_R2,Day_Bias,N_Obs,N_Opt,SlurmJobId,SlurmArrayTaskId,x_max,alpha
2025-12-31,266.62847900390625,160.42670059204102,511.0229184031176,197.0,399.89270827048574,210.56,6.455921649932861,0.9540393352508545,-0.0010069129176180154,0.044198207557201385,0.9994083046913147,-0.040227281324791184,33,56,8144010,30,40.0,1.0
