Day,t_Clicks_OptCost,t_Clicks_ActCost,tm1_Clicks_OptCost,Actual_Clicks,Opt_Cost,Act_Cost,Hist_MSE,Hist_R2,Hist_Bias,Day_MSE,Day_R2,Day_Bias,N_Obs,N_Opt,SlurmJobId,SlurmArrayTaskId,x_max,alpha
2025-12-12,388.0295104980469,182.21797943115234,606.6323429877185,235.0,400.00000000000017,232.43999999999994,5.147830963134766,0.9218065738677979,-0.0006073862928638442,0.07978560775518417,0.9986361265182495,-0.04388275500890371,37,57,8144144,11,40.0,1.0
