Day,t_Clicks_OptCost,t_Clicks_ActCost,tm1_Clicks_OptCost,Actual_Clicks,Opt_Cost,Act_Cost,Hist_MSE,Hist_R2,Hist_Bias,Day_MSE,Day_R2,Day_Bias,N_Obs,N_Opt,SlurmJobId,SlurmArrayTaskId,x_max,alpha
2025-12-24,257.8273620605469,222.3334503173828,528.9033377040405,294.0,400.00000000000017,353.90999999999997,6.558444976806641,0.9520007967948914,-0.001284864536128977,0.6013098359107971,0.9983742237091064,-0.13858969509601593,36,82,8144428,23,40.0,1.0
