Day,t_Clicks_OptCost,t_Clicks_ActCost,tm1_Clicks_OptCost,Actual_Clicks,Opt_Cost,Act_Cost,Hist_MSE,Hist_R2,Hist_Bias,Day_MSE,Day_R2,Day_Bias,N_Obs,N_Opt,SlurmJobId,SlurmArrayTaskId,x_max,alpha
2025-12-03,142.9482879638672,206.3734245300293,591.8089897792431,257.0,397.22514465240755,331.47,6.876262664794922,0.9554875493049622,-0.00017147568498079762,0.2491026520729065,0.9990046620368958,-0.09155436485044417,31,107,8142955,2,50,0.1
