Day,t_Clicks_OptCost,t_Clicks_ActCost,tm1_Clicks_OptCost,Actual_Clicks,Opt_Cost,Act_Cost,Hist_MSE,Hist_R2,Hist_Bias,Day_MSE,Day_R2,Day_Bias,N_Obs,N_Opt,SlurmJobId,SlurmArrayTaskId,x_max,alpha
2025-12-23,201.57376098632812,199.34420013427734,569.4263042421268,260.0,400.00000000000006,312.85999999999996,7.1975531578063965,0.9519952535629272,-0.0004243416123707815,0.09458788484334946,0.9995165467262268,-0.0506654209212253,38,51,8143610,22,50,0.1
