Day,t_Clicks_OptCost,t_Clicks_ActCost,tm1_Clicks_OptCost,Actual_Clicks,Opt_Cost,Act_Cost,Hist_MSE,Hist_R2,Hist_Bias,Day_MSE,Day_R2,Day_Bias,N_Obs,N_Opt,SlurmJobId,SlurmArrayTaskId,x_max,alpha
2025-12-27,170.6582794189453,178.77117919921875,376.8857448143962,259.0,399.6721389643884,308.71,7.064055442810059,0.9529613256454468,-0.0004722995406640326,0.0903923436999321,0.9995127320289612,-0.04957095653780045,31,47,8143708,26,50,0.1
