Day,t_Clicks_OptCost,t_Clicks_ActCost,tm1_Clicks_OptCost,Actual_Clicks,Opt_Cost,Act_Cost,Hist_MSE,Hist_R2,Hist_Bias,Day_MSE,Day_R2,Day_Bias,N_Obs,N_Opt,SlurmJobId,SlurmArrayTaskId,x_max,alpha
2025-12-16,499.49615478515625,157.83637237548828,438.05828786172594,204.0,399.9563536059044,226.45,6.115215301513672,0.9551241397857666,-0.0011199143489103048,0.21133165061473846,0.9983133673667908,-0.0731823705136776,32,129,8143299,15,50,0.1
