Day,t_Clicks_OptCost,t_Clicks_ActCost,tm1_Clicks_OptCost,Actual_Clicks,Opt_Cost,Act_Cost,Hist_MSE,Hist_R2,Hist_Bias,Day_MSE,Day_R2,Day_Bias,N_Obs,N_Opt,SlurmJobId,SlurmArrayTaskId,x_max,alpha
2025-12-12,412.0551452636719,185.86260223388672,505.5972570266024,242.0,399.99999999999983,240.51999999999995,7.641750335693359,0.9473167061805725,-0.0007756911689621424,0.07285498827695847,0.9986968636512756,-0.043915170889634356,39,71,8173325,11,15.0,0.15
