Day,t_Clicks_OptCost,t_Clicks_ActCost,tm1_Clicks_OptCost,Actual_Clicks,Opt_Cost,Act_Cost,Hist_MSE,Hist_R2,Hist_Bias,Day_MSE,Day_R2,Day_Bias,N_Obs,N_Opt,SlurmJobId,SlurmArrayTaskId,x_max,alpha
2025-12-18,151.9356689453125,204.0795669555664,432.89719198134725,266.0,399.9641655345039,320.42999999999995,7.589420795440674,0.9489688873291016,-0.0015904318478159492,0.1714707911014557,0.9988669753074646,-0.06095331101804166,37,71,8156580,17,15.0,0.15
