Day,t_Clicks_OptCost,t_Clicks_ActCost,tm1_Clicks_OptCost,Actual_Clicks,Opt_Cost,Act_Cost,Hist_MSE,Hist_R2,Hist_Bias,Day_MSE,Day_R2,Day_Bias,N_Obs,N_Opt,SlurmJobId,SlurmArrayTaskId,x_max,alpha
2025-12-27,205.7760009765625,194.5679168701172,510.55121974593936,283.0,399.9508246646214,332.59000000000003,7.03297758102417,0.9564738869667053,-0.00032675945840598443,0.08835232257843018,0.99942547082901,-0.04333738791636932,39,94,8156748,26,15.0,0.15
