Day,t_Clicks_OptCost,t_Clicks_ActCost,tm1_Clicks_OptCost,Actual_Clicks,Opt_Cost,Act_Cost,Hist_MSE,Hist_R2,Hist_Bias,Day_MSE,Day_R2,Day_Bias,N_Obs,N_Opt,SlurmJobId,SlurmArrayTaskId,x_max,alpha
2025-12-08,231.3754425048828,220.15817260742188,464.55158376466005,310.0,399.9999999999996,355.0,5.849071025848389,0.9569917917251587,-0.001336471287078307,0.1026790663599968,0.9995021224021912,-0.05397993837084089,35,99,8173266,7,15.0,0.15
