Day,t_Clicks_OptCost,t_Clicks_ActCost,tm1_Clicks_OptCost,Actual_Clicks,Opt_Cost,Act_Cost,Hist_MSE,Hist_R2,Hist_Bias,Day_MSE,Day_R2,Day_Bias,N_Obs,N_Opt,SlurmJobId,SlurmArrayTaskId,x_max,alpha
2025-12-22,184.2357940673828,208.2992935180664,530.4542907617869,297.0,399.9966405709724,351.6900000000001,6.366494655609131,0.9508415460586548,-0.000987142124127506,0.0661185011267662,0.999589204788208,-0.041773029275842616,37,81,8156672,21,15.0,0.15
