Day,t_Clicks_OptCost,t_Clicks_ActCost,tm1_Clicks_OptCost,Actual_Clicks,Opt_Cost,Act_Cost,Hist_MSE,Hist_R2,Hist_Bias,Day_MSE,Day_R2,Day_Bias,N_Obs,N_Opt,SlurmJobId,SlurmArrayTaskId,x_max,alpha
2025-12-11,221.0810089111328,158.53372955322266,472.66754148961377,218.0,399.9376351298095,227.73,6.273027420043945,0.953331470489502,-0.0011110650965905837,0.11442513018846512,0.9987303018569946,-0.0628469399043492,35,63,8156447,10,15.0,0.15
