Day,t_Clicks_OptCost,t_Clicks_ActCost,tm1_Clicks_OptCost,Actual_Clicks,Opt_Cost,Act_Cost,Hist_MSE,Hist_R2,Hist_Bias,Day_MSE,Day_R2,Day_Bias,N_Obs,N_Opt,SlurmJobId,SlurmArrayTaskId,x_max,alpha
2025-12-12,398.2874755859375,185.86260223388672,539.709259830362,242.0,399.430666290452,240.51999999999995,5.909041404724121,0.9562386274337769,-0.001412372685333562,0.07285498827695847,0.9986968636512756,-0.043915170889634356,39,88,8156464,11,15.0,0.15
