Day,t_Clicks_OptCost,t_Clicks_ActCost,tm1_Clicks_OptCost,Actual_Clicks,Opt_Cost,Act_Cost,Hist_MSE,Hist_R2,Hist_Bias,Day_MSE,Day_R2,Day_Bias,N_Obs,N_Opt,SlurmJobId,SlurmArrayTaskId,x_max,alpha
2025-12-08,316.72674560546875,220.15817260742188,502.13881447824934,310.0,399.99999999999983,355.0,5.326849460601807,0.9638546705245972,-0.0007613778360268286,0.1026790663599968,0.9995021224021912,-0.05397993837084089,35,125,8156397,7,15.0,0.15
