Day,t_Clicks_OptCost,t_Clicks_ActCost,tm1_Clicks_OptCost,Actual_Clicks,Opt_Cost,Act_Cost,Hist_MSE,Hist_R2,Hist_Bias,Day_MSE,Day_R2,Day_Bias,N_Obs,N_Opt,SlurmJobId,SlurmArrayTaskId,x_max,alpha
2025-12-30,244.53114318847656,208.44872283935547,364.7763096047539,276.0,399.9999999999997,295.62999999999994,6.258725643157959,0.951689600944519,-0.0016016044244508403,0.20519641041755676,0.9988126754760742,-0.08123404885593213,38,111,8156786,29,15.0,0.15
