Day,t_Clicks_OptCost,t_Clicks_ActCost,tm1_Clicks_OptCost,Actual_Clicks,Opt_Cost,Act_Cost,Hist_MSE,Hist_R2,Hist_Bias,Day_MSE,Day_R2,Day_Bias,N_Obs,N_Opt,SlurmJobId,SlurmArrayTaskId,x_max,alpha
2025-12-01,278.4585876464844,270.7044143676758,545.1664394883111,322.0,399.9342259693517,355.41,6.1103291511535645,0.9539635181427002,-0.002251170379914231,0.31627070903778076,0.9989595413208008,-0.10453353389616936,31,70,8173217,0,15.0,0.15
