Day,t_Clicks_OptCost,t_Clicks_ActCost,tm1_Clicks_OptCost,Actual_Clicks,Opt_Cost,Act_Cost,Hist_MSE,Hist_R2,Hist_Bias,Day_MSE,Day_R2,Day_Bias,N_Obs,N_Opt,SlurmJobId,SlurmArrayTaskId,x_max,alpha
2025-12-04,142.89743041992188,194.2918243408203,402.50746895635194,308.0,399.95654344181867,370.06000000000006,6.728792667388916,0.9556798934936523,-0.0018225873395020954,0.0740588903427124,0.9996959567070007,-0.05093374422618321,35,127,8173233,3,15.0,0.15
