Day,t_Clicks_OptCost,t_Clicks_ActCost,tm1_Clicks_OptCost,Actual_Clicks,Opt_Cost,Act_Cost,Hist_MSE,Hist_R2,Hist_Bias,Day_MSE,Day_R2,Day_Bias,N_Obs,N_Opt,SlurmJobId,SlurmArrayTaskId,x_max,alpha
2025-12-09,268.63348388671875,231.01846313476562,429.9411482860039,323.0,399.5712882294885,362.77,6.752004623413086,0.9524631500244141,-0.0005138538734484221,0.06510215997695923,0.9996573328971863,-0.03883494602309333,36,42,8173271,8,15.0,0.15
