Day,t_Clicks_OptCost,t_Clicks_ActCost,tm1_Clicks_OptCost,Actual_Clicks,Opt_Cost,Act_Cost,Hist_MSE,Hist_R2,Hist_Bias,Day_MSE,Day_R2,Day_Bias,N_Obs,N_Opt,SlurmJobId,SlurmArrayTaskId,x_max,alpha
2025-11-01,357.5405578613281,226.23448181152344,299.03431146438146,279.0,399.99999999999994,257.26000000000005,4.957935333251953,0.9602115154266357,-0.0007305891631926545,0.11919744312763214,0.9991016387939453,-0.05986074338088165,37,46,,,50,1.0
