Day,t_Clicks_OptCost,t_Clicks_ActCost,tm1_Clicks_OptCost,Actual_Clicks,Opt_Cost,Act_Cost,Hist_MSE,Hist_R2,Hist_Bias,Day_MSE,Day_R2,Day_Bias,N_Obs,N_Opt,SlurmJobId,SlurmArrayTaskId,x_max,alpha
2025-12-06,104.9686050415039,240.35543823242188,350.75658267378117,309.0,361.87870259448084,443.0,4.318485260009766,0.9314088821411133,-0.0010736864916598727,0.15404470264911652,0.9990816712379456,-0.048972619904412165,36,15,8197681,5,90.0,0.25
