Day,t_Clicks_OptCost,t_Clicks_ActCost,tm1_Clicks_OptCost,Actual_Clicks,Opt_Cost,Act_Cost,Hist_MSE,Hist_R2,Hist_Bias,Day_MSE,Day_R2,Day_Bias,N_Obs,N_Opt,SlurmJobId,SlurmArrayTaskId,x_max,alpha
2025-12-09,205.33212280273438,231.01846313476562,370.55946810546766,323.0,362.45670105909113,362.77,3.9475929737091064,0.9208650588989258,-0.00023950107286877366,0.06510215997695923,0.9996573328971863,-0.03883494602309333,36,43,8197962,8,90.0,0.25
