Day,t_Clicks_OptCost,t_Clicks_ActCost,tm1_Clicks_OptCost,Actual_Clicks,Opt_Cost,Act_Cost,Hist_MSE,Hist_R2,Hist_Bias,Day_MSE,Day_R2,Day_Bias,N_Obs,N_Opt,SlurmJobId,SlurmArrayTaskId,x_max,alpha
2025-12-09,205.84681701660156,231.01846313476562,367.9453504497356,323.0,362.4504987719472,362.77,3.9475929737091064,0.9208650588989258,-0.00023950107286877366,0.06510215997695923,0.9996573328971863,-0.03883494602309333,36,42,8197962,8,,0.0
