Day,t_Clicks_OptCost,t_Clicks_ActCost,tm1_Clicks_OptCost,Actual_Clicks,Opt_Cost,Act_Cost,Hist_MSE,Hist_R2,Hist_Bias,Day_MSE,Day_R2,Day_Bias,N_Obs,N_Opt,SlurmJobId,SlurmArrayTaskId,x_max,alpha
2025-12-04,158.71182250976562,194.2918243408203,354.33470721763666,308.0,361.8318771046757,370.06000000000006,4.143692970275879,0.9305364489555359,-0.00015875251861928032,0.0740588903427124,0.9996959567070007,-0.05093374422618321,35,19,8197507,3,,0.0
