Day,t_Clicks_OptCost,t_Clicks_ActCost,tm1_Clicks_OptCost,Actual_Clicks,Opt_Cost,Act_Cost,Hist_MSE,Hist_R2,Hist_Bias,Day_MSE,Day_R2,Day_Bias,N_Obs,N_Opt,SlurmJobId,SlurmArrayTaskId,x_max,alpha
2025-12-13,219.47146606445312,235.0763702392578,458.58733885460305,325.0,399.9999999999993,450.57,7.47835636138916,0.9475396871566772,-0.00025620759204640994,0.23128117620944977,0.9988805055618286,-0.06823620024849386,34,62,8156476,12,25.0,0.1
