Day,t_Clicks_OptCost,t_Clicks_ActCost,tm1_Clicks_OptCost,Actual_Clicks,Opt_Cost,Act_Cost,Hist_MSE,Hist_R2,Hist_Bias,Day_MSE,Day_R2,Day_Bias,N_Obs,N_Opt,SlurmJobId,SlurmArrayTaskId,x_max,alpha
2025-12-07,179.97518920898438,225.44159698486328,408.03760472880697,304.0,399.9367703791349,355.98,7.047635078430176,0.952010989189148,-0.0008641746409825588,0.23646938800811768,0.9990569949150085,-0.10076341909520767,34,91,8156396,6,25.0,0.1
