Day,t_Clicks_OptCost,t_Clicks_ActCost,tm1_Clicks_OptCost,Actual_Clicks,Opt_Cost,Act_Cost,Hist_MSE,Hist_R2,Hist_Bias,Day_MSE,Day_R2,Day_Bias,N_Obs,N_Opt,SlurmJobId,SlurmArrayTaskId,x_max,alpha
2025-12-21,363.4225158691406,224.799072265625,439.35885283786143,270.0,399.99999999999994,340.28000000000003,7.252357006072998,0.9509577751159668,-0.0009824270834742012,0.12477037310600281,0.999349057674408,-0.05675015739492468,37,53,8156619,20,25.0,0.1
