Day,t_Clicks_OptCost,t_Clicks_ActCost,tm1_Clicks_OptCost,Actual_Clicks,Opt_Cost,Act_Cost,Hist_MSE,Hist_R2,Hist_Bias,Day_MSE,Day_R2,Day_Bias,N_Obs,N_Opt,SlurmJobId,SlurmArrayTaskId,x_max,alpha
2025-12-28,181.60415649414062,230.87679290771484,617.8168210620225,309.0,399.99811505197675,338.32,7.760330677032471,0.9505318403244019,-0.0009657643015096775,0.08515597879886627,0.9995026588439941,-0.03908027159540277,38,68,8156757,27,25.0,0.1
