Keyword,Intent,Volume,Trend,Keyword Difficulty,CPC (USD),SERP Features
machine learning course,Informational,2900,"0.82,1.00,0.65,1.00,0.55,0.55,0.55,0.55,0.65,0.65,0.55,0.55",73,5.57,"Sitelinks, AI Overview, Video, Related searches, Ads bottom"
machine learning courses,"Informational, Commercial",2400,"0.65,1.00,0.30,0.43,0.43,0.54,0.43,0.54,0.65,0.36,0.43,0.43",80,5.57,"Sitelinks, AI Overview, Video, People also ask, Related searches"
ai and machine learning courses,Commercial,1600,"0.30,0.55,0.44,0.65,0.55,0.55,0.55,0.55,0.55,1.00,0.55,0.55",73,8.08,"AI Overview, Video, Video carousel, People also ask, Related searches"
google machine learning crash course,"Informational, Transactional",1600,"0.52,1.00,0.68,0.84,0.84,0.84,0.68,1.00,0.84,0.84,0.52,1.00",41,3.47,"Sitelinks, Video, Video carousel, People also ask, Related searches, Ads bottom"
ai machine learning courses,Commercial,1300,"0.25,0.68,0.46,0.84,0.52,0.68,1.00,0.68,0.68,0.37,0.84,0.31",70,8.08,"Sitelinks, AI Overview, Video, Short videos, People also ask, Related searches, Ads bottom"
artificial intelligence and machine learning courses,"Informational, Commercial",1300,"0.20,0.36,0.44,0.52,0.36,0.20,0.13,0.08,0.44,1.00,0.52,0.36",79,8.08,"AI Overview, Video, Video carousel, People also ask, Related searches, Ads bottom"
course of machine learning,Commercial,1000,"0.20,0.07,1.00,0.52,0.27,0.27,0.10,0.20,0.36,0.16,0.08,0.16",75,6.05,"Sitelinks, AI Overview, Video, Related searches, Ads bottom"
machine learning online course,"Informational, Commercial",880,"0.45,0.45,0.45,0.81,0.45,0.81,0.30,0.45,0.62,1.00,0.55,0.36",70,7.67,"AI Overview, Video, Video carousel, Related searches, Ads bottom"
ai and machine learning course,Commercial,720,"0.48,0.72,0.72,0.72,0.72,0.72,1.00,0.88,0.72,1.00,0.59,0.48",68,7.77,"Video, Video carousel, People also ask, Related searches, Ads bottom"
machine learning online courses,Commercial,590,"0.36,0.55,0.55,0.67,0.55,0.67,0.36,0.36,0.30,1.00,0.20,0.16",73,7.06,"Sitelinks, Video, Related searches"
best machine learning course,Commercial,480,"0.67,0.23,0.44,0.54,0.36,0.54,0.54,0.54,0.44,1.00,1.00,0.81",69,5.82,"AI Overview, Video, Video carousel, People also ask, Discussions and forums, Related searches, Ads bottom"
google's machine learning crash course,"Navigational, Transactional",480,"0.37,0.25,0.08,1.00,0.11,0.08,0.20,0.25,0.20,0.00,0.20,0.00",48,3.45,"Sitelinks, Video, Video carousel, People also ask, Related searches, Ads bottom"
machine learning and ai courses,Commercial,480,"0.04,0.05,0.20,0.24,0.08,0.07,0.20,0.13,0.07,1.00,0.30,0.20",74,8.04,"Sitelinks, Video, Discussions and forums, Related searches, Ads top, Ads bottom"
machine learning course online,"Informational, Commercial",480,"0.54,1.00,0.14,0.30,0.54,0.30,0.35,0.84,0.35,0.68,0.43,0.19",77,7.67,"AI Overview, Video, Video carousel, Related searches, Ads bottom"
andrew ng machine learning coursera course,"Informational, Transactional",390,"0.00,0.00,0.00,0.00,0.08,0.62,1.00,0.00",79,0.00,"Sitelinks, Video, Video carousel, Related searches, Ads bottom"
best machine learning courses,Commercial,390,"0.26,1.00,0.32,0.48,0.32,0.32,0.21,0.21,0.26,0.88,0.26,0.26",63,5.82,"Sitelinks, AI Overview, Video, Video carousel, People also ask, Discussions and forums, Related searches"
gatech machine learning for economics course,Informational,390,"1.00,0.00,0.00,0.00",27,0.00,"Featured snippet, Video, People also ask, Related searches"
machine learning and artificial intelligence courses,"Informational, Transactional",390,"0.56,0.37,0.16,0.16,0.07,0.12,0.25,0.12,0.37,0.16,1.00,0.07",74,8.04,"AI Overview, Video, Video carousel, Related searches, Ads bottom"
machine learning courses online,"Informational, Commercial",390,"0.24,1.00,0.10,0.20,0.13,0.24,0.76,0.10,0.06,0.36,0.13,0.16",75,7.67,"AI Overview, Video, Video carousel, People also ask, Related searches, Ads bottom"
machine learning crash course,"Informational, Transactional",390,"0.81,0.81,1.00,0.81,0.43,0.54,0.66,0.81,0.81,0.81,1.00,0.81",78,3.87,"Sitelinks, Video, Video carousel, People also ask, Related searches"
mit machine learning course,"Informational, Transactional",390,"0.16,0.16,0.16,0.36,1.00,0.24,0.16,0.24,0.13,0.13,0.13,0.13",65,4.65,"Sitelinks, Video, Related searches, Ads bottom"
coursera course machine learning,Transactional,320,"0.05,0.05,0.10,0.06,0.36,1.00,0.24,0.08,0.10,0.13,0.06,0.06",,3.90,"Sitelinks, Video, Related searches, Ads top, Ads bottom"
free machine learning course,Commercial,320,"0.66,0.43,0.35,1.00,0.66,0.54,1.00,0.81,1.00,0.66,0.54,0.54",59,2.46,"Video, Related searches, Ads bottom"
machine learning crash course google,"Informational, Transactional",320,"1.00,0.32,0.14,0.11,0.11,0.09,0.39,0.07,0.39,0.39,0.11,0.17",38,3.45,"Sitelinks, Video, Video carousel, People also ask, Related searches, Ads bottom"
ai machine learning course,Commercial,260,"0.44,0.04,0.44,0.29,0.06,0.09,0.66,0.19,0.23,0.19,1.00,0.54",78,8.04,"Sitelinks, Video, Video carousel, Related searches, Ads top, Ads middle"
best course to learn machine learning,Commercial,260,"0.66,1.00,0.15,0.12,0.36,0.54,0.44,0.09,0.66,0.66,0.06,0.06",53,5.42,"Sitelinks, Video, Video carousel, People also ask, Discussions and forums, Related searches, Ads top, Ads bottom"
coursera machine learning course,"Navigational, Transactional",260,"0.15,0.15,0.15,0.67,0.03,1.00,0.03,0.02,0.81,0.12,0.19,0.81",78,3.90,"Sitelinks, Video, People also ask, Related searches, Ads bottom"
machine learning ai course,"Informational, Commercial",260,"0.01,0.04,0.02,0.10,0.12,0.23,0.12,0.67,0.44,1.00,0.54,0.44",77,8.08,"Sitelinks, AI Overview, Video, Video carousel, Related searches"
machine learning engineer course,Informational,260,"0.82,0.54,0.54,0.44,0.44,0.54,0.54,0.82,0.82,1.00,0.67,0.82",72,6.85,"Sitelinks, AI Overview, Video, Video carousel, Related searches"
online machine learning course,Commercial,260,"0.44,1.00,0.12,0.15,0.15,0.15,0.15,0.15,0.03,0.23,0.81,0.07",74,7.06,"Video, Video carousel, Related searches"
stanford machine learning course,"Informational, Transactional",260,"0.66,1.00,0.53,0.53,0.66,0.43,0.82,0.66,0.66,0.66,0.82,0.82",83,3.39,"Sitelinks, Video, Related searches, Ads top, Ads bottom"
course machine learning,Commercial,210,"1.00,1.00,0.00,0.01,0.44,0.01,0.01,0.00,0.00,0.03,0.02,0.00",69,6.05,"Video, Video carousel, Related searches"
free machine learning courses,Commercial,210,"0.35,0.35,1.00,0.82,0.82,0.43,0.43,0.53,0.82,0.53,0.53,0.23",62,2.46,"Sitelinks, Video, Related searches"
google machine learning course,"Informational, Transactional",210,"0.80,1.00,0.65,1.00,0.65,0.54,1.00,0.80,0.65,0.54,0.54,0.65",89,3.15,"Sitelinks, Video, Related searches"
machine learning course free,"Informational, Commercial",210,"0.81,1.00,0.36,0.67,0.36,0.43,0.43,1.00,0.53,0.53,0.43,0.27",50,2.46,"AI Overview, Video, Video carousel, Related searches"
machine learning crash course by google,Commercial,210,"0.03,0.66,0.35,0.35,0.66,0.23,0.15,1.00,0.35,0.28,0.15,0.18",29,3.43,"Sitelinks, Video, Video carousel, People also ask, Related searches, Ads top, Ads bottom"
machine learning in python course,"Informational, Transactional",210,"0.43,0.81,0.43,0.81,0.81,1.00,0.65,0.53,1.00,0.81,0.81,0.65",,5.01,"Sitelinks, Video, Video carousel, Related searches, Ads bottom"
andrew ng machine learning course,Informational,170,"0.21,1.00,0.65,0.82,0.53,0.53,0.53,1.00,0.44,0.27,0.65,0.53",68,3.14,"Sitelinks, Video, Video carousel, Related searches, Ads bottom"
course machine learning python,"Informational, Transactional",170,"0.34,0.43,0.34,0.15,0.34,1.00,1.00,0.43,0.43,0.81,0.53,0.65",72,5.01,"Sitelinks, AI Overview, Video, Video carousel, Related searches, Ads bottom"
coursera ai and machine learning courses,Transactional,170,"0.02,0.02,0.02,0.18,0.54,0.81,1.00,0.29,0.29,0.66,0.43,0.18",41,0.00,"Sitelinks, Video, Related searches, Ads top, Ads bottom"
machine learning courses free,"Informational, Commercial",170,"0.43,1.00,0.10,0.35,0.54,0.81,0.10,0.54,0.04,0.08,0.06,0.02",74,2.65,"Sitelinks, AI Overview, Video, Video carousel, Related searches, Ads bottom"
machine learning free course,Commercial,170,"0.81,0.65,0.81,0.43,1.00,0.53,0.09,0.53,0.34,1.00,0.34,0.12",56,2.46,"Video, People also ask, Related searches, Ads top"
machine learning python course,Informational,170,"0.53,1.00,0.53,1.00,0.65,0.53,0.53,0.28,0.34,0.81,0.43,0.21",73,4.52,"Sitelinks, AI Overview, Video, Video carousel, Related searches"
online courses on machine learning,Commercial,170,"0.00,0.01,0.02,0.02,0.03,0.03,0.03,0.02,0.14,1.00,0.72,0.48",74,7.67,"Sitelinks, Video, Related searches, Ads bottom"
online machine learning courses,"Informational, Commercial",170,"0.06,0.22,0.18,0.35,0.35,0.14,0.35,0.43,1.00,0.66,0.14,0.22",69,7.67,"AI Overview, Video, Video carousel, Related searches, Ads bottom"
stanford university machine learning course,"Informational, Transactional",170,"0.53,1.00,0.23,0.17,0.43,0.43,0.43,0.23,0.23,0.23,0.43,0.12",79,3.56,"Sitelinks, Video, Video carousel, Related searches, Ads bottom"
andrew ng's machine learning course,"Informational, Transactional",140,"0.05,1.00,0.12,0.05,0.17,0.17,0.43,0.66,0.43,0.28,0.23,0.05",75,4.43,"Sitelinks, Video, Video carousel, People also ask, Related searches, Ads top, Ads bottom"
artificial intelligence and machine learning course,"Informational, Commercial",140,"0.53,1.00,0.80,0.26,0.26,0.42,0.26,0.80,0.80,0.53,0.65,0.65",67,8.08,"AI Overview, Video, Video carousel, People also ask, Related searches"
best course in machine learning,Commercial,140,"0.00,0.00,0.15,0.15,0.23,0.81,0.23,0.15,0.28,1.00,0.15,0.18",63,5.82,"Sitelinks, Video, Video carousel, People also ask, Discussions and forums, Related searches, Ads bottom"
coursera machine learning courses,"Navigational, Transactional",140,"0.03,0.04,0.05,0.23,0.12,1.00,0.15,0.10,0.04,0.03,0.02,0.01",52,3.32,"Sitelinks, Video, Related searches"
machine learning course by google,Transactional,140,"0.82,0.64,0.54,0.54,0.64,0.54,0.82,1.00,1.00,0.54,0.82,0.82",68,3.15,"Sitelinks, Video, People also ask, Related searches"
google course machine learning,"Informational, Transactional",110,"0.42,1.00,0.42,0.23,0.33,0.80,0.33,0.66,0.42,0.33,0.52,0.42",59,3.26,"Sitelinks, Video, Related searches, Ads bottom"
machine learning and ai course,Commercial,110,"0.06,1.00,0.01,0.04,0.06,0.09,0.02,0.09,0.06,0.06,0.05,0.12",70,8.08,"Video, Related searches, Ads top, Ads bottom"
machine learning and artificial intelligence course,"Informational, Transactional",110,"0.23,0.28,0.10,0.10,1.00,0.12,1.00,0.17,0.17,0.12,0.07,0.10",67,8.04,"AI Overview, Video, Video carousel, Related searches, Ads bottom"
machine learning course coursera,"Navigational, Transactional",110,"0.04,0.05,0.01,0.00,0.36,0.01,1.00,0.00,0.00,0.07,0.00,0.01",56,3.32,"Sitelinks, Video, Related searches, Ads top"
machine learning course mit,"Informational, Commercial",110,"0.42,0.66,0.66,0.23,0.23,0.33,0.23,0.80,0.80,1.00,0.52,0.52",75,4.10,"Sitelinks, Video, Video carousel, Related searches, Ads top, Ads bottom"
machine learning courses coursera,"Navigational, Transactional",110,"0.00,0.00,0.03,0.01,0.00,0.00,0.00,1.00,0.00,0.00,0.00,0.00",56,3.32,"Sitelinks, Video, Related searches"
online courses for machine learning,Commercial,110,"0.42,0.00,1.00,0.05,0.81,0.81,0.81,0.67,0.00,0.81,0.33,0.23",72,7.06,"AI Overview, Video, Related searches"
python machine learning course,Commercial,110,"0.07,0.07,0.28,0.10,0.10,1.00,0.28,0.35,0.53,0.35,0.17,0.10",68,4.52,"AI Overview, Video, Video carousel, Related searches, Ads bottom"
aws machine learning course,Transactional,90,"0.82,1.00,0.40,0.40,0.40,0.29,0.40,0.29,0.40,0.29,0.29,0.23",71,2.46,"Sitelinks, Video, People also ask, Related searches, Ads bottom"
cmu machine learning course,"Informational, Transactional",90,"1.00,1.00,0.81,0.81,0.81,0.81,0.64,0.45,0.81,0.64,0.64,1.00",53,3.83,"Video, Video carousel, Related searches"
courses on machine learning,Commercial,90,"0.35,1.00,0.01,0.01,0.01,0.01,0.05,0.11,0.01,0.03,0.08,0.01",70,5.57,"AI Overview, Video, Related searches"
google crash course machine learning,Navigational,90,"1.00,0.09,0.80,0.09,0.52,0.52,0.52,0.33,0.42,0.33,0.33,0.33",29,3.70,"Sitelinks, Video, Video carousel, People also ask, Related searches"
machine learning andrew ng course,"Informational, Transactional",90,"0.52,0.52,1.00,0.23,0.33,0.33,0.42,0.52,0.33,0.52,0.42,0.42",73,3.14,"Sitelinks, Video, Video carousel, Related searches, Ads top, Ads bottom"
machine learning course andrew ng,"Informational, Transactional",90,"0.80,1.00,0.52,0.09,0.19,0.09,0.09,0.14,1.00,0.52,0.04,0.09",65,3.14,"Sitelinks, Video, Video carousel, Related searches, Ads bottom"
machine learning course free online,Commercial,90,"0.78,1.00,0.78,0.78,0.64,0.50,1.00,0.64,0.35,0.78,0.35,0.50",44,3.12,"Video, People also ask, Related searches"
machine learning course on coursera,"Navigational, Transactional",90,"0.00,0.10,0.10,0.82,1.00,0.00,0.00,0.00,0.12,0.17,0.17,0.23",79,3.32,"Sitelinks, Video, People also ask, Related searches"
machine learning free course online,"Informational, Commercial",90,"0.64,0.64,0.50,0.64,0.64,1.00,1.00,0.64,0.35,0.64,0.35,0.50",67,3.12,"Sitelinks, Video, Video carousel, Related searches, Ads bottom"
machine learning with matlab free course,"Informational, Transactional",90,"0.00,1.00,1.00,1.00,1.00,1.00,0.00,1.00,1.00,1.00,0.00,0.00",51,0.00,"Video, Video carousel, Discussions and forums, Related searches"
no code machine learning course,"Informational, Transactional",90,"0.78,0.50,0.78,0.78,0.35,0.35,0.35,0.78,1.00,0.78,0.64,0.50",27,0.00,"Sitelinks, Video, Video carousel, Related searches"
ai & machine learning courses,"Informational, Transactional",70,"0.18,1.00,0.18,0.18,0.18,0.27,0.18,0.27,1.00,1.00,1.00,0.45",73,9.15,"Sitelinks, AI Overview, Video, Video carousel, People also ask, Local pack, Related searches, Ads bottom"
amazon machine learning course,"Informational, Transactional",70,"0.79,0.28,0.13,0.28,0.28,0.21,0.21,0.21,0.13,1.00,1.00,0.79",69,2.57,"Video, Video carousel, People also ask, Related searches"
andrew ng machine learning course coursera,"Navigational, Transactional",70,"0.04,0.04,0.04,0.04,0.04,0.04,0.04,0.04,0.04,0.54,1.00,0.04",81,0.00,"Sitelinks, Video, Video carousel, Related searches, Ads top, Ads bottom"
applied machine learning online course,Commercial,70,"0.14,0.28,0.35,0.35,0.64,1.00,0.78,0.28,0.28,0.14,0.28,0.14",60,0.00,"Video, Related searches"
berkeley machine learning course,"Informational, Transactional",70,"0.52,1.00,0.23,0.23,0.23,0.19,0.23,0.23,0.23,0.33,0.23,0.09",56,9.33,"Sitelinks, Video, Video carousel, Related searches, Ads top, Ads bottom"
best courses for machine learning,Commercial,70,"0.14,1.00,0.02,0.35,0.04,0.00,0.00,0.00,0.00,0.00,0.08,0.08",69,5.42,"Sitelinks, AI Overview, Video, Video carousel, Discussions and forums, Related searches, Ads bottom"
best machine learning course online,Commercial,70,"0.37,0.08,0.44,0.37,0.63,0.63,0.44,0.63,0.81,1.00,0.81,0.37",60,8.08,"Sitelinks, AI Overview, Video, Video carousel, Discussions and forums, Related searches"
carnegie mellon machine learning course,"Navigational, Transactional",70,"1.00,0.76,0.76,0.76,0.76,0.76,0.56,0.56,0.56,0.76,0.44,0.56",67,3.83,"Sitelinks, Video, Video carousel, People also ask, Related searches"
crash course in machine learning,"Informational, Transactional",70,"0.29,0.64,0.21,1.00,0.64,0.35,0.50,0.79,0.64,0.35,0.79,0.64",50,3.87,"Sitelinks, Video, Video carousel, Short videos, People also ask, Related searches, Ads bottom"
crash course machine learning,"Informational, Transactional",70,"0.53,1.00,0.04,0.53,0.04,0.19,0.23,0.19,0.32,0.13,0.23,0.13",53,3.99,"Sitelinks, Image pack, Video, Video carousel, People also ask, Related searches"
free online courses on machine learning,"Informational, Commercial",70,"0.81,0.81,0.81,1.00,0.63,0.63,0.81,0.81,0.63,0.63,0.45,0.63",53,3.12,"Sitelinks, AI Overview, Video, Video carousel, Discussions and forums, Related searches"
machine learning course for beginners,"Informational, Commercial",70,"0.24,1.00,0.29,0.53,0.18,0.65,0.41,0.41,0.29,0.41,0.83,0.18",72,4.38,"Sitelinks, AI Overview, Video, Video carousel, People also ask, Related searches"
machine learning with python course,"Informational, Transactional",70,"0.19,0.34,0.11,0.19,0.15,1.00,0.19,0.19,0.11,0.15,0.11,0.07",65,5.01,"Sitelinks, AI Overview, Video, Video carousel, Related searches, Ads bottom"
python machine learning courses,"Informational, Transactional",70,"0.00,0.00,0.03,0.00,0.03,0.19,0.34,1.00,0.65,0.53,0.26,0.19",45,5.01,"Sitelinks, AI Overview, Video, Video carousel, People also ask, Related searches, Ads bottom"
quantum machine learning course,"Informational, Transactional",70,"0.36,1.00,0.27,0.45,0.45,0.45,0.45,0.81,1.00,0.81,0.63,0.81",44,2.87,"Sitelinks, Video, Video carousel, Related searches"
stanford machine learning online course,"Informational, Transactional",70,"0.45,0.18,0.63,0.09,0.63,0.63,0.45,0.81,1.00,0.63,1.00,0.63",78,3.78,"Sitelinks, Video, Video carousel, Related searches, Ads bottom"
uc berkeley machine learning course,Transactional,70,"1.00,0.82,0.29,0.29,0.29,0.23,0.29,0.29,0.29,0.29,0.29,0.11",50,12.04,"Sitelinks, Video, People also ask, Related searches"
ai and machine learning courses online,Commercial,50,"0.00,0.19,0.14,0.19,0.09,0.14,0.04,0.33,0.42,0.52,0.52,1.00",71,8.83,"Video, Video carousel, People also ask, Related searches, Ads top, Ads bottom"
applied ai machine learning course,Commercial,50,"0.18,0.45,0.18,0.45,0.63,0.81,0.45,0.18,0.45,1.00,0.18,0.27",50,0.00,"Video, Related searches"
applied machine learning course,Commercial,50,"0.21,0.35,0.50,0.28,0.50,1.00,0.78,0.28,0.35,0.14,0.14,0.14",55,5.67,"Video, Related searches"
best courses in machine learning,Commercial,50,"1.00,0.29,0.00,0.00,0.00,0.00,0.00,0.00,0.00,0.00,0.00,0.00",61,5.42,"Sitelinks, Video, Discussions and forums, Related searches, Ads bottom"
best machine learning courses online,Commercial,50,"0.11,0.41,0.17,0.11,0.64,0.23,0.11,0.23,0.11,0.17,1.00,0.41",68,8.08,"Sitelinks, AI Overview, Video, Video carousel, Discussions and forums, Related searches"
best online machine learning courses,Commercial,50,"0.58,0.70,1.00,1.00,0.58,0.12,0.70,0.70,0.27,0.70,0.70,0.00",71,6.89,"Sitelinks, AI Overview, Video, Video carousel, Discussions and forums, Related searches, Ads bottom"
courses in machine learning,Commercial,50,"1.00,0.65,0.00,0.11,0.00,0.03,0.07,0.00,0.03,0.00,0.00,0.00",71,6.05,"Sitelinks, Video, People also ask, Related searches, Ads bottom"
courses machine learning,Commercial,50,"1.00,0.05,0.05,0.05,0.07,0.05,0.05,0.07,0.02,0.02,0.02,0.00",72,5.57,"Sitelinks, Video, People also ask, Related searches"
data science and machine learning course,"Informational, Commercial",50,"0.18,0.18,0.63,1.00,0.18,1.00,0.18,0.18,1.00,1.00,0.18,0.18",71,8.06,"AI Overview, Video, Video carousel, Related searches, Ads top, Ads bottom"
machine learning certification course,Commercial,50,"0.45,1.00,0.45,1.00,1.00,1.00,0.18,0.36,0.18,0.18,0.18,0.18",65,6.90,"Sitelinks, AI Overview, Video, Related searches, Ads top, Ads bottom"
machine learning course carnegie mellon,"Navigational, Transactional",50,"1.00,0.77,0.77,0.33,0.77,0.77,0.55,0.55,0.55,0.77,0.44,1.00",67,4.66,"Sitelinks, Video, Video carousel, Related searches"
machine learning course certificate,Commercial,50,"0.18,1.00,0.18,1.00,1.00,1.00,0.18,0.18,0.18,0.18,0.18,0.18",53,6.90,"Video, People also ask, Related searches, Ads top, Ads bottom"
machine learning course free with certificate,"Informational, Commercial",50,"0.35,0.63,0.50,0.35,0.35,1.00,0.21,0.21,0.13,0.13,0.13,0.13",67,2.77,"AI Overview, Video, Video carousel, Related searches, Ads bottom"
machine learning course python,Commercial,50,"0.19,0.09,0.09,0.33,0.19,1.00,0.66,0.23,0.14,0.19,0.19,0.09",75,4.52,"Sitelinks, AI Overview, Video, Video carousel, People also ask, Related searches, Ads bottom"
machine learning course stanford,"Informational, Transactional",50,"0.19,1.00,0.00,0.42,0.33,0.00,0.42,0.04,0.00,0.19,0.00,0.00",78,3.39,"Video, Video carousel, Related searches, Ads bottom"
online course machine learning,Commercial,50,"0.00,0.45,0.18,0.45,0.64,0.45,0.36,0.00,0.82,0.27,0.45,1.00",,7.06,"Video, Related searches, Ads top, Ads bottom"
online machine learning course free,Commercial,50,"0.64,0.64,0.50,0.64,1.00,0.14,0.14,0.14,0.14,0.14,0.14,0.14",52,1.93,"Sitelinks, Video, Video carousel, Related searches, Ads bottom"
ai and machine learning course online,Commercial,40,"0.28,0.28,1.00,0.71,0.71,1.00,0.28,0.28,0.42,0.28,0.57,0.42",69,11.67,"Sitelinks, Video, People also ask, Related searches"
ai and machine learning specialist course,"Informational, Commercial",40,"0.18,0.18,0.18,0.18,0.18,0.18,0.18,0.18,1.00,1.00,0.18,0.18",69,0.00,"AI Overview, Video, Video carousel, People also ask, Discussions and forums, Related searches, Ads bottom"
andrew ng's machine learning course on coursera,"Informational, Transactional",40,"0.18,0.18,0.18,0.09,0.18,0.18,1.00,1.00,1.00,0.18,0.18,0.00",82,0.00,"Sitelinks, Video, People also ask, Related searches"
course on ai and machine learning,"Informational, Transactional",40,"0.17,0.17,0.17,0.27,0.27,0.44,0.37,0.81,1.00,0.37,0.17,0.17",63,8.51,"Sitelinks, AI Overview, Video, Video carousel, Related searches, Ads bottom"
coursera free machine learning course,"Navigational, Transactional",40,"0.18,0.18,0.18,0.18,0.18,0.18,1.00,1.00,0.18,0.18,0.18,0.18",73,1.84,"Sitelinks, Video, Related searches"
coursera machine learning free course,Transactional,40,"0.18,0.18,0.18,0.18,0.18,0.18,1.00,1.00,0.18,0.18,0.18,0.18",75,1.84,"Sitelinks, Video, People also ask, Related searches, Ads bottom"
data science machine learning courses,"Informational, Commercial",40,"0.28,0.28,0.28,0.71,0.28,1.00,0.28,0.28,1.00,1.00,0.28,0.28",72,8.06,"Sitelinks, AI Overview, Video, Related searches"
free machine learning course with certificate,Commercial,40,"0.11,0.11,0.11,0.11,0.11,0.29,0.41,0.29,0.11,1.00,0.11,0.11",30,3.01,"Sitelinks, Video, Related searches, Ads top, Ads bottom"
fullstack academy machine learning courses,Transactional,40,"0.42,1.00,0.71,0.28",32,0.00,"Video, People also ask, Related searches"
google machine learning crash course free,"Informational, Transactional",40,"0.18,0.18,0.18,0.18,0.18,0.18,0.18,0.18,1.00,1.00,0.18,0.18",43,2.10,"Sitelinks, Video, Video carousel, People also ask, Related searches"
machine learning course berkeley,"Informational, Transactional",40,"1.00,0.81,0.45,0.18,0.18,0.18,0.18,0.18,0.18,0.18,0.18,0.18",38,8.10,"Video, Video carousel, Related searches"
machine learning course in bangalore,Commercial,40,"0.55,0.55,0.22,1.00,1.00,0.22,0.33,0.22,0.22,0.22,0.22,0.00",53,0.00,"Sitelinks, Video, People also ask, Local pack, Related searches"
machine learning course in gurgaon,Commercial,40,"0.00,0.27,0.18,0.45,0.45,0.27,0.18,0.27,0.27,1.00,0.45,0.27",,0.00,"People also ask, Local pack, Related searches"
machine learning course london,"Informational, Transactional",40,"0.14,0.14,0.14,1.00,0.14,0.14,0.14,0.35,0.50,0.07,0.00,0.00",50,0.00,"Sitelinks, Video, Related searches, Ads bottom"
machine learning course online free,Commercial,40,"0.36,0.63,0.18,0.36,0.18,1.00,0.27,0.27,0.18,0.09,0.18,0.27",66,2.61,"Video, Video carousel, Related searches, Ads bottom"
machine learning course outline,"Informational, Transactional",40,"1.00,0.18,0.18,0.18,0.18,0.18,0.18,0.18,0.18,0.18,0.18,0.18",50,3.36,"Sitelinks, Video, Video carousel, Related searches, Ads bottom"
machine learning course syllabus,Informational,40,"0.42,1.00,0.58,0.58,1.00,0.83,0.83,0.83,0.83,0.83,1.00,0.42",49,3.05,"Sitelinks, AI Overview, Video, Related searches"
machine learning courses texas,,40,"0.60,0.40,0.80,1.00",,0.00,
machine learning engineering courses,Commercial,40,"0.05,0.05,0.05,0.05,0.11,0.05,0.23,0.82,0.52,0.00,1.00,0.23",,6.70,"Sitelinks, Video, Related searches, Ads bottom"
machine learning for finance course,Commercial,40,"0.42,0.28,0.28,0.57,0.57,0.57,0.42,0.71,0.71,0.71,1.00,0.71",38,3.80,"Sitelinks, AI Overview, Video, Video carousel, Discussions and forums, Related searches"
machine learning specialization courses,"Informational, Transactional",40,"0.28,0.14,0.28,0.50,0.28,0.14,1.00,0.50,0.14,0.14,0.14,0.14",69,3.57,"Video, Video carousel, Related searches, Ads bottom"
machine learning training course,"Informational, Commercial",40,"0.18,0.18,0.18,0.18,0.36,0.36,0.27,1.00,0.63,0.27,0.18,0.18",75,0.00,"AI Overview, Video, Local pack, Related searches, Ads bottom"
online course on ai and machine learning,Commercial,40,"0.18,0.18,0.18,0.18,0.18,0.18,0.18,0.18,1.00,0.18,1.00,0.18",77,0.00,"AI Overview, Video, People also ask, Related searches, Ads bottom"
online course on machine learning,Commercial,40,"0.00,0.71,0.28,1.00,1.00,1.00,0.57,0.14,0.28,0.28,0.42,0.71",67,7.06,"Sitelinks, Video, Related searches, Ads top, Ads middle"
udacity machine learning course,Transactional,40,"0.17,0.17,0.17,0.17,0.27,0.44,0.27,0.63,0.17,1.00,0.17,0.17",57,5.23,"Sitelinks, Video, Related searches, Ads bottom"
udemy courses machine learning,Transactional,40,"0.18,0.18,0.18,1.00,0.18,1.00,0.18,0.18,0.18,1.00,0.18,0.18",52,1.58,"Sitelinks, Video, People also ask, Related searches"
udemy machine learning course,"Informational, Navigational",40,"0.11,0.11,0.11,0.29,0.11,0.41,0.11,0.11,0.11,1.00,0.11,0.11",44,1.58,"Video, Video carousel, Related searches, Ads bottom"
a course in machine learning,"Navigational, Transactional",30,"0.13,1.00,0.13,0.13,0.13,0.13,0.13,0.13,0.13,0.13,0.13,0.13",77,5.50,"Sitelinks, Video, Video carousel, Knowledge panel, Related searches, Ads bottom"
adversarial machine learning course,Informational,30,"1.00,0.17,0.17,0.17,0.17,0.17,0.17,0.17,0.17,0.17,0.17,0.17",9,3.97,"Video, Video carousel, Related searches, Ads bottom"
ai and machine learning course free with certificate,Commercial,30,"0.00,0.00,1.00,0.14,0.14,0.00,0.14,0.14,0.64,0.14,0.14,0.14",59,1.75,"Sitelinks, Video, Related searches, Ads bottom"
ai and machine learning online courses,"Informational, Commercial",30,"0.00,0.28,0.57,0.14,0.14,0.14,0.14,0.71,1.00,0.57,0.71,1.00",77,8.29,"AI Overview, Video, Video carousel, People also ask, Related searches, Ads top, Ads middle"
ai machine learning courses fees,,30,"0.00,0.00,1.00,0.11,0.00,0.52,0.11,0.11,0.11,0.00,0.11,0.11",,0.00,
ai machine learning courses flexible schedule 2025,,30,"1.00,0.80,0.00",,0.00,
artificial intelligence and machine learning courses fees,,30,"1.00,0.14,0.28,0.14,0.14,0.14,0.00,0.07,0.14,0.07,0.00,0.14",,0.00,
artificial intelligence and machine learning online course,,30,"0.17,0.17,0.17,0.17,0.17,0.17,0.17,0.27,0.17,1.00,0.17,0.17",,0.00,
aws certified machine learning specialty course,Informational,30,"0.50,0.50,0.50,0.50,0.50,0.75,0.50,0.75,0.75,0.50,1.00,0.50",65,4.17,"Video, Video carousel, People also ask, Related searches"
best machine learning course on udemy,Commercial,30,"0.40,0.40,0.40,0.40,0.40,0.40,0.40,1.00,1.00,0.60,0.40,0.40",22,2.16,"Sitelinks, AI Overview, Video, People also ask, Related searches, Ads bottom"
best online course on machine learning,Commercial,30,"0.71,1.00,0.12,0.27,0.12,0.41,0.27,0.71,0.56,0.41,0.56,0.56",66,8.08,"Sitelinks, AI Overview, Video, Video carousel, Discussions and forums, Related searches, Ads top"
best online courses for machine learning,Commercial,30,"0.28,0.42,0.00,0.00,0.42,0.42,0.70,0.70,0.42,1.00,0.28,0.14",71,8.08,"Sitelinks, AI Overview, Video, People also ask, Discussions and forums, Related searches"
bytebytego machine learning system design interview course,,30,"1.00,0.00",,0.00,
causal machine learning course,Transactional,30,"1.00,1.00,1.00,1.00,1.00,1.00,1.00,1.00,1.00,1.00,1.00,1.00",20,3.59,"Sitelinks, Video, Video carousel, Related searches, Ads bottom"
columbia university machine learning online course,,30,"0.00,0.27,0.27,0.27,0.27,0.41,0.27,1.00,1.00,0.56,0.56,0.41",,0.00,
course on machine learning,Commercial,30,"0.00,0.00,0.00,0.00,0.03,0.00,0.00,0.00,0.00,0.00,1.00,0.00",70,5.57,"AI Overview, Video, Video carousel, Related searches, Ads top, Ads bottom"
coursecareers machine learning basics course,,30,"1.00,0.25",,0.00,
courses for machine learning,Commercial,30,"0.00,0.00,0.00,0.00,0.00,0.02,0.02,0.02,0.02,1.00,0.00,0.00",71,5.57,"Sitelinks, AI Overview, Video, Short videos, People also ask, Related searches"
courses in ai and machine learning,Commercial,30,"0.29,0.29,0.29,0.57,0.57,1.00,0.71,0.57,0.29,0.29,0.29,0.29",72,9.60,"Video, Video carousel, People also ask, Related searches, Ads top, Ads bottom"
data science machine learning course,"Informational, Transactional",30,"0.18,0.36,0.18,0.36,0.18,0.27,0.18,1.00,0.27,0.27,0.18,0.18",70,7.85,"Sitelinks, Image, Video, Video carousel, Related searches"
embedded machine learning courses,"Informational, Transactional",30,"1.00,0.00,0.00,1.00,1.00,1.00,1.00,1.00,1.00,1.00,1.00,1.00",48,3.62,"Sitelinks, Video, Related searches, Ads bottom"
free online courses machine learning,"Informational, Transactional",30,"0.40,0.40,0.60,0.80,0.80,0.80,0.60,1.00,0.40,0.60,0.00,0.00",52,2.61,"Sitelinks, AI Overview, Video, Video carousel, Related searches, Ads bottom"
good machine learning courses,Commercial,30,"0.09,0.00,1.00,0.00,0.00,0.81,0.00,0.63,0.09,0.00,0.36,0.36",65,5.82,"Sitelinks, Video, Video carousel, Related searches, Ads bottom"
harvard machine learning course,"Navigational, Transactional",30,"0.11,1.00,0.11,0.11,0.11,0.17,0.11,0.11,0.11,0.11,0.11,0.11",71,3.07,"Video, Related searches"
ibm skillsbuild universities machine learning courses 2023,,30,"0.60,1.00,0.20",,0.00,
ibm skillsbuild universities machine learning courses partnership 2022 2023 2024,,30,"1.00,0.00,0.00",,0.00,
ibm skillsbuild university collaboration machine learning courses 2023,,30,"0.20,1.00,0.20",,0.00,
introduction to machine learning course,"Informational, Commercial",30,"0.18,0.18,0.18,1.00,0.18,0.18,0.18,0.00,0.18,0.18,0.18,0.18",63,3.35,"Video, Related searches, Ads bottom"
linear algebra course for machine learning,"Informational, Transactional",30,"1.00,0.18,0.18,0.18,0.18,0.18,0.18,0.18,0.18,0.18,0.18,0.18",56,2.61,"Sitelinks, Video, Video carousel, Related searches"
linear algebra for machine learning course,"Informational, Transactional",30,"1.00,0.18,0.18,0.18,0.18,0.18,0.18,0.18,0.18,0.18,0.18,0.18",47,2.61,"Sitelinks, Video, Video carousel, Related searches"
machine learning ai courses,Commercial,30,"0.07,0.07,0.07,0.28,0.07,0.07,0.07,0.07,1.00,0.62,0.00,0.00",75,8.08,"Sitelinks, Video, Discussions and forums, Related searches"
machine learning course harvard,"Informational, Transactional",30,"0.17,1.00,0.17,0.17,0.17,0.17,0.17,0.17,0.17,0.17,0.17,0.17",78,3.07,"AI Overview, Video, Related searches"
machine learning course in pune,,30,"0.28,0.71,0.28,1.00,1.00,0.57,0.42,0.28,0.28,0.28,0.28,0.00",,0.00,
machine learning course madurai,,30,"0.50,1.00,0.75",,0.00,
machine learning courses for beginners,"Informational, Commercial",30,"0.22,1.00,0.33,0.33,0.55,0.44,0.33,0.33,0.22,0.33,0.44,0.00",73,4.16,"Sitelinks, AI Overview, Video, Video carousel, People also ask, Discussions and forums, Related searches, Ads bottom"
machine learning courses in india,Commercial,30,"0.27,0.27,0.41,0.27,0.27,1.00,0.27,0.27,0.27,0.27,0.27,0.27",46,2.98,"Sitelinks, Video, Video carousel, People also ask, Local pack, Related searches"
machine learning courses reddit,"Navigational, Transactional",30,"0.11,1.00,0.11,0.11,0.11,0.11,0.11,0.11,0.11,0.11,0.11,0.11",55,6.14,Related searches
machine learning crash course google ai,"Informational, Transactional",30,"1.00,1.00,1.00,1.00,1.00,1.00,1.00,1.00,1.00,1.00,1.00,1.00",52,4.97,"Sitelinks, Video, Video carousel, Related searches"
machine learning engineer course duration,,30,"0.41,0.00,1.00,0.11,0.00,0.00,0.11,0.41,0.11,0.11,0.00,0.11",,0.00,
machine learning engineer courses,Informational,30,"0.80,1.00,0.40,0.20,0.40,0.20,0.40,0.60,1.00,0.20,0.40,0.60",66,6.85,"Sitelinks, AI Overview, Video, Video carousel, People also ask, Related searches"
machine learning engineer online course,"Informational, Commercial",30,"0.17,0.17,0.17,0.17,0.17,0.17,0.17,0.17,1.00,0.17,0.17,0.17",63,7.04,"Sitelinks, Video, Video carousel, Related searches"
machine learning finance course,,30,"0.28,0.28,0.42,0.28,0.28,0.28,0.28,0.28,0.57,0.57,1.00,0.42",,0.00,
machine learning free courses,Commercial,30,"0.34,0.21,0.07,0.21,0.07,0.07,0.14,0.07,0.34,0.00,1.00,0.00",47,2.46,"Sitelinks, Video, Video carousel, Related searches, Ads bottom"
machine learning free courses online,Informational,30,"0.00,0.00,1.00,0.42,1.00,0.71,0.71,0.71,0.28,0.57,0.00,0.00",53,3.12,"Sitelinks, AI Overview, Video, People also ask, Related searches, Ads bottom"
machine learning full course,"Informational, Commercial",30,"0.11,0.11,0.11,0.11,0.11,1.00,0.11,0.11,0.11,0.11,0.11,0.11",74,5.22,"Video, Video carousel, People also ask, Related searches"
machine learning in finance course,,30,"0.75,0.00,0.75,1.00,0.75,1.00,0.75,0.00,1.00,0.75,0.50,0.50",,0.00,
machine learning mit course,Transactional,30,"0.71,1.00,0.00,0.57,0.43,0.00,0.29,1.00,0.43,0.29,0.00,0.00",72,3.61,"Sitelinks, Video, Related searches, Ads top, Ads bottom"
machine learning online course with certificate,,30,"0.39,0.39,0.61,0.61,0.83,0.39,1.00,0.39,0.39,0.39,0.39,0.39",,7.92,
machine learning summer course,"Informational, Transactional",30,"0.17,0.17,0.17,1.00,0.17,0.17,0.17,0.17,0.17,0.17,0.17,0.17",17,2.97,"Sitelinks, Video, Related searches, Ads bottom"
machine learning system design course,Informational,30,"0.50,0.50,0.50,0.75,0.75,1.00,0.75,0.50,0.50,0.75,1.00,0.50",17,3.47,"Sitelinks, AI Overview, Video, Video carousel, Discussions and forums, Related searches, Ads bottom"
mathematics for machine learning course,"Informational, Transactional",30,"0.17,1.00,0.17,0.17,0.17,0.17,0.17,0.17,0.17,0.17,0.17,0.17",49,3.38,"Sitelinks, Video, Video carousel, Related searches, Ads bottom"
mit machine learning courses,Transactional,30,"0.57,0.42,0.14,0.28,0.14,0.57,0.14,0.28,0.14,0.28,1.00,0.28",69,3.97,"Sitelinks, Video, Related searches, Ads top, Ads middle"
mit open course machine learning,,30,"0.00,0.00,0.09,0.00,0.45,1.00,0.18,0.18,0.18,0.00,0.18,0.27",,3.61,
no code ai and machine learning course free,,30,"0.44,0.22,0.22,0.22,0.22,0.77,0.22,0.22,0.22,0.22,1.00,0.22",,2.46,
online course for machine learning,Commercial,30,"0.50,1.00,0.00,0.00,0.00,0.00,0.06,0.00,0.00,0.00,0.00,0.00",70,7.67,"Sitelinks, Video, People also ask, Related searches, Ads top, Ads bottom"
online courses for ai and machine learning,,30,"0.00,0.09,0.09,0.09,0.09,0.09,0.09,1.00,0.63,0.18,0.18,0.36",,14.56,
python for data science and machine learning bootcamp online course,,30,"0.28,0.28,0.42,0.42,0.42,1.00,0.28,0.71,0.28,0.28,0.28,0.28",,0.00,
stanford machine learning courses,"Informational, Transactional",30,"1.00,0.29,0.23,0.52,0.00,0.00,0.00,0.00,0.00,0.11,0.00,0.00",78,3.39,"Video, Related searches, Ads top"
which course is best for machine learning,,30,"0.28,0.28,0.28,0.28,0.28,0.28,0.28,0.28,0.28,0.00,0.57,1.00",,0.00,
a course in machine learning by hal daumé iii,,20,"1.00,1.00,1.00,1.00,1.00,1.00,1.00,1.00,1.00,1.00,1.00,1.00",,3.21,
a course in machine learning by hal daumé iii pdf,,20,"1.00,1.00,1.00,1.00,0.00,1.00,1.00,1.00,1.00,1.00,0.00,1.00",,0.00,
a course in machine learning hal daumé iii,,20,"1.00,1.00,1.00,1.00,1.00,1.00,1.00,1.00,1.00,1.00,1.00,1.00",,0.00,
a course in machine learning pdf,,20,"1.00,1.00,1.00,1.00,1.00,1.00,1.00,1.00,1.00,1.00,1.00,1.00",,0.00,
a first course in machine learning,,20,"1.00,1.00,1.00,1.00,1.00,1.00,1.00,1.00,1.00,1.00,1.00,1.00",,0.00,
a first course in machine learning pdf,,20,"0.00,1.00,1.00,1.00,1.00,1.00,0.00,1.00,1.00,1.00,1.00,1.00",,0.00,
about artificial intelligence and machine learning course,,20,"1.00,1.00,1.00,1.00,1.00,1.00,0.00,1.00,1.00,0.50,0.50,1.00",,0.00,
advanced course in machine learning,,20,"1.00,1.00,1.00,1.00,1.00,1.00,1.00,1.00,1.00,0.50,0.00,0.00",,0.00,
advanced machine learning course,,20,"0.67,1.00,0.67,0.67,1.00,0.67,0.67,0.67,0.67,0.67,0.67,0.67",,4.32,
advanced machine learning course syllabus,,20,"1.00,1.00,1.00,1.00,1.00,1.00,0.00,1.00,0.00,1.00,1.00,0.00",,0.00,
advanced machine learning online course,,20,"0.66,0.66,0.66,0.66,0.33,0.33,0.66,1.00,0.00,0.33,0.00,0.66",,0.00,
ai & machine learning course,,20,"0.00,0.28,0.14,0.14,0.14,0.14,0.14,0.14,1.00,0.57,0.28,0.00",,10.17,
ai and machine learning certificate courses,,20,"0.50,1.00,1.00,1.00,1.00,1.00",,6.89,
ai and machine learning course fees,,20,"1.00,1.00,1.00,1.00,0.50,1.00,1.00,1.00,1.00,1.00,0.50,1.00",,4.10,
ai and machine learning course for beginners,,20,"1.00,1.00,1.00,1.00,1.00,1.00,0.00,1.00,1.00,1.00,1.00,1.00",,5.72,
ai and machine learning course free,,20,"1.00,1.00,1.00,1.00,1.00,1.00,1.00,1.00,1.00,1.00,1.00,1.00",,2.86,
ai and machine learning course in bangalore,,20,"1.00,0.50,0.50,1.00,1.00,1.00,0.50,1.00,0.50,0.50,1.00,1.00",,0.00,
ai and machine learning course in united states,,20,"0.00,0.25,0.50,1.00,1.00,0.75,0.75,0.25",,0.00,
ai and machine learning course syllabus,,20,"0.50,1.00,1.00,1.00,1.00,1.00,1.00,1.00,1.00,1.00,0.00,1.00",,0.00,
ai and machine learning course udemy,,20,"1.00,0.50,0.50,1.00,1.00,0.00,0.00,1.00,1.00,1.00,1.00,1.00",,0.00,
ai and machine learning course with job guarantee,,20,"0.50,1.00,1.00,1.00,1.00,1.00,1.00,1.00,1.00,0.50,0.50,0.00",,0.00,
ai and machine learning courses for working professionals,,20,"1.00,1.00,1.00,1.00,1.00,1.00,1.00,1.00,1.00,1.00,1.00,1.00",,0.00,
ai and machine learning courses in canada,,20,"1.00,1.00,1.00,1.00,1.00,1.00,0.00,1.00,1.00,0.00,1.00,0.00",,0.00,
ai and machine learning courses in chennai,,20,"1.00,0.00,1.00,1.00,0.50,1.00,1.00,1.00,1.00,0.50,1.00,1.00",,0.00,
ai and machine learning courses in dubai,,20,"0.00,0.00,1.00,0.00,0.00,0.00,0.00,0.11,0.00,0.11,0.00,0.11",,0.00,
ai and machine learning courses in hyderabad,,20,"0.66,0.66,0.66,0.66,0.66,1.00,0.66,0.66,0.66,0.66,0.66,0.66",,0.00,
ai and machine learning courses in india,,20,"0.00,0.22,0.22,0.22,0.22,1.00,0.00,0.22,0.22,0.22,0.22,0.22",,1.00,
ai and machine learning free course,,20,"1.00,1.00,1.00,1.00,1.00,1.00,1.00,1.00,1.00,1.00,1.00,1.00",,4.39,
ai and machine learning free course with certificate,,20,"0.00,1.00,0.00,0.00,0.22,0.22,0.22,0.22,0.22,0.22,0.22,0.22",,4.51,
ai and machine learning free online course,,20,"1.00,1.00,1.00,1.00,1.00,1.00,1.00,1.00,1.00,1.00,1.00,1.00",,0.00,
ai machine learning courses free,,20,"1.00,1.00,1.00,1.00,1.00,1.00,1.00,1.00,1.00,1.00,1.00,1.00",,0.00,
ai machine learning courses in india,,20,"1.00,1.00,1.00,1.00,1.00,1.00,1.00,1.00,1.00,0.00,1.00,1.00",,2.86,
ai machine learning courses near me,,20,"1.00,0.00,1.00,1.00,1.00,1.00,0.00,1.00,1.00,1.00,1.00,1.00",,7.91,
ai machine learning engineer course,,20,"0.00,1.00,1.00,1.00,1.00,1.00,1.00,1.00,1.00,1.00,1.00",,6.94,
ai machine learning free course,,20,"1.00,1.00,1.00,1.00,1.00,1.00,1.00,1.00,1.00,1.00,1.00,1.00",,3.13,
ai machine learning online course,,20,"1.00,1.00,1.00,1.00,1.00,1.00,1.00,1.00,1.00,1.00,1.00,1.00",,0.00,
ai with machine learning course,,20,"1.00,1.00,0.00,1.00,1.00,1.00,1.00,1.00,1.00,1.00,1.00,1.00",,0.00,
al and machine learning courses,,20,"0.00,0.50,0.50,0.50,0.50,1.00,0.00,0.50,0.50,0.50,0.00,0.00",,7.77,
amazon free machine learning course,,20,"1.00,1.00,1.00,1.00,1.00,1.00,1.00,1.00,0.00,1.00,1.00,1.00",,1.26,
amazon free machine learning courses,,20,"1.00,1.00,1.00,1.00,1.00,1.00,1.00,1.00,0.00,1.00,1.00,1.00",,1.26,
amazon machine learning course free,,20,"1.00,1.00,1.00,1.00,1.00,1.00,0.00,1.00,1.00,1.00,1.00,1.00",,0.00,
amazon machine learning courses free,,20,"1.00,1.00,1.00,1.00,1.00,1.00,0.00,1.00,1.00,1.00,1.00,1.00",,0.00,
amazon machine learning free course,,20,"1.00,0.00,1.00,1.00,1.00,1.00,1.00,1.00,1.00,1.00,1.00,1.00",,0.00,
analytics and machine learning course,,20,"0.50,0.50,0.50,1.00,0.75,0.50,0.50,0.75,1.00,0.25,0.00,0.00",,0.00,
andrej karpathy machine learning course,,20,"0.00,1.00,1.00,1.00,1.00,1.00,1.00,1.00,1.00,1.00,1.00,1.00",,0.00,
andrew ng course machine learning,,20,"0.00,0.00,0.56,0.00,0.00,0.00,0.76,0.00,0.00,1.00,0.00,0.00",,3.14,
andrew ng coursera machine learning course,,20,"1.00,1.00,1.00,1.00,1.00,1.00,1.00,1.00,1.00,1.00,1.00,1.00",,0.00,
andrew ng machine learning course free,,20,"1.00,1.00,1.00,1.00,1.00,1.00,1.00,1.00,1.00,1.00,1.00,1.00",,2.61,
andrew ng machine learning course free download,,20,"1.00,1.00,0.00,1.00,0.00,1.00,1.00,1.00,1.00,0.00,1.00,1.00",,0.00,
andrew ng machine learning course github,,20,"1.00,1.00,1.00,1.00,0.00,1.00,1.00,1.00,0.00,1.00,1.00,1.00",,0.00,
andrew ng machine learning course notes,,20,"1.00,1.00,1.00,1.00,1.00,1.00,1.00,1.00,1.00,1.00,1.00,1.00",,0.00,
andrew ng machine learning course pdf,,20,"0.00,1.00,1.00,1.00,1.00,1.00,1.00,1.00,1.00,0.00,1.00,1.00",,0.00,
andrew ng machine learning course python,,20,"1.00,0.00,1.00,1.00,1.00,1.00,1.00,0.00,1.00,1.00,0.00,1.00",,0.00,
andrew ng machine learning course reddit,,20,"1.00,1.00,1.00,1.00,1.00,1.00,1.00,1.00,1.00,1.00,1.00,1.00",,0.00,
andrew ng machine learning course review,,20,"1.00,1.00,1.00,1.00,1.00,1.00,1.00,1.00,1.00,1.00,1.00,1.00",,0.00,
andrew ng's machine learning coursera course,,20,"1.00,1.00,1.00,0.00,1.00,1.00,1.00,1.00,1.00,1.00,1.00,0.00",,0.00,
applied machine learning online course download,,20,"1.00,1.00,1.00,1.00,1.00,1.00,1.00,1.00,1.00,0.50,0.00,0.00",,0.00,
applied machine learning online course review,,20,"0.66,0.00,0.66,0.66,0.66,1.00,0.66,0.66,0.66,0.66,0.66,0.00",,0.00,
artificial intelligence and machine learning courses in india,,20,"1.00,1.00,1.00,1.00,1.00,1.00,1.00,1.00,1.00,0.00,1.00,0.00",,0.00,
artificial intelligence and machine learning courses online,,20,"0.00,0.39,0.39,0.39,0.39,0.39,0.39,0.39,0.39,0.39,0.39,1.00",,0.00,
artificial intelligence and machine learning engineering course,,20,"0.00,1.00,1.00,1.00,1.00,1.00,1.00,1.00,1.00,1.00,1.00,1.00",,0.00,
artificial intelligence and machine learning free course with certificate,,20,"1.00,1.00,1.00,0.00,1.00,1.00,1.00,1.00,1.00,1.00,1.00,1.00",,3.79,
artificial intelligence machine learning course,,20,"1.00,0.33,0.33,0.33,0.33,0.33,0.33,0.67,1.00,0.67,0.67,0.00",,8.08,
asu machine learning course,,20,"1.00,1.00,1.00,1.00,1.00,1.00,0.00,0.00,1.00,1.00,1.00,1.00",,0.00,
aws academy machine learning foundations course,,20,"0.50,1.00,1.00,1.00,0.50,0.00,1.00,1.00,1.00,1.00,1.00,1.00",,0.00,
aws certified machine learning course,,20,"0.50,0.50,0.50,0.50,0.50,0.50,0.50,0.50,0.50,0.50,1.00,0.50",,3.26,
aws certified machine learning engineer associate course,,20,"0.67,1.00,0.67,0.67,0.67,0.67,0.67,0.67,0.67,0.67,0.67,0.67",,4.29,
aws for machine learning course,,20,"1.00,1.00,1.00,1.00,0.00,1.00,1.00,1.00,1.00,0.50,1.00,1.00",,0.00,
aws free machine learning course,,20,"1.00,1.00,0.00,1.00,1.00,1.00,1.00,1.00,1.00,0.00,0.00,1.00",,0.00,
aws machine learning associate course,,20,"0.50,1.00,1.00,1.00,1.00,1.00,1.00,1.00,1.00,1.00,1.00,1.00",,4.78,
aws machine learning certification course,,20,"0.67,0.67,0.67,0.67,0.67,0.67,0.67,0.67,0.67,1.00,0.67,0.67",,4.76,
aws machine learning course free,,20,"0.00,1.00,1.00,1.00,1.00,1.00,1.00,1.00,1.00,1.00,1.00,0.00",,0.00,
aws machine learning engineer course,,20,"1.00,1.00,1.00,1.00,1.00,1.00,1.00,1.00,1.00,1.00,1.00,1.00",,4.86,
aws machine learning foundations course,,20,"1.00,1.00,1.00,1.00,1.00,1.00,1.00,1.00,1.00,1.00,1.00,1.00",,0.00,
aws machine learning free course,,20,"1.00,1.00,1.00,1.00,0.00,1.00,1.00,1.00,1.00,1.00,1.00,1.00",,0.00,
aws machine learning specialty course,,20,"0.67,0.67,0.67,0.67,0.67,0.67,0.67,0.67,0.67,0.67,1.00,0.67",,3.33,
azure machine learning course,,20,"1.00,1.00,1.00,1.00,1.00,1.00,1.00,1.00,1.00,1.00,1.00,1.00",,3.53,
basic machine learning course,,20,"1.00,1.00,1.00,1.00,1.00,1.00,1.00,1.00,1.00,1.00,1.00,1.00",,5.47,
basics of machine learning course,,20,"1.00,1.00,1.00,1.00,1.00,1.00,1.00,1.00,1.00,1.00,1.00,1.00",,0.00,
bayesian machine learning course,,20,"1.00,1.00,1.00,1.00,1.00,1.00,1.00,1.00,1.00,1.00,1.00,1.00",,3.08,
best advanced machine learning course,,20,"1.00,1.00,1.00,1.00,1.00,1.00,1.00,1.00,0.00,1.00,1.00,0.00",,0.00,
best advanced machine learning courses,,20,"1.00,1.00,1.00,1.00,1.00,1.00,1.00,1.00,0.00,1.00,1.00,0.00",,0.00,
best ai and machine learning courses,,20,"1.00,1.00,1.00,1.00,1.00,1.00,1.00,1.00,1.00,1.00,1.00,0.50",,8.22,
best ai machine learning course,,20,"1.00,1.00,1.00,1.00,1.00,1.00,1.00,1.00,1.00,1.00,1.00,1.00",,6.59,
best applied machine learning course,,20,"0.00,1.00,1.00,1.00,0.00,1.00,1.00,1.00,1.00,1.00,1.00,1.00",,5.33,
best aws machine learning course,,20,"1.00,1.00,1.00,1.00,1.00,1.00,1.00,1.00,1.00,1.00,1.00,1.00",,0.00,
best beginner machine learning course,,20,"1.00,1.00,1.00,1.00,1.00,1.00,1.00,1.00,1.00,1.00,0.00,0.00",,0.00,
best certification courses for machine learning,,20,"0.00,1.00,1.00,1.00,1.00,1.00,1.00,1.00,1.00,1.00,1.00,0.00",,0.00,
best course for aws machine learning certification,,20,"1.00,1.00,1.00,1.00,1.00,1.00,1.00,1.00,1.00,1.00,1.00,1.00",,2.90,
best course for data science and machine learning,,20,"1.00,1.00,1.00,1.00,1.00,1.00,1.00,1.00,1.00,1.00,1.00,0.00",,0.00,
best course for machine learning,,20,"0.00,0.00,0.22,0.11,0.11,0.22,0.11,1.00,0.11,1.00,0.44,0.22",,5.42,
best course for machine learning and ai,,20,"1.00,1.00,1.00,0.00,1.00,0.50,1.00,1.00,1.00,1.00,0.00,1.00",,0.00,
best course for machine learning in python,,20,"1.00,1.00,1.00,1.00,1.00,1.00,1.00,1.00,0.00,0.00,0.00,1.00",,0.00,
best course of machine learning,,20,"1.00,1.00,1.00,1.00,1.00,1.00,0.00,1.00,1.00,1.00,1.00,0.50",,0.00,
best course on machine learning,,20,"1.00,1.00,1.00,0.00,0.00,0.00,0.00,0.00,0.00,0.00,0.00,0.00",,5.42,
best coursera courses for machine learning,,20,"1.00,1.00,1.00,1.00,1.00,1.00,1.00,1.00,1.00,1.00,1.00,1.00",,0.00,
best courses for machine learning and ai,,20,"1.00,1.00,1.00,1.00,1.00,1.00,1.00,1.00,1.00,1.00,1.00,1.00",,3.40,
best courses in ai and machine learning,,20,"0.33,0.33,1.00,0.66,0.33,0.66,0.33,0.66,0.66,0.66,0.66,0.66",,9.76,
best data science and machine learning courses,,20,"1.00,1.00,1.00,1.00,1.00,1.00,1.00,1.00,1.00,1.00,1.00,1.00",,9.79,
best data science and machine learning courses online,,20,"1.00,1.00,1.00,1.00,1.00,1.00,1.00,1.00,0.00,1.00,0.00,0.00",,0.00,
best free ai and machine learning courses,,20,"1.00,1.00,1.00,1.00,1.00,1.00,1.00,1.00,1.00,1.00,1.00,1.00",,0.00,
best free courses for machine learning,,20,"1.00,1.00,1.00,1.00,1.00,1.00,1.00,1.00,1.00,1.00,0.00,1.00",,0.00,
best free courses on machine learning,,20,"1.00,1.00,1.00,1.00,1.00,1.00,1.00,1.00,0.00,0.00,1.00,1.00",,0.00,
best free machine learning course,,20,"0.38,0.38,0.38,0.59,0.38,1.00,0.38,0.38,0.38,0.38,0.38,0.38",,2.65,
best free machine learning course for beginners,,20,"1.00,1.00,1.00,1.00,1.00,1.00,1.00,1.00,1.00,1.00,1.00,0.00",,0.00,
best free machine learning course online,,20,"1.00,1.00,1.00,1.00,1.00,1.00,1.00,1.00,1.00,1.00,1.00,1.00",,0.00,
best free online machine learning course,,20,"1.00,1.00,1.00,1.00,1.00,1.00,1.00,1.00,1.00,1.00,1.00,1.00",,0.00,
best free online machine learning courses,,20,"1.00,1.00,1.00,1.00,1.00,1.00,1.00,1.00,1.00,1.00,1.00,1.00",,0.00,
best hands on machine learning course,,20,"1.00,1.00,1.00,1.00,1.00,1.00,1.00,1.00,0.00,1.00,1.00,1.00",,0.00,
best intro to machine learning course,,20,"1.00,1.00,1.00,1.00,1.00,1.00,1.00,1.00,1.00,1.00,1.00,1.00",,0.00,
best linear algebra course for machine learning,,20,"1.00,1.00,1.00,1.00,0.00,1.00,1.00,1.00,1.00,1.00,1.00,1.00",,3.72,
best machine learning and data science courses,,20,"1.00,1.00,1.00,1.00,1.00,0.00,1.00,1.00,0.00,1.00,1.00,1.00",,0.00,
best machine learning and deep learning courses,,20,"1.00,1.00,1.00,1.00,1.00,1.00,1.00,1.00,1.00,0.00,1.00,1.00",,0.00,
best machine learning certification course,,20,"1.00,1.00,1.00,1.00,1.00,1.00,1.00,1.00,0.00,1.00,1.00,1.00",,0.00,
best machine learning course coursera,,20,"1.00,1.00,1.00,1.00,1.00,1.00,1.00,1.00,1.00,1.00,1.00,1.00",,4.72,
best machine learning course for beginners,,20,"0.65,0.65,0.65,0.65,0.65,0.65,0.65,0.65,0.65,0.65,1.00,0.65",,5.21,
best machine learning course free,,20,"1.00,1.00,1.00,1.00,1.00,1.00,1.00,1.00,1.00,1.00,1.00,1.00",,2.45,
best machine learning course in coursera,,20,"1.00,1.00,1.00,1.00,1.00,1.00,1.00,1.00,1.00,0.00,1.00,1.00",,0.00,
best machine learning course in india,,20,"1.00,1.00,1.00,1.00,1.00,1.00,1.00,1.00,1.00,1.00,1.00,1.00",,3.29,
best machine learning course in python,,20,"1.00,1.00,1.00,1.00,1.00,1.00,1.00,1.00,0.00,0.00,0.00,1.00",,0.00,
best machine learning course india,,20,"1.00,1.00,0.00,1.00,1.00,1.00,1.00,0.00,1.00,1.00,1.00,0.00",,0.00,
best machine learning course on coursera,,20,"1.00,1.00,1.00,1.00,1.00,1.00,1.00,1.00,1.00,1.00,1.00,1.00",,4.72,
best machine learning course on edx,,20,"1.00,0.00,0.00,1.00,1.00,1.00,1.00,1.00,1.00,1.00,1.00,0.00",,0.00,
best machine learning course on linkedin learning,,20,"1.00,1.00,1.00,1.00,0.00,1.00,1.00,1.00,1.00,0.00,1.00,1.00",,0.00,
best machine learning course on youtube,,20,"1.00,1.00,1.00,1.00,1.00,1.00,0.00,1.00,1.00,1.00,1.00,1.00",,3.42,
best machine learning course online free,,20,"1.00,0.00,1.00,1.00,1.00,1.00,1.00,1.00,1.00,1.00,1.00,1.00",,0.00,
best machine learning course python,,20,"1.00,1.00,1.00,1.00,1.00,1.00,0.00,1.00,1.00,1.00,1.00,0.00",,0.00,
best machine learning course reddit,,20,"1.00,1.00,1.00,1.00,1.00,1.00,1.00,1.00,1.00,1.00,1.00,1.00",,3.61,
best machine learning course udemy,,20,"1.00,1.00,1.00,1.00,1.00,1.00,1.00,1.00,1.00,1.00,1.00,1.00",,2.02,
best machine learning course with certification,,20,"1.00,1.00,1.00,1.00,1.00,1.00,0.00,1.00,1.00,0.00,1.00,1.00",,0.00,
best machine learning course with projects,,20,"1.00,1.00,1.00,1.00,0.00,1.00,1.00,0.00,1.00,1.00,1.00,0.00",,0.00,
best machine learning course youtube,,20,"1.00,1.00,0.00,1.00,1.00,1.00,1.00,1.00,1.00,1.00,1.00,1.00",,0.00,
best machine learning courses 2025,,20,"0.00,1.00,0.00,0.09,0.00,0.00,0.00,0.00,0.00",,0.00,
best machine learning courses in udemy,,20,"1.00,0.00,1.00,1.00,1.00,1.00,1.00,1.00,1.00,1.00,1.00,1.00",,0.00,
best machine learning engineer course,,20,"0.67,0.67,0.67,0.67,0.67,0.67,0.67,0.67,0.67,0.67,1.00,0.67",,0.00,
best machine learning free course,,20,"1.00,1.00,1.00,1.00,1.00,1.00,1.00,1.00,1.00,1.00,1.00,1.00",,0.00,
best machine learning python course,,20,"1.00,1.00,1.00,1.00,1.00,1.00,1.00,1.00,1.00,0.00,0.00,1.00",,0.00,
best machine learning udemy course,,20,"1.00,1.00,0.00,1.00,0.50,1.00,1.00,1.00,1.00,1.00,0.50,1.00",,0.00,
best machine learning with python course,,20,"1.00,1.00,1.00,1.00,1.00,1.00,1.00,1.00,1.00,1.00,0.00,1.00",,0.00,
best math course for machine learning,,20,"1.00,1.00,1.00,1.00,1.00,1.00,1.00,1.00,1.00,1.00,1.00,1.00",,0.00,
best math courses for machine learning,,20,"1.00,1.00,1.00,1.00,1.00,1.00,1.00,1.00,1.00,1.00,1.00,1.00",,0.00,
best math for machine learning course,,20,"1.00,1.00,1.00,1.00,1.00,1.00,1.00,1.00,1.00,1.00,0.00,1.00",,0.00,
best mathematics course for machine learning,,20,"1.00,1.00,1.00,1.00,1.00,1.00,1.00,1.00,1.00,1.00,1.00,1.00",,0.00,
best online ai and machine learning course,,20,"1.00,1.00,1.00,1.00,1.00,1.00,1.00,1.00,1.00,1.00,1.00,0.00",,0.00,
best online course for data science and machine learning,,20,"1.00,1.00,1.00,1.00,1.00,1.00,0.00,1.00,1.00,1.00,1.00,1.00",,0.00,
best online course for machine learning with python,,20,"1.00,1.00,1.00,1.00,1.00,1.00,1.00,1.00,0.00,1.00,0.00,1.00",,0.00,
best online course machine learning,,20,"0.33,0.66,0.66,0.66,1.00,1.00,1.00,1.00,0.66,1.00,0.66,0.33",,8.08,
best online course to learn machine learning,,20,"1.00,1.00,1.00,1.00,1.00,1.00,1.00,1.00,1.00,1.00,1.00,1.00",,0.00,
best online courses for ai and machine learning,,20,"1.00,1.00,1.00,1.00,1.00,1.00,1.00,1.00,1.00,1.00,1.00,1.00",,9.01,
best online courses for artificial intelligence and machine learning,,20,"1.00,1.00,0.00,1.00,1.00,1.00,1.00,1.00,1.00,1.00,1.00,1.00",,11.14,
best online courses in machine learning,,20,"1.00,1.00,1.00,1.00,1.00,1.00,1.00,1.00,1.00,0.00,0.00,0.00",,0.00,
best online machine learning course,,20,"0.00,0.40,0.20,0.00,0.20,0.00,1.00,1.00,0.80,0.40,0.80,0.00",,8.08,
best online machine learning courses reddit,,20,"1.00,1.00,1.00,1.00,1.00,1.00,1.00,1.00,1.00,1.00,1.00,1.00",,0.00,
best practical machine learning course,,20,"1.00,1.00,1.00,1.00,1.00,1.00,1.00,1.00,1.00,0.00,1.00,1.00",,0.00,
best probability and statistics course for machine learning,,20,"1.00,1.00,1.00,1.00,0.00,1.00,1.00,1.00,1.00,0.00,1.00,1.00",,0.00,
best python course for data science and machine learning,,20,"1.00,1.00,1.00,1.00,1.00,1.00,1.00,1.00,1.00,1.00,0.00,0.00",,0.00,
best python course for machine learning,,20,"1.00,1.00,1.00,1.00,1.00,1.00,1.00,1.00,1.00,0.00,1.00,1.00",,0.00,
best python machine learning course,,20,"1.00,1.00,1.00,1.00,1.00,1.00,1.00,1.00,1.00,1.00,1.00,1.00",,3.01,
best statistics course for machine learning,,20,"1.00,1.00,1.00,1.00,1.00,1.00,1.00,1.00,0.00,0.00,1.00,1.00",,0.00,
best udemy course for machine learning,,20,"1.00,1.00,1.00,1.00,1.00,1.00,1.00,1.00,1.00,1.00,1.00,1.00",,0.00,
best udemy courses for machine learning,,20,"1.00,1.00,1.00,1.00,1.00,1.00,1.00,1.00,1.00,1.00,1.00,1.00",,0.00,
best udemy machine learning course,,20,"0.28,0.28,0.28,0.28,0.28,0.28,0.28,0.28,0.28,1.00,0.28,0.28",,0.00,
best udemy machine learning course reddit,,20,"1.00,1.00,1.00,1.00,1.00,1.00,1.00,1.00,1.00,1.00,0.00,0.00",,0.00,
big data and machine learning course,,20,"0.67,0.67,0.67,0.67,0.67,0.67,0.67,1.00,0.67,0.67,0.67,0.67",,0.00,
big data and machine learning courses,,20,"1.00,1.00,1.00,1.00,1.00,1.00,1.00,1.00,1.00,1.00,1.00,1.00",,0.00,
big data machine learning course,,20,"1.00,1.00,1.00,1.00,1.00,1.00,1.00,1.00,1.00,1.00,1.00,1.00",,0.00,
bloomberg machine learning course,,20,"1.00,1.00,1.00,1.00,1.00,1.00,0.00,1.00,1.00,0.00,1.00,1.00",,0.00,
brilliant machine learning course,,20,"1.00,0.00,1.00,0.00,1.00,1.00,1.00,1.00,1.00,1.00,1.00,1.00",,0.00,
bu machine learning course,,20,"1.00,1.00,0.00,1.00,1.00,1.00,0.00,1.00,1.00,1.00,1.00,1.00",,0.00,
c++ machine learning course,,20,"1.00,1.00,1.00,0.00,1.00,1.00,1.00,1.00,1.00,1.00,1.00,0.00",,0.00,
calculus for machine learning course,,20,"1.00,1.00,1.00,1.00,0.00,0.00,0.00,1.00,1.00,1.00,1.00,1.00",,0.00,
caltech machine learning course,,20,"1.00,1.00,1.00,1.00,1.00,1.00,1.00,1.00,1.00,1.00,1.00,1.00",,3.83,
carnegie mellon university machine learning course,,20,"1.00,1.00,1.00,1.00,1.00,0.00,0.00,1.00,1.00,0.00,1.00,1.00",,0.00,
causal inference machine learning course,,20,"1.00,1.00,0.00,1.00,1.00,1.00,1.00,1.00,1.00,0.00,0.00,1.00",,3.24,
certificate course in machine learning,,20,"0.00,0.29,0.29,0.57,0.43,0.43,0.29,1.00,0.29,0.00,0.00,0.00",,8.15,
certification courses in machine learning,,20,"1.00,1.00,1.00,0.00,1.00,1.00,1.00,1.00,1.00,1.00,0.00,1.00",,0.00,
cnc machine learning course,,20,"1.00,1.00,1.00,1.00,1.00,1.00,1.00,1.00,1.00,1.00,1.00,1.00",,4.39,
cnc machine learning course near me,,20,"1.00,1.00,1.00,1.00,1.00,1.00,1.00,1.00,1.00,1.00,1.00,1.00",,0.00,
columbia machine learning course,,20,"1.00,1.00,1.00,1.00,1.00,1.00,1.00,1.00,1.00,1.00,1.00,1.00",,4.34,
columbia university machine learning course,,20,"1.00,1.00,1.00,1.00,1.00,1.00,1.00,1.00,1.00,1.00,1.00,1.00",,5.43,
complete machine learning course,,20,"1.00,1.00,1.00,1.00,1.00,1.00,1.00,1.00,1.00,1.00,1.00,1.00",,3.15,
cornell machine learning course,,20,"0.49,0.74,1.00,0.74,0.74,0.49,0.49,0.49,0.49,0.49,0.49,0.49",,4.64,
cornell university machine learning course,,20,"1.00,1.00,1.00,1.00,1.00,0.00,0.00,1.00,1.00,1.00,1.00,1.00",,0.00,
cost of coursera machine learning course,,20,"1.00,0.00,1.00,1.00,1.00,1.00,0.00,1.00,1.00,1.00,1.00,0.00",,0.00,
course for python and machine learning,,20,"1.00,0.00,1.00,0.00,1.00,1.00,1.00,1.00,1.00,0.00,1.00,1.00",,0.00,
course machine learning andrew ng,,20,"1.00,0.00,1.00,1.00,1.00,1.00,1.00,1.00,1.00,1.00,0.00,0.00",,0.00,
course mathematics for machine learning,,20,"1.00,1.00,1.00,1.00,1.00,1.00,1.00,1.00,1.00,1.00,1.00,0.00",,0.00,
course on artificial intelligence and machine learning,,20,"1.00,1.00,1.00,1.00,1.00,1.00,1.00,1.00,1.00,1.00,1.00,1.00",,0.00,
course on machine learning and artificial intelligence,,20,"1.00,1.00,1.00,1.00,1.00,1.00,1.00,1.00,1.00,1.00,1.00,1.00",,11.77,
course recommendation system using machine learning,,20,"1.00,1.00,1.00,1.00,0.00,1.00,1.00,1.00,0.00,1.00,1.00,1.00",,0.00,
coursera andrew ng machine learning course,,20,"0.67,0.67,0.67,0.67,0.67,0.67,0.67,0.67,0.67,0.67,1.00,0.67",,0.00,
coursera best machine learning courses,,20,"1.00,1.00,1.00,1.00,1.00,1.00,1.00,1.00,1.00,1.00,1.00,1.00",,0.00,
coursera courses for machine learning,,20,"1.00,0.00,1.00,1.00,1.00,1.00,1.00,1.00,1.00,1.00,1.00,1.00",,0.00,
coursera free courses machine learning,,20,"1.00,1.00,1.00,1.00,1.00,1.00,1.00,1.00,1.00,1.00,0.00,1.00",,0.00,
coursera machine learning course andrew ng,,20,"1.00,1.00,1.00,1.00,1.00,1.00,1.00,1.00,1.00,1.00,1.00,1.00",,0.00,
coursera machine learning course by andrew ng,,20,"1.00,1.00,1.00,1.00,1.00,1.00,1.00,1.00,1.00,1.00,1.00,1.00",,4.14,
coursera machine learning course cost,,20,"1.00,0.00,1.00,1.00,1.00,1.00,0.00,1.00,1.00,1.00,1.00,0.00",,0.00,
coursera machine learning course free,,20,"1.00,1.00,0.00,1.00,1.00,1.00,1.00,1.00,1.00,1.00,1.00,1.00",,0.00,
coursera machine learning course price,,20,"1.00,1.00,1.00,1.00,1.00,1.00,1.00,1.00,1.00,1.00,0.00,1.00",,0.00,
coursera machine learning course review,,20,"1.00,1.00,1.00,1.00,1.00,1.00,0.00,1.00,1.00,1.00,0.00,0.00",,0.00,
courses for machine learning engineer,,20,"1.00,1.00,1.00,1.00,1.00,1.00,1.00,1.00,1.00,1.00,0.00,1.00",,7.21,
courses in artificial intelligence and machine learning,,20,"1.00,1.00,0.50,1.00,1.00,1.00,1.00,1.00,1.00,1.00,1.00,1.00",,0.00,
courses in machine learning and ai,,20,"1.00,1.00,1.00,1.00,1.00,1.00,1.00,1.00,1.00,1.00,1.00,1.00",,4.79,
courses on artificial intelligence and machine learning,,20,"1.00,1.00,1.00,1.00,1.00,1.00,1.00,1.00,1.00,1.00,1.00,1.00",,0.00,
courses on machine learning and artificial intelligence,,20,"1.00,1.00,1.00,1.00,1.00,1.00,1.00,1.00,1.00,1.00,1.00,1.00",,11.77,
courses to learn ai and machine learning,,20,"0.00,1.00,1.00,1.00,0.00,1.00,1.00,1.00,1.00,1.00,0.00,1.00",,0.00,
crash course google machine learning,,20,"0.00,1.00,1.00,1.00,1.00,1.00,1.00,1.00,1.00,1.00,1.00,1.00",,0.00,
crash course machine learning google,,20,"1.00,1.00,1.00,1.00,1.00,1.00,1.00,1.00,1.00,1.00,1.00,1.00",,0.00,
crash course on machine learning,,20,"1.00,1.00,1.00,1.00,1.00,1.00,1.00,1.00,1.00,1.00,1.00,1.00",,5.22,
cs229 machine learning course,,20,"0.00,0.00,1.00,1.00,1.00,1.00,1.00,1.00,1.00,1.00,1.00,1.00",,0.00,
data analytics and machine learning courses,,20,"0.64,0.64,0.64,0.64,0.64,1.00,0.64,0.64,0.64,0.64,0.64,0.64",,0.00,
data analytics machine learning course,,20,"0.50,0.50,0.50,0.50,0.50,1.00,0.50,0.50,0.50,0.50,0.00,0.00",,0.00,
data mining and machine learning course,,20,"1.00,1.00,1.00,1.00,1.00,1.00,1.00,1.00,1.00,1.00,1.00,1.00",,0.00,
data science ai machine learning course,,20,"0.00,1.00,0.50,1.00,1.00,1.00,1.00,1.00,1.00,0.50,1.00,0.00",,0.00,
data science and machine learning course free,,20,"1.00,0.00,1.00,1.00,1.00,1.00,1.00,1.00,1.00,1.00,1.00,1.00",,0.00,
data science and machine learning course online,,20,"1.00,1.00,1.00,1.00,1.00,1.00,1.00,1.00,1.00,1.00,0.00,1.00",,0.00,
data science and machine learning courses,,20,"0.00,0.57,0.00,0.14,0.00,0.42,0.00,0.00,1.00,0.57,0.00,0.00",,8.06,
data science and machine learning online course,,20,"0.67,1.00,0.67,0.67,0.67,0.67,0.67,0.67,0.67,0.67,0.67,0.67",,0.00,
data science machine learning artificial intelligence course,,20,"1.00,1.00,1.00,1.00,1.00,1.00,1.00,1.00,1.00,1.00,1.00,0.00",,0.00,
data science machine learning harvard free course,,20,"1.00,1.00,1.00,0.00,1.00,1.00,1.00,1.00,1.00,0.00,1.00,1.00",,0.00,
databricks machine learning course,,20,"1.00,1.00,1.00,1.00,1.00,1.00,1.00,1.00,1.00,1.00,1.00,1.00",,8.47,
datacamp machine learning course,,20,"0.40,0.40,0.00,0.40,0.40,0.40,0.40,0.40,0.40,0.40,1.00,0.40",,0.00,
developers google com machine learning crash course,,20,"1.00,1.00,1.00,1.00,1.00,1.00,1.00,1.00,1.00,1.00,1.00,1.00",,3.36,
developers google machine learning crash course,,20,"1.00,1.00,1.00,1.00,1.00,1.00,1.00,1.00,1.00,1.00,1.00,1.00",,0.00,
distributed machine learning course,,20,"1.00,1.00,1.00,1.00,1.00,1.00,1.00,1.00,1.00,1.00,1.00,0.00",,0.00,
download introduction to machine learning for data science course,,20,"0.00,1.00,1.00,1.00,1.00,1.00,1.00,0.00,1.00,1.00,0.00,1.00",,0.00,
download python for data science and machine learning bootcamp course,,20,"1.00,1.00,1.00,1.00,1.00,1.00,1.00,1.00,1.00,1.00,1.00,1.00",,0.00,
download udemy introduction to machine learning for data science course,,20,"0.50,0.50,0.50,1.00,0.50,0.50,0.50,0.00,0.50,0.50,0.50,0.50",,0.00,
duke machine learning course,,20,"1.00,1.00,1.00,0.00,1.00,1.00,1.00,1.00,1.00,1.00,1.00,1.00",,0.00,
educative machine learning system design course,,20,"1.00,0.00",,0.00,
edx machine learning course,,20,"1.00,1.00,1.00,1.00,1.00,1.00,1.00,1.00,1.00,1.00,1.00,1.00",,2.44,
edx machine learning courses,,20,"1.00,1.00,1.00,1.00,1.00,1.00,1.00,1.00,1.00,1.00,1.00,1.00",,2.44,
fast ai machine learning course,,20,"1.00,1.00,1.00,1.00,1.00,1.00,1.00,1.00,1.00,1.00,1.00,1.00",,4.22,
financial machine learning course,,20,"1.00,1.00,1.00,1.00,1.00,1.00,1.00,1.00,1.00,1.00,1.00,1.00",,0.00,
first course in machine learning,,20,"1.00,1.00,1.00,1.00,1.00,1.00,1.00,1.00,1.00,1.00,1.00,1.00",,0.00,
foundations of machine learning course,,20,"1.00,1.00,1.00,1.00,1.00,1.00,1.00,1.00,1.00,1.00,1.00,1.00",,0.00,
free ai and machine learning courses,,20,"0.00,0.27,0.27,0.27,0.64,0.27,0.64,0.64,0.64,0.64,0.64,1.00",,3.52,
free ai and machine learning courses with certificates,,20,"0.00,1.00,0.28,0.28,0.28,0.28,0.28,0.28,0.28,0.28,0.28,0.28",,2.09,
free ai machine learning course,,20,"1.00,1.00,1.00,1.00,1.00,1.00,1.00,1.00,1.00,1.00,1.00,1.00",,2.70,
free course machine learning,,20,"0.00,0.00,0.00,0.00,0.00,1.00,0.22,0.00,0.00,0.00,0.00,1.00",,2.46,
free courses for machine learning,,20,"1.00,1.00,1.00,1.00,1.00,1.00,1.00,1.00,0.00,1.00,1.00,1.00",,0.00,
free courses in ai and machine learning,,20,"0.00,0.00,1.00,1.00,1.00,1.00,1.00,1.00,1.00,1.00,1.00,1.00",,0.00,
free courses in machine learning,,20,"0.00,1.00,1.00,1.00,1.00,1.00,0.00,1.00,1.00,1.00,0.00,1.00",,0.00,
free courses machine learning,,20,"1.00,1.00,0.00,1.00,1.00,1.00,1.00,1.00,1.00,0.00,1.00,1.00",,3.61,
free courses on ai and machine learning,,20,"1.00,1.00,1.00,1.00,1.00,1.00,1.00,1.00,1.00,1.00,1.00,1.00",,3.29,
free courses on machine learning and artificial intelligence,,20,"0.00,1.00,1.00,1.00,1.00,1.00,1.00,1.00,1.00,1.00,1.00,0.00",,0.00,
free data science and machine learning courses,,20,"1.00,1.00,0.00,1.00,1.00,1.00,1.00,1.00,1.00,1.00,0.00,0.00",,0.00,
free machine learning and ai courses,,20,"0.00,1.00,1.00,1.00,1.00,1.00,1.00,1.00,1.00,1.00,1.00,1.00",,0.00,
free machine learning certification course,,20,"0.00,0.00,1.00,1.00,1.00,1.00,1.00,1.00,1.00,1.00,1.00,1.00",,0.00,
free machine learning course for beginners,,20,"1.00,1.00,1.00,1.00,1.00,1.00,1.00,1.00,1.00,1.00,1.00,1.00",,0.00,
free machine learning course online,,20,"0.22,0.00,0.11,0.11,0.11,1.00,0.22,0.22,0.22,0.22,0.22,0.33",,3.12,
free machine learning course python,,20,"1.00,1.00,1.00,1.00,1.00,1.00,1.00,1.00,1.00,1.00,1.00,1.00",,0.00,
free machine learning course reddit,,20,"1.00,1.00,1.00,1.00,1.00,1.00,1.00,1.00,1.00,0.00,1.00,1.00",,0.00,
free machine learning course stanford,,20,"1.00,1.00,1.00,1.00,1.00,1.00,1.00,1.00,1.00,1.00,1.00,1.00",,3.08,
free machine learning course with certificate google,,20,"1.00,1.00,1.00,1.00,1.00,1.00,1.00,1.00,1.00,1.00,1.00,1.00",,3.01,
free machine learning courses with certificate,,20,"1.00,1.00,1.00,1.00,1.00,1.00,1.00,1.00,1.00,1.00,1.00,1.00",,4.91,
free machine learning courses with certification,,20,"0.00,1.00,0.00,0.00,0.00,0.14,0.14,0.14,0.14,0.00,0.14,0.00",,0.00,
free machine learning online course,,20,"0.25,0.50,1.00,0.50,0.50,0.50,1.00,0.50,0.25,0.50,0.00,0.00",,3.12,
free online certification courses for machine learning,,20,"1.00,1.00,0.00,1.00,1.00,1.00,1.00,1.00,1.00,0.00,1.00,0.00",,0.00,
free online courses for ai and machine learning,,20,"1.00,1.00,1.00,1.00,1.00,1.00,1.00,1.00,1.00,1.00,1.00,1.00",,5.22,
free online machine learning course,,20,"0.11,0.00,0.33,0.11,1.00,0.00,0.44,0.11,0.00,0.55,0.11,0.00",,3.12,
free online machine learning course from stanford university,,20,"1.00,0.00,1.00,1.00,1.00,1.00,1.00,1.00,1.00,1.00,0.00,0.00",,0.00,
free online machine learning course with certificate,,20,"0.00,1.00,1.00,1.00,1.00,1.00,1.00,1.00,1.00,1.00,1.00,1.00",,0.00,
free python course for machine learning,,20,"1.00,1.00,1.00,1.00,1.00,0.00,1.00,1.00,1.00,1.00,1.00,1.00",,0.00,
free python machine learning course,,20,"1.00,1.00,1.00,1.00,1.00,1.00,1.00,1.00,1.00,1.00,1.00,1.00",,2.89,
full machine learning course,,20,"1.00,1.00,1.00,1.00,1.00,1.00,1.00,1.00,1.00,1.00,1.00,1.00",,4.14,
fundamentals of machine learning course,,20,"1.00,1.00,1.00,0.00,1.00,1.00,1.00,1.00,1.00,1.00,0.00,1.00",,0.00,
gatech machine learning course,,20,"1.00,1.00,1.00,1.00,1.00,1.00,1.00,1.00,1.00,1.00,1.00,1.00",,0.00,
gcp machine learning course,,20,"1.00,1.00,1.00,1.00,1.00,1.00,0.00,1.00,1.00,1.00,0.00,1.00",,0.00,
gen ai and machine learning course,,20,"0.00,0.00,0.00,1.00,1.00,1.00,1.00,1.00,1.00,1.00,1.00,1.00",,6.19,
generative ai and machine learning course,,20,"1.00,1.00,1.00,1.00,1.00,1.00,1.00,1.00,1.00,1.00,1.00,1.00",,8.04,
georgia tech machine learning course,,20,"1.00,1.00,1.00,1.00,1.00,1.00,1.00,1.00,1.00,1.00,1.00,1.00",,3.99,
github machine learning course,,20,"1.00,1.00,1.00,1.00,1.00,1.00,1.00,0.00,1.00,1.00,1.00,1.00",,2.92,
google ai and machine learning course,,20,"1.00,1.00,1.00,1.00,1.00,1.00,1.00,1.00,1.00,1.00,1.00,1.00",,3.71,
google ai machine learning course,,20,"1.00,1.00,1.00,1.00,1.00,1.00,1.00,1.00,1.00,1.00,1.00,1.00",,3.22,
google ai machine learning crash course,,20,"1.00,1.00,1.00,1.00,1.00,1.00,1.00,1.00,1.00,1.00,1.00,1.00",,3.18,
google cloud machine learning course,,20,"1.00,1.00,1.00,1.00,1.00,1.00,1.00,1.00,1.00,1.00,1.00,1.00",,0.00,
google cloud machine learning crash course,,20,"1.00,1.00,1.00,1.00,1.00,1.00,1.00,1.00,1.00,1.00,1.00,1.00",,0.00,
google course on machine learning,,20,"1.00,1.00,1.00,1.00,1.00,1.00,1.00,1.00,1.00,1.00,1.00,1.00",,3.80,
google crash course in machine learning,,20,"1.00,1.00,1.00,1.00,1.00,1.00,0.00,1.00,0.00,1.00,1.00,1.00",,0.00,
google crash course on machine learning,,20,"1.00,1.00,1.00,1.00,1.00,1.00,1.00,1.00,1.00,1.00,1.00,1.00",,0.00,
google developer machine learning crash course,,20,"1.00,1.00,1.00,1.00,1.00,1.00,1.00,1.00,1.00,1.00,1.00,1.00",,0.00,
google developers machine learning course,,20,"1.00,1.00,1.00,1.00,1.00,1.00,0.00,1.00,1.00,1.00,1.00,1.00",,0.00,
google developers machine learning crash course,,20,"1.00,1.00,1.00,1.00,1.00,1.00,1.00,1.00,1.00,1.00,1.00,1.00",,0.00,
google free ai and machine learning course,,20,"0.00,1.00,1.00,1.00,1.00,1.00,1.00,0.00,1.00,1.00,0.00,1.00",,0.00,
google free courses machine learning,,20,"1.00,1.00,1.00,1.00,1.00,1.00,1.00,1.00,1.00,1.00,1.00,1.00",,0.00,
google free machine learning course,,20,"1.00,1.00,1.00,1.00,1.00,1.00,1.00,1.00,1.00,1.00,1.00,1.00",,2.41,
google machine learning certification course,,20,"1.00,1.00,0.00,1.00,1.00,1.00,1.00,1.00,1.00,1.00,1.00,1.00",,0.00,
google machine learning course certificate,,20,"1.00,1.00,1.00,1.00,1.00,1.00,1.00,1.00,1.00,1.00,1.00,0.00",,0.00,
google machine learning course free,,20,"1.00,1.00,1.00,1.00,1.00,1.00,1.00,1.00,1.00,1.00,1.00,1.00",,0.00,
google machine learning crash course certificate,,20,"1.00,1.00,1.00,1.00,1.00,1.00,1.00,1.00,1.00,1.00,1.00,1.00",,3.48,
google machine learning crash course mlcc,,20,"1.00,1.00,1.00,1.00,1.00,1.00,1.00,1.00,1.00,1.00,1.00,1.00",,4.41,
google machine learning crash course pdf,,20,"1.00,0.00,1.00,1.00,1.00,1.00,1.00,1.00,1.00,1.00,1.00,0.00",,0.00,
google machine learning crash course reddit,,20,"1.00,1.00,1.00,1.00,1.00,1.00,1.00,1.00,1.00,1.00,1.00,1.00",,0.00,
google machine learning crash course review,,20,"1.00,1.00,1.00,1.00,1.00,1.00,1.00,1.00,1.00,1.00,1.00,1.00",,0.00,
google machine learning crash course with tensorflow apis,,20,"1.00,1.00,1.00,1.00,1.00,1.00,1.00,1.00,1.00,1.00,1.00,0.00",,0.00,
google machine learning engineer course,,20,"1.00,1.00,1.00,1.00,1.00,1.00,1.00,1.00,1.00,1.00,1.00,1.00",,3.47,
google machine learning free course,,20,"1.00,1.00,1.00,1.00,1.00,1.00,1.00,1.00,1.00,1.00,1.00,1.00",,0.00,
google professional machine learning engineer course,,20,"1.00,1.00,1.00,1.00,1.00,1.00,1.00,1.00,1.00,1.00,1.00,1.00",,4.91,
google's machine learning crash course mlcc,,20,"1.00,1.00,1.00,0.00,1.00,1.00,1.00,1.00,1.00,1.00,1.00,0.00",,0.00,
graph machine learning course,,20,"1.00,1.00,1.00,1.00,1.00,1.00,1.00,1.00,1.00,1.00,1.00,1.00",,0.00,
great courses machine learning,,20,"1.00,1.00,1.00,1.00,1.00,1.00,1.00,1.00,1.00,1.00,1.00,0.00",,0.00,
great learning machine learning course,,20,"1.00,1.00,1.00,1.00,1.00,1.00,1.00,1.00,1.00,1.00,1.00,1.00",,0.00,
hal daume a course in machine learning,,20,"1.00,1.00,1.00,1.00,1.00,1.00,1.00,1.00,1.00,1.00,1.00,1.00",,3.44,
hal daumé iii a course in machine learning,,20,"1.00,1.00,1.00,1.00,1.00,1.00,1.00,1.00,1.00,1.00,1.00,1.00",,3.21,
hands on machine learning course,,20,"1.00,1.00,1.00,1.00,1.00,1.00,1.00,1.00,1.00,1.00,1.00,1.00",,3.93,
hardware for machine learning course,,20,"1.00,1.00,1.00,1.00,1.00,1.00,1.00,1.00,1.00,1.00,1.00,1.00",,5.11,
harvard course machine learning,,20,"1.00,1.00,1.00,1.00,1.00,1.00,1.00,1.00,1.00,1.00,1.00,1.00",,0.00,
harvard data science machine learning free course,,20,"1.00,1.00,1.00,1.00,1.00,1.00,1.00,1.00,1.00,1.00,1.00,1.00",,3.09,
harvard free machine learning course,,20,"1.00,1.00,1.00,1.00,1.00,1.00,1.00,1.00,1.00,1.00,1.00,1.00",,0.00,
harvard machine learning course free,,20,"1.00,1.00,1.00,1.00,1.00,1.00,1.00,1.00,1.00,1.00,1.00,1.00",,1.69,
harvard machine learning course online,,20,"1.00,1.00,1.00,1.00,1.00,1.00,1.00,1.00,1.00,1.00,1.00,1.00",,0.00,
harvard machine learning free course,,20,"1.00,1.00,1.00,1.00,1.00,1.00,1.00,1.00,1.00,1.00,1.00,1.00",,0.00,
harvard machine learning online course,,20,"1.00,1.00,1.00,1.00,1.00,1.00,1.00,1.00,1.00,1.00,1.00,1.00",,0.00,
harvard university machine learning course,,20,"1.00,1.00,1.00,1.00,1.00,1.00,1.00,1.00,0.00,1.00,1.00,1.00",,3.43,
https developers google com machine learning crash course,,20,"1.00,1.00,1.00,1.00,1.00,1.00,1.00,1.00,1.00,1.00,1.00,1.00",,3.45,
ibm ai and machine learning course,,20,"0.00,0.00,0.00,1.00,0.18,0.18,0.18,0.18,0.18,0.18,0.18,0.18",,6.65,
ibm machine learning course,,20,"1.00,1.00,1.00,1.00,1.00,1.00,1.00,1.00,1.00,1.00,1.00,1.00",,3.21,
ibm machine learning course free,,20,"1.00,0.00,1.00,1.00,1.00,1.00,1.00,1.00,1.00,1.00,1.00,1.00",,0.00,
ibm quantum machine learning course,,20,"1.00,1.00,1.00,1.00,1.00,1.00,1.00,1.00,1.00,1.00,1.00,1.00",,0.00,
ibm skillsbuild university machine learning courses collaboration 2023,,20,"1.00,1.00,0.00",,0.00,
ibm skillsbuild university machine learning courses partnership 2023,,20,"1.00,1.00,0.33",,0.00,
ibm skillsbuild university partnership machine learning course 2023,,20,"1.00,0.66",,0.00,
ibm skillsbuild university partnership machine learning courses 2023,,20,"1.00,0.33",,0.00,
iisc bangalore machine learning course,,20,"0.00,1.00,1.00,1.00,1.00,0.00,1.00,1.00,1.00,1.00,0.00,1.00",,0.00,
iisc machine learning course,,20,"0.00,1.00,1.00,1.00,1.00,0.00,1.00,1.00,1.00,1.00,0.00,1.00",,0.00,
iit delhi machine learning course,,20,"1.00,1.00,1.00,1.00,1.00,1.00,1.00,1.00,1.00,1.00,1.00,1.00",,0.00,
iit machine learning course,,20,"1.00,1.00,1.00,1.00,1.00,1.00,1.00,1.00,1.00,0.00,1.00,1.00",,3.73,
iit madras machine learning course,,20,"1.00,1.00,1.00,1.00,1.00,1.00,0.00,1.00,1.00,1.00,1.00,1.00",,3.53,
intel machine learning course,,20,"1.00,1.00,1.00,1.00,1.00,1.00,1.00,1.00,1.00,0.00,1.00,0.00",,0.00,
interactive machine learning course,,20,"1.00,1.00,1.00,1.00,1.00,1.00,1.00,1.00,1.00,1.00,1.00,1.00",,5.26,
interpretable machine learning course,,20,"1.00,0.00,1.00,1.00,1.00,1.00,0.00,1.00,1.00,1.00,1.00,1.00",,0.00,
introduction to machine learning for data science david valentine course,,20,"1.00,1.00,1.00,1.00,1.00,1.00,1.00,0.00,1.00,1.00,1.00,1.00",,0.00,
introduction to machine learning for data science online course,,20,"0.00,1.00,1.00,1.00,1.00,1.00,1.00,1.00,0.00,1.00,1.00,1.00",,0.00,
introduction to machine learning online course,,20,"1.00,1.00,1.00,1.00,1.00,1.00,1.00,1.00,1.00,1.00,1.00,0.00",,0.00,
is andrew ng machine learning course worth it,,20,"1.00,1.00,1.00,1.00,1.00,0.00,0.00,1.00,1.00,1.00,1.00,1.00",,0.00,
is google machine learning crash course free,,20,"1.00,1.00,1.00,1.00,1.00,1.00,1.00,1.00,1.00,1.00,1.00,1.00",,0.00,
is google machine learning crash course good,,20,"1.00,1.00,1.00,1.00,1.00,1.00,1.00,1.00,1.00,1.00,1.00,1.00",,0.00,
is the stanford machine learning course free,,20,"1.00,1.00,1.00,1.00,1.00,1.00,1.00,1.00,1.00,1.00,1.00,1.00",,0.00,
java machine learning course,,20,"1.00,1.00,1.00,1.00,1.00,1.00,0.00,1.00,1.00,0.00,0.00,1.00",,0.00,
kaggle machine learning course,,20,"1.00,1.00,1.00,1.00,1.00,1.00,1.00,1.00,1.00,1.00,1.00,1.00",,3.52,
khan academy machine learning course,,20,"0.00,1.00,1.00,1.00,1.00,1.00,1.00,1.00,1.00,1.00,1.00,1.00",,0.00,
krish naik machine learning course,,20,"1.00,1.00,1.00,1.00,1.00,1.00,1.00,0.00,1.00,1.00,0.00,1.00",,0.00,
large scale machine learning course,,20,"0.47,0.47,0.47,0.47,0.47,0.47,0.47,0.47,0.00,1.00,0.73,1.00",,0.00,
learn how to use a sewing machine course,,20,"1.00,1.00,1.00,1.00,1.00,1.00,1.00,1.00,1.00,1.00,1.00,1.00",,0.00,
learn machine learning course,,20,"1.00,1.00,1.00,1.00,0.00,1.00,1.00,1.00,1.00,1.00,1.00,1.00",,0.00,
learn to use a sewing machine course,,20,"1.00,1.00,1.00,1.00,1.00,1.00,1.00,1.00,1.00,1.00,1.00,1.00",,0.00,
learn to use a sewing machine course near me,,20,"1.00,1.00,1.00,1.00,1.00,1.00,1.00,1.00,1.00,1.00,1.00,1.00",,0.00,
linear algebra crash course for machine learning,,20,"1.00,1.00,1.00,1.00,1.00,1.00,0.00,1.00,1.00,1.00,1.00,1.00",,0.00,
linkedin machine learning course,,20,"1.00,1.00,1.00,1.00,1.00,1.00,1.00,1.00,1.00,1.00,1.00,1.00",,2.45,
llm machine learning course,,20,"1.00,1.00,1.00,1.00,1.00,1.00,1.00,1.00,1.00,1.00,1.00,0.00",,0.00,
machine learning & ai courses,,20,"1.00,1.00,1.00,1.00,1.00,1.00,0.00,1.00,1.00,1.00,1.00,1.00",,9.85,
machine learning 101 course,,20,"1.00,1.00,1.00,1.00,1.00,1.00,1.00,1.00,1.00,1.00,1.00,1.00",,0.00,
machine learning a first course for engineers and scientists,,20,"1.00,1.00,1.00,1.00,1.00,1.00,1.00,1.00,1.00,1.00,1.00,1.00",,0.00,
machine learning a first course for engineers and scientists pdf,,20,"1.00,1.00,1.00,0.00,1.00,0.00,1.00,0.00,1.00,1.00,1.00,1.00",,0.00,
machine learning algorithms course,,20,"1.00,1.00,1.00,1.00,1.00,1.00,1.00,1.00,1.00,1.00,1.00,1.00",,3.60,
machine learning amazon course,,20,"1.00,1.00,1.00,1.00,1.00,1.00,0.00,1.00,1.00,1.00,1.00,1.00",,3.76,
machine learning and ai courses free,,20,"1.00,1.00,1.00,1.00,1.00,1.00,1.00,1.00,1.00,1.00,1.00,0.00",,0.00,
machine learning and ai courses in india,,20,"1.00,1.00,1.00,1.00,1.00,1.00,1.00,1.00,0.00,1.00,0.00,0.00",,0.00,
machine learning and artificial intelligence courses in india,,20,"1.00,1.00,1.00,1.00,1.00,1.00,1.00,1.00,0.00,1.00,0.00,0.00",,0.00,
machine learning and artificial intelligence courses online,,20,"1.00,1.00,1.00,1.00,1.00,1.00,1.00,1.00,1.00,1.00,1.00,1.00",,7.89,
machine learning and artificial intelligence online courses,,20,"1.00,1.00,1.00,1.00,1.00,1.00,1.00,1.00,1.00,1.00,1.00,1.00",,0.00,
machine learning and data science courses,,20,"1.00,1.00,1.00,1.00,1.00,1.00,1.00,1.00,1.00,1.00,1.00,1.00",,7.97,
machine learning and deep learning courses,,20,"1.00,1.00,1.00,1.00,1.00,1.00,1.00,1.00,1.00,1.00,1.00,1.00",,7.53,
machine learning and generative ai course,,20,"0.00,0.00,1.00,0.00,0.00,0.35,0.14,0.14,0.14,0.14,0.00,0.00",,0.00,
machine learning and python course,,20,"1.00,1.00,1.00,1.00,1.00,1.00,1.00,1.00,1.00,1.00,0.45,0.00",,0.00,
machine learning artificial intelligence course,,20,"1.00,1.00,1.00,1.00,1.00,1.00,1.00,1.00,1.00,1.00,1.00,1.00",,10.77,
machine learning aws course,,20,"1.00,1.00,1.00,1.00,1.00,0.00,1.00,1.00,1.00,1.00,1.00,1.00",,0.00,
machine learning basic course,,20,"1.00,1.00,1.00,1.00,1.00,1.00,1.00,1.00,1.00,1.00,1.00,1.00",,5.47,
machine learning beginner course,,20,"0.14,0.00,0.29,0.14,0.00,0.00,1.00,0.00,0.00,0.00,0.57,0.43",,4.38,
machine learning best course,,20,"0.00,0.00,0.07,0.00,0.00,0.00,0.21,0.07,0.07,0.00,1.00,0.21",,5.42,
machine learning big data course,,20,"1.00,1.00,1.00,1.00,1.00,1.00,1.00,1.00,1.00,1.00,1.00,1.00",,0.00,
machine learning bioinformatics course,,20,"1.00,1.00,1.00,1.00,1.00,1.00,1.00,1.00,1.00,1.00,1.00,1.00",,0.00,
machine learning biology course,,20,"0.00,1.00,1.00,1.00,1.00,1.00,1.00,1.00,1.00,1.00,1.00,1.00",,0.00,
machine learning certification course free,,20,"1.00,1.00,1.00,1.00,1.00,1.00,1.00,1.00,1.00,0.00,1.00,1.00",,0.00,
machine learning certification course online,,20,"1.00,1.00,1.00,1.00,1.00,1.00,0.00,1.00,1.00,1.00,1.00,1.00",,0.00,
machine learning coding course,,20,"1.00,1.00,1.00,1.00,1.00,1.00,1.00,1.00,0.00,1.00,1.00,1.00",,0.00,
machine learning complete course,,20,"1.00,1.00,1.00,1.00,1.00,1.00,1.00,1.00,1.00,1.00,1.00,1.00",,0.00,
machine learning course 2025,,20,"0.00,1.00,1.00,1.00,1.00,1.00,1.00,1.00,1.00,1.00,1.00,1.00",,0.00,
machine learning course amazon,,20,"1.00,1.00,1.00,1.00,0.00,0.00,1.00,1.00,0.00,1.00,1.00,1.00",,0.00,
machine learning course andrew ng coursera,,20,"0.50,1.00,0.50,1.00,1.00,1.00,1.00,1.00,1.00,1.00,1.00,0.50",,0.00,
machine learning course aws,,20,"1.00,0.00,1.00,1.00,1.00,1.00,1.00,1.00,1.00,1.00,0.00,1.00",,0.00,
machine learning course beginners,,20,"1.00,1.00,1.00,1.00,1.00,1.00,1.00,1.00,0.00,1.00,0.00,1.00",,0.00,
machine learning course best,,20,"0.00,1.00,1.00,1.00,1.00,1.00,0.00,1.00,1.00,1.00,1.00,1.00",,0.00,
machine learning course book,,20,"1.00,1.00,0.00,1.00,1.00,1.00,1.00,1.00,1.00,1.00,0.00,1.00",,0.00,
machine learning course by andrew,,20,"1.00,1.00,1.00,1.00,1.00,1.00,1.00,1.00,1.00,1.00,1.00,1.00",,0.00,
machine learning course by stanford university,,20,"1.00,1.00,1.00,1.00,1.00,1.00,1.00,1.00,1.00,1.00,1.00,0.00",,0.00,
machine learning course certificate free,,20,"0.00,0.44,0.22,0.00,0.00,1.00,0.22,0.22,0.22,0.00,0.22,0.22",,0.00,
machine learning course columbia,,20,"1.00,1.00,1.00,1.00,1.00,1.00,1.00,1.00,1.00,1.00,1.00,1.00",,0.00,
machine learning course columbia university,,20,"1.00,1.00,0.00,1.00,0.00,1.00,1.00,1.00,1.00,1.00,1.00,1.00",,6.33,
machine learning course content,,20,"1.00,1.00,1.00,1.00,1.00,1.00,1.00,1.00,1.00,1.00,1.00,1.00",,0.00,
machine learning course cost,,20,"1.00,1.00,1.00,1.00,1.00,1.00,1.00,1.00,1.00,1.00,0.00,1.00",,0.00,
machine learning course coursera andrew ng,,20,"0.00,1.00,1.00,1.00,1.00,1.00,1.00,1.00,1.00,1.00,1.00,1.00",,0.00,
machine learning course curriculum,,20,"1.00,1.00,1.00,1.00,1.00,1.00,1.00,1.00,1.00,1.00,1.00,0.00",,0.00,
machine learning course deeplearning ai,,20,"1.00,0.50,1.00,1.00,1.00,1.00,1.00,1.00,0.00,1.00,0.00,1.00",,0.00,
machine learning course description,,20,"1.00,1.00,1.00,1.00,0.00,1.00,1.00,1.00,1.00,1.00,1.00,1.00",,0.00,
machine learning course duration,,20,"1.00,1.00,1.00,1.00,1.00,1.00,1.00,1.00,0.00,0.00,1.00,0.00",,0.00,
machine learning course edureka,,20,"1.00,1.00,1.00,1.00,1.00,1.00,0.00,1.00,0.00,1.00,1.00,0.00",,0.00,
machine learning course edx,,20,"1.00,1.00,1.00,1.00,0.00,0.00,1.00,1.00,1.00,1.00,1.00,1.00",,0.00,
machine learning course fees,,20,"1.00,1.00,1.00,1.00,1.00,1.00,1.00,1.00,1.00,1.00,1.00,0.00",,0.00,
machine learning course for beginners free,,20,"1.00,1.00,1.00,1.00,1.00,1.00,1.00,1.00,1.00,1.00,1.00,1.00",,2.32,
machine learning course for business analyst,,20,"0.66,0.66,0.66,0.66,0.66,0.66,0.66,0.66,1.00,0.66,0.66,0.33",,0.00,
machine learning course for product managers,,20,"0.00,1.00,1.00,0.00,1.00,1.00,1.00,1.00,1.00,1.00,1.00,0.00",,0.00,
machine learning course for software engineers,,20,"1.00,1.00,1.00,1.00,1.00,0.00,1.00,1.00,1.00,1.00,1.00,1.00",,0.00,
machine learning course for working professionals,,20,"1.00,1.00,1.00,1.00,1.00,1.00,1.00,1.00,1.00,1.00,1.00,1.00",,0.00,
machine learning course free download,,20,"1.00,0.00,1.00,1.00,1.00,1.00,1.00,1.00,1.00,1.00,0.00,1.00",,3.12,
machine learning course from scratch,,20,"1.00,1.00,1.00,1.00,1.00,0.00,0.00,1.00,1.00,1.00,0.00,1.00",,0.00,
machine learning course georgia tech,,20,"1.00,1.00,1.00,1.00,1.00,1.00,1.00,1.00,1.00,1.00,1.00,1.00",,0.00,
machine learning course github,,20,"1.00,1.00,1.00,1.00,1.00,1.00,1.00,1.00,1.00,1.00,1.00,1.00",,3.83,
machine learning course google,,20,"0.64,1.00,0.64,0.64,0.64,0.64,0.64,0.64,0.64,0.64,0.64,0.64",,3.00,
machine learning course ibm,,20,"1.00,1.00,1.00,1.00,1.00,1.00,1.00,1.00,1.00,1.00,1.00,0.00",,0.00,
machine learning course in ahmedabad,,20,"0.00,0.60,0.40,1.00,0.40,0.40,0.20,0.00,0.00,0.80,0.00,0.00",,0.00,
machine learning course in chennai,,20,"0.28,0.28,0.28,0.71,1.00,0.28,0.28,0.28,0.28,0.00,0.00,0.28",,2.57,
machine learning course in hyderabad,,20,"0.28,0.28,0.28,1.00,0.28,0.28,0.28,0.28,0.28,0.00,0.28,0.28",,0.00,
machine learning course in iisc bangalore,,20,"0.00,1.00,1.00,1.00,1.00,0.00,1.00,1.00,1.00,1.00,0.00,1.00",,0.00,
machine learning course in kolkata,,20,"0.38,0.38,0.38,0.38,1.00,0.38,0.79,0.17,0.59,0.00,0.00,0.38",,0.00,
machine learning course in mumbai,,20,"0.14,0.57,0.28,1.00,0.71,0.28,0.28,0.00,0.00,0.28,0.28,0.00",,0.00,
machine learning course in noida,,20,"0.00,0.40,0.40,0.40,1.00,0.40,0.40,0.00,0.00,0.40,0.60,0.00",,0.00,
machine learning course in python,,20,"0.00,0.09,0.36,0.09,0.09,0.09,0.00,1.00,0.18,0.18,0.09,0.00",,4.52,
machine learning course in thane,,20,"0.00,0.60,0.40,1.00,1.00,0.60,0.20,0.60,0.60,0.00,0.00,0.00",,0.00,
machine learning course in udemy,,20,"1.00,1.00,1.00,1.00,1.00,0.50,1.00,1.00,1.00,1.00,1.00,0.00",,0.00,
machine learning course institute in united states,,20,"0.00,1.00,0.25,0.75,1.00,0.75,0.25,0.25",,0.00,
machine learning course kaggle,,20,"1.00,1.00,1.00,1.00,1.00,1.00,1.00,1.00,0.00,1.00,0.00,1.00",,0.00,
machine learning course linkedin,,20,"1.00,1.00,1.00,1.00,1.00,1.00,1.00,1.00,1.00,1.00,1.00,1.00",,0.00,
machine learning course material,,20,"1.00,1.00,1.00,1.00,1.00,1.00,1.00,1.00,1.00,1.00,1.00,1.00",,0.00,
machine learning course matlab,,20,"1.00,1.00,1.00,1.00,1.00,1.00,1.00,1.00,1.00,1.00,1.00,1.00",,0.00,
machine learning course near me,,20,"1.00,1.00,1.00,1.00,1.00,1.00,1.00,1.00,1.00,1.00,1.00,1.00",,9.22,
machine learning course notes,,20,"1.00,1.00,1.00,1.00,1.00,1.00,1.00,1.00,1.00,1.00,1.00,1.00",,0.00,
machine learning course nptel,,20,"1.00,1.00,1.00,1.00,1.00,1.00,1.00,1.00,1.00,1.00,1.00,1.00",,2.99,
machine learning course nyc,,20,"1.00,1.00,1.00,1.00,1.00,1.00,1.00,1.00,1.00,1.00,0.00,1.00",,6.50,
machine learning course on udemy,,20,"1.00,1.00,0.00,1.00,0.00,0.00,1.00,1.00,1.00,1.00,1.00,1.00",,0.00,
machine learning course online india,,20,"1.00,1.00,1.00,1.00,1.00,0.00,1.00,1.00,1.00,0.00,1.00,0.00",,0.00,
machine learning course oxford,,20,"1.00,1.00,1.00,1.00,1.00,1.00,1.00,0.00,1.00,1.00,0.00,1.00",,0.00,
machine learning course pdf,,20,"1.00,1.00,1.00,1.00,1.00,1.00,1.00,1.00,1.00,1.00,1.00,1.00",,0.00,
machine learning course ppt,,20,"1.00,1.00,1.00,1.00,1.00,1.00,1.00,1.00,1.00,1.00,0.00,0.00",,0.00,
machine learning course prerequisites,,20,"1.00,1.00,1.00,1.00,1.00,1.00,1.00,1.00,1.00,0.00,1.00,1.00",,0.00,
machine learning course price,,20,"1.00,1.00,1.00,1.00,1.00,1.00,1.00,1.00,1.00,1.00,0.00,1.00",,0.00,
machine learning course recommendation,,20,"1.00,1.00,1.00,1.00,0.00,1.00,1.00,1.00,1.00,0.00,1.00,0.00",,0.00,
machine learning course reddit,,20,"0.28,1.00,0.28,0.28,0.28,0.28,0.28,0.28,0.28,0.28,0.28,0.28",,0.00,
machine learning course requirements,,20,"1.00,1.00,1.00,1.00,1.00,1.00,1.00,1.00,1.00,0.00,1.00,0.00",,0.00,
machine learning course roadmap,,20,"1.00,1.00,1.00,0.00,1.00,0.00,1.00,1.00,1.00,0.00,1.00,1.00",,0.00,
machine learning course singapore,,20,"0.00,0.00,1.00,1.00,0.66,0.66,0.66,0.66,0.66,0.00,0.66,0.66",,0.00,
machine learning course slides,,20,"1.00,1.00,1.00,1.00,1.00,1.00,1.00,1.00,1.00,1.00,1.00,1.00",,2.63,
machine learning course stanford coursera,,20,"1.00,1.00,1.00,1.00,1.00,1.00,1.00,0.00,1.00,1.00,1.00,1.00",,0.00,
machine learning course syllabus pdf,,20,"1.00,1.00,1.00,1.00,1.00,0.00,1.00,1.00,1.00,0.00,1.00,1.00",,0.00,
machine learning course topics,,20,"1.00,1.00,1.00,1.00,1.00,1.00,1.00,1.00,1.00,1.00,1.00,1.00",,0.00,
machine learning course udemy,,20,"0.50,0.50,0.50,1.00,0.50,0.75,0.50,0.50,0.50,1.00,0.50,0.50",,1.58,
machine learning course university,,20,"1.00,1.00,1.00,1.00,1.00,1.00,1.00,1.00,1.00,1.00,0.00,1.00",,0.00,
machine learning course video,,20,"0.00,0.00,1.00,1.00,1.00,1.00,0.00,1.00,1.00,1.00,1.00,1.00",,0.00,
machine learning course with certificate,,20,"1.00,0.67,0.67,0.67,0.67,0.67,0.67,0.67,0.67,0.67,0.67,0.67",,4.31,
machine learning course with certificate free,,20,"1.00,1.00,0.00,1.00,1.00,1.00,1.00,1.00,1.00,1.00,1.00,0.00",,0.00,
machine learning course with job guarantee,,20,"1.00,1.00,1.00,1.00,1.00,1.00,1.00,1.00,1.00,1.00,1.00,0.00",,0.00,
machine learning course with placement,,20,"1.00,1.00,1.00,1.00,1.00,0.00,1.00,1.00,1.00,1.00,0.00,1.00",,0.00,
machine learning course with placement in united states,,20,"0.00,0.25,0.25,1.00,1.00,0.75,0.75,0.75",,0.00,
machine learning course with project,,20,"1.00,1.00,1.00,1.00,1.00,1.00,1.00,1.00,1.00,1.00,1.00,1.00",,5.45,
machine learning course with projects,,20,"1.00,1.00,1.00,1.00,1.00,1.00,1.00,1.00,1.00,1.00,1.00,1.00",,5.45,
machine learning course youtube,,20,"1.00,1.00,1.00,1.00,1.00,1.00,1.00,1.00,1.00,1.00,1.00,1.00",,0.00,
machine learning coursera course,,20,"0.00,0.00,0.00,0.00,0.00,0.00,0.00,1.00,0.00,0.00,0.00,0.00",,3.32,
machine learning courses best,,20,"1.00,1.00,0.00,1.00,1.00,1.00,0.00,1.00,1.00,1.00,0.00,1.00",,0.00,
machine learning courses in coursera,,20,"1.00,1.00,1.00,1.00,1.00,1.00,1.00,1.00,1.00,1.00,1.00,1.00",,3.97,
machine learning courses in united states,,20,"0.00,0.75,0.25,0.75,1.00,0.75,0.00,0.25",,0.00,
machine learning courses singapore,,20,"0.00,0.00,0.00,0.50,0.50,0.75,0.50,1.00,0.50,0.25,0.25,0.25",,0.00,
machine learning courses stanford,,20,"0.00,1.00,0.00,0.43,0.00,0.00,0.43,0.14,0.29,0.14,0.00,0.29",,3.39,
machine learning courses with certificate,,20,"1.00,1.00,1.00,1.00,1.00,1.00,1.00,1.00,1.00,1.00,1.00,1.00",,9.36,
machine learning crash course by google ai,,20,"0.00,1.00,1.00,0.00,1.00,1.00,1.00,1.00,1.00,0.00,1.00,1.00",,2.79,
machine learning crash course certificate,,20,"1.00,1.00,1.00,1.00,1.00,1.00,1.00,1.00,1.00,0.00,1.00,1.00",,0.00,
machine learning crash course for engineers,,20,"1.00,1.00,1.00,1.00,1.00,1.00,1.00,1.00,1.00,1.00,1.00,1.00",,0.00,
machine learning crash course for engineers pdf,,20,"1.00,1.00,1.00,1.00,1.00,1.00,1.00,1.00,1.00,1.00,1.00,1.00",,0.00,
machine learning crash course google certificate,,20,"1.00,1.00,1.00,1.00,1.00,1.00,1.00,1.00,1.00,1.00,1.00,1.00",,0.00,
machine learning crash course google developers,,20,"1.00,0.00,1.00,1.00,1.00,1.00,1.00,1.00,1.00,1.00,1.00,1.00",,3.04,
machine learning crash course mlcc,,20,"1.00,1.00,1.00,1.00,1.00,1.00,1.00,1.00,1.00,1.00,1.00,1.00",,3.29,
machine learning crash course pdf,,20,"1.00,1.00,1.00,1.00,1.00,1.00,1.00,1.00,1.00,1.00,1.00,1.00",,0.00,
machine learning crash course with tensorflow apis,,20,"1.00,1.00,1.00,1.00,1.00,1.00,1.00,1.00,1.00,1.00,1.00,1.00",,0.00,
machine learning data science course,,20,"0.28,0.28,0.28,0.28,0.28,0.28,0.28,0.28,1.00,0.28,0.28,0.28",,0.00,
machine learning deep learning course,,20,"1.00,1.00,1.00,1.00,1.00,1.00,1.00,1.00,1.00,1.00,0.00,1.00",,0.00,
machine learning degree courses,,20,"0.00,1.00,1.00,1.00,1.00,1.00,0.00,1.00,1.00,0.00,1.00,1.00",,0.00,
machine learning deployment course,,20,"0.50,0.50,0.50,0.50,0.50,0.50,0.50,0.75,1.00,0.50,0.50,0.50",,0.00,
machine learning developer course,,20,"1.00,1.00,1.00,1.00,1.00,1.00,0.00,1.00,1.00,0.00,1.00,0.00",,0.00,
machine learning engineer course free,,20,"1.00,1.00,1.00,1.00,1.00,1.00,1.00,1.00,1.00,1.00,1.00,1.00",,0.00,
machine learning engineer course udemy,,20,"0.00,1.00,1.00,1.00",,0.00,
machine learning engineer free course,,20,"1.00,1.00,1.00,1.00,1.00,1.00,1.00,1.00,1.00,1.00,1.00,1.00",,1.84,
machine learning engineer full course,,20,"0.00,1.00,1.00,1.00,1.00,1.00,1.00,0.00,0.00,1.00,1.00,1.00",,0.00,
machine learning expert course,,20,"1.00,1.00,1.00,1.00,0.00,1.00,1.00,1.00,0.00,1.00,0.00,1.00",,0.00,
machine learning for beginners course,,20,"0.20,0.40,0.00,0.40,0.00,1.00,0.00,0.40,0.40,0.20,0.00,0.60",,4.38,
machine learning for beginners free course,,20,"1.00,1.00,1.00,0.00,1.00,1.00,1.00,1.00,1.00,1.00,0.00,0.00",,0.00,
machine learning for bioinformatics course,,20,"1.00,1.00,1.00,1.00,1.00,1.00,1.00,1.00,1.00,1.00,1.00,1.00",,5.44,
machine learning for biologists course,,20,"1.00,1.00,1.00,1.00,1.00,1.00,1.00,1.00,1.00,1.00,1.00,1.00",,0.00,
machine learning for business course,,20,"1.00,1.00,1.00,1.00,1.00,1.00,1.00,1.00,1.00,1.00,1.00,1.00",,0.00,
machine learning for cyber security course,,20,"1.00,1.00,1.00,1.00,1.00,1.00,1.00,1.00,0.00,1.00,0.00,0.00",,0.00,
machine learning for data science course,,20,"1.00,1.00,1.00,1.00,1.00,1.00,1.00,1.00,0.00,1.00,1.00,1.00",,0.00,
machine learning for drug discovery course,,20,"1.00,1.00,0.00,1.00,1.00,1.00,0.00,1.00,1.00,1.00,1.00,1.00",,0.00,
machine learning for healthcare course,,20,"0.67,0.67,0.67,0.67,0.67,0.67,1.00,0.67,0.67,0.67,1.00,0.67",,0.00,
machine learning for managers course,,20,"1.00,1.00,1.00,1.00,1.00,1.00,1.00,1.00,1.00,1.00,0.00,0.00",,0.00,
machine learning for marketing course,,20,"0.40,0.40,0.40,0.40,0.40,0.40,0.40,0.40,0.40,0.40,0.40,1.00",,0.00,
machine learning for mechanical engineers course,,20,"1.00,1.00,0.00,1.00,1.00,1.00,1.00,1.00,1.00,1.00,1.00,1.00",,0.00,
machine learning for robotics course,,20,"1.00,1.00,1.00,1.00,1.00,1.00,1.00,1.00,1.00,1.00,1.00,1.00",,0.00,
machine learning for signal processing course,,20,"1.00,1.00,1.00,1.00,1.00,1.00,1.00,1.00,1.00,1.00,1.00,1.00",,0.00,
machine learning for trading course,,20,"1.00,1.00,1.00,1.00,1.00,1.00,1.00,1.00,1.00,1.00,1.00,1.00",,3.14,
machine learning foundations course,,20,"1.00,1.00,1.00,1.00,1.00,1.00,1.00,1.00,1.00,1.00,1.00,1.00",,5.46,
machine learning free certification course,,20,"1.00,1.00,0.00,1.00,1.00,1.00,1.00,1.00,1.00,0.00,1.00,1.00",,0.00,
machine learning free course stanford,,20,"1.00,1.00,1.00,1.00,1.00,1.00,1.00,1.00,1.00,1.00,1.00,1.00",,3.08,
machine learning free course with certificate,,20,"1.00,1.00,1.00,1.00,1.00,1.00,1.00,1.00,1.00,1.00,1.00,1.00",,3.14,
machine learning free courses with certificate,,20,"1.00,1.00,1.00,1.00,0.00,1.00,1.00,1.00,1.00,1.00,0.00,1.00",,0.00,
machine learning free online course,,20,"0.25,0.50,0.25,0.50,0.50,0.75,0.50,0.50,0.50,0.75,1.00,1.00",,3.12,
machine learning free online courses,,20,"0.80,1.00,0.00,0.00,0.00,0.00,1.00,1.00,0.60,0.80,0.00,0.00",,3.12,
machine learning full course free,,20,"1.00,1.00,1.00,1.00,1.00,1.00,1.00,1.00,1.00,1.00,1.00,1.00",,2.66,
machine learning full course pdf,,20,"1.00,1.00,1.00,1.00,1.00,1.00,1.00,1.00,1.00,1.00,1.00,1.00",,0.00,
machine learning fundamentals course,,20,"0.66,0.66,0.66,0.66,0.66,0.66,0.66,1.00,0.66,0.66,0.66,0.66",,4.23,
machine learning genomics course,,20,"1.00,1.00,1.00,1.00,1.00,1.00,1.00,1.00,0.00,0.00,1.00,0.00",,0.00,
machine learning google course,,20,"1.00,1.00,1.00,1.00,1.00,1.00,1.00,1.00,1.00,1.00,1.00,1.00",,3.09,
machine learning google crash course,,20,"1.00,1.00,1.00,1.00,1.00,1.00,1.00,1.00,1.00,1.00,1.00,1.00",,0.00,
machine learning graduate course,,20,"1.00,1.00,1.00,1.00,1.00,1.00,0.00,1.00,1.00,1.00,1.00,1.00",,8.45,
machine learning hands on course,,20,"0.00,1.00,1.00,1.00,1.00,1.00,1.00,1.00,1.00,1.00,1.00,0.50",,0.00,
machine learning harvard course,,20,"1.00,1.00,1.00,1.00,1.00,1.00,1.00,1.00,1.00,1.00,1.00,1.00",,0.00,
machine learning healthcare course,,20,"0.66,0.66,0.66,0.66,0.66,1.00,0.66,0.33,0.66,0.66,0.00,0.66",,8.20,
machine learning in bioinformatics course,,20,"1.00,1.00,1.00,1.00,1.00,1.00,1.00,1.00,0.00,1.00,1.00,1.00",,4.40,
machine learning in biology course,,20,"0.28,0.28,1.00,0.28,0.28,0.28,0.28,0.28,0.28,0.28,0.28,0.28",,0.00,
machine learning in cfd course,,20,"1.00,1.00,1.00,1.00,1.00,1.00,0.00,1.00,1.00,0.00,1.00,1.00",,0.00,
machine learning in cybersecurity course,,20,"1.00,1.00,1.00,1.00,1.00,1.00,1.00,1.00,0.44,0.44,0.44,1.00",,2.75,
machine learning in drug discovery course,,20,"1.00,1.00,1.00,1.00,1.00,1.00,0.00,1.00,1.00,0.00,0.00,1.00",,0.00,
machine learning in genomics course,,20,"1.00,1.00,1.00,1.00,1.00,1.00,1.00,1.00,0.00,1.00,1.00,1.00",,0.00,
machine learning in healthcare course,,20,"0.39,0.39,0.39,0.59,0.39,1.00,0.59,0.39,0.39,0.39,0.39,0.39",,4.57,
machine learning in medicine course,,20,"0.00,1.00,1.00,1.00,1.00,0.00,1.00,1.00,1.00,1.00,1.00,1.00",,3.47,
machine learning in production course,,20,"1.00,1.00,1.00,1.00,1.00,1.00,1.00,1.00,1.00,1.00,1.00,1.00",,0.00,
machine learning in python free course,,20,"1.00,0.00,0.00,1.00,1.00,1.00,1.00,1.00,1.00,0.00,1.00,1.00",,0.00,
machine learning in r course,,20,"1.00,1.00,1.00,1.00,1.00,1.00,1.00,1.00,1.00,1.00,1.00,1.00",,3.50,
machine learning infrastructure course,,20,"1.00,1.00,1.00,1.00,1.00,1.00,1.00,1.00,1.00,1.00,1.00,1.00",,0.00,
machine learning interview course,,20,"1.00,0.67,0.67,0.67,0.67,0.67,0.67,0.67,0.67,0.67,0.67,0.67",,0.00,
machine learning intro course,,20,"1.00,1.00,1.00,1.00,1.00,1.00,1.00,1.00,1.00,1.00,1.00,1.00",,4.06,
machine learning introduction course,,20,"1.00,1.00,1.00,1.00,1.00,1.00,1.00,1.00,1.00,1.00,1.00,1.00",,4.06,
machine learning java course,,20,"1.00,1.00,1.00,1.00,1.00,1.00,0.00,1.00,1.00,0.00,0.00,1.00",,0.00,
machine learning llm course,,20,"1.00,1.00,1.00,1.00,1.00,1.00,1.00,1.00,1.00,1.00,1.00,1.00",,3.31,
machine learning math course,,20,"1.00,1.00,1.00,1.00,1.00,1.00,1.00,1.00,1.00,1.00,1.00,1.00",,3.39,
machine learning math courses,,20,"1.00,1.00,1.00,1.00,1.00,1.00,1.00,1.00,1.00,1.00,1.00,1.00",,3.39,
machine learning mathematics course,,20,"1.00,1.00,1.00,1.00,1.00,1.00,1.00,1.00,1.00,1.00,1.00,1.00",,3.39,
machine learning matlab course,,20,"1.00,1.00,1.00,1.00,1.00,1.00,1.00,1.00,1.00,1.00,1.00,1.00",,0.00,
machine learning microsoft course,,20,"1.00,1.00,1.00,1.00,1.00,1.00,1.00,1.00,1.00,1.00,1.00,1.00",,3.68,
machine learning mooc courses,,20,"0.50,0.75,1.00,0.75,0.50,0.50,0.75,0.50,0.50,0.50,0.50,0.50",,3.72,
machine learning nlp course,,20,"0.49,0.00,0.00,0.49,0.00,0.49,0.49,0.49,1.00,0.49,0.49,0.00",,0.00,
machine learning on aws course,,20,"1.00,1.00,1.00,1.00,1.00,1.00,1.00,1.00,0.00,0.00,1.00,0.00",,0.00,
machine learning online certification course,,20,"1.00,1.00,1.00,1.00,1.00,1.00,1.00,1.00,1.00,1.00,1.00,1.00",,0.00,
machine learning online course certificate,,20,"1.00,1.00,1.00,1.00,1.00,1.00,1.00,1.00,1.00,1.00,1.00,1.00",,0.00,
machine learning online course for beginners,,20,"1.00,1.00,1.00,1.00,1.00,1.00,1.00,1.00,1.00,0.00,1.00,0.00",,0.00,
machine learning online course free,,20,"0.25,0.50,0.00,1.00,0.50,1.00,0.25,0.50,0.00,0.50,0.00,0.00",,3.12,
machine learning online course india,,20,"1.00,1.00,1.00,1.00,1.00,1.00,1.00,0.00,1.00,0.00,1.00,0.00",,0.00,
machine learning online free course,,20,"0.28,0.00,0.00,1.00,0.14,0.00,0.28,0.28,0.28,0.28,0.28,0.28",,2.73,
machine learning open course,,20,"1.00,1.00,1.00,1.00,1.00,1.00,1.00,1.00,1.00,1.00,1.00,1.00",,3.99,
machine learning operations course,,20,"1.00,1.00,1.00,1.00,1.00,1.00,1.00,1.00,1.00,1.00,1.00,1.00",,4.77,
machine learning pg courses,,20,"0.00,1.00,1.00,1.00,0.00,1.00,1.00,1.00,1.00,0.00,1.00,1.00",,0.00,
machine learning practical course,,20,"1.00,1.00,1.00,1.00,1.00,1.00,1.00,1.00,1.00,1.00,1.00,1.00",,0.00,
machine learning projects course,,20,"1.00,1.00,1.00,1.00,1.00,1.00,1.00,1.00,1.00,1.00,1.00,1.00",,0.00,
machine learning python course free,,20,"1.00,1.00,1.00,1.00,1.00,1.00,1.00,1.00,1.00,1.00,1.00,1.00",,2.18,
machine learning python free course,,20,"1.00,1.00,1.00,1.00,1.00,1.00,1.00,1.00,1.00,1.00,1.00,1.00",,2.18,
machine learning python online course,,20,"1.00,1.00,1.00,1.00,1.00,1.00,1.00,1.00,1.00,1.00,1.00,1.00",,3.45,
machine learning security course,,20,"1.00,1.00,1.00,1.00,1.00,1.00,1.00,1.00,1.00,1.00,0.00,1.00",,0.00,
machine learning short course,,20,"0.49,0.49,0.49,0.49,0.49,0.49,1.00,0.49,0.49,0.49,0.49,0.49",,6.61,
machine learning specialization course 2,,20,"1.00,1.00,1.00,1.00,0.00,1.00,1.00,1.00,1.00,1.00,1.00,1.00",,0.00,
machine learning stanford free online course,,20,"1.00,1.00,1.00,1.00,1.00,1.00,1.00,1.00,1.00,1.00,1.00,1.00",,4.71,
machine learning stanford university free course,,20,"1.00,0.00,1.00,0.00,1.00,1.00,0.00,1.00,1.00,1.00,1.00,1.00",,0.00,
machine learning statistics course,,20,"1.00,1.00,1.00,1.00,1.00,1.00,1.00,1.00,1.00,1.00,1.00,1.00",,3.84,
machine learning summer courses,,20,"0.28,0.28,0.28,1.00,0.28,0.28,0.28,0.28,0.28,0.28,0.28,0.28",,3.26,
machine learning systems course,,20,"0.00,0.50,0.00,1.00,1.00,1.00,1.00,1.00,1.00,1.00,1.00,1.00",,3.74,
machine learning tensorflow course,,20,"0.00,1.00,1.00,1.00,1.00,1.00,1.00,1.00,1.00,1.00,1.00,1.00",,0.00,
machine learning theory course,,20,"1.00,1.00,1.00,1.00,1.00,1.00,1.00,1.00,1.00,1.00,1.00,1.00",,0.00,
machine learning trading course,,20,"1.00,1.00,1.00,1.00,1.00,1.00,1.00,1.00,1.00,1.00,1.00,1.00",,3.14,
machine learning training courses,,20,"1.00,1.00,1.00,1.00,1.00,1.00,1.00,1.00,1.00,1.00,1.00,1.00",,7.72,
machine learning udemy course,,20,"1.00,1.00,1.00,1.00,1.00,1.00,1.00,1.00,1.00,1.00,1.00,1.00",,0.00,
machine learning udemy free course,,20,"1.00,1.00,1.00,1.00,1.00,1.00,1.00,1.00,1.00,0.00,1.00,0.00",,0.00,
machine learning undergraduate course,,20,"0.00,1.00,1.00,1.00,0.00,1.00,1.00,0.00,1.00,1.00,1.00,1.00",,0.00,
machine learning university course,,20,"1.00,1.00,1.00,1.00,1.00,1.00,1.00,1.00,1.00,1.00,1.00,1.00",,7.09,
machine learning university courses,,20,"1.00,1.00,1.00,1.00,1.00,1.00,1.00,1.00,1.00,1.00,1.00,1.00",,7.09,
machine learning using python course,,20,"0.00,1.00,1.00,1.00,1.00,1.00,1.00,1.00,1.00,1.00,1.00,0.00",,0.00,
machine learning video course,,20,"1.00,1.00,1.00,1.00,1.00,1.00,0.00,1.00,1.00,1.00,1.00,1.00",,0.00,
machine learning with ai course,,20,"0.00,1.00,0.18,0.18,0.00,0.18,0.18,0.18,0.00,0.18,0.00,0.00",,0.00,
machine learning with matlab course,,20,"1.00,1.00,1.00,1.00,1.00,1.00,1.00,1.00,1.00,1.00,1.00,1.00",,0.00,
machine learning with python certification course,,20,"1.00,1.00,1.00,1.00,1.00,1.00,1.00,1.00,1.00,0.00,1.00,0.00",,0.00,
machine learning with python free certification course,,20,"1.00,1.00,1.00,1.00,1.00,1.00,1.00,1.00,1.00,1.00,1.00,1.00",,0.00,
machine learning with python free course,,20,"1.00,1.00,1.00,1.00,1.00,1.00,1.00,1.00,1.00,1.00,1.00,1.00",,0.00,
machine learning with python full course,,20,"1.00,1.00,0.00,1.00,1.00,1.00,1.00,1.00,1.00,1.00,0.00,1.00",,0.00,
machine learning with python mit free course,,20,"1.00,1.00,1.00,1.00,1.00,1.00,1.00,1.00,1.00,1.00,1.00,1.00",,0.00,
machine learning with r course,,20,"1.00,1.00,1.00,1.00,1.00,1.00,1.00,1.00,1.00,1.00,1.00,1.00",,3.50,
math courses for machine learning,,20,"1.00,1.00,1.00,1.00,1.00,1.00,1.00,1.00,1.00,1.00,1.00,1.00",,3.44,
math for machine learning course,,20,"1.00,1.00,1.00,1.00,1.00,1.00,1.00,1.00,1.00,1.00,1.00,1.00",,3.41,
mathematics for machine learning free course,,20,"1.00,1.00,1.00,1.00,1.00,1.00,1.00,1.00,1.00,1.00,1.00,1.00",,0.00,
mathematics for machine learning online course,,20,"1.00,1.00,1.00,1.00,1.00,1.00,1.00,1.00,1.00,1.00,0.00,1.00",,3.30,
mathematics of machine learning course,,20,"1.00,1.00,1.00,1.00,1.00,1.00,1.00,1.00,1.00,1.00,1.00,0.00",,0.00,
matlab machine learning course,,20,"1.00,1.00,1.00,1.00,1.00,1.00,1.00,1.00,1.00,1.00,1.00,1.00",,0.00,
meta machine learning course,,20,"1.00,1.00,1.00,1.00,1.00,1.00,1.00,1.00,1.00,1.00,1.00,1.00",,0.00,
microsoft azure machine learning course,,20,"1.00,1.00,0.50,1.00,1.00,1.00,1.00,1.00,1.00,1.00,0.00,1.00",,0.00,
microsoft free machine learning course,,20,"1.00,1.00,1.00,1.00,1.00,1.00,1.00,1.00,1.00,1.00,0.00,1.00",,0.00,
microsoft machine learning course,,20,"1.00,1.00,1.00,1.00,1.00,1.00,1.00,1.00,1.00,1.00,1.00,1.00",,3.68,
microsoft machine learning course free,,20,"0.00,1.00,1.00,1.00",,0.00,
mit course on machine learning,,20,"1.00,1.00,1.00,1.00,1.00,1.00,1.00,1.00,1.00,1.00,1.00,1.00",,3.92,
mit data science and machine learning course,,20,"1.00,1.00,1.00,1.00,1.00,1.00,1.00,1.00,1.00,1.00,1.00,1.00",,0.00,
mit free courses machine learning,,20,"1.00,1.00,1.00,1.00,0.00,1.00,1.00,1.00,1.00,1.00,1.00,1.00",,0.00,
mit free courses machine learning with python,,20,"0.00,1.00,1.00,1.00,0.00,1.00,1.00,1.00,1.00,1.00,1.00,0.00",,0.00,
mit free machine learning course,,20,"1.00,1.00,1.00,1.00,1.00,1.00,1.00,1.00,1.00,1.00,1.00,1.00",,3.49,
mit free online courses machine learning,,20,"1.00,1.00,1.00,0.00,1.00,1.00,1.00,1.00,1.00,1.00,0.00,1.00",,0.00,
mit free online courses machine learning with python,,20,"1.00,1.00,1.00,1.00,1.00,1.00,1.00,1.00,1.00,0.00,0.00,0.00",,0.00,
mit machine learning course cost,,20,"1.00,1.00,1.00,1.00,1.00,1.00,1.00,1.00,1.00,0.00,1.00,0.00",,0.00,
mit machine learning course free,,20,"0.50,0.50,0.50,0.50,1.00,0.50,0.50,0.50,0.50,0.50,0.50,0.50",,2.36,
mit machine learning course online,,20,"1.00,1.00,1.00,1.00,1.00,1.00,1.00,1.00,1.00,1.00,1.00,1.00",,3.30,
mit machine learning course price,,20,"0.00,1.00,1.00,1.00,0.00,1.00,1.00,0.00,1.00,1.00,1.00,1.00",,0.00,
mit machine learning free course,,20,"1.00,1.00,1.00,1.00,1.00,1.00,1.00,1.00,1.00,1.00,1.00,1.00",,0.00,
mit machine learning online course,,20,"1.00,1.00,1.00,1.00,1.00,1.00,1.00,1.00,1.00,1.00,1.00,1.00",,3.30,
mit machine learning open course,,20,"1.00,1.00,1.00,1.00,1.00,1.00,1.00,1.00,1.00,1.00,1.00,1.00",,3.21,
mit online courses machine learning,,20,"1.00,1.00,1.00,1.00,1.00,1.00,1.00,1.00,1.00,1.00,1.00,1.00",,3.30,
mit online machine learning course,,20,"1.00,1.00,1.00,1.00,0.00,1.00,1.00,1.00,1.00,1.00,1.00,1.00",,8.00,
multimodal machine learning course,,20,"1.00,1.00,1.00,1.00,1.00,1.00,1.00,1.00,1.00,1.00,1.00,1.00",,3.49,
ng machine learning course,,20,"1.00,1.00,1.00,1.00,1.00,1.00,1.00,1.00,1.00,1.00,1.00,1.00",,5.02,
nlp machine learning course,,20,"1.00,1.00,1.00,1.00,1.00,1.00,1.00,1.00,1.00,1.00,1.00,0.00",,0.00,
nptel courses machine learning,,20,"1.00,1.00,1.00,1.00,1.00,1.00,1.00,1.00,1.00,1.00,1.00,1.00",,2.99,
nptel machine learning course,,20,"1.00,1.00,1.00,1.00,1.00,1.00,1.00,1.00,1.00,1.00,1.00,1.00",,2.99,
nvidia machine learning course,,20,"0.64,1.00,0.64,0.64,0.64,0.64,0.64,0.64,0.64,0.64,0.64,0.64",,2.58,
nyu machine learning course,,20,"1.00,1.00,1.00,1.00,1.00,1.00,1.00,1.00,1.00,1.00,1.00,1.00",,2.98,
online certificate course in machine learning,,20,"1.00,1.00,1.00,1.00,1.00,1.00,1.00,1.00,0.00,1.00,0.00,0.00",,0.00,
online course machine learning with python,,20,"1.00,1.00,1.00,1.00,1.00,1.00,1.00,1.00,1.00,1.00,1.00,0.00",,0.00,
online courses for machine learning and ai,,20,"1.00,1.00,1.00,1.00,1.00,1.00,1.00,1.00,1.00,1.00,1.00,1.00",,9.32,
online courses machine learning,,20,"0.00,0.25,0.25,0.50,1.00,1.00,0.50,0.25,1.00,0.00,0.00,0.00",,7.06,
online free machine learning course,,20,"1.00,1.00,0.00,1.00,1.00,1.00,1.00,1.00,1.00,1.00,1.00,1.00",,0.00,
online introduction to machine learning for data science course,,20,"0.00,1.00,1.00,1.00,1.00,1.00,1.00,0.00,0.00,1.00,1.00,1.00",,0.00,
online machine learning certification course,,20,"0.00,1.00,1.00,1.00,1.00,1.00,1.00,1.00,1.00,1.00,0.00,1.00",,0.00,
online machine learning course with certificate,,20,"1.00,1.00,1.00,1.00,1.00,1.00,1.00,1.00,1.00,1.00,1.00,0.00",,0.00,
online python for data science and machine learning bootcamp course,,20,"0.00,1.00,1.00,1.00,1.00,1.00,1.00,1.00,1.00,1.00,1.00,1.00",,0.00,
open machine learning course,,20,"1.00,1.00,0.00,1.00,1.00,1.00,1.00,1.00,1.00,1.00,1.00,1.00",,0.00,
optimization for machine learning course,,20,"1.00,1.00,1.00,1.00,1.00,1.00,1.00,1.00,1.00,1.00,0.00,1.00",,2.94,
optimization machine learning course,,20,"0.00,1.00,1.00,1.00,1.00,1.00,1.00,1.00,1.00,1.00,0.00,1.00",,2.94,
oxford machine learning course,,20,"1.00,1.00,1.00,1.00,1.00,1.00,1.00,0.00,1.00,1.00,0.00,1.00",,0.00,
pattern recognition and machine learning course,,20,"1.00,1.00,1.00,1.00,1.00,1.00,0.00,1.00,1.00,1.00,1.00,1.00",,3.58,
pg course in machine learning,,20,"0.50,0.50,1.00,0.50,0.50,0.50,0.50,0.00,0.50,0.00,0.00,0.00",,0.00,
physics informed machine learning course,,20,"1.00,1.00,1.00,1.00,1.00,1.00,1.00,1.00,1.00,1.00,1.00,1.00",,3.21,
practical machine learning course,,20,"1.00,1.00,1.00,1.00,1.00,1.00,1.00,1.00,1.00,1.00,1.00,1.00",,0.00,
prerequisites for machine learning course,,20,"1.00,1.00,1.00,1.00,1.00,1.00,1.00,1.00,1.00,0.00,1.00,1.00",,0.00,
princeton machine learning course,,20,"1.00,1.00,1.00,1.00,1.00,1.00,1.00,1.00,1.00,1.00,1.00,1.00",,0.00,
probabilistic machine learning course,,20,"1.00,1.00,1.00,1.00,1.00,1.00,1.00,1.00,1.00,1.00,1.00,1.00",,0.00,
probability and statistics for machine learning course,,20,"1.00,0.00,1.00,1.00,0.00,1.00,1.00,1.00,1.00,1.00,1.00,1.00",,0.00,
probability course for machine learning,,20,"1.00,1.00,0.00,1.00,0.00,1.00,1.00,1.00,1.00,1.00,1.00,0.00",,0.00,
professional certificate course in ai and machine learning,,20,"1.00,1.00,1.00,1.00,1.00,1.00,1.00,1.00,1.00,0.00,0.00,0.50",,0.00,
professional certificate course in generative ai and machine learning,,20,"1.00,1.00,1.00,1.00,1.00,1.00,1.00,1.00,1.00,1.00,1.00,1.00",,7.69,
professional machine learning engineer course,,20,"1.00,1.00,1.00,1.00,1.00,1.00,1.00,1.00,1.00,1.00,1.00,1.00",,4.48,
project based machine learning course,,20,"1.00,1.00,1.00,1.00,1.00,1.00,1.00,1.00,1.00,1.00,1.00,1.00",,0.00,
purdue machine learning courses,,20,"1.00,1.00,1.00,1.00,1.00,1.00,1.00,1.00,1.00,1.00,1.00,1.00",,0.00,
python and machine learning course,,20,"1.00,1.00,1.00,1.00,1.00,1.00,1.00,1.00,1.00,1.00,1.00,1.00",,7.67,
python course machine learning,,20,"1.00,1.00,1.00,1.00,1.00,1.00,1.00,0.00,1.00,1.00,1.00,1.00",,0.00,
python crash course for machine learning,,20,"0.00,1.00,1.00,1.00,1.00,1.00,1.00,1.00,1.00,1.00,1.00,0.00",,0.00,
python for data science and machine learning bootcamp course,,20,"1.00,1.00,1.00,1.00,1.00,1.00,1.00,1.00,1.00,1.00,1.00,1.00",,0.00,
python for machine learning courses,,20,"1.00,1.00,1.00,0.00,1.00,1.00,1.00,1.00,0.50,1.00,1.00,1.00",,5.26,
python for machine learning free course,,20,"1.00,1.00,1.00,1.00,0.00,1.00,1.00,1.00,1.00,1.00,0.00,1.00",,0.00,
python in machine learning course,,20,"1.00,1.00,1.00,1.00,1.00,0.00,1.00,1.00,1.00,1.00,1.00,0.00",,0.00,
python machine learning course free,,20,"1.00,1.00,1.00,1.00,1.00,1.00,1.00,1.00,1.00,1.00,1.00,1.00",,2.89,
python machine learning crash course,,20,"0.00,1.00,1.00,1.00,1.00,1.00,1.00,1.00,1.00,1.00,1.00,1.00",,0.00,
python machine learning free course,,20,"1.00,1.00,1.00,1.00,1.00,1.00,1.00,1.00,1.00,1.00,1.00,1.00",,0.00,
python machine learning online course,,20,"1.00,1.00,1.00,1.00,1.00,1.00,1.00,1.00,1.00,1.00,1.00,1.00",,3.45,
python with machine learning course,,20,"1.00,1.00,1.00,1.00,1.00,1.00,0.00,1.00,1.00,0.45,1.00,1.00",,4.60,
pytorch machine learning course,,20,"1.00,1.00,1.00,1.00,1.00,0.00,1.00,1.00,1.00,1.00,1.00,1.00",,0.00,
quantum machine learning course free,,20,"1.00,1.00,1.00,1.00,1.00,1.00,1.00,1.00,1.00,1.00,0.00,1.00",,0.00,
quantum machine learning online course,,20,"1.00,1.00,1.00,1.00,1.00,1.00,1.00,1.00,1.00,1.00,1.00,1.00",,3.69,
reddit best machine learning course,,20,"1.00,1.00,1.00,1.00,1.00,1.00,1.00,1.00,1.00,1.00,1.00,1.00",,0.00,
reddit machine learning course,,20,"1.00,1.00,1.00,1.00,1.00,1.00,1.00,1.00,1.00,1.00,1.00,1.00",,0.00,
reddit machine learning courses,,20,"1.00,1.00,1.00,1.00,1.00,1.00,1.00,1.00,1.00,1.00,1.00,1.00",,0.00,
robotics machine learning course,,20,"1.00,1.00,1.00,1.00,1.00,1.00,0.00,1.00,1.00,1.00,1.00,1.00",,0.00,
rutgers machine learning course,,20,"1.00,1.00,1.00,1.00,1.00,1.00,1.00,1.00,1.00,1.00,1.00,1.00",,7.46,
scaler machine learning course,,20,"1.00,1.00,1.00,1.00,1.00,1.00,1.00,1.00,0.00,1.00,1.00,0.00",,0.00,
scientific machine learning course,,20,"1.00,1.00,1.00,1.00,1.00,1.00,1.00,1.00,1.00,1.00,1.00,1.00",,3.20,
simplilearn machine learning course,,20,"1.00,1.00,1.00,1.00,1.00,1.00,1.00,1.00,1.00,1.00,1.00,1.00",,0.00,
stanford andrew ng machine learning course,,20,"1.00,1.00,1.00,1.00,1.00,0.00,1.00,1.00,0.00,1.00,1.00,1.00",,3.50,
stanford cs229 machine learning course,,20,"0.50,0.50,0.50,1.00,0.50,0.50,0.50,0.50,0.50,0.50,0.50,0.50",,0.00,
stanford free machine learning course,,20,"1.00,1.00,1.00,1.00,1.00,1.00,1.00,1.00,1.00,1.00,1.00,1.00",,3.08,
stanford free online courses machine learning,,20,"1.00,1.00,1.00,1.00,1.00,1.00,1.00,1.00,1.00,1.00,1.00,1.00",,4.71,
stanford machine learning course andrew ng,,20,"1.00,1.00,1.00,1.00,1.00,1.00,1.00,1.00,1.00,1.00,1.00,1.00",,5.06,
stanford machine learning course coursera,,20,"1.00,1.00,1.00,1.00,1.00,1.00,1.00,1.00,1.00,1.00,1.00,1.00",,0.00,
stanford machine learning course free,,20,"1.00,1.00,1.00,1.00,1.00,1.00,1.00,1.00,1.00,1.00,1.00,1.00",,2.86,
stanford machine learning course notes,,20,"1.00,1.00,1.00,1.00,1.00,0.00,1.00,0.00,0.00,1.00,1.00,1.00",,0.00,
stanford machine learning free course,,20,"1.00,1.00,1.00,1.00,1.00,1.00,1.00,1.00,1.00,1.00,1.00,1.00",,3.69,
stanford online courses machine learning,,20,"0.39,1.00,0.39,0.17,0.39,0.39,0.39,0.39,0.39,0.39,0.39,0.39",,4.05,
stanford open course machine learning,,20,"1.00,1.00,1.00,1.00,1.00,1.00,1.00,1.00,1.00,1.00,1.00,1.00",,2.73,
stanford university free online courses machine learning,,20,"1.00,1.00,1.00,1.00,1.00,1.00,1.00,1.00,1.00,1.00,1.00,1.00",,4.71,
stanford university machine learning free course,,20,"0.67,1.00,0.67,0.67,0.67,0.67,0.67,0.67,0.67,0.67,0.67,0.67",,2.74,
stanford university machine learning online course,,20,"1.00,1.00,1.00,1.00,1.00,1.00,1.00,1.00,1.00,1.00,1.00,1.00",,4.29,
stanford university online machine learning course,,20,"1.00,1.00,1.00,1.00,1.00,1.00,1.00,1.00,1.00,1.00,1.00,1.00",,4.29,
stanford's machine learning course,,20,"1.00,1.00,1.00,0.00,1.00,1.00,1.00,1.00,1.00,1.00,1.00,0.00",,0.00,
statistical machine learning course,,20,"1.00,1.00,1.00,1.00,1.00,1.00,1.00,1.00,1.00,1.00,1.00,1.00",,3.84,
statistics for machine learning course,,20,"1.00,1.00,1.00,1.00,1.00,1.00,1.00,1.00,1.00,1.00,1.00,1.00",,3.84,
sundog education aws certified machine learning course materials,,20,"0.28,0.28,0.28,0.28,0.28,0.28,0.28,0.28,0.28,1.00,0.28,0.28",,0.00,
supervised machine learning course,,20,"1.00,1.00,1.00,1.00,1.00,1.00,1.00,1.00,1.00,1.00,1.00,1.00",,0.00,
tensorflow machine learning course,,20,"0.00,0.00,1.00,1.00,1.00,1.00,1.00,1.00,1.00,1.00,1.00,1.00",,0.00,
the best machine learning course,,20,"1.00,1.00,1.00,1.00,1.00,1.00,1.00,1.00,1.00,1.00,1.00,1.00",,9.07,
the complete machine learning course with python,,20,"1.00,1.00,1.00,1.00,1.00,1.00,1.00,1.00,1.00,1.00,1.00,1.00",,0.00,
the great courses machine learning,,20,"1.00,1.00,1.00,1.00,1.00,1.00,1.00,1.00,1.00,1.00,1.00,1.00",,0.00,
theoretical machine learning course,,20,"1.00,1.00,1.00,1.00,1.00,1.00,1.00,1.00,0.00,1.00,0.00,0.00",,0.00,
time series machine learning course,,20,"1.00,1.00,1.00,1.00,1.00,1.00,1.00,1.00,1.00,1.00,1.00,0.00",,0.00,
top 10 machine learning courses,,20,"1.00,1.00,1.00,1.00,1.00,1.00,1.00,0.00,1.00,1.00,0.00,1.00",,0.00,
top ai and machine learning courses,,20,"1.00,1.00,1.00,1.00,1.00,1.00,1.00,1.00,1.00,1.00,1.00,0.00",,0.00,
top courses for machine learning,,20,"1.00,1.00,1.00,1.00,1.00,1.00,1.00,1.00,1.00,1.00,1.00,0.00",,0.00,
top free machine learning courses,,20,"1.00,0.00,1.00,1.00,1.00,1.00,1.00,1.00,0.00,1.00,1.00,0.00",,0.00,
top machine learning courses,,20,"0.49,0.49,0.49,0.49,0.49,0.49,0.49,0.49,0.49,0.49,1.00,0.74",,5.02,
top machine learning courses online,,20,"1.00,1.00,1.00,1.00,1.00,1.00,1.00,1.00,1.00,1.00,1.00,1.00",,0.00,
top machine learning online courses,,20,"1.00,1.00,1.00,1.00,1.00,1.00,0.00,1.00,1.00,1.00,1.00,1.00",,0.00,
top online machine learning courses,,20,"1.00,1.00,1.00,1.00,1.00,1.00,1.00,1.00,1.00,1.00,1.00,1.00",,0.00,
ubc machine learning course,,20,"0.00,1.00,0.00,1.00,1.00,1.00,1.00,0.00,1.00,1.00,1.00,1.00",,0.00,
uci machine learning course,,20,"1.00,1.00,1.00,1.00,1.00,1.00,1.00,1.00,1.00,1.00,1.00,1.00",,3.26,
ucla machine learning course,,20,"1.00,1.00,1.00,1.00,1.00,1.00,1.00,1.00,1.00,1.00,1.00,1.00",,3.46,
ucsd machine learning course,,20,"1.00,1.00,1.00,1.00,1.00,1.00,1.00,1.00,1.00,1.00,1.00,1.00",,0.00,
udemy course on machine learning,,20,"0.00,1.00,1.00,1.00,1.00,1.00,1.00,1.00,0.00,1.00,1.00,0.00",,0.00,
udemy courses for machine learning,,20,"1.00,1.00,1.00,1.00,0.00,1.00,1.00,1.00,1.00,1.00,1.00,1.00",,0.00,
udemy free machine learning course,,20,"1.00,1.00,1.00,1.00,1.00,1.00,1.00,1.00,0.00,1.00,1.00,0.00",,0.00,
udemy introduction to machine learning for data science course,,20,"0.00,0.28,0.28,0.00,1.00,0.28,0.28,0.00,0.28,0.28,0.28,0.28",,0.00,
udemy machine learning course review,,20,"1.00,1.00,0.00,1.00,1.00,1.00,1.00,1.00,1.00,1.00,0.00,1.00",,0.00,
udemy machine learning courses,,20,"0.00,0.50,0.50,0.50,0.25,0.75,0.50,0.50,0.25,1.00,0.25,0.50",,1.58,
udemy python for data science and machine learning bootcamp course,,20,"1.00,1.00,1.00,1.00,1.00,1.00,1.00,1.00,1.00,1.00,1.00,1.00",,0.00,
uiuc machine learning course,,20,"1.00,1.00,1.00,1.00,1.00,1.00,1.00,1.00,1.00,1.00,1.00,1.00",,0.00,
uiuc machine learning courses,,20,"1.00,1.00,1.00,1.00,1.00,1.00,1.00,1.00,1.00,1.00,1.00,1.00",,0.00,
umich machine learning course,,20,"1.00,1.00,1.00,1.00,1.00,1.00,1.00,1.00,1.00,1.00,1.00,1.00",,5.68,
umich machine learning courses,,20,"1.00,1.00,1.00,1.00,1.00,1.00,1.00,0.00,1.00,1.00,0.00,0.00",,5.68,
university of toronto machine learning course,,20,"1.00,1.00,1.00,0.00,1.00,1.00,1.00,1.00,1.00,0.00,0.00,1.00",,0.00,
university of washington machine learning course,,20,"1.00,1.00,1.00,1.00,1.00,1.00,1.00,1.00,1.00,1.00,1.00,1.00",,5.75,
unsupervised machine learning course,,20,"1.00,1.00,1.00,1.00,1.00,1.00,1.00,1.00,1.00,1.00,1.00,0.00",,0.00,
upenn machine learning courses,,20,"1.00,1.00,1.00,1.00,1.00,1.00,1.00,1.00,1.00,1.00,0.00,0.00",,0.00,
usc machine learning course,,20,"1.00,1.00,1.00,1.00,1.00,1.00,1.00,1.00,1.00,1.00,1.00,1.00",,0.00,
ut austin machine learning course,,20,"1.00,1.00,1.00,1.00,1.00,1.00,1.00,1.00,1.00,1.00,1.00,1.00",,7.90,
utd machine learning course,,20,"1.00,1.00,1.00,1.00,1.00,1.00,1.00,1.00,1.00,1.00,1.00,1.00",,5.84,
uw machine learning course,,20,"1.00,1.00,1.00,1.00,1.00,1.00,1.00,1.00,1.00,1.00,1.00,1.00",,2.14,
watch introduction to machine learning for data science course,,20,"0.00,1.00,1.00,1.00,1.00,1.00,1.00,0.00,1.00,1.00,1.00,1.00",,0.00,
watch python for data science and machine learning bootcamp course,,20,"0.00,1.00,1.00,1.00,1.00,1.00,1.00,1.00,1.00,1.00,1.00,1.00",,0.00,
what is machine learning course,,20,"1.00,1.00,1.00,1.00,1.00,1.00,1.00,1.00,1.00,1.00,1.00,1.00",,1.70,
what is the best machine learning course,,20,"1.00,1.00,1.00,1.00,1.00,1.00,1.00,1.00,1.00,1.00,1.00,1.00",,0.00,
what is the best machine learning course on coursera,,20,"1.00,1.00,1.00,1.00,1.00,1.00,0.00,1.00,1.00,0.00,1.00,0.00",,0.00,
what is the best machine learning course on udemy,,20,"1.00,0.50,1.00,1.00,1.00,1.00,1.00,1.00,1.00,0.50,1.00,1.00",,0.00,
which is best machine learning course,,20,"0.00,0.21,0.00,0.00,0.00,1.00,0.00,0.21,0.21,0.21,0.33,0.56",,0.00,
which is the best machine learning course,,20,"0.47,0.47,0.00,0.47,0.47,0.47,0.47,0.47,0.47,0.47,0.73,1.00",,0.00,
which machine learning course is best,,20,"0.50,0.50,0.50,0.50,0.50,0.50,0.50,0.50,0.50,0.00,1.00,1.00",,0.00,
which machine learning course is best on coursera,,20,"0.50,1.00,0.50,0.00,0.00,0.50,0.00,0.50,0.50,0.50,0.50,0.50",,0.00,
youtube machine learning course,,20,"1.00,1.00,1.00,1.00,1.00,1.00,1.00,1.00,1.00,1.00,1.00,1.00",,0.00,
a course in machine learning by hal daume iii,,10,"1.00,1.00,1.00,0.00,0.00,1.00,1.00,1.00,1.00,1.00,0.00,0.00",,0.00,
a course in machine learning daume,,10,"0.00,1.00,1.00,0.00,1.00,1.00,0.00,1.00,0.00,1.00,1.00,0.00",,0.00,
a course in machine learning hal daume pdf,,10,"1.00,1.00,0.00,0.00,0.00,0.00,0.00,0.00,0.00,1.00,0.00,1.00",,0.00,
a course of machine learning,,10,"0.00,1.00,1.00,1.00,0.00,0.00,0.00,0.00,0.00,1.00,0.00,0.00",,0.00,
a first course in machine learning 2nd edition,,10,"0.00,1.00,1.00,0.00,1.00,1.00,0.00,0.00,1.00,1.00,0.00,0.00",,0.00,
a first course in machine learning 2nd edition pdf,,10,"0.00,1.00,1.00,1.00,1.00,0.00,1.00,0.00,1.00,1.00,0.00,1.00",,0.00,
a first course in machine learning second edition,,10,"0.00,1.00,1.00,0.00,1.00,0.00,1.00,0.00,1.00,1.00,1.00,1.00",,0.00,
a first course in machine learning second edition pdf,,10,"0.00,1.00,1.00,0.00,1.00,0.00,0.00,0.00,1.00,0.50,0.00,0.00",,0.00,
a first course in machine learning solutions,,10,"0.00,1.00,0.00,1.00,1.00,0.00,0.00,0.00,0.00,0.00,0.00,0.00",,0.00,
a first course in machine learning solutions manual pdf,,10,"1.00,1.00,1.00,1.00,1.00,1.00,1.00,0.00,0.00,0.00,0.00,0.00",,0.00,
a machine learning course with python,,10,"1.00,1.00,1.00,1.00,0.00,0.00,0.00,0.00,0.00,0.00,0.00,0.00",,0.00,
about machine learning course,,10,"0.00,0.00,1.00,1.00,0.00,0.00,1.00,1.00,0.00,1.00,0.00,1.00",,0.00,
advance machine learning course dall 2025 hamidian gwu,,10,"1.00,0.00",,0.00,
advance machine learning course fall 2025 hamidian gwu,,10,"1.00,0.00",,0.00,
advanced ai and machine learning course,,10,"0.00,0.00,0.00,0.00,0.00,0.00,0.00,1.00,1.00,1.00,0.00,1.00",,0.00,
advanced machine learning course fall 2025 hamidian gwu,,10,"1.00,0.00",,0.00,
advanced machine learning courses,,10,"0.50,0.50,0.50,1.00,0.50,1.00,0.50,0.00,0.50,0.00,0.00,0.00",,4.32,
ai and machine learning bootcamps vs traditional courses,,10,"0.00,1.00,0.00",,0.00,
ai and machine learning certification course,,10,"1.00,1.00,1.00,1.00,0.00,0.00,0.00,0.00,0.00,1.00,0.50,0.50",,6.89,
ai and machine learning certification course online,,10,"0.00,1.00,1.00,1.00,1.00,1.00,1.00,1.00,1.00,0.00,1.00",,0.00,
ai and machine learning course bangalore,,10,"0.50,0.50,0.50,1.00,0.50,0.50,0.50,0.50,0.50,0.00,0.00",,0.00,
ai and machine learning course by google,,10,"1.00,0.00,0.00,0.00,0.00,1.00,0.00,1.00,0.00,1.00,1.00,0.00",,0.00,
ai and machine learning course details,,10,"0.50,0.50,1.00,0.50,0.50,0.50,0.50,1.00,1.00,1.00,0.00,0.50",,0.00,
ai and machine learning course duration,,10,"1.00,0.00,0.00,0.00,1.00,0.00,1.00,1.00,1.00,1.00,0.00,1.00",,0.00,
ai and machine learning course fees in hyderabad,,10,"1.00,1.00,1.00,0.00,1.00,0.00,0.00,0.00,0.00,0.00,0.00,0.00",,0.00,
ai and machine learning course in chennai,,10,"0.00,1.00,1.00,1.00,1.00,1.00,1.00,1.00,0.00,1.00,1.00,0.00",,0.00,
ai and machine learning course in india,,10,"1.00,0.00,1.00,0.00,1.00,1.00,0.00,0.00,0.00,0.00,0.00,0.00",,4.12,
ai and machine learning course in pune,,10,"0.00,1.00,1.00,1.00,1.00,0.00,0.00,1.00,1.00,0.00,0.50,0.00",,0.00,
ai and machine learning course near me,,10,"0.00,1.00,0.00,1.00,1.00,1.00,1.00,1.00,1.00,1.00,0.00,0.00",,7.00,
ai and machine learning course with placement,,10,"0.00,1.00,1.00,1.00,0.00,1.00,0.00,0.00,0.00,1.00,1.00,1.00",,0.00,
ai and machine learning courses fees,,10,"0.00,0.00,0.00,0.45,0.45,0.45,0.45,0.45,0.45,1.00,0.00,0.00",,4.10,
ai and machine learning courses for beginners,,10,"0.00,0.00,0.00,0.00,1.00,1.00,1.00,1.00,1.00,1.00,1.00,1.00",,8.58,
ai and machine learning courses for beginners online,,10,"0.00,1.00,0.00,0.00,1.00,1.00,1.00,1.00,0.00",,0.00,
ai and machine learning courses for working professionals online,,10,"1.00,1.00,1.00,1.00,1.00,1.00,1.00,1.00,0.00",,0.00,
ai and machine learning courses in germany,,10,"1.00,0.00,0.00,0.00,1.00,0.00,0.00,1.00,0.00,0.00,0.00,0.00",,0.00,
ai and machine learning courses in mumbai,,10,"0.00,1.00,1.00,1.00,1.00,0.00,0.00,1.00,0.00,0.00,0.00,0.00",,0.00,
ai and machine learning engineer course,,10,"0.00,0.00,0.00,1.00,1.00,1.00,1.00,1.00,1.00,1.00",,9.29,
ai and machine learning full course,,10,"1.00,1.00,0.50,0.50,1.00,0.50,0.50,0.50,1.00,1.00,0.50,1.00",,0.00,
ai and machine learning in finance course,,10,"0.00,0.00,0.00,0.00,0.00,1.00,0.00,1.00,1.00,0.00,0.00,1.00",,0.00,
ai and machine learning in semiconductor design and testing courses,,10,1.00,,0.00,
ai and machine learning online course,,10,"0.00,0.50,0.50,0.50,0.50,0.50,0.50,1.00,0.50,0.50,0.50,0.50",,0.00,
ai and machine learning pg course,,10,"1.00,0.50,1.00,0.50,0.00,0.00,0.00,0.50,0.00,0.00,0.00,0.00",,0.00,
ai in machine learning course,,10,"0.00,0.00,0.50,0.50,0.50,0.00,0.00,1.00,1.00,0.00,0.00,0.00",,0.00,
ai machine learning course dfor highschoolers,,10,"1.00,0.00",,0.00,
ai machine learning courses online,,10,"0.00,0.00,0.00,1.00,1.00,1.00,1.00,1.00",,9.61,
ai machine learning courses with job placement assistance 2025,,10,"1.00,1.00,0.00",,0.00,
ai machine learning data science course,,10,"0.00,1.00,1.00,1.00,1.00,1.00,0.00,1.00,1.00,1.00,0.00,0.00",,0.00,
ai machine learning deep learning courses,,10,"0.00,0.50,0.50,1.00,0.50,1.00,1.00,1.00,1.00,0.50,0.50,0.00",,0.00,
ai machine learning specialist course,,10,"0.00,0.00,0.00,0.00,0.00,0.00,0.00,0.00,0.00,1.00,1.00,1.00",,6.38,
ai or machine learning courses,,10,"0.00,0.00,0.00,0.00,0.00,0.00,0.00,1.00,1.00,1.00,1.00,1.00",,0.00,
amazon aws machine learning course,,10,"1.00,1.00,1.00,1.00,1.00,1.00,0.00,0.00,0.00,1.00,0.00,1.00",,0.00,
amazon course machine learning,,10,"0.00,1.00,0.00,1.00,0.00,0.00,0.00,1.00,0.00,0.00,0.00,1.00",,0.00,
amazon courses machine learning,,10,"0.00,1.00,0.00,1.00,0.00,0.00,0.00,1.00,0.00,0.00,0.00,1.00",,0.00,
analytics vidhya machine learning course,,10,"0.00,1.00,1.00,1.00,0.00,0.00,0.00,0.00,0.00,0.00,0.00,0.00",,0.00,
andrew ng machine learning course download,,10,"1.00,0.00,0.00,1.00,0.00,0.00,0.00,0.00,1.00,0.00,0.00,0.00",,0.00,
andrew ng machine learning course in python,,10,"1.00,1.00,0.00,1.00,1.00,1.00,0.00,1.00,1.00,0.00,0.00,0.00",,0.00,
andrew ng machine learning course preview,,10,"1.00,0.00",,0.00,
andrew ng machine learning course slides,,10,"0.00,1.00,1.00,1.00,0.00,0.00,1.00,0.00,1.00,1.00,1.00,0.00",,0.00,
andrew ng machine learning courses,,10,"0.00,0.00,0.20,0.20,0.20,0.00,1.00,0.60,0.20,0.00,0.00,0.00",,3.14,
andrew ngs machine learning course,,10,"0.00,0.00,1.00,0.00,0.00,1.00,1.00,1.00,1.00,1.00,1.00,1.00",,0.00,
android machine learning course,,10,"1.00,0.00,1.00,1.00,0.00,0.00,0.00,0.00,0.00,0.00,0.00,0.00",,0.00,
applied ai & machine learning course free download,,10,"0.00,1.00,1.00,1.00,1.00,1.00,1.00,1.00,0.00,1.00,0.00,0.00",,0.00,
applied ai course machine learning,,10,"0.00,0.50,0.50,1.00,0.50,0.50,0.50,1.00,0.00,0.50,0.00,1.00",,0.00,
applied ai machine learning course download,,10,"0.00,0.00,1.00,1.00,0.00,1.00,0.00,1.00,1.00,1.00,0.00,0.00",,0.00,
applied ai machine learning course free,,10,"0.00,0.50,0.50,1.00,0.50,0.50,0.00,1.00,0.00,0.00,0.00,0.00",,0.00,
applied ai machine learning course free download,,10,"1.00,1.00,1.00,1.00,0.50,0.50,0.50,1.00,0.00,0.00,1.00,0.00",,0.00,
applied ai machine learning course review,,10,"0.00,1.00,0.00,1.00,0.50,0.50,0.50,0.50,0.50,1.00,0.50,0.00",,0.00,
applied ai machine learning online course,,10,"0.00,0.33,1.00,1.00,0.33,0.00,0.00",,0.00,
applied machine learning course by columbia engineering executive education,,10,"0.66,0.66,0.00,0.66,0.66,0.33,0.66,1.00,0.00,0.00,0.00,0.00",,0.00,
applied machine learning course syllabus,,10,"1.00,0.00,0.00,0.00,0.00,1.00,0.00,1.00,1.00,1.00,1.00,1.00",,0.00,
applied machine learning online course free download,,10,"1.00,0.00,0.00,0.00,0.00,1.00,1.00,1.00,0.00,1.00,0.00,0.00",,0.00,
appliedaicourse applied machine learning course,,10,"0.00,0.00,0.00,1.00,0.00,0.50,0.00,1.00,0.50,1.00,1.00,0.00",,0.00,
artificial intelligence & machine learning course,,10,"0.00,0.28,0.00,0.00,0.00,0.00,0.00,0.14,1.00,0.57,0.28,0.00",,10.17,
artificial intelligence ai and machine learning course,,10,"0.00,1.00,1.00,1.00,1.00,1.00,1.00,1.00,1.00,1.00,1.00,1.00",,0.00,
artificial intelligence and machine learning course free,,10,"0.50,0.50,0.00,0.00,0.50,0.00,0.50,0.50,1.00,0.50,1.00,1.00",,0.00,
artificial intelligence and machine learning course in coimbatore,,10,"1.00,0.00,0.00,0.00,1.00,1.00,0.00,0.00,0.00,0.00,0.00,0.00",,0.00,
artificial intelligence and machine learning course in hyderabad,,10,"0.00,0.00,0.00,1.00,0.00,0.00,1.00,1.00,1.00,0.00,0.00,0.00",,0.00,
artificial intelligence and machine learning course job opportunities,,10,"0.00,1.00,0.00,0.00,0.00,0.00,0.28,0.00,0.00,0.00,0.00,0.00",,0.00,
artificial intelligence and machine learning course online,,10,"0.00,0.00,0.00,0.00,0.00,0.00,0.00,1.00,1.00,1.00,1.00,1.00",,0.00,
artificial intelligence and machine learning course syllabus,,10,"1.00,1.00,1.00,1.00,0.00,0.50,0.00,1.00,1.00,1.00,0.00,0.00",,0.00,
artificial intelligence and machine learning courses for beginners online,,10,"0.00,1.00,0.00,0.00,1.00,1.00,1.00,1.00,0.00",,0.00,
artificial intelligence and machine learning courses in pune,,10,"0.00,0.00,1.00,1.00,1.00,0.00,0.00,0.00,0.00,0.00,0.00,0.00",,0.00,
artificial intelligence and machine learning for business courses,,10,"1.00,1.00,1.00,1.00,0.00",,0.00,
artificial intelligence and machine learning free course,,10,"1.00,0.00,1.00,0.00,0.00,1.00,0.00,1.00,0.00,1.00,1.00,1.00",,0.00,
artificial intelligence and machine learning free online course,,10,"0.00,0.00,0.00,1.00,1.00,1.00,1.00,1.00,0.50,0.00,0.00,0.00",,0.00,
artificial intelligence and machine learning full course,,10,"0.00,1.00,0.00,0.00,1.00,1.00,0.00,1.00,1.00,0.00,0.00,0.00",,0.00,
artificial intelligence and machine learning in banking course,,10,"1.00,1.00",,0.00,
artificial intelligence and machine learning online course free,,10,"0.00,1.00,0.00,1.00,1.00,1.00,1.00,1.00,0.00,0.00,1.00,0.00",,0.00,
artificial intelligence course and machine learning,,10,"0.00,0.00,0.00,0.00,0.00,1.00,0.00,1.00,0.00,0.00,0.00,0.50",,0.00,
artificial intelligence course machine learning,,10,"0.00,0.33,0.33,0.33,0.66,1.00,0.33,0.00,0.00,0.00,0.00,0.00",,0.00,
average cost of machine learning courses 2025,,10,"1.00,1.00,1.00",,0.00,
aws certified machine learning - specialty course,,10,"0.40,1.00,0.20,0.20,0.20,0.00,0.00,0.00,0.20,0.20,0.40,0.20",,0.00,
aws educate machine learning foundations course,,10,"0.00,0.00,0.00,0.00,0.00,0.00,0.50,1.00,1.00,1.00,1.00,0.00",,0.00,
aws machine learning engineer associate course,,10,"0.00,0.50,0.50,0.00,0.00,0.50,1.00,1.00,1.00,1.00,1.00,1.00",,5.56,
aws machine learning foundations course udacity,,10,"1.00,1.00,0.00,1.00,0.00,1.00,0.00,0.00,0.00,0.00,0.00,0.00",,0.00,
azure machine learning training course,,10,"0.00,0.00,1.00,1.00,1.00,1.00,0.00,1.00,0.00,1.00,0.00,1.00",,0.00,
bangalore machine learning course,,10,"0.00,0.00,1.00,1.00,0.00,0.00,0.00,0.00,0.00,1.00,0.00,0.00",,0.00,
benefits of machine learning course,,10,"0.00,1.00,1.00,1.00,1.00,1.00,0.00,0.00,0.00,1.00,0.00,0.00",,0.00,
berkeley machine learning online course,,10,"1.00,1.00,1.00,0.00,0.00,1.00,1.00,1.00,1.00,0.00,0.00,0.00",,0.00,
best ai and machine learning course online,,10,"0.00,0.00,0.00,0.00,0.50,0.50,0.00,0.00,0.00,0.50,1.00,1.00",,0.00,
best ai and machine learning courses for career growth,,10,"1.00,1.00,1.00",,0.00,
best ai and machine learning courses in india,,10,"1.00,1.00,0.00,1.00,0.00,0.00,1.00,1.00,0.00,0.00,0.00,0.00",,0.00,
best ai and machine learning courses in us,,10,"0.00,1.00,0.00,0.00",,0.00,
best artificial intelligence and machine learning course online,,10,"0.00,1.00,1.00,0.00,1.00,1.00,0.00,0.00,0.00,1.00,0.00,1.00",,0.00,
best course for ai and machine learning,,10,"0.00,0.50,0.50,1.00,1.00,1.00,0.00,0.00,0.50,0.50,0.00,0.00",,6.93,
best course for artificial intelligence and machine learning,,10,"0.00,0.00,0.00,0.00,0.50,1.00,1.00,0.50,0.50,0.00,0.50,0.00",,0.00,
best course for machine learning and data science,,10,"0.00,1.00,1.00,1.00,0.00,0.00,1.00,1.00,1.00,0.00,0.00,0.00",,0.00,
best course for machine learning in udemy,,10,"0.00,0.00,1.00,0.50,1.00,0.50,0.50,0.50,1.00,1.00,0.50,1.00",,0.00,
best course for machine learning on udemy,,10,"0.00,1.00,0.00,1.00,0.00,1.00,0.00,0.00,0.00,0.00,1.00,0.00",,0.00,
best course for mathematics for machine learning,,10,"0.00,1.00,1.00,1.00,0.00,0.00,0.00,1.00,1.00,1.00,0.00,1.00",,3.28,
best course for python machine learning,,10,"0.00,1.00,0.00,1.00,1.00,1.00,1.00,1.00,0.00,1.00,1.00,0.00",,0.00,
best course machine learning,,10,"0.00,1.00,0.00,0.00,0.00,0.00,0.00,0.20,0.40,0.00,0.40,0.60",,5.42,
best course machine learning python,,10,"1.00,0.00,1.00,1.00,0.00,0.00,0.00,0.00,0.00,0.00,0.00,0.00",,0.00,
best course on machine learning and artificial intelligence,,10,"1.00,1.00,1.00,1.00,1.00,0.00,1.00,1.00,0.50,1.00,0.00,0.00",,0.00,
best course on udemy for machine learning,,10,"1.00,1.00,0.00,1.00,1.00,1.00,0.00,1.00,0.00,0.00,0.00,0.00",,0.00,
best course to start machine learning,,10,"1.00,1.00,0.00,1.00,0.00,1.00,0.00,0.00,0.00,0.00,0.00,0.00",,0.00,
best courses for ai and machine learning,,10,"1.00,1.00,1.00,1.00,0.00,0.50,0.00,0.50,0.00,0.00,0.00,0.00",,6.93,
best courses for machine learning on coursera,,10,"1.00,1.00,1.00,1.00,0.00,1.00,0.00,0.00,1.00,0.00,0.00,0.00",,0.00,
best courses for machine learning online,,10,"1.00,1.00,1.00,1.00,0.00,0.00,0.00,0.00,1.00,1.00,0.00,1.00",,0.00,
best courses for machine learning with python,,10,"1.00,0.00,1.00,1.00,1.00,0.00,0.00,1.00,1.00,1.00,0.00,1.00",,0.00,
best courses in machine learning and ai,,10,"1.00,1.00,1.00,1.00,1.00,1.00,1.00,0.00,0.00,0.00,0.00,1.00",,0.00,
best courses machine learning,,10,"1.00,1.00,0.00,1.00,1.00,1.00,0.00,1.00,1.00,0.00,1.00,0.50",,0.00,
best courses on ai and machine learning,,10,"0.00,0.50,0.50,0.00,1.00,0.00,0.00,1.00,0.00,0.50,1.00,1.00",,0.00,
best courses on artificial intelligence and machine learning,,10,"0.00,0.00,0.00,0.00,1.00,0.00,1.00,1.00,0.00,0.00,0.00,1.00",,0.00,
best courses on coursera for machine learning,,10,"1.00,0.00,0.00,1.00,1.00,0.00,0.00,1.00,1.00,1.00,1.00,0.00",,0.00,
best courses to learn cnc machine programming for beginners,,10,"1.00,0.00",,0.00,
best courses to learn machine learning,,10,"0.00,1.00,0.14,0.28,0.14,0.00,0.28,0.14,0.00,0.00,0.14,0.14",,5.42,
best edx machine learning course,,10,"1.00,0.00,0.00,0.00,0.00,1.00,0.00,0.00,1.00,0.00,0.00,0.00",,0.00,
best free machine learning courses,,10,"0.00,0.00,0.00,0.00,0.00,1.00,0.00,0.00,0.00,0.00,0.00,0.00",,2.65,
best free python machine learning courses,,10,"1.00,0.00,1.00,1.00,1.00,0.00,1.00,1.00,0.00,0.00,0.00,0.00",,0.00,
best generative ai and machine learning course in us,,10,"1.00,1.00,1.00,0.00",,0.00,
best machine learning and ai courses,,10,"0.00,0.50,0.00,0.50,0.00,0.00,0.00,0.50,0.00,0.00,1.00,0.00",,7.92,
best machine learning and ai courses online,,10,"1.00,0.00,1.00,0.00,0.00,1.00,1.00,1.00,0.00",,0.00,
best machine learning and artificial intelligence courses,,10,"0.00,0.00,0.00,0.00,0.50,0.50,0.50,0.00,0.00,0.50,1.00,0.00",,7.92,
best machine learning course 2019,,10,"1.00,0.00,1.00,1.00,0.00,1.00,0.00,0.00,0.00,0.00,0.00,0.00",,0.00,
best machine learning course bangalore,,10,"0.00,0.00,0.00,1.00,1.00,1.00,0.00,0.00,0.00,1.00,0.00,0.00",,0.00,
best machine learning course in bangalore,,10,"0.00,0.00,0.50,1.00,1.00,1.00,0.50,0.00,0.00,1.00,0.00,0.00",,0.00,
best machine learning course in chennai,,10,"0.00,1.00,0.00,1.00,0.50,0.50,0.50,0.00,0.00,0.00,0.00,0.00",,0.00,
best machine learning course in hyderabad,,10,"0.00,1.00,0.00,1.00,1.00,0.00,0.00,1.00,0.00,1.00,0.00,0.00",,0.00,
best machine learning course in udemy,,10,"0.00,1.00,0.00,0.45,0.45,1.00,1.00,0.45,1.00,1.00,0.45,0.00",,0.00,
best machine learning course in united states,,10,"0.00,0.33,0.33,1.00,1.00,0.33,0.66,0.66",,0.00,
best machine learning course in youtube,,10,"0.00,0.00,0.00,1.00,0.00,1.00,1.00,1.00,1.00,1.00,1.00,0.00",,0.00,
best machine learning course on coursera for beginners,,10,"1.00,0.00,1.00,1.00,1.00,0.00,1.00,0.00,0.00,1.00,0.00,1.00",,0.00,
best machine learning course online for beginners,,10,"1.00,0.00,0.00,1.00,1.00,1.00,1.00,0.00,0.00,0.00,0.50,1.00",,0.00,
best machine learning course quora,,10,"0.00,1.00,0.00,1.00,0.00,0.00,0.00,0.00,0.00,0.00,0.00,1.00",,0.00,
best machine learning course using python,,10,"0.00,1.00,1.00,0.00,0.00,0.00,0.00,1.00,1.00,0.00,0.00,0.00",,0.00,
best machine learning course with placement,,10,"0.00,0.00,1.00,1.00,0.00,0.00,0.00,1.00,0.00,0.00,0.00,0.00",,0.00,
best machine learning course with python,,10,"1.00,1.00,0.00,1.00,0.00,1.00,1.00,1.00,1.00,0.00,0.00,1.00",,7.30,
best machine learning courses 2021,,10,"1.00,0.00,1.00,1.00,0.00,0.00,0.00,0.00,0.00,0.00,0.00,0.00",,0.00,
best machine learning courses 2023,,10,"1.00,1.00,0.00,0.00,1.00,1.00,1.00,0.00,0.00,0.00,0.00,0.00",,0.00,
best machine learning courses 2024,,10,"1.00,0.00,0.00,1.00,0.00,1.00,1.00,1.00,1.00,1.00,0.00,0.00",,0.00,
best machine learning courses for beginners,,10,"0.00,0.00,0.00,0.00,0.33,0.33,0.00,1.00,0.00,0.00,1.00,0.33",,5.21,
best machine learning courses for software engineers,,10,"0.00,0.00,0.00,0.00,0.00,0.00,0.33,1.00",,0.00,
best machine learning courses hands-on projects usa 2025,,10,"1.00,0.00",,0.00,
best machine learning courses on coursera,,10,"1.00,0.50,0.00,0.00,1.00,0.00,0.00,1.00,0.50,1.00,0.00,0.00",,4.72,
best machine learning courses on udemy,,10,"0.00,0.00,0.00,0.50,0.50,1.00,1.00,1.00,1.00,1.00,0.50,0.50",,2.02,
best machine learning courses on youtube,,10,"1.00,0.00,0.00,1.00,0.00,0.50,1.00,1.00,1.00,1.00,1.00,0.00",,0.00,
best machine learning courses reddit,,10,"1.00,0.00,1.00,0.00,0.00,0.00,0.00,0.00,1.00,1.00,0.00,0.00",,3.61,
best machine learning courses udemy,,10,"0.00,0.00,0.50,0.75,0.25,0.25,0.25,0.25,1.00,0.50,0.25,0.00",,2.02,
best machine learning for business course,,10,"0.00,0.00,0.00,0.00,0.33,0.33,0.33,0.66,1.00",,0.00,
best machine learning online course,,10,"0.00,0.00,1.00,0.00,0.00,0.00,0.00,1.00,0.50,0.00,0.50,0.50",,8.18,
best machine learning online courses,,10,"0.00,0.00,0.00,0.00,0.00,0.50,1.00,0.00,0.00,0.50,1.00,1.00",,8.18,
best machine learning python course online,,10,"1.00,0.00,1.00,1.00,0.00,0.00,0.00,0.00,0.00,0.00,0.00,0.00",,0.00,
best machine learning with python courses,,10,"1.00,0.00",,0.00,
best online ai and machine learning courses,,10,"0.00,1.00,1.00,1.00,0.00,0.00,1.00,1.00,0.00",,0.00,
best online certification courses for machine learning,,10,"1.00,1.00,1.00,1.00,1.00,1.00,1.00,1.00,0.00,0.00,0.00,0.00",,0.00,
best online course for machine learning,,10,"0.00,1.00,0.00,0.00,0.20,0.00,0.39,0.00,0.00,0.00,0.00,0.00",,8.08,
best online courses for machine learning and ai,,10,"1.00,0.50,1.00,1.00,0.00,1.00,1.00,0.00,0.00,1.00,1.00,0.00",,0.00,
best online machine learning course for beginners,,10,"1.00,0.00,0.00,1.00,0.00,1.00,0.00,1.00,0.00,0.00,0.00,0.00",,0.00,
best paid machine learning course,,10,"1.00,1.00,1.00,1.00,0.00,1.00,1.00,1.00,0.00,0.00,1.00,0.00",,0.00,
best platforms for machine learning courses with hands-on projects,,10,"1.00,1.00",,0.00,
best probability course for machine learning,,10,"0.00,0.00,1.00,1.00,1.00,0.00,0.00,0.00,1.00,0.00,0.00,1.00",,0.00,
best python and machine learning course,,10,"0.00,1.00,1.00,1.00,1.00,1.00,0.00,1.00,0.00,0.00,0.00,1.00",,0.00,
bits pilani machine learning course,,10,"1.00,0.00,1.00,0.00,0.00,1.00,1.00,1.00,1.00,0.00,0.00,0.00",,0.00,
caltech machine learning online course,,10,"0.00,0.00,0.00,1.00,0.00,1.00,0.00,1.00,1.00,0.00,0.00,0.00",,0.00,
certificate course in artificial intelligence and machine learning,,10,"0.00,1.00,1.00,1.00,0.00,1.00,1.00,1.00,0.00,0.00,0.00,0.00",,0.00,
certificate courses in ai and machine learning,,10,"0.00,1.00,0.00,1.00,1.00,0.00,1.00,0.00,0.00,0.00,0.00,1.00",,0.00,
certification courses for machine learning,,10,"0.00,0.28,0.00,0.28,0.28,0.00,1.00,0.28,0.00,0.28,0.00,0.00",,0.00,
certified machine learning courses,,10,"0.00,0.66,0.00,0.33,0.66,1.00,0.00,0.00,0.00,0.00,0.66,0.00",,8.15,
cisco machine learning course,,10,"1.00,1.00,1.00,1.00,1.00,0.00,1.00,0.00,0.00,1.00,0.00,1.00",,0.00,
cmu machine learning courses,,10,"0.67,0.00,0.00,0.00,0.33,0.00,0.00,0.00,0.00,0.00,0.00,1.00",,3.83,
coding blocks machine learning course,,10,"0.00,0.00,1.00,0.00,0.00,0.00,0.00,1.00,1.00,0.00,0.00,0.00",,0.00,
coding ninjas machine learning course,,10,"0.00,0.00,1.00,0.00,0.00,1.00,0.00,0.00,0.00,0.00,1.00,0.00",,0.00,
complete machine learning course with python,,10,"1.00,1.00,1.00,1.00,0.45,0.00,0.45,1.00,0.45,1.00,0.00,1.00",,0.00,
computer vision machine learning course,,10,"1.00,0.00,1.00,1.00,1.00,1.00,0.00,0.00,1.00,1.00,0.00,1.00",,0.00,
course for machine learning,,10,"1.00,0.75,0.00,0.00,0.00,0.00,0.50,0.00,0.00,0.00,0.00,0.00",,5.57,
course in ai and machine learning,,10,"0.50,0.50,0.50,0.50,0.50,0.50,0.50,0.00,0.00,1.00,0.00,0.00",,9.60,
course in machine learning,,10,"1.00,0.00,0.00,0.00,0.00,0.00,0.00,0.00,0.00,0.00,0.00,0.00",,5.57,
course in machine learning and ai,,10,"0.00,1.00,1.00,1.00,1.00,1.00,0.00,1.00,1.00,1.00,0.00,0.00",,4.79,
course in machine learning pdf,,10,"0.00,1.00,1.00,1.00,0.00,1.00,0.00,0.00,0.00,0.00,0.00,1.00",,0.00,
course machine learning free,,10,"0.00,1.00,0.00,0.00,0.00,1.00,1.00,1.00,1.00,0.00,0.00,0.00",,0.00,
course machine learning with python,,10,"1.00,1.00,1.00,1.00,0.00,1.00,0.00,0.00,0.00,1.00,0.00,1.00",,0.00,
course on data science and machine learning,,10,"1.00,1.00,1.00,1.00,1.00,1.00,1.00,0.00,1.00,0.50,0.00,0.00",,0.00,
course outcomes of machine learning,,10,"0.00,1.00,1.00,1.00,0.00,0.00,0.00,0.00,0.00,0.00,0.00,0.00",,0.00,
course python machine learning,,10,"0.00,1.00,0.00,1.00,0.00,1.00,1.00,0.00,0.00,0.00,0.00,1.00",,0.00,
coursera course on machine learning,,10,"0.00,0.00,1.00,0.00,0.00,0.00,0.00,0.00,0.00,0.00,0.00,0.00",,3.32,
coursera courses machine learning,,10,"0.00,0.00,0.00,0.00,0.80,0.00,1.00,0.00,0.00,0.00,0.00,0.00",,3.32,
coursera machine learning course answers,,10,"0.00,1.00,0.00,1.00,0.00,0.00,0.00,0.00,0.00,0.00,1.00,0.00",,0.00,
coursera machine learning course certificate,,10,"0.00,1.00,1.00,1.00,0.00,1.00,1.00,0.00,0.00,1.00,1.00,0.00",,0.00,
coursera machine learning course download,,10,"1.00,1.00,0.00,1.00,1.00,1.00,1.00,0.00,0.00,0.00,0.00,0.00",,0.00,
coursera machine learning course notes,,10,"0.00,1.00,0.00,1.00,0.00,0.00,1.00,0.00,1.00,0.00,0.00,1.00",,0.00,
courses for machine learning and ai,,10,"1.00,1.00,0.00,1.00,1.00,1.00,0.00,1.00,0.00,1.00,1.00,0.00",,0.00,
courses in machine learning and artificial intelligence,,10,"0.00,0.00,0.00,0.00,0.00,0.50,0.00,0.50,1.00,0.50,0.00,0.00",,4.79,
courses on ai and machine learning,,10,"1.00,1.00,1.00,1.00,1.00,1.00,1.00,0.00,1.00,0.00,0.00,0.00",,11.96,
courses related to machine learning,,10,"0.00,1.00,1.00,1.00,0.00,1.00,0.00,1.00,1.00,1.00,1.00,0.00",,0.00,
cs229 machine learning course materials,,10,"1.00,1.00,0.00,0.00,1.00,1.00,0.00,1.00,1.00,0.00,0.00,0.00",,0.00,
data analysis and machine learning course,,10,"0.00,1.00,1.00,0.00,1.00,1.00,1.00,0.00,1.00,1.00,0.00,0.00",,0.00,
data analyst and machine learning course,,10,"0.00,0.00,0.00,1.00,1.00,1.00,0.00,0.00,1.00,0.00,1.00,0.00",,0.00,
data science & machine learning course,,10,"0.00,0.00,0.00,0.00,0.00,1.00,0.00,1.00,1.00,1.00,0.00,1.00",,0.00,
data science ai and machine learning courses,,10,"0.00,0.00,0.00,0.50,0.50,0.50,0.50,0.50,0.50,1.00,0.50,0.00",,0.00,
data science and machine learning course in india,,10,"0.00,0.00,1.00,1.00,1.00,0.00,0.00,0.00,1.00,0.00,1.00,1.00",,0.00,
data science and machine learning course syllabus,,10,"1.00,0.00,1.00,0.00,0.00,0.00,0.00,1.00,0.00,0.00,1.00,0.00",,0.00,
data science and machine learning course udemy,,10,"0.00,0.00,1.00,1.00,1.00,1.00,0.00,1.00,0.00,1.00,0.00,0.00",,0.00,
data science and machine learning free course,,10,"1.00,0.00,1.00,1.00,1.00,1.00,1.00,1.00,0.00,0.00,1.00,0.00",,0.00,
data science big data machine learning and artificial intelligence course,,10,"1.00,1.00,1.00,1.00,1.00,1.00,1.00,1.00,0.00",,0.00,
data science machine learning and artificial intelligence courses,,10,"1.00,1.00,1.00,1.00,0.00,1.00,1.00,1.00,0.00",,0.00,
data science with machine learning course,,10,"0.00,1.00,1.00,1.00,1.00,1.00,1.00,1.00,1.00,0.00,0.00,0.00",,0.00,
download andrew ng machine learning course,,10,"0.00,0.00,0.00,1.00,0.00,0.00,0.00,1.00,1.00,1.00,1.00,0.00",,0.00,
edureka machine learning course,,10,"1.00,1.00,1.00,1.00,0.00,1.00,0.00,0.00,1.00,1.00,1.00,0.00",,0.00,
embedded machine learning course,,10,"1.00,1.00,1.00,1.00,1.00,1.00,1.00,0.50,0.50,0.00,0.00,0.00",,3.23,
epfl machine learning course,,10,"0.00,1.00,0.00,1.00,1.00,1.00,0.00,1.00,1.00,1.00,1.00,0.00",,0.00,
facebook machine learning course,,10,"1.00,1.00,0.00,1.00,1.00,1.00,1.00,1.00,0.00,0.00,0.00,0.00",,0.00,
fast ai machine learning course review,,10,"0.00,0.00,0.00,1.00,1.00,1.00,1.00,1.00,0.00,0.00,0.00,1.00",,0.00,
feature engineering for machine learning course,,10,"0.00,0.00,0.00,1.00,0.00,0.00,0.00,1.00,1.00,1.00,1.00,1.00",,0.00,
first course in machine learning pdf,,10,"0.00,0.00,1.00,1.00,1.00,1.00,0.00,1.00,1.00,1.00,1.00,0.00",,0.00,
free certificate courses machine learning,,10,"1.00,1.00,1.00,1.00,0.00,0.00,0.00,1.00,0.00,0.00,0.00,0.00",,0.00,
free certification courses on machine learning,,10,"0.00,0.00,0.00,1.00,1.00,0.00,0.00,1.00,0.00,0.00,0.00,0.00",,0.00,
free course machine learning python,,10,"1.00,0.00,0.00,1.00,0.00,1.00,1.00,0.00,0.00,0.00,0.00,0.00",,0.00,
free machine learning course by google,,10,"0.00,1.00,0.00,1.00,0.00,1.00,0.00,1.00,1.00,0.00,0.00,0.00",,0.00,
free machine learning course coursera,,10,"0.00,1.00,1.00,0.00,1.00,1.00,1.00,1.00,0.00,1.00,0.00,1.00",,0.00,
free machine learning course google,,10,"1.00,1.00,0.00,1.00,1.00,1.00,0.00,1.00,0.00,0.00,1.00,1.00",,0.00,
free machine learning course on coursera,,10,"0.00,1.00,0.00,1.00,1.00,1.00,0.00,1.00,0.00,0.00,1.00,0.00",,0.00,
free machine learning course udemy,,10,"0.00,1.00,0.00,1.00,1.00,1.00,0.00,1.00,0.00,1.00,0.00,0.00",,0.00,
free machine learning courses online,,10,"0.60,1.00,0.20,0.80,0.00,0.00,0.20,0.00,0.00,0.60,0.00,0.00",,3.12,
free machine learning python course,,10,"0.00,1.00,1.00,1.00,0.00,1.00,1.00,1.00,0.00,1.00,0.00,1.00",,0.00,
free online course machine learning,,10,"0.33,1.00,1.00,0.00,0.00,0.00,0.00,0.00,0.00,0.00,0.00,0.00",,3.12,
free online machine learning courses,,10,"0.75,0.75,0.00,0.00,0.25,0.00,0.00,1.00,0.75,1.00,0.00,0.00",,3.12,
full stack machine learning course,,10,"1.00,1.00,0.00,1.00,1.00,1.00,0.00,1.00,1.00,0.00,1.00,0.00",,0.00,
gcp machine learning engineer training course,,10,"0.00,0.00,0.33,1.00,1.00,0.33,0.00,0.00",,0.00,
geoffrey hinton machine learning course,,10,"1.00,1.00,0.00,1.00,1.00,0.00,1.00,0.00,0.00,1.00,1.00,1.00",,3.33,
gis machine learning course,,10,"0.00,0.00,0.00,1.00,1.00,1.00,0.00,1.00,0.00,1.00,0.00,0.00",,0.00,
good machine learning course online,,10,"1.00,0.00,0.00,0.00,0.00,0.00,0.00,1.00,1.00,0.00,0.00,0.00",,0.00,
google ai and machine learning free course,,10,"1.00,1.00,1.00,1.00,1.00,1.00,0.00,1.00,0.50,0.00,1.00,0.00",,0.00,
google cloud machine learning for business professionals course,,10,"1.00,1.00",,0.00,
google developer machine learning course,,10,"1.00,0.00,1.00,1.00,0.00,1.00,1.00,1.00,1.00,1.00,0.00,0.00",,0.00,
google free certification courses machine learning,,10,"1.00,1.00,1.00,1.00,0.00,0.00,0.00,0.00,1.00,1.00,1.00,1.00",,0.00,
google free machine learning crash course,,10,"1.00,0.00,0.00,0.00,0.00,1.00,1.00,0.00,1.00,0.00,0.00,1.00",,0.00,
google machine learning and ai course,,10,"0.20,0.20,0.40,0.20,0.20,0.00,0.00,1.00,0.20,0.20,0.40,0.40",,0.00,
google machine learning course coursera,,10,"1.00,0.00,0.00,1.00,1.00,1.00,1.00,0.00,0.00,1.00,1.00,0.00",,0.00,
google machine learning course crash,,10,"0.00,1.00,0.00,0.00,0.00,0.00,0.00,1.00,1.00,0.00,1.00,1.00",,0.00,
google machine learning course review,,10,"1.00,0.00,1.00,0.00,1.00,0.00,1.00,1.00,1.00,0.00,1.00,0.00",,0.00,
google machine learning crash course download,,10,"1.00,0.00,1.00,0.00,0.00,0.00,0.00,1.00,0.00,0.00,0.00,1.00",,0.00,
google machine learning online course,,10,"1.00,0.00,0.00,0.00,0.00,1.00,0.00,0.00,1.00,0.00,1.00,0.00",,0.00,
harvard ai and machine learning course,,10,"0.00,0.00,0.00,0.00,0.00,0.00,1.00,1.00,1.00,1.00,1.00,1.00",,2.43,
harvard data science and machine learning course,,10,"0.00,0.00,0.00,0.00,0.00,0.00,0.00,1.00,1.00,1.00,0.00,1.00",,0.00,
harvard data science machine learning course,,10,"0.50,0.50,0.50,0.50,0.00,1.00,1.00,1.00,1.00,0.00,1.00,1.00",,0.00,
harvard machine learning courses,,10,"0.00,0.67,0.67,0.67,1.00,0.00,0.00,0.00,0.00,0.67,0.00,0.00",,3.07,
hinton machine learning course,,10,"1.00,0.00,1.00,0.00,1.00,1.00,0.00,1.00,0.00,0.00,1.00,0.00",,0.00,
https developers google com machine learning crash course ml intro,,10,"0.00,0.00,0.00,0.00,0.00,1.00,0.00,1.00,0.00,0.00,1.00,1.00",,0.00,
hugging face machine learning course,,10,"0.00,0.00,0.00,0.00,0.00,1.00,0.50,0.50,0.50,0.50,0.50,0.50",,3.69,
ibm free machine learning course,,10,"0.00,1.00,0.00,1.00,1.00,1.00,1.00,1.00,1.00,1.00,0.00,0.00",,0.00,
ibm machine learning course coursera,,10,"0.00,0.00,0.00,0.00,0.00,0.00,1.00,0.00,0.00,1.00,1.00,0.00",,0.00,
ibm machine learning free course,,10,"1.00,0.00,1.00,1.00,0.00,0.00,0.00,1.00,0.00,1.00,0.00,0.00",,0.00,
ibm skillsbuild university collaboration 2023 machine learning courses,,10,"0.50,1.00,0.00",,0.00,
ibm skillsbuild university collaboration machine learning course 2023,,10,"0.00,1.00,0.33",,0.00,
ibm skillsbuild university machine learning course partnership 2023,,10,"0.50,1.00,0.50",,0.00,
ibm skillsbuild university machine learning courses 2023,,10,"1.00,1.00,1.00",,0.00,
ibm skillsbuild university partnership 2023 machine learning course,,10,"1.00,0.00",,0.00,
ibm skillsbuild university partnership 2023 machine learning courses,,10,"0.50,1.00,0.00",,0.00,
iiit bangalore machine learning course fees,,10,"1.00,1.00,0.00,0.00,0.00,0.00,0.00,0.00,0.00,0.00,1.00,0.00",,0.00,
iiit hyderabad machine learning course,,10,"1.00,1.00,0.00,0.00,0.00,1.00,0.00,1.00,1.00,0.00,0.00,0.00",,0.00,
iiit machine learning course,,10,"0.00,0.00,0.00,1.00,1.00,1.00,0.00,1.00,0.00,0.00,1.00,0.00",,0.00,
iim machine learning courses,,10,"0.00,1.00,1.00,1.00,1.00,0.00,1.00,1.00,0.00,0.00,1.00,0.00",,0.00,
iit bombay machine learning course,,10,"1.00,1.00,1.00,1.00,1.00,1.00,0.00,0.00,1.00,0.00,0.00,1.00",,0.00,
iit delhi data science and machine learning course,,10,"0.00,0.00,0.00,1.00,0.00,1.00,1.00,1.00,1.00,0.00,1.00,0.00",,0.00,
iit guwahati machine learning course,,10,"1.00,1.00,1.00,1.00,1.00,1.00,0.00,0.00,1.00,0.00,0.00,0.00",,0.00,
iit kanpur machine learning course,,10,"0.00,1.00,1.00,1.00,1.00,0.00,1.00,1.00,1.00,0.00,0.00,0.00",,0.00,
iit kanpur professional certificate course in ai and machine learning,,10,"0.00,0.00,0.00,0.00,0.00,0.00,1.00,0.00,1.00,0.00,1.00,0.00",,0.00,
iit kharagpur machine learning course,,10,"0.00,0.00,1.00,1.00,1.00,0.00,0.00,1.00,0.00,0.00,0.00,0.00",,0.00,
iit machine learning course online,,10,"1.00,1.00,1.00,1.00,0.00,0.00,1.00,0.00,0.00,0.00,0.00,1.00",,0.00,
iit madras machine learning course online,,10,"1.00,0.00,1.00,1.00,0.00,0.00,1.00,0.00,1.00,0.00,0.00,1.00",,0.00,
iit madras machine learning free course,,10,"0.00,0.00,1.00,0.00,1.00,1.00,0.00,1.00,0.00,0.00,0.00,0.00",,0.00,
intro to machine learning course,,10,"0.00,0.00,0.00,0.50,0.00,0.00,0.00,1.00,0.00,1.00,0.00,0.00",,3.35,
introduction to ai and machine learning course,,10,"0.00,0.00,0.00,0.00,0.00,0.00,1.00,1.00,0.00,1.00,1.00",,0.00,
introduction to machine learning course syllabus,,10,"1.00,0.00,0.00,1.00,1.00,0.00,1.00,1.00,1.00,1.00,1.00,0.00",,0.00,
iot and machine learning course,,10,"0.00,1.00,1.00,1.00,0.00,0.00,1.00,0.00,0.00,0.00,0.00,1.00",,0.00,
is artificial intelligence and machine learning a good course,,10,"0.00,0.00,1.00,1.00,1.00,1.00,0.00,1.00,0.00,0.00,0.00,0.00",,0.00,
is coursera machine learning course free,,10,"1.00,1.00,0.00,1.00,1.00,1.00,0.00,1.00,1.00,0.00,0.00,1.00",,0.00,
is udemy machine learning course good,,10,"1.00,1.00,0.00,1.00,1.00,1.00,1.00,0.00,0.00,0.00,0.00,0.00",,0.00,
job guarantee machine learning course,,10,"0.00,0.00,0.00,1.00,1.00,0.00,0.00,0.00,0.00,1.00,0.00,0.00",,0.00,
john hopkins machine learning course,,10,"1.00,0.00,0.00,0.00,0.00,1.00,1.00,1.00,0.00,0.00,0.00,0.00",,0.00,
join machine learning course today,,10,"0.00,0.50,1.00,1.00,0.00,0.00,0.50,1.00,1.00,0.50,0.00,0.00",,0.00,
kaggle intermediate machine learning course,,10,"1.00,1.00,1.00,0.00,0.00,1.00,0.00,0.00,1.00,1.00,1.00,1.00",,3.30,
kth machine learning course,,10,"0.00,1.00,0.00,0.00,0.00,0.00,0.00,0.00,0.00,1.00,1.00,1.00",,0.00,
learning from data introductory machine learning course,,10,"1.00,1.00,1.00,1.00,1.00,1.00,1.00,1.00,0.50,0.00,0.00,0.00",,0.00,
linear algebra machine learning course,,10,"1.00,1.00,1.00,0.00,0.00,0.00,1.00,1.00,1.00,1.00,0.00,1.00",,3.19,
machine learning ai course free,,10,"0.00,0.00,0.00,0.00,0.00,0.00,0.00,1.00,1.00,0.00,1.00,1.00",,0.00,
machine learning ai courses online,,10,"1.00,1.00,1.00,1.00,1.00,1.00,1.00,1.00,0.00",,0.00,
machine learning and ai courses in bangalore,,10,"0.00,0.50,0.50,1.00,1.00,0.50,1.00,0.50,1.00,0.50,0.00,0.00",,0.00,
machine learning and ai courses in chennai,,10,"0.50,0.50,0.50,0.50,0.50,0.00,0.50,1.00,0.00,0.00",,0.00,
machine learning and ai courses online,,10,"0.00,0.50,0.50,1.00,1.00,1.00,1.00,0.00,0.50,1.00,1.00,1.00",,7.89,
machine learning and ai courses online for beginners,,10,"0.00,0.00,0.00,1.00,0.00,1.00,1.00,1.00,1.00",,0.00,
machine learning and artificial intelligence courses in bangalore,,10,"0.00,0.00,0.00,1.00,1.00,0.00,1.00,0.00,1.00,0.00,0.00,0.00",,0.00,
machine learning and artificial intelligence courses in hyderabad,,10,"0.00,1.00,0.00,1.00,0.00,1.00,0.00,0.00,0.00,1.00,0.00,1.00",,0.00,
machine learning and artificial intelligence google course,,10,"0.00,1.00,0.00,1.00,1.00,0.00,1.00,1.00,1.00,0.00,0.00,1.00",,0.00,
machine learning and data analytics course,,10,"0.00,0.00,0.50,1.00,1.00,1.00,1.00,0.00,0.00,0.00,0.00,0.00",,5.78,
machine learning and data analytics courses,,10,"0.00,1.00,0.00,1.00,0.00,1.00,1.00,0.00,1.00,0.00,1.00,1.00",,5.78,
machine learning and pattern recognition course,,10,"1.00,0.00,0.00,0.00,1.00,0.00,0.00,0.00,0.00,1.00,0.00,0.00",,0.00,
machine learning best course on udemy,,10,"0.00,0.00,0.00,1.00,0.00,0.00,0.00,0.00,0.00,1.00,1.00,1.00",,0.00,
machine learning best online course,,10,"0.00,0.00,0.00,0.00,1.00,0.00,0.00,0.00,0.00,0.00,0.00,0.00",,8.08,
machine learning c++ course,,10,"1.00,1.00,1.00,0.50,0.00,0.50,0.00,0.50,0.50,1.00,0.00,0.00",,0.00,
machine learning certificate course,,10,"0.00,0.66,0.00,0.33,0.66,1.00,0.00,0.00,0.00,0.00,0.00,0.00",,8.15,
machine learning certificate courses,,10,"0.00,0.66,0.00,0.33,0.66,1.00,0.00,0.00,0.00,0.00,0.00,0.00",,8.15,
machine learning certification course for beginners,,10,"0.00,1.00,0.00,0.00,1.00,1.00,0.00,1.00,1.00,1.00,0.00,0.00",,0.00,
machine learning certification courses,,10,"0.00,0.67,0.33,0.33,0.67,1.00,0.00,0.00,0.00,0.67,0.00,0.00",,8.15,
machine learning certified courses,,10,"0.00,0.66,0.00,0.33,0.66,1.00,0.00,0.00,0.00,0.66,0.00,0.00",,0.00,
machine learning chemistry course,,10,"1.00,0.00,0.00,1.00,0.00,0.00,1.00,0.00,1.00,0.00,0.00,1.00",,0.00,
machine learning course 2024,,10,"1.00,1.00,0.00,0.00,0.00,0.00,1.00,1.00,0.00,0.00,0.00,0.00",,0.00,
machine learning course ameerpet,,10,"0.00,1.00,0.00,1.00,0.00,0.00,1.00,1.00,0.00,1.00,1.00,0.00",,0.00,
machine learning course andrew ng free,,10,"0.00,0.00,0.00,0.00,0.00,0.00,1.00,1.00,1.00,1.00,1.00,1.00",,0.00,
machine learning course australia,,10,"0.00,0.00,1.00,1.00,0.00,1.00,0.00,0.00,0.00,0.00,0.00,0.00",,0.00,
machine learning course beginner to advanced,,10,"0.00,0.00,0.00,0.50,0.50,1.00,0.00,0.50,0.00,0.00,0.00,1.00",,0.00,
machine learning course benefits,,10,"0.00,0.00,1.00,1.00,1.00,0.00,1.00,1.00,1.00,0.00,0.00,0.00",,0.00,
machine learning course boston,,10,"0.00,0.00,1.00,0.00,0.00,1.00,1.00,0.00,1.00,0.00,1.00,0.00",,0.00,
machine learning course by andrew ng,,10,"0.50,1.00,0.50,0.50,0.00,0.50,0.00,0.00,0.00,0.00,0.00,0.00",,3.14,
machine learning course by andrew ng coursera,,10,"0.00,1.00,1.00,0.00,1.00,0.00,0.00,1.00,1.00,1.00,0.00,0.00",,0.00,
machine learning course cambridge,,10,"0.00,1.00,1.00,0.00,0.00,1.00,1.00,0.00,0.00,0.00,0.00,1.00",,0.00,
machine learning course canada,,10,"0.00,1.00,1.00,1.00,1.00,1.00,0.00,0.00,1.00,0.00,1.00,1.00",,0.00,
machine learning course content pdf,,10,"1.00,1.00,0.00,1.00,0.00,0.00,1.00,0.00,0.00,0.00,1.00,0.00",,0.00,
machine learning course datacamp,,10,"0.00,1.00,0.00,1.00,0.00,0.00,1.00,1.00,1.00,0.00,0.00,0.00",,0.00,
machine learning course details,,10,"0.00,0.00,1.00,1.00,1.00,1.00,0.00,1.00,1.00,0.00,0.00,1.00",,0.00,
machine learning course download,,10,"1.00,0.00,0.00,0.00,0.00,1.00,0.00,1.00,1.00,0.00,0.00,0.00",,0.00,
machine learning course fees in bangalore,,10,"1.00,0.00,0.00,1.00,1.00,0.00,0.00,0.00,1.00,0.00,0.00,0.00",,0.00,
machine learning course fees in chennai,,10,"1.00,0.00,1.00,1.00,0.00,0.50,0.50,0.00,0.00,0.00,0.00,0.00",,0.00,
machine learning course fees in mumbai,,10,"0.00,0.50,1.00,1.00,0.00,0.00,0.00,0.00,0.00,0.00,0.00,0.00",,0.00,
machine learning course for free,,10,"0.00,0.09,0.09,0.00,0.00,0.00,0.00,0.18,1.00,0.09,0.00,0.00",,2.46,
machine learning course for free with certificate,,10,"0.00,1.00,1.00,0.00,1.00,0.00,0.00,1.00,1.00,0.00,0.00,0.00",,0.00,
machine learning course for mechanical engineers,,10,"1.00,1.00,1.00,1.00,1.00,1.00,0.00,0.00,1.00,0.00,0.00,1.00",,0.00,
machine learning course for non technical,,10,"0.00,1.00,0.00,1.00,0.00,1.00,0.00,1.00,1.00,1.00,1.00,1.00",,0.00,
machine learning course free python,,10,"1.00,0.00,1.00,1.00,0.00,0.00,0.00,1.00,0.00,0.00,0.00,0.00",,0.00,
machine learning course free with certificate online,,10,"0.00,0.00,1.00,0.00,0.00,0.00,0.00,0.00,0.00,1.00,1.00,1.00",,0.00,
machine learning course from google,,10,"1.00,0.00,1.00,1.00,0.00,1.00,1.00,0.00,0.00,0.00,1.00,1.00",,0.00,
machine learning course from iit,,10,"1.00,0.00,1.00,1.00,1.00,0.00,0.00,0.00,0.00,0.00,0.00,1.00",,0.00,
machine learning course from stanford university,,10,"0.00,1.00,1.00,0.00,1.00,1.00,1.00,0.00,1.00,0.00,1.00,1.00",,0.00,
machine learning course germany,,10,"0.00,0.00,0.00,1.00,0.00,0.00,0.00,0.00,1.00,1.00,1.00,1.00",,0.00,
machine learning course google ai,,10,"0.00,1.00,0.00,1.00,1.00,0.00,0.00,1.00,1.00,0.00,0.00",,0.00,
machine learning course iit,,10,"1.00,1.00,1.00,1.00,0.00,1.00,0.00,1.00,1.00,0.00,0.00,0.00",,0.00,
machine learning course iit delhi,,10,"1.00,0.00,0.00,1.00,0.00,0.00,0.00,0.00,1.00,0.00,0.00,1.00",,0.00,
machine learning course iit madras,,10,"1.00,1.00,0.00,1.00,0.00,0.00,0.00,0.00,1.00,0.00,0.00,0.00",,0.00,
machine learning course in ameerpet,,10,"0.00,0.00,1.00,1.00,0.00,0.00,1.00,0.00,0.00,1.00,1.00,0.00",,0.00,
machine learning course in australia,,10,"1.00,1.00,1.00,1.00,0.00,0.00,0.00,0.00,0.00,0.00,0.00,0.00",,0.00,
machine learning course in bangladesh,,10,"1.00,0.00,0.00,1.00,0.00,1.00,0.00,0.00,0.00,0.00,1.00,0.00",,0.00,
machine learning course in canada,,10,"0.00,1.00,1.00,1.00,1.00,1.00,0.00,0.00,1.00,0.00,1.00,1.00",,0.00,
machine learning course in chandigarh,,10,"0.00,0.66,0.66,0.66,1.00,0.66,0.00,0.00,1.00,0.00,0.00,0.00",,0.00,
machine learning course in delhi,,10,"0.00,1.00,1.00,1.00,1.00,0.00,1.00,1.00,0.00,0.00,0.00,0.00",,0.00,
machine learning course in germany,,10,"0.00,1.00,0.00,1.00,0.00,1.00,1.00,0.00,1.00,1.00,1.00,1.00",,0.00,
machine learning course in hindi,,10,"0.00,1.00,0.00,1.00,0.00,0.00,1.00,1.00,1.00,1.00,1.00,0.00",,0.00,
machine learning course in hyderabad ameerpet,,10,"0.00,1.00,1.00,1.00,1.00,0.00,1.00,0.00,0.00,0.00,1.00,1.00",,0.00,
machine learning course in islamabad,,10,"0.00,0.00,1.00,0.00,0.00,0.00,0.00,0.00,0.00,1.00,1.00,0.00",,0.00,
machine learning course in marathahalli,,10,"0.00,1.00,0.00,1.00,1.00,0.00,1.00,0.00,1.00,1.00,1.00,0.00",,0.00,
machine learning course in nagpur,,10,"0.00,0.50,0.00,1.00,0.50,1.00,0.00,0.00,0.00,0.00,0.00,0.00",,0.00,
machine learning course in singapore,,10,"0.50,0.50,0.00,0.00,0.50,0.50,0.50,1.00,1.00,0.00,0.00,0.00",,0.00,
machine learning course malaysia,,10,"1.00,1.00,1.00,1.00,1.00,1.00,1.00,1.00,0.00,0.00,0.00,0.00",,0.00,
machine learning course means,,10,"0.00,1.00,0.00,1.00,0.00",,0.00,
machine learning course melbourne,,10,"1.00,1.00,1.00,1.00,1.00,1.00,1.00,0.00,0.00,0.00,0.00,0.00",,0.00,
machine learning course mit online,,10,"0.00,1.00,1.00,0.00,0.00,0.00,0.00,0.00,0.00,0.00,1.00,0.00",,0.00,
machine learning course mumbai,,10,"0.00,1.00,1.00,1.00,1.00,1.00,1.00,0.00,0.00,1.00,1.00,0.00",,0.00,
machine learning course objectives,,10,"0.00,1.00,0.00,1.00,1.00,0.00,1.00,1.00,0.00,1.00,0.00,1.00",,0.00,
machine learning course online best,,10,"0.00,0.00,0.00,1.00,0.00,0.00,1.00,1.00,0.00,1.00,0.00,0.00",,0.00,
machine learning course online with placement,,10,"0.00,0.00,0.00,1.00,1.00,0.00,0.00,1.00,1.00,0.00,0.00,0.00",,0.00,
machine learning course outcomes,,10,"1.00,1.00,1.00,1.00,1.00,1.00,0.00,0.00,0.00,1.00,0.00,0.00",,0.00,
machine learning course overview,,10,"1.00,0.00,0.00,1.00,0.00,0.00,0.00,1.00,0.00,1.00,1.00,1.00",,0.00,
machine learning course project,,10,"1.00,1.00,1.00,1.00,1.00,0.00,0.00,0.00,1.00,0.00,1.00,1.00",,0.00,
machine learning course quora,,10,"0.00,0.00,0.00,1.00,0.00,0.00,1.00,0.00,1.00,0.00,0.00,0.00",,0.00,
machine learning course review,,10,"1.00,1.00,1.00,1.00,0.00,0.00,0.00,1.00,0.00,0.00,0.00,1.00",,0.00,
machine learning course san francisco,,10,"0.00,1.00,1.00,1.00,0.00,0.00,0.00,1.00,0.00,0.00,0.00,0.00",,0.00,
machine learning course simplilearn,,10,"0.00,1.00,0.00,1.00,0.00,1.00,0.00,1.00,0.00,0.00,0.00,0.00",,0.00,
machine learning course structure,,10,"1.00,0.00,0.00,1.00,1.00,0.00,1.00,1.00,0.00,1.00,0.00,0.00",,0.00,
machine learning course subjects,,10,"1.00,0.00,1.00,1.00,1.00,0.00,0.00,0.00,0.00,0.00,0.00,0.00",,0.00,
machine learning course sydney,,10,"0.00,1.00,0.00,1.00,0.00,1.00,0.00,0.00,0.00,0.00,0.00,0.00",,0.00,
machine learning course toronto,,10,"0.00,0.00,1.00,1.00,0.00,1.00,0.00,0.00,0.00,0.00,0.00,1.00",,0.00,
machine learning course udacity,,10,"0.00,0.00,0.00,0.00,0.00,0.00,0.50,0.00,0.00,1.00,0.00,0.00",,2.33,
machine learning course udemy free,,10,"0.00,0.00,0.00,0.00,1.00,1.00,1.00,1.00,0.00,1.00,1.00,0.00",,0.00,
machine learning course university of washington,,10,"1.00,0.00,1.00,0.00,0.00,1.00,1.00,0.00,0.00,1.00,1.00,0.00",,0.00,
machine learning course using python,,10,"1.00,1.00,1.00,1.00,0.00,1.00,0.00,1.00,0.00,0.00,0.00,0.00",,0.00,
machine learning course with python,,10,"0.00,0.25,1.00,0.25,0.00,0.00,0.00,0.25,0.25,0.25,0.74,0.00",,4.52,
machine learning courses bay area,,10,"1.00,1.00,1.00,0.00,1.00,1.00,1.00,0.00,1.00,0.00,0.00,0.00",,0.00,
machine learning courses cambridge,,10,"0.00,1.00,0.00",,0.00,
machine learning courses chicago,,10,"1.00,1.00,0.00,1.00,1.00,1.00,0.00,0.00,1.00,0.00,0.00,0.00",,0.00,
machine learning courses for teenager,,10,"1.00,1.00,1.00,0.00,1.00,1.00,1.00",,0.00,
machine learning courses in australia,,10,"1.00,1.00,1.00,1.00,0.00,0.00,0.00,0.00,0.00,0.00,0.00,0.00",,0.00,
machine learning courses in germany,,10,"0.00,1.00,0.00,1.00,0.00,1.00,1.00,0.00,1.00,1.00,1.00,1.00",,0.00,
machine learning courses in usa,,10,"1.00,1.00,1.00,1.00,1.00,1.00,1.00,1.00,0.00,0.00,0.00,0.00",,0.00,
machine learning courses on coursera,,10,"1.00,1.00,1.00,0.00,0.00,0.00,0.00,1.00,1.00,1.00,1.00,1.00",,0.00,
machine learning courses toronto,,10,"0.00,0.00,1.00,1.00,0.00,1.00,0.00,0.00,0.00,0.00,0.00,1.00",,0.00,
machine learning courses udemy,,10,"0.00,0.00,0.00,0.50,0.25,0.75,0.25,0.50,0.50,1.00,0.25,0.00",,1.58,
machine learning courses uk,,10,"1.00,1.00,1.00,1.00,0.00,1.00,1.00,1.00,0.00,0.00,0.00,0.00",,0.00,
machine learning crash course 2018,,10,"1.00,1.00,0.00,1.00,1.00,1.00,0.00,1.00,0.00,0.00,1.00,0.00",,0.00,
machine learning crash course for beginners using python,,10,"0.00,0.00,0.00,1.00,0.00,1.00,1.00,0.00,0.00,0.00,0.00,0.00",,0.00,
machine learning crash course free,,10,"0.00,0.00,0.00,0.50,0.00,1.00,0.00,1.00,1.00,1.00,1.00",,0.00,
machine learning crash course from google,,10,"1.00,0.00,0.00,1.00,1.00,1.00,1.00,1.00,0.00,0.00,1.00,1.00",,0.00,
machine learning crash course google review,,10,"1.00,0.00,1.00,0.00,0.00,0.00,1.00,1.00,1.00,0.00,0.00,0.00",,0.00,
machine learning crash course mlcc google,,10,"0.00,1.00,0.00,0.00,1.00,0.00,0.00,0.00,0.00,1.00,0.00,1.00",,0.00,
machine learning crash course review,,10,"0.00,0.00,0.00,1.00,1.00,0.00,0.00,1.00,0.00,0.00,0.00,0.00",,0.00,
machine learning crash course tensorflow,,10,"0.00,1.00,1.00,1.00,1.00,1.00,1.00,0.00,0.00,0.00,0.00,0.00",,0.00,
machine learning crash course with tensorflow,,10,"0.00,0.00,0.00,1.00,1.00,1.00,0.00,0.00,0.00,0.00,1.00,0.00",,0.00,
machine learning data science course from harvard university edx,,10,"1.00,1.00,0.00,0.00,0.00,0.00,0.00,1.00,0.00,0.00,0.00,0.00",,0.00,
machine learning devops course,,10,"1.00,1.00,0.00,0.00,1.00,1.00,1.00,1.00,0.00,0.00,0.00,0.00",,0.00,
machine learning diploma course,,10,"1.00,0.00,1.00,1.00,0.00,0.00,0.00,0.00,1.00,0.00,0.00,1.00",,0.00,
machine learning drug discovery course,,10,"1.00,1.00,1.00,1.00,1.00,1.00,1.00,1.00,0.00,0.00,0.00,0.00",,0.00,
machine learning engineering course,,10,"1.00,0.60,0.40,0.20,0.20,0.20,0.00,0.20,0.00,0.00,0.00,0.00",,6.85,
machine learning for business courses,,10,"0.00,0.00,0.00,0.00,1.00,0.50,0.00,0.00,1.00,1.00,0.00,0.00",,0.00,
machine learning for chemistry course,,10,"0.00,0.00,1.00,1.00,1.00,1.00,0.00,0.00,1.00,1.00",,0.00,
machine learning for economists course,,10,"0.00,0.00,1.00,1.00,1.00,1.00,1.00,0.00,1.00,0.00,1.00,1.00",,0.00,
machine learning for life course trajectories,,10,"0.50,1.00,1.00,0.00,0.00,0.00,1.00,1.00,0.00,0.00,1.00,0.00",,0.00,
machine learning for materials science course,,10,"1.00,1.00,0.00,1.00,1.00,0.00,1.00,1.00,0.00,1.00,1.00,0.00",,0.00,
machine learning for remote sensing course,,10,"0.00,1.00,1.00,0.00,0.00,0.00,1.00,1.00,0.00,0.00,0.00,1.00",,0.00,
machine learning for wireless communications course,,10,"0.00,1.00,1.00,0.00,0.00,0.00,1.00,0.00,0.00,1.00,0.00,0.00",,0.00,
machine learning free certificate course,,10,"1.00,0.00,0.00,0.00,0.00,1.00,1.00,1.00,0.00,0.00,1.00,1.00",,0.00,
machine learning free course by google,,10,"0.00,0.00,1.00,0.50,0.50,0.50,0.00,0.50,0.00,0.00,0.00,0.00",,0.00,
machine learning free course for beginners,,10,"0.00,0.00,0.00,0.00,0.00,0.00,0.00,1.00,1.00,0.00,1.00,1.00",,0.00,
machine learning free course udemy,,10,"0.00,1.00,1.00,1.00,0.00,0.00,0.00,0.00,0.00,0.00,0.00,0.00",,0.00,
machine learning free online course udemy,,10,"1.00,1.00,0.00,1.00,1.00,1.00,0.00,0.00,0.00,0.00,0.00,0.00",,0.00,
machine learning free online courses with certificate,,10,"1.00,1.00,1.00,1.00,1.00,0.00,1.00,1.00,0.00,1.00,0.00,0.00",,0.00,
machine learning full course in hindi,,10,"0.00,0.00,1.00,0.00,0.00,0.00,0.00,1.00,1.00,1.00,1.00,0.00",,0.00,
machine learning full course simplilearn,,10,"0.00,1.00,1.00,1.00,0.00,0.00,0.00,0.00,0.00,0.00,0.00,0.00",,0.00,
machine learning full time course,,10,"0.00,1.00,1.00,1.00,1.00,1.00,0.00,1.00,0.00,1.00,0.00,0.00",,0.00,
machine learning google free course,,10,"0.00,0.00,0.50,0.50,0.00,0.00,0.00,1.00,1.00,0.00,1.00,0.00",,0.00,
machine learning image processing course,,10,"1.00,1.00,0.00,0.00,0.00,1.00,1.00,0.00,0.00,0.00,0.00,0.00",,0.00,
machine learning in chemistry course,,10,"0.00,1.00,0.00,1.00,1.00,0.00,1.00,0.00,1.00,0.00,1.00,1.00",,0.00,
machine learning in finance courses,,10,"1.00,1.00,1.00,1.00,0.00,0.00,0.00,1.00,1.00,0.00,0.00,0.00",,0.00,
machine learning in hindi course,,10,"0.00,1.00,1.00,0.00,0.00,0.00,0.00,1.00,0.00,0.00,0.00,0.00",,0.00,
machine learning intensive course,,10,"1.00,1.00,1.00,1.00,0.00,1.00,0.00,0.00,0.00,1.00,0.00,1.00",,0.00,
machine learning iot course,,10,"0.00,0.00,1.00,1.00,0.00,0.00,0.00,1.00,0.00,0.00,0.00,0.00",,0.00,
machine learning master course,,10,"0.00,1.00,1.00,1.00,1.00,0.00,1.00,0.00,0.00,0.00,1.00,1.00",,0.00,
machine learning medicine course,,10,"0.00,1.00,0.00,1.00,0.00,1.00,1.00,0.00,1.00,1.00,1.00,1.00",,0.00,
machine learning mit online course,,10,"0.00,0.00,0.00,0.00,1.00,0.00,1.00,0.00,0.00,1.00,1.00,1.00",,0.00,
machine learning model deployment course,,10,"1.00,1.00,1.00,1.00,0.00,1.00,0.00,0.00,0.00,0.00,0.00,0.00",,0.00,
machine learning offline course,,10,"0.00,0.00,1.00,1.00,0.00,0.00,0.00,1.00,0.00,1.00,0.00,0.00",,0.00,
machine learning on google cloud course,,10,"1.00,0.00,1.00,0.00,1.00,1.00,1.00,1.00,1.00,0.00,1.00,0.00",,0.00,
machine learning online course coursera,,10,"0.00,0.00,0.00,1.00,0.00,0.00,1.00,0.00,0.00,1.00,0.00,0.00",,0.00,
machine learning online course hyderabad,,10,"1.00,0.00,0.00,1.00,0.00,0.00,0.00,0.00,1.00,0.00,0.00,0.00",,0.00,
machine learning online course mit,,10,"0.00,1.00,1.00,1.00,0.00,1.00,0.00,1.00,0.00,1.00,0.00,1.00",,0.00,
machine learning online course udemy,,10,"0.00,0.00,0.00,1.00,0.00,1.00,0.00,1.00,1.00,0.00,0.00,1.00",,0.00,
machine learning online course with certificate free,,10,"1.00,1.00,0.00,1.00,1.00,0.00,0.00,1.00,1.00,0.00,1.00,1.00",,0.00,
machine learning online training course,,10,"0.00,1.00,0.00,0.00,1.00,0.00,0.00,0.00,0.00,0.00,1.00,0.00",,0.00,
machine learning part time course,,10,"0.00,0.00,0.00,0.00,1.00,1.00,1.00,1.00,0.00,1.00,0.00,0.00",,0.00,
machine learning postgraduate courses,,10,"0.00,0.00,1.00,1.00,0.00,1.00,0.00,1.00,1.00,0.00,1.00,1.00",,0.00,
machine learning practical applications online certificate course,,10,"1.00,0.00,0.00,1.00,1.00,1.00,1.00,1.00,1.00,0.00,1.00,0.00",,0.00,
machine learning professional course,,10,"0.00,1.00,1.00,0.00,0.50,0.00,0.00,0.00,0.00,0.00,0.00,1.00",,0.00,
machine learning python course online,,10,"0.00,0.00,0.00,0.00,1.00,1.00,0.00,1.00,0.00,0.00,0.00,0.00",,3.45,
machine learning python course udemy,,10,"1.00,0.00,0.00,0.00,1.00,0.00,0.00,1.00,0.00,0.00,0.50,1.00",,0.00,
machine learning r course,,10,"0.00,0.50,0.50,0.00,0.00,0.00,0.00,0.50,1.00,0.00,0.50,0.00",,3.50,
machine learning related courses,,10,"0.00,0.00,1.00,1.00,0.00,0.00,0.00,0.00,0.00,1.00,0.00,1.00",,0.00,
machine learning remote sensing course,,10,"1.00,0.00,1.00,1.00,0.00,0.00,0.00,0.00,0.00,0.00,0.00,0.00",,0.00,
machine learning robotics course,,10,"1.00,1.00,1.00,1.00,1.00,1.00,1.00,0.00,0.00,0.00,0.00,1.00",,0.00,
machine learning short course london,,10,"0.00,0.00,1.00,1.00,0.00,0.00,0.00,0.00,0.00,0.00,1.00,0.00",,0.00,
machine learning short term course,,10,"1.00,1.00,1.00,1.00,1.00,1.00,1.00,0.00,1.00,0.00,0.00,0.00",,0.00,
machine learning specialist course,,10,"0.00,0.00,1.00,1.00,0.00,0.00,0.00,0.00,1.00,0.00,1.00,0.00",,0.00,
machine learning specialization course,,10,"0.00,0.00,0.00,1.00,0.00,0.00,0.00,0.00,0.00,0.00,0.00,0.00",,5.48,
machine learning specialization free course,,10,"0.00,0.50,0.50,1.00,1.00,0.00,1.00,1.00,1.00,1.00,1.00,1.00",,0.00,
machine learning stanford university course,,10,"1.00,0.00,1.00,0.00,0.00,1.00,1.00,1.00,1.00,1.00,0.00,1.00",,0.00,
machine learning systems cmu course review,,10,1.00,,0.00,
machine learning testing course,,10,"0.00,1.00,0.50,1.00,1.00,1.00,0.00,0.00,1.00,1.00,0.00,0.00",,0.00,
machine learning top courses,,10,"1.00,1.00,1.00,1.00,0.00,1.00,1.00,0.00,1.00,0.00,1.00,0.00",,0.00,
machine learning using python free course,,10,"0.00,1.00,0.00,1.00,0.00,1.00,0.00,1.00,0.00,0.00,0.00,0.00",,0.00,
machine learning using python is basic or advance course,,10,"0.00,0.00,0.00,0.00,0.00,0.00,0.00,0.20,1.00,0.40,0.00,0.00",,0.00,
machine learning weekend course,,10,"1.00,0.00,1.00,1.00,0.00,1.00,0.00,0.00,0.00,1.00,0.00,0.00",,0.00,
machine learning with databricks course,,10,"0.00,0.00,0.00,0.00,0.50,0.00,0.00,0.00,1.00,1.00,1.00,1.00",,4.35,
machine learning with graphs course,,10,"1.00,1.00,0.00,1.00,0.00,0.00,1.00,0.00,1.00,1.00,1.00,1.00",,0.00,
machine learning with python complete course for beginners,,10,"0.00,0.00,1.00,1.00,1.00,1.00,1.00,1.00,1.00,0.00,0.00,0.00",,0.00,
machine learning with python course free,,10,"0.00,1.00,1.00,1.00,0.00,0.00,0.00,1.00,1.00,0.00,1.00,1.00",,0.00,
machine learning with python courses,,10,"1.00,0.60,0.00,0.00,0.00,0.00,0.00,0.00,0.00,0.00,0.20,0.00",,4.52,
machine learning with python free course with certificate,,10,"0.00,0.00,1.00,1.00,1.00,0.00,0.00,0.00,0.00,1.00,1.00,0.00",,0.00,
machine learning with python free online course,,10,"1.00,0.00,0.00,1.00,1.00,0.00,0.00,1.00,1.00,0.00,0.00,0.00",,0.00,
machine learning with python mit course,,10,"0.00,0.00,1.00,0.00,1.00,0.00,0.00,1.00,1.00,0.00,1.00,0.00",,0.00,
make money with machine learning course,,10,"1.00,1.00,0.00,1.00,1.00,1.00,1.00,1.00,0.00,1.00,0.00,0.00",,0.00,
marketing and machine learning courses,,10,"0.00,0.33,0.33,0.33,0.00,0.00,0.33,0.00,1.00,0.33,0.00,0.33",,0.00,
mathematics for machine learning course free,,10,"0.00,0.00,0.00,0.00,0.00,0.00,0.00,1.00,1.00,0.00,1.00,1.00",,0.00,
mathematics for machine learning full course,,10,"0.00,1.00,0.00,0.00,1.00,0.00,0.00,1.00,1.00,0.00,0.00,0.00",,0.00,
mathworks machine learning course,,10,"0.00,0.00,1.00,1.00,0.00,1.00,0.00,0.00,1.00,1.00,0.00,0.00",,0.00,
mcgill machine learning courses,,10,"0.00,1.00,0.00,0.00,0.00,1.00,0.00,0.00,1.00,1.00,0.00,1.00",,0.00,
microsoft machine learning course github,,10,"1.00,1.00,0.00,1.00,1.00,0.00,1.00,0.00,0.00,1.00,1.00,1.00",,0.00,
microsoft machine learning free course,,10,"1.00,1.00,1.00,1.00,1.00,0.00,0.00,1.00,1.00,0.00,1.00,0.00",,0.00,
mit course machine learning,,10,"0.42,0.00,0.00,0.00,0.57,0.14,0.00,0.00,0.00,0.00,1.00,0.00",,3.61,
mit machine learning course online free,,10,"1.00,0.00,0.00,1.00,1.00,0.00,1.00,1.00,1.00,1.00,0.00,1.00",,0.00,
mit machine learning course review,,10,"1.00,0.00,1.00,1.00,1.00,1.00,1.00,1.00,0.00,0.00,0.00,0.00",,0.00,
mit sloan machine learning course,,10,"0.00,1.00,1.00,1.00,1.00,0.00,0.00,0.00,1.00,0.00,1.00,0.00",,0.00,
mooc courses machine learning,,10,"0.00,1.00,0.00,0.00,0.00,0.00,1.00,0.00,0.00,0.00,0.00,1.00",,0.00,
niit machine learning course,,10,"0.00,1.00,0.00,1.00,0.00,0.00,1.00,1.00,1.00,1.00,1.00,1.00",,0.00,
no code ai and machine learning course,,10,"0.00,0.00,0.33,0.66,0.66,0.66,0.66,1.00,1.00,0.66,0.00,0.00",,0.00,
no-code ai and machine learning course,,10,"1.00,1.00,1.00,0.50,0.50,0.50,0.50,0.00,0.50,0.50,1.00,0.00",,0.00,
no-code ai and machine learning course free,,10,"1.00,1.00,1.00,0.00,0.00,0.00,1.00,0.00,0.00,0.00,1.00,0.00",,0.00,
nptel course on machine learning,,10,"0.00,0.00,1.00,1.00,0.00,1.00,1.00,1.00,0.00,1.00,0.00,0.00",,0.00,
ntu machine learning course,,10,"1.00,1.00,1.00,1.00,0.00,0.00,0.00,0.00,0.00,0.00,0.00,0.00",,0.00,
nus machine learning course,,10,"0.00,1.00,1.00,1.00,0.00,0.00,1.00,0.00,0.00,0.00,0.00,0.00",,0.00,
nvidia free machine learning course,,10,"0.00,0.00,0.00,0.00,0.00,1.00,1.00,1.00,1.00,1.00,1.00,1.00",,0.00,
nvidia machine learning courses,,10,"1.00,1.00,1.00,1.00,1.00,0.00,0.00,0.00,0.00,0.00,0.00,0.00",,2.58,
omscs machine learning course plan,,10,"1.00,1.00,0.00,0.00,1.00,0.00,1.00,1.00,1.00,1.00,0.00,1.00",,0.00,
online ai and machine learning courses,,10,"0.00,0.33,0.33,0.33,0.33,0.66,0.33,0.33,0.66,0.66,1.00,1.00",,6.69,
online course machine learning python,,10,"0.00,1.00,0.00,0.00,0.00,0.00,0.00,0.00,0.00,1.00,1.00,0.00",,0.00,
online courses ai machine learning for battery manufacturing process engineering,,10,"1.00,0.00",,0.00,
online courses in machine learning,,10,"0.00,0.14,0.00,0.00,0.00,1.00,0.00,0.00,0.00,0.00,0.00,0.14",,7.06,
online courses on ai and machine learning,,10,"0.00,0.00,0.14,0.14,0.14,0.14,0.14,0.14,1.00,0.14,0.28,0.14",,0.00,
online machine learning course stanford,,10,"1.00,0.00,0.00,0.00,0.00,0.00,0.00,0.00,1.00,0.00,1.00,0.00",,4.29,
online python machine learning course,,10,"1.00,1.00,1.00,1.00,0.00,0.00,1.00,0.00,1.00,0.00,1.00,0.00",,0.00,
optimization course for machine learning,,10,"0.00,0.00,1.00,1.00,0.00,0.00,1.00,0.00,0.00,0.00,0.00,1.00",,0.00,
oracle machine learning course,,10,"0.00,1.00,1.00,1.00,0.00,1.00,0.00,1.00,1.00,1.00,0.00,1.00",,0.00,
penn state machine learning course,,10,"1.00,1.00,0.00,1.00,1.00,1.00,1.00,0.00,1.00,0.00,1.00,0.00",,0.00,
pg courses in machine learning,,10,"1.00,1.00,1.00,1.00,1.00,1.00,1.00,0.00,1.00,0.00,0.00,0.00",,0.00,
postgraduate courses in machine learning,,10,"1.00,1.00,1.00,1.00,1.00,1.00,1.00,0.00,1.00,0.00,0.00,0.00",,0.00,
practical machine learning course project,,10,"1.00,1.00,1.00,1.00,1.00,1.00,0.00,0.00,0.00,0.00,1.00,0.00",,0.00,
practical machine learning course project prediction quiz,,10,"0.00,1.00,0.00,0.00,0.00,0.00,0.00,1.00,0.00,0.00,0.00,1.00",,0.00,
prerequisite for machine learning course,,10,"1.00,0.00,1.00,1.00,1.00,1.00,0.00,0.00,0.00,0.00,0.00,0.00",,0.00,
probability for machine learning course,,10,"1.00,1.00,1.00,1.00,0.00,1.00,1.00,0.00,0.00,1.00,0.00,0.00",,0.00,
professional certificate course in genai & machine learning iit kanpur,,10,"0.00,0.00,0.28,0.00,1.00,0.28,0.28,0.28,0.28,0.00,0.00,0.00",,0.00,
python ai machine learning course,,10,"0.00,0.00,0.00,1.00,1.00,1.00,1.00,1.00,0.00,0.00,1.00,0.00",,0.00,
python and machine learning course near me,,10,"0.00,0.00,1.00,1.00,0.00,0.00,0.00,1.00,0.00,1.00,0.00,0.00",,0.00,
python course for machine learning,,10,"0.00,1.00,0.00,0.00,0.00,0.00,0.00,0.00,0.00,0.00,0.00,0.00",,4.52,
python for data science and machine learning free course,,10,"0.00,0.00,1.00,1.00,0.00,1.00,1.00,1.00,0.00,1.00,1.00,1.00",,0.00,
python for machine learning course,,10,"0.50,0.50,0.50,1.00,0.00,0.50,0.50,0.50,1.00,0.00,0.50,0.00",,5.26,
python for machine learning course free,,10,"1.00,1.00,0.00,0.00,0.00,1.00,1.00,0.00,1.00,1.00,0.00,1.00",,0.00,
python for machine learning online course,,10,"0.00,1.00,1.00,1.00,0.00,1.00,1.00,0.00,0.00,1.00,1.00,0.00",,0.00,
python machine learning course online,,10,"0.00,0.50,0.00,0.00,1.00,1.00,0.00,1.00,0.00,0.00,0.00,0.00",,3.45,
python machine learning course udemy,,10,"1.00,0.00,1.00,1.00,0.00,0.00,1.00,1.00,1.00,1.00,0.50,1.00",,0.00,
quantum computing and machine learning course,,10,"1.00,1.00,1.00,1.00,0.00,0.00,0.00,1.00,1.00,1.00,0.00,0.00",,0.00,
quantum machine learning courses,,10,"0.00,1.00,0.00,0.00,0.50,0.00,0.00,0.50,1.00,0.00,0.00,0.50",,2.69,
requirements for machine learning course,,10,"1.00,0.00,0.00,0.00,0.00,1.00,1.00,0.00,0.00,0.00,0.00,0.00",,0.00,
rpi machine learning open source course,,10,"1.00,0.00",,0.00,
sap machine learning course,,10,"1.00,1.00,0.00,1.00,0.00,0.00,0.00,0.00,1.00,1.00,0.00,0.00",,0.00,
sas machine learning course,,10,"1.00,1.00,0.00,1.00,1.00,1.00,0.00,1.00,0.00,1.00,1.00,0.00",,0.00,
smu machine learning course,,10,"0.00,1.00,1.00,1.00,1.00,0.00,0.00,0.00,1.00,0.00,1.00,1.00",,0.00,
spark machine learning course,,10,"1.00,0.00,1.00,1.00,1.00,0.00,0.00,0.00,1.00,0.00,0.00,0.00",,0.00,
stanford course machine learning,,10,"0.00,0.09,0.00,0.00,1.00,0.00,0.00,0.00,0.00,0.00,0.18,0.00",,3.39,
stanford cs machine learning courses,,10,"1.00,0.00",,0.00,
stanford free machine learning online course,,10,"0.00,0.00,0.00,0.00,0.00,1.00,0.00,1.00,1.00,0.00,1.00,0.00",,0.00,
stanford machine learning course review,,10,"1.00,0.00,0.00,0.00,0.00,0.00,1.00,1.00,0.00,0.00,0.00,0.00",,0.00,
stanford machine learning specialization course,,10,"0.00,0.00,0.00,0.00,0.00,0.00,1.00,0.50,1.00,1.00,1.00,1.00",,2.98,
stanford university online courses machine learning,,10,"1.00,0.00,1.00,1.00,1.00,1.00,1.00,0.00,0.00,1.00,0.00,0.00",,0.00,
sundog-education/aws-certified-machine-learning-course-materials,,10,"1.00,1.00,1.00,0.00,0.00,0.00,0.00,0.00,0.00,0.00,1.00,0.00",,0.00,
tensorflow machine learning crash course,,10,"1.00,1.00,0.00,1.00,0.00,0.00,0.00,0.00,0.00,0.00,0.00,0.00",,0.00,
the best machine learning course online,,10,"0.00,1.00,0.00,1.00,1.00,1.00,0.00,1.00,0.00,0.00,0.00,0.00",,0.00,
the complete machine learning course with python udemy,,10,"0.00,0.00,0.00,0.00,0.00,1.00,0.00,1.00,0.00,0.00,1.00,1.00",,0.00,
tiny machine learning course,,10,"0.00,1.00,0.00,1.00,1.00,1.00,0.00,1.00,0.00,1.00,1.00,0.00",,0.00,
tom mitchell machine learning course,,10,"0.00,1.00,0.00,0.00,1.00,1.00,0.00,1.00,0.00,1.00,1.00,0.00",,0.00,
top 5 machine learning courses,,10,"1.00,1.00,1.00,1.00,0.00,0.00,1.00,0.00,1.00,0.00,0.00,0.00",,0.00,
top machine learning courses on coursera,,10,"1.00,0.00,1.00,1.00,1.00,1.00,0.00,0.00,1.00,1.00,1.00,0.00",,0.00,
top online courses for machine learning,,10,"1.00,1.00,0.00,1.00,0.00,1.00,1.00,1.00,1.00,0.00,1.00,0.00",,0.00,
uc berkeley machine learning online course,,10,"1.00,1.00,1.00,0.00,1.00,0.00,0.00,0.00,1.00,1.00,1.00,1.00",,0.00,
ucsd machine learning courses,,10,"0.50,1.00,0.50,0.00,0.00,0.50,0.50,0.50,0.50,1.00,0.50,1.00",,2.50,
udacity free courses machine learning,,10,"0.00,1.00,1.00,1.00,0.00,0.00,1.00,1.00,0.00,1.00,0.00,0.00",,0.00,
udacity free machine learning course,,10,"0.00,1.00,1.00,1.00,0.00,0.00,1.00,1.00,0.00,1.00,0.00,0.00",,0.00,
udacity machine learning courses,,10,"0.00,0.75,0.00,0.00,0.00,0.00,0.00,0.00,0.00,1.00,0.00,0.00",,2.33,
udacity machine learning free course,,10,"0.00,1.00,1.00,1.00,0.00,0.00,1.00,1.00,0.00,1.00,0.00,0.00",,0.00,
udemy best machine learning course,,10,"1.00,0.00,0.00,0.50,0.50,1.00,0.50,0.50,1.00,1.00,0.50,0.00",,2.02,
udemy course machine learning,,10,"0.00,0.00,0.00,0.25,0.00,0.75,0.00,0.00,0.25,1.00,0.25,0.00",,1.58,
udemy free courses machine learning,,10,"0.00,0.00,1.00,1.00,1.00,1.00,1.00,1.00,1.00,0.00,0.00,0.00",,0.00,
udemy machine learning course andrew ng equivalent,,10,"1.00,0.00",,0.00,
udemy machine learning course free,,10,"1.00,1.00,1.00,1.00,0.00,1.00,1.00,0.00,1.00,0.00,0.00,1.00",,0.00,
udemy machine learning course free download,,10,"1.00,0.00,1.00,0.00,0.00,0.00,0.00,1.00,0.00,0.00,1.00,0.00",,0.00,
udemy machine learning free courses,,10,"0.00,0.00,0.00,1.00,1.00,1.00,1.00,0.00,1.00,0.00,1.00,1.00",,0.00,
udemy python machine learning course,,10,"0.00,1.00,1.00,1.00,0.00,1.00,1.00,1.00,1.00,1.00,0.00,0.00",,0.00,
uoft machine learning courses,,10,"1.00,0.00,1.00,1.00,0.00,1.00,1.00,1.00,1.00,1.00,0.00,0.00",,0.00,
upgrad machine learning course,,10,"0.00,1.00,1.00,1.00,0.00,0.00,1.00,1.00,1.00,0.00,0.00,0.00",,0.00,
upgrad machine learning course fees,,10,"1.00,0.00,0.00,0.00,0.00,0.00,0.00,0.00,1.00,0.00,1.00,0.00",,0.00,
upgrad machine learning course review,,10,"0.00,0.00,0.00,0.00,1.00,0.00,0.00,1.00,1.00,0.00,0.00,0.00",,0.00,
waterloo machine learning course,,10,"0.00,1.00,0.00,0.00,0.00,0.00,0.00,0.00,0.00,1.00,1.00,1.00",,0.00,
what is ai and machine learning courses,,10,"1.00,0.50,0.50,0.50,1.00,0.00,0.50,1.00,1.00,1.00,1.00,1.00",,0.00,
what is artificial intelligence and machine learning courses,,10,"1.00,0.00,0.00,1.00,0.00,1.00,0.00,1.00,0.00,0.00,0.00,0.00",,0.00,
what is the best course for machine learning,,10,"1.00,1.00,1.00,1.00,0.00,1.00,1.00,0.00,1.00,0.00,1.00,0.00",,0.00,
what is the best online course for machine learning,,10,"0.00,0.00,0.00,1.00,0.00,1.00,0.00,0.00,0.00,0.00,1.00,0.00",,0.00,
which are the best online courses for machine learning,,10,"0.00,0.00,0.50,0.50,1.00",,0.00,
which course is best for ai and machine learning,,10,"0.00,1.00,0.00,1.00,0.00,1.00,0.00,1.00,0.00,0.00,1.00,1.00",,0.00,
which is the best course for machine learning,,10,"0.00,0.00,0.00,0.00,0.00,0.00,0.00,0.66,0.66,0.00,0.33,1.00",,0.00,
which online course is best for machine learning,,10,"0.00,0.00,0.00,0.00,0.00,0.00,0.00,0.00,0.00,0.33,1.00,1.00",,0.00,
who can do machine learning course,,10,"0.00,0.00,1.00,0.00,1.00,0.00,0.00,1.00,0.00,1.00,0.00,1.00",,0.00,
yandex machine learning course,,10,"0.00,0.00,0.00,1.00,0.00,1.00,1.00,0.00,0.00,0.00,0.00,1.00",,0.00,
+machine +learning +course,,0,"0.00,0.00,0.00,0.00,0.00,0.00,0.00,0.00,0.00,0.00,0.00,0.00",,0.00,
+machine +learning +courses,,0,"0.00,0.00,0.00,0.00,0.00,0.00,0.00,0.00,0.00,0.00,0.00,0.00",,0.00,
+machine +learning +online +courses,,0,"0.00,0.00,0.00,0.00,0.00,0.00,0.00,0.00,0.00,0.00,0.00,0.00",,0.00,
+online +courses +for +machine +learning,,0,"0.00,0.00,0.00,0.00,0.00,0.00,0.00,0.00,0.00,0.00,0.00,0.00",,0.00,
+online +courses +machine +learning,,0,"0.00,0.00,0.00,0.00,0.00,0.00,0.00,0.00,0.00,0.00,0.00,0.00",,0.00,
1 year course machine learning,,0,"0.00,0.00,0.00,0.00,0.00,0.00,0.00,0.00,0.00,0.00,0.00,0.00",,0.00,
10 best machine learning & deep learning courses,,0,"0.00,0.00,0.00,0.00,0.00,0.00,0.00,0.00,0.00,0.00,0.00,0.00",,0.00,
10 best machine learning & deep learning courses 2018 updated,,0,"0.00,0.00,0.00,0.00,0.00,0.00,0.00,0.00,0.00,0.00,0.00,0.00",,0.00,
13 free training courses on machine learning and artificial intelligence,,0,"0.00,0.00,0.00,0.00,0.00,0.00,0.00,0.00,0.00,0.00,0.00,0.00",,0.00,
15 hour r machine learning course r bloggers,,0,"0.00,0.00,0.00,0.00,0.00,0.00,0.00,0.00,0.00,0.00,0.00,0.00",,0.00,
184 applied machine learning course description,,0,"0.00,0.00,0.00,0.00,0.00,0.00,0.00,0.00,0.00,0.00,0.00,0.00",,0.00,
22 courses in 1 become a superhuman learning machine,,0,"0.00,0.00,0.00,0.00,0.00,0.00,0.00,0.00,0.00,0.00,0.00,0.00",,0.00,
3 day training course machine learning november 23,,0,"0.00,0.00,0.00,0.00,0.00,0.00,0.00,0.00,0.00,0.00,0.00,0.00",,0.00,
4geeks academy data science and machine learning course,,0,"0.00,0.00,0.00,0.00,0.00,0.00,0.00,0.00,1.00,1.00,0.00,0.00",,0.00,
4geeks academy data science and machine learning course.,,0,"0.00,0.00,0.00,0.00,0.00,0.00,0.00,0.00,0.00,0.00,0.00,0.00",,0.00,
8 course machine learning,,0,"0.00,0.00,0.00,0.00,0.00,0.00,0.00,0.00,0.00,0.00,0.00,0.00",,0.00,
[author] complete 2020 data science & machine learning bootcamp course,,0,"0.00,0.00,0.00,0.00,0.00,0.00,0.00,0.00,0.00,0.00,0.00,0.00",,0.00,
[author] complete 2022 data science & machine learning bootcamp course,,0,"0.00,0.00,0.00,0.00,0.00,0.00,0.00,0.00,0.00,0.00,0.00,0.00",,0.00,
[author] complete machine learning & data science bootcamp 2021 course,,0,"0.00,0.00,0.00,0.00,0.00,0.00,0.00,0.00,0.00,0.00,0.00,0.00",,0.00,
[author] complete machine learning & data science bootcamp 2022 course,,0,"0.00,0.00,0.00,0.00,0.00,0.00,0.00,0.00,0.00,0.00,0.00,0.00",,0.00,
[author] data science and machine learning bootcamp with r course,,0,"0.00,0.00,0.00,0.00,0.00,0.00,0.00,0.00,0.00,0.00,0.00,0.00",,0.00,
[author] deployment of machine learning models course,,0,"0.00,0.00,0.00,0.00,0.00,0.00,0.00,0.00,0.00,0.00,0.00,0.00",,0.00,
[author] dp-100: a-z machine learning using azure machine learning course,,0,"0.00,0.00,0.00,0.00,0.00,0.00,0.00,0.00,0.00,0.00,0.00,0.00",,0.00,
[author] machine learning deep learning model deployment course,,0,"0.00,0.00,0.00,0.00,0.00,0.00,0.00,0.00,0.00,0.00,0.00,0.00",,0.00,
[author] python for data science and machine learning bootcamp course,,0,"0.00,1.00,0.00,0.00,0.00,0.00,0.00,0.00,0.00,0.00,0.00,0.00",,0.00,
a basic course in machine learning for all,,0,"0.00,0.00,0.00,0.00,0.00,0.00,0.00,0.00,0.00,0.00,0.00,0.00",,0.00,
a basic course on machine learning,,0,"0.00,0.00,0.00,0.00,0.00,0.00,0.00,0.00,0.00,0.00,0.00,0.00",,0.00,
a course in machine learning amazon,,0,"0.00,1.00,0.00,0.00,0.00,0.00,0.00,0.00,1.00,0.00,0.00,0.00",,0.00,
a course in machine learning book,,0,"0.00,0.00,0.00,0.00,0.00,0.00,0.00,0.00,0.00,0.00,0.00,0.00",,0.00,
a course in machine learning by daume,,0,"0.00,0.00,0.00,0.00,0.00,0.00,0.00,0.00,0.00,0.00,0.00,0.00",,0.00,
a course in machine learning by hal daumé,,0,"0.00,0.00,0.00,0.00,0.00,0.00,0.00,0.00,0.00,0.00,0.00,0.00",,0.00,
a course in machine learning by hal daumé iii amazon,,0,"0.00,0.00,0.00,0.00,0.00,0.00,0.00,0.00,0.00,0.00,0.00,0.00",,0.00,
a course in machine learning ciml,,0,"0.00,0.00,0.00,0.00,0.00,0.00,0.00,0.00,0.00,0.00,0.00,0.00",,0.00,
a course in machine learning ciml info,,0,"0.00,0.00,0.00,0.00,0.00,0.00,0.00,0.00,0.00,0.00,0.00,0.00",,0.00,
a course in machine learning daume pdf,,0,"0.00,0.00,0.00,0.00,0.00,0.00,0.00,0.00,0.00,0.00,0.00,0.00",,0.00,
a course in machine learning duame,,0,"0.00,0.00,0.00,0.00,0.00,0.00,0.00,0.00,0.00,0.00,0.00,0.00",,0.00,
a course in machine learning github,,0,"0.00,0.00,0.00,0.00,0.00,0.00,0.00,0.00,0.00,0.00,0.00,0.00",,0.00,
a course in machine learning hal,,0,"0.00,0.00,0.00,0.00,0.00,0.00,0.00,0.00,0.00,0.00,0.00,0.00",,0.00,
a course in machine learning hal daumé iii 2017,,0,"0.00,0.00,0.00,0.00,0.00,0.00,0.00,0.00,0.00,0.00,0.00,0.00",,0.00,
a course in machine learning hal daumé iii amazon,,0,"0.00,0.00,0.00,0.00,0.00,0.00,0.00,0.00,0.00,0.00,0.00,0.00",,0.00,
a course in machine learning hal daumé iii pdf,,0,"0.00,0.00,0.00,0.00,0.00,0.00,0.00,0.00,0.00,0.00,0.00,0.00",,0.00,
a course in machine learning hal dume,,0,"0.00,0.00,0.00,0.00,0.00,0.00,0.00,0.00,0.00,0.00,0.00,0.00",,0.00,
a course in machine learning pdf ciml,,0,"0.00,0.00,0.00,0.00,0.00,0.00,0.00,0.00,0.00,0.00,0.00,0.00",,0.00,
a course in machine learning review,,0,"0.00,0.00,0.00,0.00,0.00,0.00,0.00,0.00,0.00,0.00,0.00,0.00",,0.00,
a first course in machine learning 2nd ed,,0,"0.00,0.00,0.00,0.00,0.00,0.00,0.00,0.00,0.00,0.00,0.00,0.00",,0.00,
a first course in machine learning 2nd ed pdf,,0,"0.00,0.00,0.00,0.00,0.00,0.00,0.00,0.00,0.00,0.00,0.00,0.00",,0.00,
a first course in machine learning amazon,,0,"0.00,0.00,0.00,0.00,0.00,0.00,0.00,0.00,0.00,0.00,0.00,0.00",,0.00,
a first course in machine learning by simon rogers,,0,"0.00,0.00,0.00,0.00,0.00,0.00,0.00,0.00,0.00,0.00,0.00,0.00",,0.00,
a first course in machine learning by simon rogers &amp,,0,"0.00,0.00,0.00,0.00,0.00,0.00,0.00,0.00,0.00,0.00,0.00,0.00",,0.00,
a first course in machine learning by simon rogers pdf,,0,"0.00,0.00,0.00,0.00,0.00,0.00,0.00,0.00,0.00,0.00,0.00,0.00",,0.00,
a first course in machine learning chapman & hall,,0,"0.00,0.00,0.00,0.00,0.00,0.00,0.00,0.00,0.00,0.00,0.00,0.00",,0.00,
a first course in machine learning code,,0,"0.00,0.00,0.00,0.00,0.00,0.00,0.00,0.00,0.00,0.00,0.00,0.00",,0.00,
a first course in machine learning crc,,0,"0.00,0.00,0.00,0.00,0.00,0.00,0.00,0.00,0.00,0.00,0.00,0.00",,0.00,
a first course in machine learning download,,0,"0.00,0.00,0.00,0.00,0.00,0.00,0.00,0.00,0.00,0.00,0.00,0.00",,0.00,
a first course in machine learning ebook,,0,"0.00,0.00,0.00,0.00,0.00,0.00,0.00,0.00,0.00,0.00,0.00,0.00",,0.00,
a first course in machine learning errata,,0,"0.00,0.00,0.00,0.00,0.00,0.00,0.00,0.00,0.00,0.00,0.00,0.00",,0.00,
a first course in machine learning exercise solutions,,0,"0.00,0.00,0.00,0.00,0.00,0.00,0.00,0.00,0.00,0.00,0.00,0.00",,0.00,
a first course in machine learning exercises,,0,"0.00,0.00,0.00,0.00,0.00,0.00,0.00,0.00,0.00,0.00,0.00,0.00",,0.00,
a first course in machine learning free pdf,,0,"0.00,0.00,0.00,0.00,0.00,0.00,0.00,0.00,0.00,0.00,0.00,0.00",,0.00,
a first course in machine learning girolami,,0,"0.00,0.00,0.00,0.00,0.00,0.00,0.00,0.00,0.00,0.00,0.00,0.00",,0.00,
a first course in machine learning github,,0,"0.00,0.00,0.00,0.00,0.00,0.00,0.00,0.00,1.00,0.00,0.00,0.00",,0.00,
a first course in machine learning matlab code,,0,"0.00,0.00,0.00,0.00,0.00,0.00,0.00,0.00,0.00,0.00,0.00,0.00",,0.00,
a first course in machine learning pdf download,,0,"1.00,0.00,0.00,0.00,0.00,0.00,0.00,0.00,0.00,0.00,0.00,0.00",,0.00,
a first course in machine learning pdf free,,0,"0.00,0.00,0.00,0.00,0.00,0.00,0.00,0.00,0.00,0.00,0.00,0.00",,0.00,
a first course in machine learning pdf github,,0,"0.00,0.00,0.00,0.00,0.00,0.00,0.00,0.00,0.00,0.00,0.00,0.00",,0.00,
a first course in machine learning review,,0,"0.00,0.00,0.00,0.00,0.00,0.00,0.00,0.00,0.00,0.00,0.00,0.00",,0.00,
a first course in machine learning rogers,,0,"0.00,0.00,0.00,0.00,0.00,0.00,0.00,0.00,0.00,0.00,0.00,0.00",,0.00,
a first course in machine learning rogers pdf,,0,"0.00,0.00,0.00,0.00,0.00,0.00,0.00,0.00,0.00,0.00,0.00,0.00",,0.00,
a first course in machine learning second edition amazon,,0,"0.00,0.00,0.00,0.00,0.00,0.00,0.00,0.00,0.00,0.00,0.00,0.00",,0.00,
a first course in machine learning second edition download,,0,"0.00,0.00,0.00,0.00,0.00,0.00,0.00,0.00,0.00,0.00,0.00,0.00",,0.00,
a first course in machine learning second edition pdf download,,0,"0.00,0.00,0.00,0.00,0.00,0.00,0.00,0.00,0.00,0.00,0.00,0.00",,0.00,
a first course in machine learning second edition scripts,,0,"0.00,0.00,0.00,0.00,0.00,0.00,0.00,0.00,0.00,0.00,0.00,0.00",,0.00,
a first course in machine learning second edition torrent,,0,"0.00,0.00,0.00,0.00,0.00,0.00,0.00,0.00,0.00,0.00,0.00,0.00",,0.00,
a first course in machine learning second editionscripts,,0,"0.00,0.00,0.00,0.00,0.00,0.00,0.00,0.00,0.00,0.00,0.00,0.00",,0.00,
a first course in machine learning simon rogers pdf,,0,"0.00,0.00,0.00,0.00,0.00,0.00,0.00,0.00,0.00,0.00,0.00,0.00",,0.00,
a first course in machine learning solutions manual,,0,"0.00,0.00,0.00,0.00,0.00,0.00,0.00,0.00,0.00,0.00,0.00,0.00",,0.00,
a first course in machine learning solutions pdf,,0,"0.00,0.00,0.00,0.00,0.00,0.00,0.00,0.00,0.00,0.00,0.00,0.00",,0.00,
a first course in machine learning website,,0,"0.00,0.00,0.00,0.00,0.00,0.00,0.00,0.00,0.00,0.00,0.00,0.00",,0.00,
a full-length machine learning course in python for free,,0,"0.00,0.00,0.00,0.00,0.00,0.00,0.00,0.00,0.00,0.00,0.00,0.00",,0.00,
a machine learning course with python github,,0,"0.00,0.00,0.00,0.00,0.00,0.00,0.00,0.00,0.00,0.00,0.00,0.00",,0.00,
a to z machine learning course,,0,"0.00,0.00,0.00,0.00,0.00,0.00,0.00,0.00,0.00,0.00,0.00,0.00",,0.00,
aalto machine learning courses,,0,"0.00,0.00,0.00,0.00,0.00,0.00,0.00,0.00,0.00,0.00,0.00,0.00",,0.00,
abu mostafa machine learning course,,0,"0.00,0.00,0.00,0.00,0.00,0.00,0.00,0.00,0.00,0.00,0.00,0.00",,0.00,
academic course in college for machine learning,,0,"0.00,0.00,0.00,0.00,0.00,0.00,0.00,0.00,0.00,0.00,0.00,0.00",,0.00,
active learning machine learning course,,0,"0.00,0.00,0.00,0.00,0.00,0.00,0.00,0.00,0.00,0.00,0.00,0.00",,0.00,
advance machine learning course,,0,"0.00,1.00,0.00,0.00,0.00,0.00,0.00,0.00,0.00,0.00,0.00,0.00",,4.32,
advanced machine learning course by hse,,0,"0.00,0.00,0.00,0.00,0.00,0.00,0.00,0.00,0.00,0.00,0.00,0.00",,0.00,
advanced machine learning course by hse coursera,,0,"0.00,0.00,0.00,0.00,0.00,0.00,0.00,0.00,0.00,0.00,0.00,0.00",,0.00,
advanced machine learning course eth,,0,"0.00,0.00,0.00,0.00,0.00,0.00,0.00,0.00,0.00,0.00,0.00,0.00",,0.00,
advanced machine learning course free,,0,"0.00,0.00,0.00",,0.00,
advanced machine learning course on coursera,,0,"0.00,0.00,0.00,0.00,0.00,0.00,0.00,0.00,0.00,0.00,0.00,0.00",,0.00,
advanced machine learning course online,,0,"0.00,0.00,0.00,0.00,0.00,0.00,0.00,0.00,0.00,0.00,0.00,0.00",,0.00,
advanced machine learning course review,,0,"0.00,0.00,0.00,0.00,0.00,0.00,0.00,0.00,0.00,0.00,0.00,0.00",,0.00,
advanced machine learning course website,,0,"0.00,0.00,0.00,0.00,0.00,0.00,0.00,0.00,0.00,0.00,0.00,0.00",,0.00,
advanced machine learning course website virginia tech filebox,,0,"0.00,0.00,0.00,0.00,0.00,0.00,0.00,0.00,0.00,0.00,0.00,0.00",,0.00,
advanced machine learning online courses,,0,"0.00,0.00,0.00,0.00,0.00,0.00,0.00,0.00,0.00,0.00,0.00,0.00",,0.00,
advanced machine learning with python course,,0,"0.00,0.00,0.00,0.00,0.00,0.00,0.00,0.00,0.00,0.00,0.00,0.00",,0.00,
affordable ai and machine learning courses are good for beginners,,0,"0.00,0.00,0.00,0.00",,0.00,
ai & machine learning training course in calgary,,0,"0.00,0.00,0.00,0.00,0.00,0.00,0.00,0.00,0.00,0.00,0.00",,0.00,
ai & machine learning training course in montreal,,0,"0.00,0.00,0.00,0.00,0.00,0.00,0.00,0.00,0.00,0.00,0.00",,0.00,
ai and machine learning certification courses,,0,0.00,,0.00,
ai and machine learning concepts course australia,,0,"0.00,0.00,0.00,0.00,0.00,0.00,0.00,0.00,0.00,0.00,0.00,0.00",,0.00,
ai and machine learning course college,,0,"0.00,0.00",,0.00,
ai and machine learning course eligibility,,0,"0.00,0.00,0.00,0.00,0.00,0.00,0.00,0.00,0.00,0.00,0.00,0.00",,0.00,
ai and machine learning course in hyderabad,,0,"0.00,1.00,1.00,0.00,0.00,1.00,0.00,0.00,0.00,1.00,0.00,0.00",,0.00,
ai and machine learning course in mumbai,,0,"0.00,0.00,0.00,0.00,0.00,0.00,0.00,0.00,0.00,0.00,0.00,0.00",,0.00,
ai and machine learning course lessons for engineers,,0,"0.00,0.00,0.00,0.00,0.00",,0.00,
ai and machine learning course singapore,,0,"0.00,0.00,0.00,0.00,0.00,0.00,0.00,0.00,0.00,0.00,0.00,0.00",,0.00,
ai and machine learning courses after 12th,,0,"0.00,1.00,0.00,0.00,0.00,0.00",,0.00,
ai and machine learning courses college,,0,"0.00,0.00,0.00,0.00,0.00",,0.00,
ai and machine learning courses dubai,,0,"0.00,1.00,0.00,0.00,0.00,0.00,0.00,0.00",,0.00,
ai and machine learning courses duration,,0,"0.00,0.00,0.00,0.00,0.00,0.00,0.00,0.00,0.00,0.00,0.00,0.00",,0.00,
ai and machine learning courses free,,0,"0.00,0.00,0.00,0.00,0.00,0.00,0.00,0.00,0.00,0.00,0.00,0.00",,2.86,
ai and machine learning courses iit,,0,"0.00,0.00,0.00,0.00,0.00,0.00,0.00,0.00,0.00,0.00,0.00,0.00",,0.00,
ai and machine learning courses in bangalore,,0,"0.00,0.00,0.00,0.00,0.00,0.00,0.00,0.00,0.00,0.00,0.00,0.00",,0.00,
ai and machine learning courses in delhi,,0,"0.00,0.00,0.00,0.00,0.00,0.00,0.00,0.00,0.00,0.00,0.00,0.00",,0.00,
ai and machine learning courses in delhi ncr,,0,"0.00,0.00,0.00,0.00,0.00,0.00,0.00,0.00,0.00,0.00,0.00,0.00",,0.00,
ai and machine learning courses in gurgaon,,0,"0.00,0.00,0.00,0.00,0.00,0.00,0.00,0.00,0.00,0.00,0.00,0.00",,0.00,
ai and machine learning courses in iit,,0,"0.00,0.00,0.00,0.00,0.00,0.00,0.00,0.00,0.00,0.00,0.00,0.00",,0.00,
ai and machine learning courses in kolkata,,0,"0.00,0.00,0.00,0.00,0.00,0.00,0.00,1.00,0.00,0.00,0.00,0.00",,0.00,
ai and machine learning courses in london,,0,"0.00,0.00,0.00,0.00,0.00,0.00,0.00,0.00,0.00,0.00,0.00,0.00",,0.00,
ai and machine learning courses in navi mumbai,,0,"0.00,0.00,0.00,0.00,0.00,0.00,0.00,0.00,0.00,0.00,0.00,0.00",,0.00,
ai and machine learning courses in noida,,0,"0.00,0.00,0.00,0.00,0.00,0.00,0.00,0.00,0.00,0.00,0.00,0.00",,0.00,
ai and machine learning courses in pune,,0,"0.00,0.00,1.00,1.00,0.00,0.00,0.00,1.00,0.00,0.00,1.00,0.00",,0.00,
ai and machine learning courses in sri lanka,,0,"0.00,0.00,0.00,0.00,0.00,0.00,0.00,1.00,0.00,0.00,0.00,0.00",,0.00,
ai and machine learning courses near me,,0,"0.00,0.00,0.00,0.00,0.00,0.00,0.00,0.00,0.00,0.00,0.00,0.00",,7.00,
ai and machine learning courses offline,,0,"0.00,0.00,0.00,0.00,0.00,0.00,0.00,1.00,0.00,0.00,0.00,0.00",,0.00,
ai and machine learning courses online for beginners,,0,"0.00,0.00,0.00,1.00,0.00,0.00,0.00,0.00,0.00",,0.00,
ai and machine learning courses salary,,0,"0.00,0.00,0.00,0.00,0.00,0.00,0.00,1.00,1.00,0.00,0.00,0.00",,0.00,
ai and machine learning courses uk,,0,"0.00,0.00,0.00,0.00,0.00,0.00,0.00,0.00,0.00,0.00,0.00,0.00",,0.00,
ai and machine learning degree courses in connecticut,,0,"0.00,0.00,0.00,0.00,0.00,0.00,0.00,0.00,0.00,0.00,0.00,0.00",,0.00,
ai and machine learning engineering course,,0,"0.00,0.00,0.00,0.00,0.00,0.00,0.00,0.00,0.00,0.00,0.00,0.00",,9.29,
ai and machine learning free courses,,0,"0.00,0.00,0.00,0.00,0.00,0.00,0.00,0.00,0.00,0.00,1.00,0.00",,4.39,
ai course machine learning,,0,"0.00,0.00,0.00,0.00,0.00,0.00,0.00,0.00,0.00",,0.00,
ai machine learning course fees,,0,"0.00,0.00,0.00,0.00,0.00,0.00,0.00,0.00,0.00,0.00,0.00,0.00",,0.00,
ai machine learning course free,,0,"0.00,0.00,0.00,0.00,0.00,0.00,1.00,0.00,0.00,0.00,0.00,0.00",,0.00,
ai machine learning course online,,0,"0.00,0.00,0.00,0.00,0.00",,0.00,
ai machine learning course simplilearn,,0,"0.00,0.00,0.00,0.00,0.00,0.00,0.00,0.00,0.00,0.00,0.00,0.00",,0.00,
ai machine learning courses 2025,,0,"0.00,0.00,0.00",,0.00,
ai machine learning courses in pune,,0,"0.00,0.00,0.00,0.00,0.00,1.00,0.00,0.00,0.00,0.00,0.00,0.00",,0.00,
ai machine learning courses on datacamp reddit,,0,"0.00,0.00,0.00,0.00,0.00,0.00,0.00,0.00,0.00,0.00,0.00,0.00",,0.00,
ai machine learning courses with real-world projects 2025,,0,"0.00,0.00",,0.00,
ai machine learning data science courses plant sciences 2025,,0,"0.00,0.00,0.00,0.00",,0.00,
ai machine learning deep learning course,,0,"0.00,0.00,0.00,0.00,0.00,0.00,0.00,0.00,0.00,0.00,0.00,0.00",,0.00,
ai machine learning online course reddit,,0,"0.00,0.00,0.00,0.00,0.00,0.00,0.00,0.00,0.00,0.00,0.00,0.00",,0.00,
ai/machine learning course,,0,"0.00,0.00,0.00,0.00,0.00,0.00,0.00,0.00,0.00,0.00,0.00,0.00",,8.08,
aischool machine learning crash course microsoft,,0,"0.00,0.00,0.00,0.00,0.00,0.00,0.00,0.00,0.00,0.00,0.00,0.00",,0.00,
albany machine learning course description,,0,"0.00,0.00,0.00,0.00,0.00,0.00,0.00,0.00,0.00,0.00,0.00,0.00",,0.00,
alex ihler machine learning course,,0,"0.00,0.00,0.00,0.00,0.00,0.00,0.00,0.00,0.00,0.00,0.00,0.00",,0.00,
algorithms course for machine learning,,0,"0.00,0.00,0.00,0.00,0.00,0.00,0.00,0.00,0.00,0.00,0.00,0.00",,0.00,
ali ghodsi machine learning course,,0,"0.00,0.00,0.00,0.00,0.00,0.00,0.00,0.00,0.00,0.00,0.00,0.00",,0.00,
amazon courses on machine learning reddit,,0,"0.00,0.00,0.00,0.00,0.00,0.00,0.00,0.00,0.00,0.00,0.00,0.00",,0.00,
amazon courses on machine learning review,,0,"0.00,0.00,0.00,0.00,0.00,0.00,0.00,0.00,0.00,0.00,0.00,0.00",,0.00,
amazon free course on machine learning,,0,"0.00,0.00,0.00,0.00,0.00,0.00,0.00,0.00,0.00,0.00,0.00,0.00",,0.00,
amazon free courses machine learning,,0,"0.00,0.00,0.00,1.00,0.00,0.00,0.00,0.00,0.00,1.00,0.00,0.00",,0.00,
amazon free machine learning course online,,0,"0.00,0.00,0.00,0.00,0.00,0.00,0.00,0.00,0.00,0.00,0.00,0.00",,0.00,
amazon free machine learning coursees,,0,"0.00,0.00,0.00,0.00,0.00,0.00,0.00,0.00,0.00,0.00,0.00,0.00",,0.00,
amazon internal machine learning course,,0,"0.00,0.00,0.00,0.00,0.00,0.00,0.00,0.00,0.00,0.00,0.00,0.00",,0.00,
amazon internal machine learning courses,,0,"0.00,0.00,0.00,0.00,0.00,0.00,0.00,0.00,0.00,0.00,0.00,0.00",,0.00,
amazon machine learning course cyber monday,,0,"0.00,0.00,0.00,0.00,0.00,0.00,0.00,0.00,0.00,0.00,0.00,0.00",,0.00,
amazon machine learning course online,,0,"0.00,0.00,0.00,0.00,0.00,0.00,0.00,0.00,0.00,0.00,0.00,0.00",,0.00,
amazon machine learning course review,,0,"0.00,0.00,0.00,0.00,0.00,0.00,0.00,0.00,0.00,0.00,0.00,0.00",,0.00,
amazon machine learning courses,,0,"1.00,0.00,0.00,0.00,0.00,0.00,0.00,0.00,0.00,0.00,0.00,0.00",,2.57,
amazon machine learning engineer certification course,,0,"0.00,0.00,0.00,0.00,0.00,0.00,0.00,0.00,0.00,0.00,0.00,0.00",,0.00,
amazon makes its machine learning courses available for free,,0,"0.00,0.00,0.00,0.00,0.00,0.00,0.00,0.00,0.00,0.00,0.00,0.00",,0.00,
amazon offers free machine learning courses,,0,"0.00,0.00,0.00,0.00,0.00,0.00,0.00,0.00,0.00,0.00,0.00,0.00",,0.00,
amazon offers free machine learning courses to general consumers,,0,"0.00,0.00,0.00,0.00,0.00,0.00,0.00,0.00,0.00,0.00,0.00,0.00",,0.00,
amazon opens machine learning courses,,0,"0.00,0.00,0.00,0.00,0.00,0.00,0.00,0.00,0.00,0.00,0.00,0.00",,0.00,
amazon web services machine learning course,,0,"0.00,0.00,0.00,1.00,0.00,0.00,0.00,0.00,0.00,0.00,0.00,0.00",,0.00,
amity machine learning course,,0,"0.00,0.00,0.00,0.00,0.00,0.00,0.00,0.00,0.00,0.00,0.00,0.00",,0.00,
amity machine learning course review,,0,"0.00,0.00,0.00,0.00,0.00,0.00,0.00,0.00,0.00,0.00,0.00,0.00",,0.00,
analytics vidhya machine learning course review,,0,"0.00,0.00,0.00,0.00,0.00,0.00,0.00,0.00,0.00,0.00,0.00,0.00",,0.00,
analytics vidhya machine learning free course,,0,"0.00,0.00,0.00,0.00",,0.00,
andrew machine learning course,,0,"0.00,1.00,0.00,0.00,0.00,0.00,0.00,0.00,0.00,0.00,0.00,0.00",,0.00,
andrew nd machine learning course dated,,0,"0.00,0.00,0.00,0.00,0.00,0.00,0.00,0.00,0.00,0.00,0.00,0.00",,0.00,
andrew ng course in machine learning,,0,"0.00,0.00,0.00,0.00,0.00,0.00,0.00,0.00,0.00,0.00,0.00,0.00",,0.00,
andrew ng course introduction to machine learning,,0,"0.00,0.00,0.00,0.00,0.00,0.00,0.00,0.00,0.00,0.00,0.00,0.00",,0.00,
andrew ng course on machine learning,,0,"0.00,0.00,0.00,0.00,0.00,0.00,0.00,0.00,0.00,0.00,0.00,0.00",,3.14,
andrew ng coursera machine learning course pdf,,0,"0.00,0.00,0.00,0.00,0.00,0.00,0.00,0.00,0.00,0.00,0.00,0.00",,0.00,
andrew ng coursera stanford machine learning course,,0,"0.00,0.00,0.00,0.00,0.00,0.00,0.00,0.00,0.00,0.00,0.00,0.00",,0.00,
andrew ng free machine learning course,,0,"0.00,0.00,0.00,0.00,0.00,0.00,0.00,0.00,0.00,0.00,0.00,0.00",,3.74,
andrew ng machina learning courseara,,0,"0.00,0.00,0.00,0.00,0.00,0.00,0.00,0.00,0.00,0.00,0.00,0.00",,0.00,
andrew ng machine learning course answers,,0,"0.00,0.00,0.00,0.00,0.00,0.00,0.00,0.00,0.00,0.00,0.00,0.00",,0.00,
andrew ng machine learning course cost,,0,"0.00,0.00,0.00,0.00,0.00,0.00,0.00,0.00,0.00,0.00,0.00,0.00",,0.00,
andrew ng machine learning course files,,0,"0.00,0.00,0.00,0.00,0.00,0.00,0.00,0.00,0.00,0.00,0.00,0.00",,0.00,
andrew ng machine learning course hours,,0,"0.00,0.00,0.00,0.00,0.00,0.00,0.00,0.00,0.00,0.00,0.00,0.00",,0.00,
andrew ng machine learning course length,,0,"0.00,0.00,0.00,0.00,0.00,0.00,0.00,0.00,0.00,0.00,0.00,0.00",,0.00,
andrew ng machine learning course material,,0,"0.00,0.00,0.00,0.00,0.00,0.00,0.00,0.00,0.00,0.00,0.00,0.00",,0.00,
andrew ng machine learning course neural networks,,0,"0.00,0.00,0.00,0.00,0.00,0.00,0.00,0.00,0.00,0.00,0.00,0.00",,0.00,
andrew ng machine learning course new,,0,"0.00,0.00,0.00,0.00,0.00,0.00,0.00,0.00,0.00,0.00,0.00,0.00",,0.00,
andrew ng machine learning course notes reddit,,0,"0.00,0.00,0.00,0.00,0.00,0.00,0.00,0.00,0.00,0.00,0.00,0.00",,0.00,
andrew ng machine learning course on coursera,,0,"0.00,0.00,0.00,0.00,0.00,0.00,0.00,0.00,0.00,0.00,0.00,0.00",,0.00,
andrew ng machine learning course quiz solutions,,0,"0.00,0.00,0.00,0.00,0.00,0.00,0.00,0.00,0.00,0.00,0.00,0.00",,0.00,
andrew ng machine learning course quora,,0,"0.00,0.00,0.00,0.00,0.00,0.00,0.00,0.00,0.00,0.00,0.00,0.00",,0.00,
andrew ng machine learning course reading content,,0,"0.00,0.00,0.00,0.00,0.00,0.00,0.00,0.00,0.00,0.00,0.00,0.00",,0.00,
andrew ng machine learning course reading material pdf,,0,"0.00,0.00,0.00,0.00,0.00,0.00,0.00,0.00,0.00,0.00,0.00,0.00",,0.00,
andrew ng machine learning course reading materials,,0,"0.00,0.00,0.00,0.00,0.00,0.00,0.00,0.00,0.00,0.00,0.00,0.00",,0.00,
andrew ng machine learning course solutions,,0,"0.00,0.00,0.00,0.00,0.00,0.00,0.00,0.00,0.00,0.00,0.00,0.00",,0.00,
andrew ng machine learning course started when,,0,"0.00,0.00,0.00,0.00,0.00,0.00,0.00,0.00,0.00,0.00,0.00,0.00",,0.00,
andrew ng machine learning course syllabus,,0,"0.00,0.00,0.00,0.00,0.00,0.00,0.00,0.00,0.00,0.00,0.00,0.00",,0.00,
andrew ng machine learning course udemy,,0,"0.00,0.00,0.00,0.00,0.00",,0.00,
andrew ng machine learning course upgrade to certificate,,0,"0.00,0.00,0.00,0.00,0.00,0.00,0.00,0.00,0.00,0.00,0.00,0.00",,0.00,
andrew ng machine learning course video length,,0,"0.00,0.00,0.00,0.00,0.00,0.00,0.00,0.00,0.00,0.00,0.00,0.00",,0.00,
andrew ng machine learning course website,,0,"0.00,0.00,0.00,0.00,0.00,0.00,0.00,0.00,0.00,0.00,0.00,0.00",,0.00,
andrew ng machine learning free course,,0,"0.00,0.00,0.00,0.00,0.00,0.00,0.00,0.00,0.00,0.00,0.00,0.00",,3.14,
andrew ng machine learning full course youtube,,0,"0.00,0.00,0.00,0.00,0.00,0.00,0.00,0.00,0.00,0.00,0.00,0.00",,0.00,
andrew ng machine learning new course,,0,"0.00,0.00,0.00,0.00,0.00,0.00,0.00,0.00,0.00,0.00,0.00,0.00",,0.00,
andrew ng machine learning onlien course,,0,"0.00,0.00,0.00,0.00,0.00,0.00,0.00,0.00,0.00,0.00,0.00,0.00",,0.00,
andrew ng machine learning open course,,0,"0.00,0.00,0.00,0.00,0.00,0.00,0.00,0.00,0.00,0.00,0.00,0.00",,0.00,
andrew ng machine learning specialization course,,0,"0.00,0.00,0.00,0.00,0.00,0.00,0.00,1.00,1.00,0.00,0.00,0.00",,0.00,
andrew ng machine learning specialization course content,,0,"0.00,0.00,0.00,0.00,0.00",,0.00,
andrew ng new machine learning course,,0,"0.00,0.00,0.00,0.00,0.00,0.00,0.00,0.00,0.00,0.00,0.00,0.00",,3.14,
andrew ng old machine learning course,,0,"0.00,0.00,0.00,0.00,0.00,0.00,0.00,0.00,0.00,0.00,0.00,0.00",,0.00,
andrew ng python machine learning course,,0,"0.00,0.00,0.00,0.00,0.00,0.00,0.00,0.00,0.00,0.00,0.00,0.00",,0.00,
andrew ng quora machine learning course,,0,"0.00,0.00,0.00,0.00,0.00,0.00,0.00,0.00,0.00,0.00,0.00,0.00",,0.00,
andrew ng's machine learning course assignment solutinos,,0,"0.00,0.00,0.00,0.00,0.00,0.00,0.00,0.00,0.00,0.00,0.00,0.00",,0.00,
andrew ng's machine learning course in python,,0,"0.00,0.00,0.00,0.00,0.00,0.00,0.00,0.00,0.00,0.00,0.00,0.00",,0.00,
andrew ng's machine learning course notes,,0,"0.00,0.00,1.00,0.00,0.00,0.00,0.00,0.00,0.00,0.00,0.00,0.00",,0.00,
andrew ng's machine learning course python,,0,"0.00,0.00,0.00,0.00,0.00,0.00,0.00,0.00,0.00,0.00,0.00,0.00",,0.00,
andrew ng's machine learning course written problems and solutions,,0,"0.00,0.00,0.00,0.00,0.00,0.00,0.00,0.00,0.00,0.00,0.00,0.00",,0.00,
andrew ng's machine learning courses,,0,"0.00,0.00,0.00,0.00,0.00,0.00,0.00,0.00,0.00,0.00,0.00,0.00",,0.00,
andrew yang machine learning course,,0,"0.00,0.00,0.00,0.00,0.00,0.00,0.00,0.00,0.00,0.00,0.00,0.00",,3.14,
anomaly detection machine learning course,,0,"0.00,0.00,0.00,1.00,0.00,0.00,0.00,0.00,0.00,0.00,0.00,0.00",,0.00,
apache spark machine learning course,,0,"0.00,0.00,0.00,0.00,0.00,0.00,0.00,0.00,0.00,0.00,0.00,0.00",,0.00,
applied machine learning course by columbia engineering,,0,"0.00,0.00,0.00,0.00,0.00,0.00,0.00,0.00,0.00,0.00,0.00,0.00",,0.00,
applied machine learning course by emeritus,,0,"0.00,0.00,0.00,0.00,0.00,0.00,0.00,0.00,0.00,0.00,0.00,0.00",,0.00,
applied machine learning course by emeritus review,,0,"0.00,0.00,0.00,0.00,0.00,0.00,0.00,0.00,0.00,0.00,0.00,0.00",,0.00,
applied machine learning course by emeritusreview,,0,"0.00,0.00,0.00,0.00,0.00,0.00,0.00,0.00,0.00,0.00,0.00,0.00",,0.00,
applied machine learning course download,,0,"0.00,0.00,0.00,0.00,0.00,0.00,0.00,0.00,0.00,0.00,0.00,0.00",,0.00,
applied machine learning course fco,,0,"0.00,0.00,0.00,0.00,0.00,0.00,0.00,0.00,0.00,0.00,0.00,0.00",,0.00,
applied machine learning course free,,0,"0.00,0.00,0.00,0.00,0.00,0.00,0.00,0.00,0.00,0.00,0.00,0.00",,0.00,
applied machine learning course free download,,0,"0.00,0.00,0.00,0.00,0.00,0.00,0.00,0.00,0.00,0.00,0.00,0.00",,0.00,
applied machine learning course github,,0,"0.00,0.00,0.00,0.00,0.00,0.00,0.00,0.00,0.00,0.00,0.00,0.00",,0.00,
applied machine learning course malaysia,,0,"0.50,0.00,0.00,0.00,0.00,1.00,0.00,0.00,0.00,0.00,0.00,0.00",,0.00,
applied machine learning course michael grossberg data science,,0,"0.00,0.00,0.00,0.00,0.00,0.00,0.00,0.00,0.00,0.00,0.00,0.00",,0.00,
applied machine learning course review,,0,"0.00,0.00,0.00,0.00,0.00,0.00,0.00,0.00,0.00,0.00,0.00,0.00",,0.00,
applied machine learning course srikanth varma,,0,"0.00,0.00,0.00,0.00,0.00,0.00,0.00,0.00,0.00,0.00,0.00,0.00",,0.00,
applied machine learning course udemy,,0,"0.00,0.00,0.00,0.00,0.00,0.00,0.00,0.00,0.00,0.00,0.00,0.00",,0.00,
applied machine learning courses,,0,"1.00,0.00,0.00,0.00,0.00,0.00,0.00,0.00,0.00,0.00,0.00,0.00",,5.67,
applied machine learning edinburgh course catalog,,0,"0.00,0.00,0.00,0.00,0.00,0.00,0.00,0.00,0.00,0.00,0.00,0.00",,0.00,
applied machine learning edinburgh course catalog 2019,,0,"0.00,0.00,0.00,0.00,0.00,0.00,0.00,0.00,0.00,0.00,0.00,0.00",,0.00,
applied machine learning for everyone course,,0,"0.00,0.00,0.00,0.00,0.00,0.00,0.00,0.00,0.00,0.00,0.00,0.00",,0.00,
applied machine learning for healthcare course,,0,"0.00,0.00,0.00,0.00,0.00,0.00,0.00,0.00,0.00,0.00,0.00,0.00",,0.00,
applied machine learning in business course,,0,"0.00,0.00,0.00,0.00,0.00,0.00,0.00,0.00,0.00,0.00,0.00,0.00",,0.00,
applied machine learning in python course central,,0,"0.00,0.00,0.00,0.00,0.00,0.00,0.00,0.00,0.00,0.00,0.00,0.00",,0.00,
applied machine learning mit course,,0,"0.00,0.00,0.00,0.00,0.00,0.00,0.00,0.00,0.00,0.00,0.00,0.00",,0.00,
applied machine learning online course free,,0,"0.00,0.00,0.00,0.00,0.00,0.00,0.00,0.00,0.00,0.00,0.00,0.00",,0.00,
applied machine learning perception course,,0,"0.00,0.00,0.00,0.00,0.00,0.00,0.00,0.00,0.00,0.00,0.00,0.00",,0.00,
applied machine learning: foundations online courses,,0,"0.00,0.00,0.00,0.00,0.00,0.00,0.00,0.00,0.00,0.00,0.00,0.00",,0.00,
appliedai machine learning online course,,0,"0.00,0.00,0.00,0.00,0.00,0.00,0.00,0.00,0.00,0.00,0.00,0.00",,0.00,
applying for machine learning course,,0,"0.00,0.00,0.00,0.00,0.00,0.00,0.00,0.00,0.00,0.00,0.00,0.00",,0.00,
are online machine learning courses enough,,0,"0.00,0.00,0.00,0.00,0.00,0.00,0.00,0.00,0.00,0.00,0.00,0.00",,0.00,
arizona state university machine learning course,,0,"0.00,0.00,0.00,0.00,0.00,0.00,0.00,0.00,0.00,0.00,0.00,0.00",,0.00,
artificial intelligence & data ai and machine learning courses nyc,,0,"0.00,0.00,0.00,0.00,0.00,0.00",,0.00,
artificial intelligence and machine learning are two different courses,,0,"0.00,0.00,0.00,0.00,0.00,0.00,0.00,0.00,0.00,0.00,0.00,0.00",,0.00,
artificial intelligence and machine learning course as a doctor,,0,"0.00,1.00,1.00,0.00,0.00,0.00,0.00,0.00,0.00,0.00,0.00,0.00",,0.00,
artificial intelligence and machine learning course details,,0,"0.00,0.00,0.00,0.00,0.00,0.00,0.00,0.00,0.00,0.00,0.00,0.00",,0.00,
artificial intelligence and machine learning course duration,,0,"0.00,0.00,0.00,1.00,0.00,0.00,0.00,0.00,0.00,0.00,0.00,0.00",,0.00,
artificial intelligence and machine learning course eligibility,,0,"0.00,0.00,0.00,0.00,0.00,0.00,0.00,0.00",,0.00,
artificial intelligence and machine learning course for beginners,,0,"0.00,0.00,0.00,0.00,0.00",,0.00,
artificial intelligence and machine learning course iit,,0,"0.00,0.00,0.00,0.00,0.00,0.00,0.00,0.00,0.00,0.00,0.00,0.00",,0.00,
artificial intelligence and machine learning course in ahmedabad,,0,"0.00,0.00,0.00,0.00,0.00,0.00,0.00,0.00,0.00,0.00,0.00,0.00",,0.00,
artificial intelligence and machine learning course in bangalore,,0,"0.00,0.00,0.00,0.00,0.00,0.00,0.00,0.00,0.00,0.00,0.00,0.00",,0.00,
artificial intelligence and machine learning course in chennai,,0,"0.00,0.00,0.00,1.00,1.00,0.00,0.00,0.00,0.00,0.00,0.00,0.00",,0.00,
artificial intelligence and machine learning course in iiit hyderabad,,0,"0.00,0.00,0.00,0.00,0.00,0.00,0.00,0.00,0.00,0.00,0.00,0.00",,0.00,
artificial intelligence and machine learning course in india,,0,"0.00,0.00,0.00,0.00,0.00,0.00,0.00,0.00,0.00,0.00,0.00,0.00",,0.00,
artificial intelligence and machine learning course in kerala,,0,"0.00,0.00,0.00,0.00,0.00,0.00,0.00,0.00,0.00",,0.00,
artificial intelligence and machine learning course in kolkata,,0,"0.00,0.00,0.00,1.00,0.00,0.00,0.00,0.00,0.00,0.00,0.00,0.00",,0.00,
artificial intelligence and machine learning course in mumbai,,0,"1.00,0.00,0.00,1.00,0.00,0.00,0.00,0.00,0.00,0.00,0.00,0.00",,0.00,
artificial intelligence and machine learning course in pune,,0,"0.00,0.00,0.00,0.00,0.00,0.00,0.00,0.00,0.00,0.00,0.00,0.00",,0.00,
artificial intelligence and machine learning course in usa,,0,"0.00,0.00,0.00,0.00,0.00,0.00,0.00,0.00,0.00,0.00,0.00,0.00",,0.00,
artificial intelligence and machine learning course syllabus pdf,,0,"0.00,0.00,1.00,0.00,0.00,0.50,0.00,0.00,1.00,0.00,0.00,0.00",,0.00,
artificial intelligence and machine learning course texas university,,0,"0.00,0.00,0.00,0.00,0.00,0.00,0.00,0.00,0.00,0.00,0.00,0.00",,0.00,
artificial intelligence and machine learning courses ahmedabad,,0,"0.00,0.00,0.00,0.00,0.00,0.00,0.00,0.00,0.00,0.00,0.00,0.00",,0.00,
artificial intelligence and machine learning courses for beginners,,0,"0.00,0.00,0.00,0.00,0.00,0.00,0.00,0.00,0.00,0.00,0.00,0.00",,0.00,
artificial intelligence and machine learning courses in ahmedabad,,0,"0.00,0.00,0.00,0.00,0.00,0.00",,0.00,
artificial intelligence and machine learning courses in bangalore,,0,"0.00,0.00,0.00,1.00,1.00,0.00,0.00,0.00,0.00,0.00,0.00,0.00",,0.00,
artificial intelligence and machine learning courses in canada,,0,"0.00,0.00,0.00,0.00,0.00,0.00,0.00,0.00,0.00,0.00,0.00,0.00",,0.00,
artificial intelligence and machine learning courses in chennai,,0,"0.00,0.00,0.00,0.00,0.00,0.00,0.00,0.00,0.00,0.00,0.00,0.00",,0.00,
artificial intelligence and machine learning courses in germany,,0,"0.00,0.00,0.00,0.00,0.00,0.00,0.00,0.00,0.00,0.00,0.00,0.00",,0.00,
artificial intelligence and machine learning courses in hyderabad,,0,"0.00,0.00,0.00,0.00,0.00,0.00,0.00,0.00,0.00,0.00,0.00,0.00",,0.00,
artificial intelligence and machine learning courses in mumbai,,0,"0.00,0.00,0.00,0.00,0.00,0.00,0.00,0.00,0.00,0.00,0.00,0.00",,0.00,
artificial intelligence and machine learning courses in singapore,,0,"0.00,0.00,0.00,0.00,0.00,0.00,0.00,0.00,0.00,0.00,0.00,0.00",,0.00,
artificial intelligence and machine learning courses in south africa,,0,"0.00,0.00,0.00,0.00,0.00,0.00,0.00,0.00,0.00,0.00,0.00,0.00",,0.00,
artificial intelligence and machine learning courses in tamilnadu,,0,"0.00,0.00,0.00,0.00,0.00,0.00,0.00,0.00,0.00,0.00,0.00,0.00",,0.00,
artificial intelligence and machine learning courses in usa,,0,"0.00,0.00,0.00,0.00,0.00,0.00,0.00,0.00,0.00,0.00,0.00,0.00",,0.00,
artificial intelligence and machine learning courses singapore,,0,"0.00,0.00,0.00,0.00,0.00,0.00,0.00,0.00,0.00,0.00,0.00,0.00",,0.00,
artificial intelligence and machine learning online courses in india,,0,"0.00,1.00,0.00,0.00,0.00,1.00,0.00,0.00,0.00,0.00,0.00,0.00",,0.00,
artificial intelligence machine learning business course,,0,"0.00,0.00,0.00,0.00,0.00,0.00,0.00,0.00,0.00,0.00,0.00,0.00",,0.00,
artificial intelligence machine learning courses,,0,"0.00,0.00,0.00,0.00,0.00,1.00,1.00,1.00,1.00,0.00,1.00,0.00",,8.08,
artificial intelligence machine learning deep learning course hyderabad in india,,0,"0.00,0.00,0.00,0.00,0.00,0.00,0.00,0.00,0.00,0.00,0.00,0.00",,0.00,
artificial intelligence machine learning mechanical engineering course,,0,"0.00,0.00,0.00,0.00,0.00,0.00,0.00,0.00,0.00,0.00,0.00,0.00",,0.00,
artificial intelligence or machine learning course,,0,"0.00,0.00,0.00,0.00,0.00,0.00,0.00,0.00,0.00,0.00,0.00,0.00",,0.00,
asu cse 575 statistical machine learning course description,,0,"1.00,0.00,0.00",,0.00,
asu machine learning courses,,0,"0.00,0.00,0.00,0.00,0.00,0.00,0.00,0.00,0.00,0.00,0.00,0.00",,0.00,
audio processing machine learning courses,,0,"0.00,0.00,0.00,0.00,0.00,0.00,0.00,0.00,0.00,0.00,0.00,0.00",,0.00,
automated machine learning course,,0,"0.00,0.00,0.00,0.00,0.00,0.00,0.00,0.00,0.00,0.00,0.00,0.00",,0.00,
automated machine learning pipeline with mesos course,,0,"0.00,0.00,0.00,0.00,0.00,0.00,0.00,0.00,0.00,0.00,0.00,0.00",,0.00,
automation and machine learning courses,,0,"0.00,0.00,0.00,0.00,0.00,0.00,0.00,0.00,0.00,0.00,0.00,0.00",,0.00,
autonomous vehicle machine learning courses,,0,"0.00,0.00,0.00,0.00,0.00,0.00,0.00,0.00,0.00,0.00,0.00,0.00",,0.00,
awesome machine learning courses,,0,"0.00,0.00,0.00,0.00,0.00,0.00,0.00,0.00,0.00,0.00,0.00,0.00",,0.00,
aws certification course on machine learning,,0,"0.00,0.00,0.00,0.00,0.00,0.00,0.00,0.00,0.00,0.00,0.00,0.00",,0.00,
aws certified machine learning course cost,,0,"0.00,0.00,0.00,0.00,0.00,0.00",,0.00,
aws certified machine learning engineer - associate course,,0,"0.00,0.00,0.00,0.00,0.00,1.00,0.00,0.00,1.00,0.00,0.00,0.00",,0.00,
aws certified machine learning engineer associate course cost,,0,"1.00,1.00,1.00,0.00,0.00,0.00,0.00,0.00,1.00,0.00,0.00",,0.00,
aws certified machine learning engineer associate course free,,0,"0.00,0.00,0.00",,0.00,
aws certified machine learning engineer associate course online,,0,"0.00,0.00,0.00,0.00",,0.00,
aws certified machine learning engineer course,,0,0.00,,0.00,
aws certified machine learning specialty course cost,,0,"0.00,0.00,0.00",,0.00,
aws certified machine learning specialty course free,,0,0.00,,0.00,
aws certified machine learning specialty course online,,0,"0.00,0.00",,0.00,
aws course math for machine learning,,0,"0.00,0.00,0.00,0.00,0.00,0.00,0.00,0.00,0.00,0.00,0.00,0.00",,0.00,
aws machine learning a complete guide with python course,,0,"0.00,0.00,0.00,0.00,0.00,0.00,0.00,0.00,0.00,0.00,0.00,0.00",,0.00,
aws machine learning certification course cost,,0,"0.00,0.00,0.00,0.00,0.00",,0.00,
aws machine learning certification courses,,0,"0.00,0.00,0.00,0.00,0.00,0.00,0.00,0.00,0.00,0.00,0.00,0.00",,0.00,
aws machine learning course cost,,0,"0.00,0.00,0.00,0.00,0.00",,0.00,
aws machine learning course for beginners,,0,"0.00,0.00,0.00,0.00,0.00",,0.00,
aws machine learning course online,,0,"0.00,0.00,0.00,0.00,0.00",,0.00,
aws machine learning course review,,0,"0.00,0.00,0.00,0.00,0.00,0.00,0.00,0.00,0.00,0.00,0.00,0.00",,0.00,
aws machine learning course udemy,,0,"0.00,0.00,0.00,0.00,0.00,0.00,0.00,0.00,0.00,0.00,0.00,0.00",,0.00,
aws machine learning courses,,0,"0.00,0.00,1.00,0.00,0.00,0.00,0.00,0.00,0.50,0.50,0.00,0.50",,3.42,
aws machine learning crash course,,0,"0.00,0.00,0.00,0.00,0.00,0.00,0.00,0.00,0.00,0.00,0.00,0.00",,0.00,
aws machine learning foundation course,,0,"0.00,0.00,0.00,0.00,0.00,0.00,0.00,0.00,0.00,0.00,0.00,0.00",,0.00,
aws machine learning foundations course quiz,,0,"0.00,0.00,0.00,0.00,0.00,0.00,0.00,0.00,0.00,0.00,0.00,0.00",,0.00,
aws machine learning foundations course quiz answers,,0,"0.00,0.00,0.00,0.00,0.00,0.00,0.00,0.00,0.00,0.00,0.00,0.00",,0.00,
aws machine learning speciality course,,0,"0.00,0.00,0.00,0.00,0.00,0.00,0.00,0.00,0.00,0.00,0.00,0.00",,0.00,
aws mlu machine learning courses,,0,"0.00,0.00,0.00,0.00,0.00,0.00,0.00,0.00,0.00,0.00,0.00,0.00",,0.00,
azure ai : intelligence artificielle et machine learning course,,0,"0.00,0.00,0.00,0.00,0.00,0.00,0.00,0.00,0.00,0.00,0.00,0.00",,0.00,
azure ai : intelligence artificielle et machine learning online course,,0,"0.00,0.00,0.00,0.00,0.00,0.00,0.00,0.00,0.00,0.00,0.00,0.00",,0.00,
azure aws machine learning courses,,0,"0.00,0.00,0.00,0.00,0.00,0.00,0.00,0.00,0.00,0.00,0.00,0.00",,0.00,
azure machine learning course content,,0,"0.00,0.00,0.00,0.00,0.00,0.00,0.00,0.00,0.00,0.00,0.00,0.00",,0.00,
azure machine learning courses,,0,"0.00,0.00,0.00,0.00,0.00,0.00,0.00,0.00,0.00,0.00,0.00,0.00",,3.53,
azure machine learning free course,,0,"0.00,0.00,0.00,0.00,0.00,0.00,0.00,0.00,0.00,0.00,0.00,0.00",,0.00,
azure machine learning udemy course free,,0,"0.00,0.00,0.00,0.00,0.00,0.00,0.00",,0.00,
basic courses for machine learning,,0,"0.00,0.00,0.00,0.00,0.00,0.00,0.00,0.00,0.00,0.00,0.00,0.00",,0.00,
bayesian machine learning courses,,0,"0.00,0.00,0.00,0.00,0.00,0.00,0.00,0.00,0.00,0.00,0.00,0.00",,0.00,
bayesian machine learning in python ab testing course,,0,"0.00,0.00,0.00,0.00,0.00,0.00,0.00,0.00,0.00,0.00,0.00,0.00",,0.00,
bayesian reasoning and machine learning course,,0,"0.00,0.00,0.00,0.00,0.00,0.00,0.00,0.00,0.00,0.00,0.00,0.00",,0.00,
bcs machine learning courses,,0,"0.00,0.00,0.00,0.00,0.00,0.00,0.00,0.00,0.00,0.00,0.00,0.00",,0.00,
become a superhuman learning machine - 22 courses in 1,,0,"0.00,0.00,0.00,0.00,0.00,0.00,0.00,0.00,0.00,0.00,0.00,0.00",,0.00,
beginner machine learning course,,0,"0.00,0.00,0.00,0.00,0.00,0.00,0.00,0.00,0.00,0.00,0.00,0.00",,4.38,
beginner machine learning courses,,0,"0.00,0.00,0.00,0.00,0.00,0.00,0.00,0.00,0.00,0.00,0.00,0.00",,0.00,
beginners course in machine learning,,0,"0.00,0.00,0.00,0.00,0.00,0.00,0.00,0.00,0.00,0.00,0.00,0.00",,0.00,
berkeley eecs master's machine learning courses,,0,"0.00,0.00,0.00,0.00,0.00,0.00,0.00,0.00,0.00,0.00,0.00,0.00",,0.00,
berkeley eecs masters machine learning courses,,0,"0.00,0.00,0.00,0.00,0.00,0.00,0.00,0.00,0.00,0.00,0.00,0.00",,0.00,
berkeley introduction to machine learning open course,,0,"0.00,0.00,0.00,0.00,0.00,0.00,0.00,0.00,0.00,0.00,0.00,0.00",,0.00,
berkeley john canny machine learning course,,0,"0.00,0.00,0.00,0.00,0.00,0.00,0.00,0.00,0.00,0.00,0.00,0.00",,0.00,
berkeley machine learning course online,,0,"0.00,0.00,0.00,0.00,0.00,0.00,0.00,0.00,0.00,0.00,0.00,0.00",,0.00,
berkeley machine learning course spring 2020,,0,"0.00,0.00,0.00,0.00,0.00,0.00,0.00,0.00,0.00,0.00,0.00,0.00",,0.00,
berkeley machine learning courses,,0,"1.00,0.00,0.00,0.00,0.00,0.00,0.00,0.00,0.00,0.00,0.00,0.00",,12.04,
berkeley machine learning crash course,,0,"0.00,0.00,0.00,0.00,0.00,0.00,0.00,0.00,0.00,0.00,0.00,0.00",,0.00,
berkley machine learning course,,0,"0.00,0.00,0.00,0.00,0.00,0.00,0.00,0.00,0.00,0.00,0.00,0.00",,0.00,
best advanced machine learning course online,,0,"0.00,0.00,0.00,0.00,0.00,0.00,0.00,0.00,0.00,0.00,0.00,0.00",,0.00,
best advanced online machine learning course,,0,"0.00,0.00,0.00,0.00,0.00,0.00,0.00,0.00,0.00,0.00,0.00,0.00",,0.00,
best ai and machine learning course,,0,"0.00,0.00,0.00,0.00,0.00,0.00,0.00,1.00,0.00,0.00,0.50,0.00",,6.75,
best ai and machine learning courses 2025,,0,"1.00,0.00,0.00,0.00,0.00",,0.00,
best ai and machine learning courses for beginners,,0,"0.00,1.00,0.00",,0.00,
best ai and machine learning courses for career growth 2025,,0,"0.00,0.00,0.00",,0.00,
best ai and machine learning courses in pune,,0,"0.00,0.00,0.00,0.00,0.00,0.00,0.00,0.00,0.00,0.00,0.00,0.00",,0.00,
best ai and machine learning courses online,,0,"1.00,0.00,0.00,0.00,0.00,0.00,0.00,0.00",,0.00,
best ai machine learning course online,,0,"0.00,0.00,0.00,0.00,0.00,0.00,0.00,0.00,0.00,0.00,0.00,0.00",,0.00,
best ai machine learning courses,,0,"0.00,0.00,0.00",,0.00,
best ai machine learning courses 2025,,0,"0.00,0.00,0.00,0.00,0.00",,0.00,
best and cheap machin learning course,,0,"0.00,0.00,0.00,0.00,0.00,0.00,0.00,0.00,0.00,0.00,0.00,0.00",,0.00,
best applied machine learning online courses,,0,"0.00,0.00,0.00,0.00,0.00,0.00,0.00,0.00,0.00,0.00,0.00,0.00",,0.00,
best artafitial inteligence and machine learning courses,,0,"0.00,0.00,0.00,0.00,0.00,0.00,0.00,0.00,0.00,0.00,0.00,0.00",,0.00,
best artificial intelligence and machine learning courses,,0,"0.00,0.00,0.00,0.00,0.00,0.00,0.00,0.00",,0.00,
best artificial intelligence machine learning course,,0,"1.00,1.00,1.00,1.00,0.00,0.00,0.00,0.00,0.00,0.00,0.00",,0.00,
best artificial intelligence machine learning courses 2025,,0,"0.00,0.00,0.00,0.00",,0.00,
best azure machine learning courses udemy,,0,"1.00,0.00,0.00,0.00,0.00,0.00,0.00,0.00,0.00",,0.00,
best bayesian machine learning course,,0,"0.00,0.00,0.00,0.00,0.00,0.00,0.00,0.00,0.00,0.00,0.00,0.00",,0.00,
best beginning machine learning course,,0,"0.00,0.00,0.00,0.00,0.00,0.00,0.00,0.00,0.00,0.00,0.00,0.00",,0.00,
best big data and machine learning course on udemy,,0,"0.00,0.00,0.00,0.00,0.00,0.00,0.00,0.00,0.00,0.00,0.00,0.00",,0.00,
best big data and machine learning courses in india,,0,"0.00,0.00,0.00,0.00,0.00,0.00,0.00,0.00,0.00,0.00,0.00,0.00",,0.00,
best calculus course for machine learning,,0,"0.00,0.00,0.00,0.00,0.00,0.00,0.00,0.00,0.00,0.00,0.00,0.00",,0.00,
best college course for machine learning,,0,"0.00,0.00,0.00,0.00,0.00,0.00,0.00,0.00,0.00,0.00,0.00,0.00",,0.00,
best college for machine learning and robotics course,,0,"0.00,0.00,0.00,0.00,0.00,0.00,0.00,0.00,0.00",,0.00,
best college level machine learning course,,0,"0.00,0.00,0.00,0.00,0.00,0.00,0.00,0.00,0.00,0.00,0.00,0.00",,0.00,
best college level machine learning course reddit,,0,"0.00,0.00,0.00,0.00,0.00,0.00,0.00,0.00,0.00,0.00,0.00,0.00",,0.00,
best course for big data machine learning with spark,,0,"0.00,0.00,0.00,0.00,0.00,0.00,0.00,0.00,0.00,0.00,0.00,0.00",,0.00,
best course for machine learning deployment,,0,"0.00,0.00,0.00,0.00,0.00,0.00,0.00,0.00,0.00,0.00,0.00,0.00",,0.00,
best course for machine learning for beginners,,0,"0.00,0.00,0.00,0.00,0.00,0.00,0.00,0.00,0.00,0.00",,0.00,
best course for machine learning in python quora,,0,"0.00,0.00,0.00,0.00,0.00,0.00,0.00,0.00,0.00,0.00,0.00,0.00",,0.00,
best course for machine learning in us,,0,"0.00,0.00,0.00,0.00,0.00,0.00,0.00,0.00,0.00,0.00,0.00,0.00",,0.00,
best course for machine learning lynda,,0,"0.00,0.00,0.00,0.00,0.00,0.00,0.00,0.00,0.00,0.00,0.00,0.00",,0.00,
best course for machine learning on coursera,,0,"0.00,0.00,0.00,0.00,0.00,0.00,0.00,0.00,0.00,0.00,0.00,0.00",,0.00,
best course for machine learning online,,0,"0.00,0.00,0.00,0.00,0.00,0.00,0.00,0.00,0.00,0.00,0.00,0.00",,0.00,
best course for machine learning quora,,0,"0.00,0.00,0.00,0.00,0.00,0.00,0.00,0.00,0.00,0.00,0.00,0.00",,0.00,
best course in lynda to lear machine learning,,0,"0.00,0.00,0.00,0.00,0.00,0.00,0.00,0.00,0.00,0.00,0.00,0.00",,0.00,
best course machine learning ai,,0,"0.00,0.00,0.00,0.00,0.00,0.00,0.00,0.00,0.00,0.00,0.00,0.00",,0.00,
best course machine learning ai reddit,,0,"0.00,0.00,0.00,0.00,0.00,0.00,0.00,0.00,0.00,0.00,0.00,0.00",,0.00,
best course machine learning coursera,,0,"0.00,0.00,0.00,0.00,0.00,0.00,0.00,0.00,0.00,0.00,0.00,0.00",,0.00,
best course machine learning in python,,0,"0.00,0.00,0.00,0.00,0.00,0.00,0.00,0.00,0.00,0.00,0.00,0.00",,0.00,
best course machine learning mit,,0,"0.00,0.00,0.00,0.00,0.00,0.00,0.00,0.00,0.00,0.00,0.00,0.00",,0.00,
best course of study for machine learning,,0,"0.00,0.00,0.00,0.00,0.00,0.00,0.00,0.00,0.00,0.00,0.00,0.00",,0.00,
best course on ai and machine learning,,0,"0.00,0.00,0.00,0.00,0.00,0.00,0.00,1.00,0.00,0.00,0.00,0.00",,0.00,
best course on coursera for machine learning,,0,"0.00,0.00,0.00,0.00,0.00,0.00,0.00,0.00,1.00,0.00,0.00,0.00",,0.00,
best course on machine learning and artificial intelligence in india,,0,"0.00,0.00,0.00,0.00,0.00,0.00,0.00,0.00,0.00,0.00,0.00,0.00",,0.00,
best course on machine learning in finance,,0,"0.00,0.00,0.00,0.00,0.00,0.00,0.00,0.00,0.00,0.00,0.00,0.00",,0.00,
best course on machine learning with python quora,,0,"0.00,0.00,0.00,0.00,0.00,0.00,0.00,0.00,0.00,0.00,0.00,0.00",,0.00,
best course on statistics for machine learning,,0,"0.00,0.00,0.00,0.00,0.00,0.00,0.00,0.00,0.00,0.00,0.00,0.00",,0.00,
best course python machine learning,,0,"0.00,0.00,0.00,0.00,0.00,0.00,0.00,0.00,0.00,0.00,0.00,0.00",,0.00,
best course to learn python for machine learning,,0,"0.00,0.00,0.00,0.00,0.00,0.00,0.00,0.00,0.00,0.00,0.00,0.00",,0.00,
best course work masters in machine learning,,0,"0.00,0.00,0.00,0.00,0.00,0.00,0.00,0.00,0.00,0.00,0.00,0.00",,0.00,
best coursera course for machine learning,,0,"0.00,0.00,0.00,0.00,0.00,0.00,0.00,0.00,0.00,0.00,0.00,0.00",,0.00,
best coursera courses on machine learning,,0,"0.00,0.00,0.00,0.00,0.00,0.00,0.00,0.00,0.00,0.00,0.00,0.00",,0.00,
best coursera machine learning course,,0,"0.00,0.00,0.00,0.00,0.00,0.00,0.00,0.00,0.00,0.00,0.00,0.00",,4.72,
best coursera machine learning courses,,0,0.00,,0.00,
best coursera python machine learning course,,0,"0.00,0.00,0.00,0.00,0.00,0.00,0.00,0.00,0.00,0.00,0.00,0.00",,0.00,
best courses for artificial intelligence and machine learning,,0,"0.00,0.00,0.00,0.00,0.00,0.00,0.00,0.00,0.00,0.00,0.00,0.00",,0.00,
best courses for data science and machine learning,,0,"0.00,0.00,0.00,0.00,0.00,0.00,0.00,0.00,0.00,0.00,0.00,0.00",,0.00,
best courses for machine learning college,,0,"0.00,0.00,0.00,0.00,0.00,0.00,0.00,0.00,0.00,0.00,0.00,0.00",,0.00,
best courses for machine learning engineer,,0,"0.00,0.00,0.00,0.00,0.00,0.00,0.00,0.00,0.00",,0.00,
best courses machine learning and ai,,0,"0.00,0.00,0.00,0.00,0.00,0.00,0.00,0.00,0.00,0.00,0.00,0.00",,0.00,
best courses of machine learning,,0,"0.00,0.00,0.00,0.00,0.00,0.00,0.00,0.00,0.00,0.00,0.00,0.00",,0.00,
best courses on machine learning,,0,"1.00,0.00,0.00,0.00,0.00,0.00,0.00,0.00,0.00,0.00,0.33,0.33",,5.42,
best courses on udemay for machine learning,,0,"0.00,0.00,0.00,0.00,0.00,0.00,0.00,0.00,0.00,0.00,0.00,0.00",,0.00,
best courses to learn ai and machine learning 2025,,0,"0.00,0.00,0.00,0.00",,0.00,
best courses to learn machine learning 2025,,0,"0.00,0.00,0.00,0.00",,0.00,
best courses to learn machine learning reddit,,0,"0.00,0.00,0.00,0.00,0.00,0.00,0.00,0.00,0.00,0.00,0.00,0.00",,0.00,
best crash course on machine learning,,0,"0.00,0.00,0.00,0.00,0.00,0.00,0.00,0.00,0.00,0.00,0.00,0.00",,0.00,
best data science and machine learning course,,0,"0.00,0.00,0.00,0.00,0.00,0.00,0.00,0.00,0.00,0.00,0.00,0.00",,9.79,
best data science and machine learning course online,,0,"0.00,0.00,0.00,0.00,0.00,0.00,0.00,0.00,1.00,0.00,0.00,0.00",,0.00,
best data science and machine learning courses reddit,,0,"0.00,0.00,0.00,0.00,0.00,0.00,0.00,0.00,0.00,0.00,0.00,0.00",,0.00,
best data science machine learning course,,0,"0.00,0.00,0.00,0.00,0.00,0.00,0.00,0.00,0.00,0.00,0.00,0.00",,0.00,
best free course for machine learning,,0,"0.00,0.00,0.00,0.00,0.00,0.00,0.00,0.00,0.00,0.00,0.00,0.00",,0.00,
best free machine learning course quora,,0,"0.00,0.00,0.00,0.00,0.00,0.00,0.00,0.00,0.00,0.00,0.00,0.00",,0.00,
best free machine learning course using python,,0,"0.00,0.00,0.00,0.00,0.00,0.00,0.00,0.00,0.00,0.00,0.00,0.00",,0.00,
best free machine learning course with certificate,,0,"0.00,0.00,0.00,0.00,0.00,0.00",,0.00,
best free machine learning courses 2024,,0,"0.00,0.00,0.00,0.00,0.00",,0.00,
best free machine learning courses advanced,,0,"0.00,0.00,0.00,0.00,0.00,0.00,0.00,0.00,0.00,0.00,0.00,0.00",,0.00,
best free machine learning courses advanced university,,0,"0.00,0.00,0.00,0.00,0.00,0.00,0.00,0.00,0.00,0.00,0.00,0.00",,0.00,
best free machine learning courses advanced university cs1,,0,"0.00,0.00,0.00,0.00,0.00,0.00,0.00,0.00,0.00,0.00,0.00,0.00",,0.00,
best free machine learning courses online,,0,"0.00,0.00,0.00,0.00,0.00,0.00,0.00,0.00,0.00,0.00,0.00,0.00",,0.00,
best free online course python machine learning,,0,"0.00,0.00,0.00,0.00,0.00,0.00,0.00,0.00,0.00,0.00,0.00,0.00",,0.00,
best free online courses for machine learning beginners,,0,"0.00,0.00,0.00,0.00,0.00,0.00,0.00,0.00,0.00,0.00,0.00,0.00",,0.00,
best free online courses machine learning,,0,"0.00,0.00,0.00,0.00,0.00,0.00,0.00,0.00,0.00,0.00,0.00,0.00",,0.00,
best free python machine learning course,,0,"0.00,0.00,0.00,0.00,0.00,0.00,0.00,0.00,0.00,0.00,0.00,0.00",,0.00,
best free python machine learning courses beginner,,0,"0.00,0.00,0.00,0.00,0.00,0.00,0.00,0.00,0.00,0.00,0.00,0.00",,0.00,
best generative ai and machine learning course,,0,"0.00,0.00",,0.00,
best generative ai and machine learning course for career growth,,0,"0.00,0.00",,0.00,
best generative ai and machine learning course for working professionals,,0,"0.00,0.00",,0.00,
best generative ai and machine learning course online,,0,"0.00,0.00",,0.00,
best institute for machine learning courses in thane,,0,"0.00,0.00,0.00,0.00,0.00,0.00,0.00,0.00,0.00,0.00,0.00,0.00",,0.00,
best interactive machine learning course,,0,"0.00,0.00,0.00,0.00,0.00,0.00,0.00,0.00,0.00,0.00,0.00,0.00",,0.00,
best introduction to machine learning course,,0,"0.00,0.00,0.00,0.00,0.00,0.00,0.00,0.00,0.00,0.00,0.00,0.00",,0.00,
best machine learning 3 months course,,0,"0.00,0.00,0.00,0.00,0.00,0.00,0.00,0.00,0.00,0.00,0.00,0.00",,0.00,
best machine learning ai course,,0,"0.00,0.00,0.00,0.00,0.00,0.00,0.00,0.00,0.00,0.00,0.00,0.00",,6.84,
best machine learning ai courses reddit,,0,"0.00,0.00,0.00,0.00,0.00,0.00,0.00,0.00,0.00,0.00,0.00,0.00",,0.00,
best machine learning and artificial intelligence courses free,,0,"0.00,0.00",,0.00,
best machine learning certification courses,,0,"0.00,0.00,0.00,0.00,0.00,0.00,0.00,0.00,0.00,0.00,0.00,0.00",,0.00,
best machine learning conceptual courses,,0,"0.00,0.00,0.00,0.00,0.00,0.00,0.00,0.00,0.00,0.00,0.00,0.00",,0.00,
best machine learning conceptual courses online,,0,"0.00,0.00,0.00,0.00,0.00,0.00,0.00,0.00,0.00,0.00,0.00,0.00",,0.00,
best machine learning course 2018,,0,"0.00,1.00,0.00,0.00,0.00,0.00,0.00,0.00,0.00,0.00,0.00,0.00",,0.00,
best machine learning course 2020,,0,"0.00,0.00,0.00,0.00,0.00,0.00,0.00,0.00,0.00,0.00,0.00,0.00",,0.00,
best machine learning course 2021,,0,"0.00,0.00,0.00,0.00,0.00,0.00,0.00,0.00,0.00,0.00,0.00,0.00",,0.00,
best machine learning course 2022,,0,"0.00,0.00,0.00,0.00,0.00,0.00,0.00,0.00,0.00,0.00,0.00,0.00",,0.00,
best machine learning course 2023,,0,"0.00,0.00,0.00,0.00,0.00,0.00,0.00,1.00,0.00,0.00,0.00,0.00",,0.00,
best machine learning course 2024,,0,"0.00,1.00,0.00,0.00,0.00,0.00,0.00,0.00,0.00,0.00,0.00,0.00",,0.00,
best machine learning course 2025,,0,"1.00,0.00,0.00,0.00,0.00,0.00",,0.00,
best machine learning course bay area,,0,"0.00,0.00,0.00,0.00,0.00,0.00,0.00,0.00,0.00,0.00,0.00,0.00",,0.00,
best machine learning course by universities,,0,"0.00,0.00,0.00,0.00,0.00,0.00,0.00,0.00,0.00,0.00,0.00,0.00",,0.00,
best machine learning course certification,,0,"0.00,0.00,0.00,0.00,0.00,0.00,0.00,0.00,0.00,0.00,0.00,0.00",,0.00,
best machine learning course edx,,0,"0.00,1.00,0.00,0.00,1.00,0.00,0.00,0.00,0.00,0.00,0.00,0.00",,0.00,
best machine learning course for beginners online,,0,"0.00,0.00",,0.00,
best machine learning course for intermediate,,0,"0.00,0.00,0.00,0.00,0.00,0.00,0.00,0.00,0.00,0.00,0.00,0.00",,0.00,
best machine learning course for intermidiate,,0,"0.00,0.00,0.00,0.00,0.00,0.00,0.00,0.00,0.00,0.00,0.00,0.00",,0.00,
best machine learning course for text classification,,0,"0.00,0.00,0.00,0.00,0.00,0.00,0.00,0.00,0.00,0.00,0.00,0.00",,0.00,
best machine learning course hacker news,,0,"0.00,0.00,0.00,0.00,0.00,0.00,0.00,0.00,0.00,0.00,0.00,0.00",,0.00,
best machine learning course hyderabad,,0,"0.00,0.00,0.00,0.00,0.00,0.00,0.00,0.00,0.00,0.00,0.00,0.00",,0.00,
best machine learning course in ahmedabad,,0,"0.00,0.00,0.00,0.00,0.00,0.00,0.00,0.00,0.00,0.00,0.00,0.00",,0.00,
best machine learning course in chandigarh,,0,"0.00,0.00,0.00,0.00,0.00,0.00,0.00,0.00,0.00,0.00,0.00,0.00",,0.00,
best machine learning course in delhi,,0,"0.00,0.00,0.00,0.00,0.00,0.00,0.00,0.00,0.00,0.00,0.00,0.00",,0.00,
best machine learning course in detroit certificate,,0,"0.00,0.00,0.00,0.00,0.00,0.00,0.00,0.00,0.00,0.00,0.00,0.00",,0.00,
best machine learning course in germany,,0,"0.00,0.00,0.00,0.00,0.00,0.00,0.00,0.00,0.00,0.00,0.00,0.00",,0.00,
best machine learning course in gurgaon,,0,"0.00,0.00,0.00,0.00,0.00,0.00,0.00,0.00,0.00,0.00,0.00,0.00",,0.00,
best machine learning course in india quora,,0,"0.00,0.00,0.00,0.00,0.00,0.00,0.00,0.00,0.00,0.00,0.00,0.00",,0.00,
best machine learning course in india with placement,,0,"0.00,0.00,0.00,1.00,0.00,0.00,1.00,0.00,0.00,0.00,0.00,0.00",,0.00,
best machine learning course in kolkata,,0,"0.00,0.00,0.00,0.00,0.00,0.00,0.00,0.00,0.00,0.00,0.00,0.00",,0.00,
best machine learning course in mumbai,,0,"0.00,0.00,0.00,1.00,0.00,0.00,0.00,0.00,0.00,0.00,0.00,0.00",,0.00,
best machine learning course in noida,,0,"0.00,0.00,0.00,0.00,0.00,0.00,0.00,0.00,0.00,0.00,0.00,0.00",,0.00,
best machine learning course in noida quora,,0,"0.00,0.00,0.00,0.00,0.00,0.00,0.00,0.00,0.00,0.00,0.00,0.00",,0.00,
best machine learning course in pcmc,,0,"0.00,0.00,0.00,0.00,0.00,0.00,0.00,0.00,0.00",,0.00,
best machine learning course in pimpri chinchwad,,0,"0.00,0.00,0.00,0.00,0.00,0.00,0.00,0.00,0.00",,0.00,
best machine learning course in pune,,0,"0.00,0.00,0.00,1.00,0.00,0.00,0.00,0.00,0.00,0.00,0.00,0.00",,0.00,
best machine learning course in r,,0,"0.00,0.00,0.00,0.00,0.00,0.00,0.00,0.00,0.00,0.00,0.00,0.00",,0.00,
best machine learning course in the world,,0,"0.00,0.00",,0.00,
best machine learning course in ucsd,,0,"0.00,0.00,0.00,0.00,0.00,0.00,0.00,0.00,0.00,0.00,0.00,0.00",,0.00,
best machine learning course institute in kolkata,,0,"0.00,0.00,0.00,0.00,0.00,0.00,0.00,0.00,0.00,0.00,0.00,0.00",,0.00,
best machine learning course medium,,0,"0.00,0.00,0.00,0.00,0.00,0.00,0.00,0.00,0.00,0.00,0.00,0.00",,0.00,
best machine learning course mit,,0,"0.00,0.00,0.00,0.00,0.00,0.00,0.00,0.00,0.00,0.00,0.00,0.00",,0.00,
best machine learning course on lynda,,0,"0.00,0.00,0.00,0.00,0.00,0.00,0.00,0.00,0.00,0.00,0.00,0.00",,0.00,
best machine learning course on udemy quora,,0,"0.00,0.00,0.00,0.00,0.00,0.00,0.00,0.00,0.00,0.00,0.00,0.00",,0.00,
best machine learning course online 2018,,0,"0.00,0.00,0.00,0.00,0.00,0.00,0.00,0.00,0.00,0.00,0.00,0.00",,0.00,
best machine learning course online 2019,,0,"0.00,0.00,0.00,0.00,0.00,0.00,0.00,0.00,0.00,0.00,0.00,0.00",,0.00,
best machine learning course online in india,,0,"0.00,0.00,0.00,0.00,0.00,0.00,0.00,0.00,0.00,0.00,0.00,0.00",,0.00,
best machine learning course online quora,,0,"0.00,0.00,0.00,0.00,0.00,0.00,0.00,0.00,0.00,0.00,0.00,0.00",,0.00,
best machine learning course online reddit,,0,"0.00,0.00,0.00,0.00,0.00,0.00,0.00,0.00,0.00,0.00,0.00,0.00",,0.00,
best machine learning course pdf,,0,"0.00,0.00,0.00,0.00,0.00,0.00,0.00,0.00,0.00,0.00,0.00,0.00",,0.00,
best machine learning course pluralsight,,0,"0.00,0.00,0.00,0.00,0.00,0.00,0.00,0.00,0.00,0.00,0.00,0.00",,0.00,
best machine learning course san francisco,,0,"0.00,0.00,0.00,0.00,0.00,0.00,0.00,0.00,0.00,0.00,0.00,0.00",,0.00,
best machine learning course to get a job,,0,"0.00,0.00,0.00,0.00,0.00,0.00,0.00,0.00,0.00,0.00,0.00,0.00",,0.00,
best machine learning course to learn to do projects,,0,"1.00,0.00,0.00,0.00,0.00,0.00",,0.00,
best machine learning course uchicago,,0,"0.00,0.00,0.00,0.00,0.00,0.00,0.00,0.00,0.00,0.00,0.00,0.00",,0.00,
best machine learning course udemy quora,,0,"0.00,0.00,0.00,0.00,1.00,0.00,0.00,0.00,0.00,0.00,0.00,0.00",,0.00,
best machine learning course under 10 hours,,0,"0.00,0.00,0.00,0.00,0.00,0.00,0.00,0.00,0.00,0.00,0.00,0.00",,0.00,
best machine learning course under 20 hours,,0,"0.00,0.00,0.00,0.00,0.00,0.00,0.00,0.00,0.00,0.00,0.00,0.00",,0.00,
best machine learning course with certificate,,0,"0.00,0.00,0.00,0.00,0.00,0.00,0.00,1.00,0.00,1.00,0.00,0.00",,0.00,
best machine learning courses 2019,,0,"0.00,0.00,0.00,0.00,0.00,0.00,0.00,0.00,0.00,0.00,0.00,0.00",,0.00,
best machine learning courses 2020,,0,"0.00,0.00,0.00,0.00,0.00,0.00,0.00,0.00,0.00,0.00,0.00,0.00",,0.00,
best machine learning courses 2022,,0,"0.00,0.00,0.00,0.00,0.00,0.00,0.00,0.00,0.00,0.00,0.00,0.00",,0.00,
best machine learning courses andrew ng,,0,"0.00,0.00,0.00,0.00,0.00,0.00,0.00,0.00,0.00,0.00,0.00,0.00",,0.00,
best machine learning courses certification,,0,"0.00,0.00,0.00,0.00,0.00,0.00,0.00,0.00,0.00,0.00,0.00,0.00",,0.00,
best machine learning courses coursera,,0,"0.00,0.00,0.00,0.00,0.00,0.00,0.00,0.00,0.00,0.00,0.00,0.00",,4.72,
best machine learning courses cs github,,0,"0.00,0.00,0.00,0.00,0.00,0.00,0.00,0.00,0.00,0.00,0.00,0.00",,0.00,
best machine learning courses for beginners online,,0,"0.00,0.00",,0.00,
best machine learning courses free,,0,"0.00,0.00,0.00,1.00,0.00,1.00,0.00,0.00,0.00,0.00,0.00,0.00",,2.45,
best machine learning courses in coursera,,0,"0.00,0.00,0.00,0.00,0.00,0.00,0.00,0.00,0.00,0.00,0.00,0.00",,0.00,
best machine learning courses in germany,,0,"0.00,0.00,0.00,0.00,0.00,0.00,0.00,0.00,0.00,0.00,0.00,0.00",,0.00,
best machine learning courses in india,,0,"0.00,0.00,0.00,0.00,0.00,0.00,0.00,0.00,0.00,0.00,0.00,0.00",,3.29,
best machine learning courses in nyc,,0,"0.00,0.00,0.00,0.00,0.00,0.00,0.00,0.00,0.00,0.00,0.00,0.00",,0.00,
best machine learning courses nyc,,0,"0.00,0.00,0.00,0.00,0.00,0.00,0.00,0.00,0.00,0.00,0.00,0.00",,0.00,
best machine learning courses online 2018,,0,"0.00,0.00,0.00,0.00,0.00,0.00,0.00,0.00,0.00,0.00,0.00,0.00",,0.00,
best machine learning courses online for beginners,,0,0.00,,0.00,
best machine learning courses online free,,0,"0.00,0.00,0.00,0.00,0.00,0.00,0.00,0.00,0.00,0.00,0.00,0.00",,0.00,
best machine learning courses r,,0,"0.00,0.00,0.00,0.00,0.00,0.00,0.00,0.00,0.00,0.00,0.00,0.00",,0.00,
best machine learning courses r undergraduate,,0,"0.00,0.00,0.00,0.00,0.00,0.00,0.00,0.00,0.00,0.00,0.00,0.00",,0.00,
best machine learning courses udacity,,0,"0.50,1.00,0.00,0.00,0.00,0.00,0.00,0.00,0.00,0.00",,0.00,
best machine learning courses uk,,0,"0.00,0.00,0.00,0.00,0.00,0.00,0.00,0.00,0.00,0.00,0.00,0.00",,0.00,
best machine learning courses youtube,,0,"0.00,0.00,0.00,0.00,0.00",,0.00,
best machine learning crash course,,0,"0.00,0.00,0.00,0.00,0.00,0.00,0.00,0.00,0.00,0.00,0.00,0.00",,0.00,
best machine learning engineer course online,,0,"1.00,0.00",,0.00,
best machine learning for finance course,,0,"0.00,1.00,1.00,0.00,0.00,0.00,0.00,0.00,1.00,0.00,0.00,0.00",,0.00,
best machine learning for finance course free,,0,0.00,,0.00,
best machine learning for finance course online,,0,"0.00,0.00,0.00,0.00",,0.00,
best machine learning free course for beginners,,0,"0.00,0.00,0.00,0.00,0.00,0.00,0.00,0.00,0.00,0.00,0.00,0.00",,0.00,
best machine learning free full course,,0,"0.00,0.00,0.00,0.00,0.00,0.00,0.00,0.00,0.00,0.00,0.00,0.00",,0.00,
best machine learning full course,,0,"0.00,0.00,0.00,0.00,0.00,0.00,0.00,0.00,0.00,0.00,0.00,0.00",,0.00,
best machine learning iim course,,0,"0.00,0.00,0.00,0.00,0.00,0.00,0.00,0.00,0.00,0.00,0.00,0.00",,0.00,
best machine learning in finance courses,,0,"0.00,0.00,0.00,0.00,0.00,0.00,0.00,0.00,0.00,0.00,0.00,0.00",,0.00,
best machine learning interview prep course,,0,"0.00,0.00,0.00,0.00,0.00,0.00,0.00,0.00,0.00,0.00,0.00,0.00",,0.00,
best machine learning intro course,,0,"0.00,0.00,0.00,0.00,0.00,0.00,0.00,0.00,0.00,0.00,0.00,0.00",,0.00,
best machine learning online course hyderabad,,0,"0.00,0.00,0.00,0.00,0.00,0.00,0.00,0.00,0.00,0.00,0.00,0.00",,0.00,
best machine learning online course in india,,0,"0.00,0.00,0.00,0.00,0.00,0.00,0.00,0.00,0.00,0.00,0.00,0.00",,0.00,
best machine learning online course in python,,0,"0.00,0.00,0.00,0.00,0.00,0.00,0.00,0.00,0.00,0.00,0.00,0.00",,0.00,
best machine learning online course projects,,0,"0.00,0.00,0.00,0.00,0.00,0.00,0.00,0.00,0.00,0.00,0.00,0.00",,0.00,
best machine learning online course without math,,0,"0.00,0.00,0.00,0.00,0.00,0.00,0.00,0.00,0.00,0.00,0.00,0.00",,0.00,
best machine learning online courses for cheminformatics,,0,"0.00,0.00,0.00,0.00,0.00,0.00,0.00,0.00,0.00,0.00,0.00,0.00",,0.00,
best machine learning online courses free,,0,"0.00,0.00,0.00,0.00,0.00,0.00,0.00,0.00,0.00,0.00,0.00,0.00",,0.00,
best machine learning paid course,,0,"0.00,0.00,0.00,0.00,0.00,0.00,0.00,0.00,0.00,0.00,0.00,0.00",,0.00,
best machine learning python courses,,0,"0.00,0.00,0.00,0.00,0.00,0.00,0.00",,0.00,
best machine learning theory course,,0,"0.00,0.00,0.00,0.00,0.00,0.00,0.00,0.00,0.00,0.00,0.00,0.00",,0.00,
best machine learning training courses hands-on career-oriented,,0,"1.00,0.00",,0.00,
best machine learning udemy courses,,0,"0.00,0.00,0.00,0.00,0.00,0.00,0.00,0.00,0.00,0.00,0.00,0.00",,0.00,
best machine learning video courses,,0,"0.00,0.00,0.00,0.00,0.00,0.00,0.00,0.00,0.00,0.00,0.00,0.00",,0.00,
best machine learning with python online course,,0,"0.00,0.00",,0.00,
best machine learning with r course,,0,"0.00,0.00,0.00,0.00,0.00,0.00,0.00,0.00,0.00,0.00,0.00,0.00",,0.00,
best math courses for machine learning online,,0,"0.00,0.00,0.00,0.00,0.00,0.00,0.00,0.00,0.00,0.00,0.00,0.00",,0.00,
best mooc courses for machine learning,,0,"0.00,0.00,0.00,0.00,0.00,0.00,0.00,0.00,0.00,0.00,0.00,0.00",,0.00,
best nptel courses for machine learning,,0,"0.00,1.00,0.00,0.00,1.00,0.00,0.00,0.00,0.00,0.00,0.00,0.00",,0.00,
best online ai machine learning courses,,0,0.00,,0.00,
best online certification courses for machine learning cornell,,0,"0.00,0.00,0.00,0.00,0.00,0.00,0.00,0.00,0.00,0.00,0.00,0.00",,0.00,
best online course for applied machine learning,,0,"0.00,0.00,0.00,0.00,0.00,0.00,0.00,0.00,0.00,0.00,0.00,0.00",,0.00,
best online course for machine learning concepts,,0,"0.00,0.00,0.00,0.00,0.00,0.00,0.00,0.00,0.00,0.00,0.00,0.00",,0.00,
best online course for machine learning quora,,0,"0.00,0.00,0.00,0.00,0.00,0.00,0.00,0.00,0.00,0.00,0.00,0.00",,0.00,
best online course for machine learning with python quora,,0,"0.00,0.00,0.00,0.00,0.00,0.00,0.00,0.00,0.00,0.00,0.00,0.00",,0.00,
best online course for python machine learning,,0,"0.00,0.00,0.00,1.00,0.00,0.00,0.00,0.00,0.00,0.00,0.00,0.00",,0.00,
best online course in machine learning,,0,"0.00,0.00,0.00,0.00,0.00,0.00,0.00,0.00,0.00,0.00,0.00,0.00",,0.00,
best online course machine learning for testing,,0,"0.00,0.00,0.00,0.00,0.00,0.00,0.00,0.00,0.00,0.00,0.00,0.00",,0.00,
best online course machine learning for trading,,0,"0.00,0.00,0.00,0.00,0.00,0.00,0.00,0.00,0.00,0.00,0.00,0.00",,0.00,
best online course machine learning python,,0,"0.00,0.00,1.00,1.00,0.00,0.00,0.00,0.00,0.00,0.00,0.00,0.00",,0.00,
best online course on machine learning and ai,,0,"0.00,0.00,0.00,0.00,0.00,0.00,0.00,0.00,0.00,0.00,0.00,0.00",,0.00,
best online course on machine learning reddit,,0,"0.00,0.00,0.00,0.00,0.00,0.00,0.00,0.00,0.00,0.00,0.00,0.00",,0.00,
best online course python machine learning,,0,"0.00,0.00,0.00,0.00,0.00,0.00,0.00,0.00,0.00,0.00,0.00,0.00",,0.00,
best online course to start machine learning,,0,"0.00,0.00,0.00,0.00,0.00,0.00,0.00,0.00,0.00,0.00,0.00,0.00",,0.00,
best online courses artificial intelligence machine learning 2025,,0,"0.00,0.00,0.00,0.00,0.00",,0.00,
best online courses certifications for machine learning,,0,"0.00,0.00,0.00,0.00,0.00,0.00,0.00,0.00,0.00,0.00,0.00,0.00",,0.00,
best online courses for artificial intelligence & machine learning,,0,"0.00,0.00,0.00,0.00,0.00,0.00,0.00,0.00,0.00,0.00,0.00,0.00",,0.00,
best online courses for machine learning and artificial intelligence,,0,"0.00,0.00,0.00,0.00,0.00,0.00,0.00,0.00,0.00,0.00,0.00,0.00",,0.00,
best online courses for machine learning for high school students,,0,"0.00,0.00,0.00,0.00,0.00,0.00,0.00,0.00,0.00,0.00,0.00,0.00",,0.00,
best online courses for machine learning quora,,0,"0.00,0.00,0.00,0.00,0.00,0.00,0.00,0.00,0.00,0.00,0.00,0.00",,0.00,
best online courses for machine learning techworld,,0,"0.00,0.00,0.00,0.00,0.00,0.00,0.00,0.00,0.00,0.00,0.00,0.00",,0.00,
best online courses for prob and stats for machine learning,,0,"0.00,0.00,0.00,0.00,0.00,0.00,0.00,0.00,0.00,0.00,0.00,0.00",,0.00,
best online courses machine learning,,0,"0.00,0.00,0.00,0.00,0.00,0.00,0.00,0.00,0.00,0.00,1.00,0.00",,8.08,
best online courses math for machine learning,,0,"0.00,0.00,0.00,0.00,0.00,0.00,0.00,0.00,0.00,0.00,0.00,0.00",,0.00,
best online courses on machine learning,,0,"0.00,0.00,0.00,0.00,0.00,0.00,0.00,0.00,0.00,0.00,0.00,0.00",,8.08,
best online courses to learn machine learning,,0,"0.00,0.00,0.00,0.00,0.00,0.00,0.00,0.00,0.00,0.00,0.00,0.00",,0.00,
best online courses to learn math for machine learning,,0,"0.00,0.00,0.00,0.00,0.00,0.00,0.00,0.00,0.00,0.00,0.00,0.00",,0.00,
best online free courses python machine learning,,0,"0.00,0.00,0.00,0.00,0.00,0.00,0.00,0.00,0.00,0.00,0.00,0.00",,0.00,
best online machine learning and ai course,,0,"0.00,0.00,0.00,0.00,0.00,0.00,0.00,0.00,0.00,0.00,0.00,0.00",,0.00,
best online machine learning course 2019,,0,"0.00,0.00,0.00,0.00,0.00,0.00,0.00,0.00,0.00,0.00,0.00,0.00",,0.00,
best online machine learning course free,,0,"0.00,0.00,0.00,0.00,0.00,0.00,0.00,0.00,0.00,0.00,0.00,0.00",,0.00,
best online machine learning course linkedin,,0,"0.00,0.00,0.00,0.00,0.00,0.00,0.00,0.00,0.00,0.00,0.00,0.00",,0.00,
best online machine learning course python,,0,"0.00,0.00,0.00,0.00,0.00,0.00,0.00,0.00,0.00,0.00,0.00,0.00",,0.00,
best online machine learning course quora,,0,"1.00,0.00,0.00,1.00,0.00,0.00,0.00,0.00,0.00,0.00,0.00,0.00",,0.00,
best online machine learning course reddit,,0,"0.00,0.00,0.00,0.00,0.00,0.00,0.00,0.00,0.00,0.00,0.00,0.00",,0.00,
best online machine learning courses india,,0,"0.00,0.00,0.00,0.00,0.00,0.00,0.00,0.00,0.00,0.00,0.00,0.00",,0.00,
best online machine learning projects course,,0,"0.00,0.00,0.00,0.00,0.00,0.00,0.00,0.00,0.00,0.00,0.00,0.00",,0.00,
best online python and machine learning course,,0,"0.00,0.00,0.00,0.00,0.00,0.00,0.00,0.00,0.00,0.00,0.00,0.00",,0.00,
best online python machine learning course,,0,"0.00,0.00,0.00,0.00,0.00,0.00,0.00,0.00,0.00,0.00,0.00,0.00",,0.00,
best optimization course for machine learning,,0,"0.00,0.00,0.00,0.00,0.00,0.00,0.00,0.00,0.00,0.00,0.00,0.00",,0.00,
best paid machine learning courses 2025,,0,0.00,,0.00,
best probability and statistic course for machine learning,,0,"0.00,0.00,0.00,0.00,0.00,0.00,0.00,0.00,0.00,0.00,0.00,0.00",,0.00,
best probability statistics course for machine learning,,0,"0.00,0.00,0.00,0.00,0.00,0.00,0.00,0.00,0.00,0.00,0.00,0.00",,0.00,
best probabilty and statistic course for machine learning,,0,"0.00,0.00,0.00,0.00,0.00,0.00,0.00,0.00,0.00,0.00,0.00,0.00",,0.00,
best probablbility statistics course for machine learning,,0,"0.00,0.00,0.00,0.00,0.00,0.00,0.00,0.00,0.00,0.00,0.00,0.00",,0.00,
best python course for data science and machine learning udemy,,0,"0.00,0.00,0.00,0.00,0.00,0.00",,0.00,
best python courses for machine learning,,0,"0.00,0.00,0.00",,0.00,
best python machine learning course reddit,,0,"0.00,0.00,0.00,0.00,0.00,0.00,0.00,0.00,0.00,0.00,0.00,0.00",,0.00,
best python machine learning course udemy,,0,"0.00,0.00,0.00,0.00,0.00,0.00,0.00,0.00,0.00,0.00,0.00",,0.00,
best python machine learning courses,,0,"0.00,0.00,0.00,0.00,0.00,0.00,0.00,0.00,0.00,0.00,0.00,0.00",,3.01,
best python machine learning online course,,0,"0.00,0.00,0.00,0.00,0.00,0.00,0.00,0.00,0.00,0.00,0.00,0.00",,0.00,
best python machine learning online course sklearn,,0,"0.00,0.00,0.00,0.00,0.00,0.00,0.00,0.00,0.00,0.00,0.00,0.00",,0.00,
best python machine learning online courses,,0,"0.00,0.00,0.00,0.00,0.00,0.00,0.00,0.00,0.00,0.00,0.00,0.00",,0.00,
best short courses to learn machine learning,,0,"0.00,0.00,0.00,0.00,0.00,0.00,0.00,0.00,0.00,0.00,0.00,0.00",,0.00,
best theoretical machine learning course,,0,"0.00,0.00,0.00,0.00,0.00,0.00,0.00,0.00,0.00,0.00,0.00,0.00",,0.00,
best theoretical machine learning courses,,0,"0.00,0.00,0.00,0.00,0.00,0.00,0.00,0.00,0.00,0.00,0.00,0.00",,0.00,
best udacity courses for machine learning,,0,"0.00,0.00,0.00,0.00,0.00,0.00,0.00,0.00,0.00,0.00,0.00,0.00",,0.00,
best udacity machine learning course,,0,"0.00,0.00,0.00,0.00,0.00,0.00,0.00,0.00,0.00,0.00,0.00,0.00",,0.00,
best udemy courses machine learning,,0,"0.00,0.00,0.00,0.00,0.00,0.00,0.00,0.00,0.00,0.00,0.00,0.00",,0.00,
best udemy machine learning course 2024,,0,"0.00,0.00,0.00,0.00,0.00",,0.00,
best udemy machine learning course 2025,,0,0.00,,0.00,
best udemy machine learning course 2026,,0,0.00,,0.00,
best udemy machine learning courses,,0,"0.00,0.00,1.00,0.00,1.00,1.00,0.00",,0.00,
best university's online machine learning course,,0,"0.00,0.00,0.00,0.00,0.00,0.00,0.00,0.00,0.00,0.00,0.00,0.00",,0.00,
best youtube machine learning course,,0,"0.00,0.00,0.00,0.00,0.00,0.00,0.00,0.00,0.00,0.00,0.00,0.00",,0.00,
big data analytics and machine learning courses,,0,"0.00,0.00,0.00,0.00,0.00,0.00,0.00,0.00,0.00,0.00,0.00,0.00",,0.00,
big data and machine learning course in hyderabad,,0,"0.00,0.00,0.00,0.00,0.00,0.00,0.00,0.00,0.00,0.00,0.00,0.00",,0.00,
big data and machine learning courses in bangalore,,0,"0.00,0.00,0.00,0.00,0.00,0.00,0.00,0.00,0.00,0.00,0.00,0.00",,0.00,
big data and machine learning online course,,0,"0.00,0.00,0.00,0.00,0.00,0.00,0.00,0.00,0.00,0.00,0.00,0.00",,0.00,
big data machine learning course near me,,0,"0.00,0.00,0.00,0.00,0.00,0.00,0.00,0.00,0.00,0.00,0.00,0.00",,0.00,
big data machine learning courses,,0,"0.00,0.00,0.00,0.00,0.00,0.00,0.00,0.00,0.00,0.00,0.00,0.00",,0.00,
bigdata machine learning manufacturing courses,,0,"0.00,0.00,0.00,0.00,0.00,0.00,0.00,0.00,0.00,0.00,0.00,0.00",,0.00,
bikle machine learning course,,0,"0.00,0.00,0.00,0.00,0.00,0.00,0.00,0.00,0.00,0.00,0.00,0.00",,0.00,
bishop machine learning course,,0,"0.00,0.00,0.00,0.00,0.00,0.00,0.00,0.00,0.00,0.00,0.00,0.00",,0.00,
bits pilani machine learning course review,,0,"0.00,0.00,0.00,0.00,0.00,0.00,0.00,0.00,0.00,0.00,0.00,0.00",,0.00,
black friday machine learning course deals,,0,"0.00,0.00,0.00,0.00,0.00,0.00,0.00,0.00,0.00,0.00,0.00,0.00",,0.00,
blockchain and machine learning course,,0,"0.00,0.00,0.00,0.00,0.00,0.00,0.00,0.00,0.00,0.00,0.00,0.00",,0.00,
bloomberg machine learning course review,,0,"0.00,0.00,0.00,0.00,0.00,0.00,0.00,0.00,0.00,0.00,0.00,0.00",,0.00,
boosting machine learning course,,0,"0.00,0.00,0.00,0.00,0.00,0.00,0.00,0.00,0.00,0.00,0.00,0.00",,0.00,
boston college machine learning courses,,0,"0.00,0.00,0.00,0.00,0.00,0.00,0.00,0.00,0.00,0.00,0.00,0.00",,0.00,
boston university machine learning course,,0,"0.00,0.00,0.00,0.00,0.00,0.00,0.00,0.00,0.00,0.00,0.00,0.00",,0.00,
brainstation machine learning course review,,0,"0.00,0.00,0.00,0.00,0.00,0.00,0.00,0.00,0.00,0.00,0.00,0.00",,0.00,
brief machine learning course,,0,"0.00,0.00,0.00,0.00,0.00,0.00,0.00,0.00,0.00,0.00,0.00,0.00",,0.00,
brown machine learning courses,,0,"0.00,0.00,0.00,0.00,0.00,0.00,0.00,0.00,0.00,0.00,0.00,0.00",,0.00,
bsc artificial intelligence and machine learning course details,,0,"0.00,0.00,0.00,0.00,0.00,0.00,0.00",,0.00,
bset machine learning courses,,0,"0.00,0.00,0.00,0.00,0.00,0.00,0.00,0.00,0.00,0.00,0.00,0.00",,0.00,
building recommender systems with machine learning and ai course,,0,"0.00,0.00,0.00,0.00,0.00,0.00,0.00,0.00,0.00,0.00,0.00,0.00",,0.00,
business course machine learning,,0,"0.00,0.00,0.00,0.00,0.00,0.00,0.00,0.00,0.00,0.00,0.00,0.00",,0.00,
business school machine learning phd course syllabus,,0,"0.00,0.00,0.00,0.00,0.00,0.00,0.00,0.00,0.00,0.00,0.00,0.00",,0.00,
buy coursera machine learning course certificate,,0,"0.00,0.00,0.00,0.00,0.00,0.00,0.00,0.00,0.00,0.00,0.00,0.00",,0.00,
c machine learning course,,0,"0.00,0.00,0.00,0.00,0.00,0.00,0.00,0.00,0.00,0.00,0.00,0.00",,0.00,
caia ai machine learning course,,0,"0.00,0.00,0.00,0.00,0.00,0.00,0.00,0.00,0.00,0.00,0.00,0.00",,0.00,
calculus course for machine learning,,0,"0.00,0.00,0.00,0.00,0.00,0.00,0.00,0.00,0.00,0.00,0.00,0.00",,0.00,
california institute of technology free online course on machine learning,,0,"0.00,0.00,0.00,0.00,0.00,0.00,0.00,0.00,0.00,0.00,0.00,0.00",,0.00,
caltech course machine learning,,0,"0.00,0.00,0.00,0.00,0.00,0.00,0.00,0.00,0.00,0.00,0.00,0.00",,0.00,
caltech machine learning course 2019 catalog,,0,"0.00,0.00,0.00,0.00,0.00,0.00,0.00,0.00,0.00,0.00,0.00,0.00",,0.00,
caltech machine learning course youtube,,0,"0.00,0.00,0.00,0.00,0.00,0.00,0.00,0.00,0.00,0.00,0.00,0.00",,0.00,
caltech machine learning courses,,0,"0.00,0.00,0.00,0.00,0.00,0.00,0.00,0.00,0.00,0.00,0.00,0.00",,0.00,
caltech machine learning open course,,0,"0.00,0.00,0.00,0.00,0.00,0.00,0.00,0.00,0.00,0.00,0.00,0.00",,0.00,
caltech online course machine learning,,0,"0.00,0.00,0.00,0.00,0.00,0.00,0.00,0.00,0.00,0.00,0.00,0.00",,0.00,
caltech open course machine learning,,0,"0.00,0.00,0.00,0.00,0.00,0.00,0.00,0.00,0.00,0.00,0.00,0.00",,0.00,
cambridge machine learning course,,0,"0.00,0.00,0.00,0.00,0.00,0.00,0.00,0.00,0.00,0.00,0.00,0.00",,0.00,
carleton machine learning course,,0,"0.00,0.00,0.00,0.00,0.00,0.00,0.00,0.00,0.00,0.00,0.00,0.00",,0.00,
carnegie mellon famous machine learning course,,0,"0.00,0.00,0.00,0.00,0.00,0.00,0.00,0.00,0.00,0.00,0.00,0.00",,0.00,
carnegie mellon machine learning course fall 2016,,0,"0.00,0.00,0.00,0.00,0.00,0.00,0.00,0.00,0.00,0.00,0.00,0.00",,0.00,
carnegie mellon machine learning online course,,0,"0.00,0.00,0.00,0.00,0.00,0.00,0.00,0.00,0.00,0.00,0.00,0.00",,0.00,
carnegie mellon statistical machine learning course 2 d,,0,"0.00,0.00,0.00,0.00,0.00,0.00,0.00,0.00,0.00,0.00,0.00,0.00",,0.00,
carnegie mellon university machine learning online course,,0,"0.00,0.00,0.00,0.00,0.00,0.00,0.00,0.00,0.00,0.00,0.00,0.00",,0.00,
causality and machine learning aws course,,0,"0.00,0.00,0.00,0.00,0.00,0.00,0.00,0.00,0.00,0.00,0.00,0.00",,0.00,
cdac machine learning course,,0,"0.00,0.00,0.00,0.00,0.00,0.00,0.00,0.00,0.00,0.00,0.00,0.00",,0.00,
certificate course in applied machine learning,,0,"0.00,0.00,0.00,0.00",,0.00,
certificate course machine learning michigan university,,0,"0.00,0.00,0.00,0.00,0.00,0.00,0.00,0.00,0.00,0.00,0.00,0.00",,0.00,
certificate course machine learning oakland university,,0,"0.00,0.00,0.00,0.00,0.00,0.00,0.00,0.00,0.00,0.00,0.00,0.00",,0.00,
certificate courses in machine learning,,0,"0.00,0.00,0.00,0.00,0.00,0.00,0.00,0.00,0.00,0.00,0.00,0.00",,0.00,
certification course for machine learning,,0,"0.00,0.00,0.00,0.00,0.00,0.00,0.00,0.00,0.00,0.00,0.00,0.00",,0.00,
certification course in machine learning,,0,"0.00,0.00,0.00,0.00,0.00,0.00,0.00,0.00,0.00,0.00,0.00,0.00",,8.15,
certified ai and machine learning concepts course,,0,"0.00,0.00,0.00,0.00,0.00,0.00,0.00,0.00,0.00,0.00,0.00,0.00",,0.00,
certified specialized course of machine learning with tensorflow on coursera,,0,"0.00,0.00,0.00,0.00,0.00,0.00,0.00,0.00,0.00,0.00,0.00,0.00",,0.00,
charged machine learning course stolen,,0,"0.00,0.00,0.00,0.00,0.00,0.00,0.00,0.00,0.00,0.00,0.00,0.00",,0.00,
cheapest machine learning course,,0,"0.00,0.00,0.00,0.00,0.00,0.00,0.00,0.00,0.00,0.00,0.00,0.00",,0.00,
chicago booth machine learning course,,0,"0.00,0.00,0.00,0.00,0.00,0.00,0.00,0.00,0.00,0.00,0.00,0.00",,0.00,
cloudera machine learning course,,0,"0.00,0.00,0.00,0.00,0.00,0.00,0.00,0.00,0.00,0.00,0.00,0.00",,0.00,
cmu 10-701 introduction to machine learning course website,,0,"0.00,0.00",,0.00,
cmu computer science machine learning courses,,0,"0.00,0.00,0.00,0.00,0.00,0.00,0.00,0.00,0.00,0.00,0.00,0.00",,0.00,
cmu course catalog machine learning,,0,"0.00,0.00,0.00,0.00,0.00,0.00,0.00,0.00,0.00,0.00,0.00,0.00",,0.00,
cmu course offering applied machine learning,,0,"0.00,0.00,0.00,0.00,0.00,0.00,0.00,0.00,0.00,0.00,0.00,0.00",,0.00,
cmu course scs machine learning,,0,"0.00,0.00,0.00,0.00,0.00,0.00,0.00,0.00,0.00,0.00,0.00,0.00",,0.00,
cmu graduate machine learning course,,0,"0.00,0.00,0.00,0.00,0.00,0.00,0.00,0.00,0.00,0.00,0.00,0.00",,0.00,
cmu machine learning course 10-701 introduction to machine learning,,0,"1.00,0.00,0.00,0.00,0.00,0.00,0.00",,0.00,
cmu machine learning course 2012,,0,"0.00,0.00,0.00,0.00,0.00,0.00,0.00,0.00,0.00,0.00,0.00,0.00",,0.00,
cmu machine learning course 2013,,0,"0.00,0.00,0.00,0.00,0.00,0.00,0.00,0.00,0.00,0.00,0.00,0.00",,0.00,
cmu machine learning course 2015,,0,"0.00,0.00,0.00,0.00,0.00,0.00,0.00,0.00,0.00,0.00,0.00,0.00",,0.00,
cmu machine learning course 2017,,0,"0.00,0.00,0.00,0.00,0.00,0.00,0.00,0.00,0.00,0.00,0.00,0.00",,0.00,
cmu machine learning course 2018,,0,"0.00,0.00,0.00,0.00,0.00,0.00,0.00,0.00,0.00,0.00,0.00,0.00",,0.00,
cmu machine learning course 2019,,0,"0.00,0.00,0.00,0.00,0.00,0.00,0.00,0.00,0.00,0.00,0.00,0.00",,0.00,
cmu machine learning course by andrew moore,,0,"0.00,0.00,0.00,0.00,0.00,0.00,0.00,0.00,0.00,0.00,0.00,0.00",,0.00,
cmu machine learning course by moore,,0,"0.00,0.00,0.00,0.00,0.00,0.00,0.00,0.00,0.00,0.00,0.00,0.00",,0.00,
cmu machine learning course video,,0,"0.00,0.00,0.00,0.00,0.00,0.00,0.00,0.00,0.00,0.00,0.00,0.00",,0.00,
cmu machine learning courses quora,,0,"0.00,0.00,0.00,0.00,0.00,0.00,0.00,0.00,0.00,0.00,0.00,0.00",,0.00,
cmu machine learning department course,,0,"0.00,0.00,0.00,0.00,0.00,0.00,0.00,0.00,0.00,0.00,0.00,0.00",,0.00,
cmu machine learning online course,,0,"0.00,0.00,0.00,0.00,0.00,0.00,0.00,0.00,0.00,0.00,0.00,0.00",,0.00,
cmu machine learning open course,,0,"0.00,0.00,0.00,0.00,0.00,0.00,0.00,0.00,0.00,0.00,0.00,0.00",,0.00,
codecademy machine learning course review,,0,"0.00,0.00,0.00,0.00,0.00,0.00,0.00,0.00,0.00,0.00,0.00,0.00",,0.00,
coder ogres machine learning course,,0,"0.00,0.00,0.00,0.00,0.00,0.00",,0.00,
coding dojo machine learning courses,,0,"0.00,0.00,0.00",,0.00,
coding ninjas machine learning course free download,,0,"1.00,0.00,0.00,0.00,0.00,0.00,0.00,0.00,1.00,0.00,0.00,0.00",,0.00,
coding ninjas machine learning course review,,0,"0.00,0.00,0.00,1.00,0.00,0.00,0.00,1.00,0.00,0.00,0.00,0.00",,0.00,
codingnomads data science and machine learning course,,0,"0.00,0.00,1.00,0.00,0.00,0.00,1.00,0.00,0.00,0.00,0.00,0.00",,0.00,
columbia engineering machine learning course,,0,"0.00,0.00,0.00,0.00,0.00,0.00,0.00,0.00,0.00,0.00,0.00,0.00",,0.00,
columbia engineering's applied machine learning course,,0,"0.00,0.00,0.00,0.00,0.00,0.00,0.00,0.00,0.00,0.00,0.00,0.00",,0.00,
columbia university machine learning course free,,0,"0.00,0.00,0.00",,0.00,
columbia university machine learning course syllabus,,0,"0.00,0.00,0.00,0.00,0.00,0.00,0.00,0.00,0.00,0.00,0.00,0.00",,0.00,
columia machine learning course 推荐吗,,0,"0.00,0.00,0.00,0.00,0.00,0.00,0.00,0.00,0.00,0.00,0.00,0.00",,0.00,
complete 2020 data science & machine learning bootcamp course,,0,"0.00,0.00,0.00,0.00,0.00,0.00,0.00,0.00,0.00,0.00,0.00,0.00",,0.00,
complete 2022 data science & machine learning bootcamp course,,0,"0.00,0.00,0.00,0.00,0.00,0.00,0.00,0.00,0.00,0.00,0.00,0.00",,0.00,
complete 2022 data science & machine learning bootcamp online course,,0,"0.00,0.00,0.00,0.00,0.00,0.00,0.00,0.00,0.00,0.00,0.00,0.00",,0.00,
complete ai and machine learning course,,0,"0.00,0.00,0.00,0.00",,0.00,
complete calculus course for machine learning,,0,"0.00,0.00,0.00,0.00,0.00,0.00,0.00,0.00,0.00,0.00,0.00,0.00",,0.00,
complete machine learning course - learn from scratch,,0,"0.00,0.00,0.00,0.00,0.00,0.00,0.00,0.00,0.00,0.00,0.00,0.00",,0.00,
complete machine learning course go from zero to hero,,0,"0.00,0.00,0.00,0.00,0.00,0.00,0.00,0.00,0.00,0.00,0.00,0.00",,0.00,
complete machine learning course learn from scratch,,0,"0.00,0.00,0.00,0.00,0.00,0.00,0.00,0.00,0.00,0.00,0.00,0.00",,0.00,
complete machine learning course zero to hero,,0,"0.00,0.00,0.00,0.00,0.00,0.00,0.00,0.00,0.00,0.00,0.00,0.00",,0.00,
comprehensive machine learning course,,0,"0.00,0.00,0.00,0.00,0.00,0.00,0.00",,0.00,
computer science courses for machine learning engineer,,0,"0.00,0.00,0.00,0.00,0.00,0.00,0.00,0.00,0.00,0.00,0.00,0.00",,0.00,
computer science machine learning course,,0,"0.00,0.00,0.00,0.00,0.00,0.00,0.00,0.00,0.00,0.00,0.00,0.00",,0.00,
computer science machine learning course u of u,,0,"0.00,0.00,0.00,0.00,0.00,0.00,0.00,0.00,0.00,0.00,0.00,0.00",,0.00,
computer vision and machine learning course,,0,"0.00,0.00,0.00,0.00,0.00,0.00,0.00,0.00,0.00,0.00,0.00,0.00",,0.00,
comsats uni machine learning course outline,,0,"0.00,0.00,0.00,0.00,0.00,0.00,0.00,0.00,0.00,0.00,0.00,0.00",,0.00,
convex optimization for machine learning course,,0,"0.00,0.00,0.00,0.00,0.00,0.00,0.00,0.00,0.00,0.00,0.00,0.00",,0.00,
convex optimization for machine learning course videos,,0,"0.00,0.00,0.00,0.00,0.00,0.00,0.00,0.00,0.00,0.00,0.00,0.00",,0.00,
convex optimization machine learning course,,0,"0.00,0.00,0.00,0.00,0.00,0.00,0.00,0.00,0.00,0.00,0.00,0.00",,0.00,
convex optimization machine learning courses,,0,"0.00,0.00,0.00,0.00,0.00,0.00,0.00,0.00,0.00,0.00,0.00,0.00",,0.00,
core courses for a phd in machine learning,,0,"0.00,0.00,0.00,0.00,0.00,0.00,0.00,0.00,0.00,0.00,0.00,0.00",,0.00,
cornell machine learning courses,,0,"0.00,0.00,0.00,0.00,0.00,0.00,0.00,0.00,0.00,0.00,0.00,0.00",,0.00,
cornell machine learning online course,,0,"0.00,0.00,0.00,0.00,0.00,0.00,0.00,0.00,0.00,0.00,0.00,0.00",,0.00,
corsair duke course machine learning,,0,"0.00,0.00,0.00,0.00,0.00,0.00,0.00,0.00,0.00,0.00,0.00,0.00",,0.00,
cost of andrew ng machine learning course,,0,"0.00,0.00,0.00,0.00,0.00,0.00,0.00,0.00,0.00,0.00,0.00,0.00",,0.00,
cost of machine learning course coursera,,0,"0.00,0.00,0.00,0.00,0.00,0.00,0.00,0.00,0.00,0.00,0.00,0.00",,0.00,
cost of machine learning course on coursera,,0,"0.00,0.00,0.00,0.00,0.00,0.00,0.00,0.00,0.00,0.00,0.00,0.00",,0.00,
course 3 structuring machine learning projects,,0,"0.00,0.00,0.00,0.00,0.00,0.00,0.00,0.00,0.00,0.00,0.00,0.00",,0.00,
course contents of machine learning,,0,"0.00,0.00,0.00,0.00,0.00,0.00,0.00,0.00,0.00,0.00,0.00,0.00",,0.00,
course done machine learning,,0,"0.00,0.00,0.00,0.00,0.00,0.00,0.00,0.00,0.00,0.00,0.00,0.00",,0.00,
course era machine learning,,0,"0.00,0.00,0.00,0.00,1.00,0.00,0.00,0.00,0.00,0.00,0.00,0.00",,3.30,
course era machine learning github,,0,"0.00,0.00,0.00,0.00,0.00,0.00,0.00,0.00,0.00,0.00,0.00,0.00",,0.00,
course fast ai machine learning,,0,"0.00,0.00,0.00,0.00,0.00,0.00,0.00,0.00,0.00,0.00,0.00,0.00",,0.00,
course for ai and machine learning,,0,"0.00,0.00,0.50,0.00,0.50,0.00,0.00,0.00,0.00,0.00,0.00,1.00",,4.12,
course for machine learning engineer,,0,"0.00,0.00,0.00,0.00,0.00,0.00,0.00,0.00,0.00,0.00,0.00,0.00",,0.00,
course for machine learning on detect wafer,,0,"0.00,0.00,0.00,0.00,0.00,0.00,0.00,0.00,0.00,0.00,0.00,0.00",,0.00,
course gatech machine learning theory vs machine learning,,0,"0.00,0.00,0.00,0.00,0.00,0.00,0.00,0.00,0.00,0.00,0.00,0.00",,0.00,
course in machine learning by haldaume,,0,"0.00,0.00,0.00,0.00,0.00,0.00,0.00,0.00,0.00,0.00,0.00,0.00",,0.00,
course in machine learning ciml,,0,"0.00,0.00,0.00,0.00,0.00,0.00,0.00,0.00,0.00,0.00,0.00,0.00",,0.00,
course in machine learning hal daume,,0,"0.00,0.00,0.00,0.00,0.00,0.00,0.00,0.00,0.00,0.00,0.00,0.00",,0.00,
course in machine learning matlab,,0,"0.00,0.00,0.00,0.00,0.00,0.00,0.00,0.00,0.00,0.00,0.00,0.00",,0.00,
course in privacy and machine learning,,0,"0.00,0.00,0.00,0.00,0.00,0.00,0.00,0.00,0.00,0.00,0.00,0.00",,0.00,
course in privacy sensitive machine learning,,0,"0.00,0.00,0.00,0.00,0.00,0.00,0.00,0.00,0.00,0.00,0.00,0.00",,0.00,
course learning objectives of machine design,,0,"0.00,0.00,0.00,0.00,0.00,0.00,0.00,0.00,0.00,0.00,0.00,0.00",,0.00,
course learning objectives of theory of machines,,0,"0.00,0.00,0.00,0.00,0.00,0.00,0.00,0.00,0.00,0.00,0.00,0.00",,0.00,
course machine learning a probabilistic perspective,,0,"0.00,0.00,0.00,0.00,0.00,0.00,0.00,0.00,0.00,0.00,0.00,0.00",,0.00,
course machine learning applied,,0,"0.00,0.00,0.00,0.00,0.00,0.00,0.00,0.00,0.00,0.00,0.00,0.00",,0.00,
course machine learning credit risk analys,,0,"0.00,0.00,0.00,0.00,0.00,0.00,0.00,0.00,0.00,0.00,0.00,0.00",,0.00,
course machine learning crypto market,,0,"0.00,0.00,0.00,0.00,0.00,0.00,0.00,0.00,0.00,0.00,0.00,0.00",,0.00,
course machine learning google,,0,"0.00,0.00,0.00,0.00,0.00,0.00,0.00,0.00,0.00,0.00,0.00,0.00",,0.00,
course machine learning matlab,,0,"0.00,0.00,0.00,0.00,0.00,0.00,0.00,0.00,0.00,0.00,0.00,0.00",,0.00,
course machine learning pdf,,0,"0.00,0.00,0.00,0.00,0.00,0.00,0.00,0.00,0.00,0.00,0.00,0.00",,0.00,
course machine learning r,,0,"0.00,0.00,0.00,0.00,0.00,0.00,0.00,0.00,0.00,0.00,0.00,0.00",,0.00,
course machine learning stanford,,0,"0.00,0.00,0.00,0.00,0.00,0.00,0.00,0.00,0.00,0.00,0.00,0.00",,3.39,
course machine learning trading,,0,"0.00,0.00,0.00,0.00,0.00,0.00,0.00,0.00,0.00,0.00,0.00,0.00",,0.00,
course objective of machine learning,,0,"0.00,0.00,1.00,1.00,0.00,0.00,0.00,0.00,0.00,0.00,0.00,0.00",,0.00,
course objectives and outcomes of machine learning,,0,"0.00,0.00,0.00,0.00,0.00,0.00,0.00,0.00,0.00,0.00,0.00,0.00",,0.00,
course objectives of machine learning,,0,"0.00,0.00,1.00,1.00,0.00,0.00,0.00,0.00,0.00,0.00,0.00,0.00",,0.00,
course on bayesian machine learning,,0,"0.00,0.00,0.00,0.00,0.00,0.00,0.00,0.00,0.00,0.00,0.00,0.00",,0.00,
course on deployment of machine learning models,,0,"0.00,0.00,0.00,0.00,0.00,0.00,0.00,0.00,0.00,0.00,0.00,0.00",,0.00,
course online machine learning i w,,0,"0.00,0.00,0.00,0.00,0.00,0.00,0.00,0.00,0.00,0.00,0.00,0.00",,0.00,
course online machine learning ia,,0,"0.00,0.00,0.00,0.00,0.00,0.00,0.00,0.00,0.00,0.00,0.00,0.00",,0.00,
course online machine learning u w,,0,"0.00,0.00,0.00,0.00,0.00,0.00,0.00,0.00,0.00,0.00,0.00,0.00",,0.00,
course outcomes of artificial intelligence and machine learning,,0,"0.00,0.00",,0.00,
course relevant to machine learning,,0,"0.00,0.00,0.00,0.00,0.00,0.00,0.00,0.00,0.00,0.00,0.00,0.00",,0.00,
course that follows bishops machine learning book,,0,"0.00,0.00,0.00,0.00,0.00,0.00,0.00,0.00,0.00,0.00,0.00,0.00",,0.00,
course to take after andrew ng's machine learning,,0,"0.00,0.00,0.00,0.00,0.00,0.00,0.00,0.00,0.00,0.00,0.00,0.00",,0.00,
course to take for machine learning ai ucsd redddit,,0,"0.00,0.00,0.00,0.00,0.00,0.00,0.00,0.00,0.00,0.00,0.00,0.00",,0.00,
course wiki machine learning,,0,"0.00,0.00,0.00,0.00,0.00,0.00,0.00,0.00,0.00,0.00,0.00,0.00",,0.00,
course wiki machine learning coursera,,0,"0.00,0.00,0.00,0.00,0.00,0.00,0.00,0.00,0.00,0.00,0.00,0.00",,0.00,
course work in ai and machine learning umd,,0,"0.00,0.00,0.00,0.00,0.00,0.00,0.00,0.00,0.00,0.00,0.00,0.00",,0.00,
coursea machine learning courses,,0,"0.00,0.00,0.00,0.00,0.00,0.00,0.00,0.00,0.00,0.00,0.00,0.00",,0.00,
coursear machine learning,,0,"0.00,0.00,0.00,0.00,0.00,0.00,0.00,0.00,0.00,0.00,0.00,0.00",,0.00,
courser applied machine learning,,0,"0.00,0.00,0.00,0.00,0.00,0.00,0.00,0.00,0.00,0.00,0.00,0.00",,0.00,
courser machine learning,,0,"0.00,0.00,0.00,0.00,0.00,0.00,0.00,0.00,0.00,0.00,0.00,0.00",,0.00,
courser machine learning answers,,0,"0.00,0.00,0.00,0.00,0.00,0.00,0.00,0.00,0.00,0.00,0.00,0.00",,0.00,
coursera advanced machine learning course,,0,"0.00,0.00,0.00,0.00,0.00,0.00,0.00,0.00,0.00,0.00,0.00,0.00",,0.00,
coursera ai machine learning courses,,0,"0.00,0.00,0.00,0.00,0.00,0.00,0.00,0.00,1.00,0.00,0.00,0.00",,0.00,
coursera andrew ng machine learning course certificate,,0,"0.00,0.00,0.00,0.00,0.00,0.00,0.00,0.00,0.00,0.00,0.00,0.00",,0.00,
coursera andrew ng machine learning course lecture notes,,0,"0.00,0.00,0.00,0.00,0.00,0.00,0.00,0.00,0.00,0.00,0.00,0.00",,0.00,
coursera andrew ng machine learning course material,,0,"0.00,0.00,0.00,0.00,0.00,0.00,0.00,0.00,0.00,0.00,0.00,0.00",,0.00,
coursera best free courses python machine learning,,0,"0.00,0.00,0.00,0.00,0.00,0.00,0.00,0.00,0.00,0.00,0.00,0.00",,0.00,
coursera course certificates machine learning,,0,"0.00,0.00,0.00,0.00,0.00,0.00,0.00,0.00,0.00,0.00,0.00,0.00",,0.00,
coursera course icl machine learning,,0,"0.00,0.00,0.00,0.00,0.00,0.00,0.00,0.00,0.00,0.00,0.00,0.00",,0.00,
coursera courses on machine learning,,0,"0.50,1.00,0.00,0.00,0.00,0.00,0.00,0.00,0.00,0.00,0.00,0.00",,3.32,
coursera courses on machine learning msut,,0,"0.00,0.00,0.00,0.00,0.00,0.00,0.00,0.00,0.00,0.00,0.00,0.00",,0.00,
coursera free course machine learning,,0,"0.00,0.00,0.00,0.00,0.00,0.00,0.00,0.00,0.00,0.00,0.00,0.00",,0.00,
coursera free courses on machine learning,,0,"0.00,0.00,0.00,0.00,0.00,0.00,0.00,1.00,0.00,0.00,0.00,0.00",,0.00,
coursera free machine learning courses,,0,"0.00,0.00,0.00,0.00,0.00,0.00,1.00,0.66,0.00,0.00,0.00,0.00",,1.84,
coursera has a machine learning course,,0,"0.00,0.00,0.00,0.00,0.00,0.00,0.00,0.00,0.00,0.00,0.00,0.00",,0.00,
coursera john hopkins machine learning course notes,,0,"0.00,0.00,0.00,0.00,0.00,0.00,0.00,0.00,0.00,0.00,0.00,0.00",,0.00,
coursera machine learning adam course,,0,"0.00,0.00,0.00,0.00,0.00,0.00,0.00,0.00,0.00,0.00,0.00,0.00",,0.00,
coursera machine learning and ai complete courses 2024,,0,"0.00,0.00,0.00,0.00,0.00,0.00,0.00,0.00,0.00,0.00,0.00,0.00",,0.00,
coursera machine learning andrew ng course,,0,"0.00,0.00,0.00,0.00,0.00,0.00,0.00,0.00,0.00,0.00,0.00,0.00",,0.00,
coursera machine learning course description,,0,"0.00,0.00,0.00,0.00,0.00,0.00,0.00,0.00,0.00,0.00,0.00,0.00",,0.00,
coursera machine learning course fee,,0,"0.00,0.00,0.00,0.00,0.00,0.00,1.00,1.00,0.00,0.00,0.00,0.00",,0.00,
coursera machine learning course for beginners,,0,"0.00,0.00,0.00,0.00,0.00,0.00,0.00,0.00,0.00,0.00,0.00,0.00",,0.00,
coursera machine learning course github,,0,"0.00,0.00,0.00,0.00,0.00,0.00,0.00,0.00,0.00,0.00,0.00,0.00",,0.00,
coursera machine learning course in python,,0,"0.00,0.00,0.00,0.00,0.00,0.00,0.00,0.00,0.00,0.00,0.00,0.00",,0.00,
coursera machine learning course material,,0,"0.00,0.00,0.00,0.00,0.00,0.00,1.00,0.00,0.00,0.00,0.00,0.00",,0.00,
coursera machine learning course project,,0,"0.00,0.00,0.00,0.00,0.00,0.00,0.00,0.00,0.00,0.00,0.00,0.00",,0.00,
coursera machine learning course project quiz,,0,"0.00,0.00,0.00,0.00,0.00,0.00,0.00,0.00,0.00,0.00,0.00,0.00",,0.00,
coursera machine learning course python,,0,"0.00,0.00,0.00,0.00,0.00,0.00,0.00,0.00,0.00,0.00,0.00,0.00",,0.00,
coursera machine learning course quiz answers,,0,"0.00,0.00,0.00,1.00,0.00,0.00,0.00,0.00,0.00,0.00,0.00,0.00",,0.00,
coursera machine learning course requirements,,0,"0.00,0.00,0.00,0.00,0.00,0.00,0.00,0.00,0.00,0.00,0.00,0.00",,0.00,
coursera machine learning course solutions,,0,"0.00,0.00,0.00,0.00,0.00,0.00,0.00,0.00,0.00,0.00,0.00,0.00",,0.00,
coursera machine learning course week 1 quiz 2 answers,,0,"0.00,0.00,0.00,0.00,0.00,0.00,0.00,0.00,0.00,0.00,0.00,0.00",,0.00,
coursera machine learning course week2 price is 0,,0,"0.00,0.00,0.00,0.00,0.00,0.00,0.00,0.00,0.00,0.00,0.00,0.00",,0.00,
coursera machine learning course what after,,0,"0.00,0.00,0.00,0.00,0.00,0.00,0.00,0.00,0.00,0.00,0.00,0.00",,0.00,
coursera machine learning course youtube,,0,"0.00,0.00,0.00,0.00,0.00,0.00,0.00,0.00,0.00,0.00,0.00,0.00",,0.00,
coursera machine learning finance course,,0,"0.00,0.00,0.00,0.00,0.00,0.00,0.00,0.00,0.00,0.00,0.00,0.00",,0.00,
coursera machine learning free courses,,0,"0.00,0.00,0.00,0.00,0.00,0.00,1.00,0.66,0.00,0.00,0.00,0.00",,1.84,
coursera machine learning simple courses,,0,"0.00,0.00,0.00,0.00,0.00,0.00,0.00,0.00,0.00,0.00,0.00,0.00",,0.00,
coursera machine learning waiver course masters computer science,,0,"0.00,0.00,0.00,0.00,0.00,0.00,0.00,0.00,0.00,0.00,0.00,0.00",,0.00,
coursera new machine learning course,,0,"0.00,0.00,0.00,0.00,0.00,0.00,0.00,0.00,0.00,0.00,0.00,0.00",,0.00,
coursera practical machine learning course project,,0,"0.00,0.00,0.00,0.00,0.00,0.00,0.00,0.00,0.00,0.00,0.00,0.00",,0.00,
coursera's machine learning course,,0,"0.00,0.00,0.00,0.00,0.00,0.00,0.00,0.00,0.00,0.00,0.00,0.00",,0.00,
coursera's machine learning course by andrew ng,,0,"0.00,0.00,0.00,0.00,0.00,0.00,0.00,0.00,0.00,0.00,0.00,0.00",,0.00,
coursera's machine learning course by andrew ng: coursera.org,,0,"0.00,0.00,0.00,0.00,0.00,0.00,0.00,0.00,0.00,0.00,0.00,0.00",,0.00,
coursera's machine learning course code,,0,"0.00,0.00,0.00,0.00,0.00,0.00,0.00,0.00,0.00,0.00,0.00,0.00",,0.00,
courses after machine learning by andrew ng,,0,"0.00,0.00,0.00,0.00,0.00,0.00,0.00,0.00,0.00,0.00,0.00,0.00",,0.00,
courses for ai and machine learning,,0,"0.00,0.00,0.00,0.00,0.00,0.00,1.00,0.00,1.00,0.00,0.00,0.00",,4.12,
courses for phd machine learning,,0,"0.00,0.00,0.00,0.00,0.00,0.00,0.00,0.00,0.00,0.00,0.00,0.00",,0.00,
courses in ai and machine learning for beginners,,0,"0.00,0.00,1.00,0.00,0.00,0.00,0.00,0.00,0.00",,0.00,
courses in basic machine learning,,0,"0.00,0.00,0.00,0.00,0.00,0.00,0.00,0.00,0.00,0.00,0.00,0.00",,0.00,
courses in machine learning and ai udemy,,0,"0.00,0.00,0.00,0.00,0.00,0.00,0.00,0.00,0.00,0.00,0.00,0.00",,0.00,
courses in machine learning college,,0,"0.00,0.00,0.00,0.00,0.00,0.00,0.00,0.00,0.00,0.00,0.00,0.00",,0.00,
courses machine learning brown,,0,"0.00,0.00,0.00,0.00,0.00,0.00,0.00,0.00,0.00,0.00,0.00,0.00",,0.00,
courses machine learning ng answers,,0,"0.00,0.00,0.00,0.00,0.00,0.00,0.00,0.00,0.00,0.00,0.00,0.00",,0.00,
courses on big data and machine learning,,0,"0.00,0.00,0.00,0.00,0.00,0.00,0.00,0.00,0.00,0.00,0.00,0.00",,0.00,
courses on how to deploy machine learning models,,0,"0.00,0.00,0.00,0.00,0.00,0.00,0.00,0.00,0.00,0.00,0.00,0.00",,0.00,
courses on machine learning and ai,,0,"0.00,0.00,0.00,0.00,0.00,0.00,0.00,0.00,0.00,0.00,0.00,0.00",,11.77,
courses on machine learning in india,,0,"0.00,0.00,0.00,0.00,0.00,0.00,0.00,0.00,0.00,0.00,0.00,0.00",,2.98,
courses on machine learning udacity,,0,"0.00,0.00,0.00,0.00,0.00,0.00,0.00,0.00,0.00,0.00,0.00,0.00",,0.00,
courses on statistics for machine learning,,0,"0.00,0.00,0.00,0.00,0.00,0.00,0.00,0.00,0.00,0.00,0.00,0.00",,0.00,
courses required for deep machine learning,,0,"0.00,0.00,0.00,0.00,0.00,0.00,0.00,0.00,0.00,0.00,0.00,0.00",,0.00,
courses that use machine learning a probabilistic prespective,,0,"0.00,0.00,0.00,0.00,0.00,0.00,0.00,0.00,0.00,0.00,0.00,0.00",,0.00,
courses to learn machine learning,,0,"0.00,0.00,0.00,0.00,1.00,0.00,0.00,0.00,0.00,0.00,0.00,0.00",,0.00,
courses to take for machine learning,,0,"0.00,0.00,0.00,0.00,0.00,0.00,0.00,0.00,0.00,0.00,0.00,0.00",,0.00,
crash course computer science machine learning,,0,"0.00,0.00,0.00,0.00,0.00,0.00,0.00,0.00,0.00,0.00,0.00,0.00",,0.00,
crash course for machine learning,,0,"0.00,0.00,0.00,0.00,0.00,0.00,0.00,0.00,0.00,0.00,0.00,0.00",,0.00,
crash course in machine learning youtube,,0,"0.00,0.00,0.00,0.00,0.00,0.00,0.00,0.00,0.00,0.00,0.00,0.00",,0.00,
crash course in python for machine learning developers,,0,"0.00,0.00,0.00,0.00,0.00,0.00,0.00,0.00,0.00,0.00,0.00,0.00",,0.00,
crash course to machine learning,,0,"0.00,0.00,0.00,0.00,0.00,0.00,0.00,0.00,0.00,0.00,0.00,0.00",,0.00,
crash-course-for-journalists-in-classifying-text-with-machine-learning,,0,"0.00,0.00,0.00,0.00,0.00,0.00,0.00,0.00,0.00,0.00,0.00,0.00",,0.00,
credit risk machine learning courses online,,0,"0.00,0.00,0.00,0.00,0.00,0.00,0.00,0.00,0.00,0.00,0.00,0.00",,0.00,
cs 229 machine learning course,,0,"0.00,0.00,0.00,0.00,0.00,0.00,0.00,0.00,0.00,0.00,0.00,0.00",,0.00,
cs 229 machine learning course handouts,,0,"0.00,0.00,0.00,0.00,0.00,0.00,0.00,0.00,0.00,0.00,0.00,0.00",,0.00,
cs 329s: machine learning systems design course,,0,"0.00,0.00,0.00,0.00,0.00,0.00,0.00,0.00,0.00,0.00,0.00,0.00",,0.00,
cs courses uiuc machine learning,,0,"0.00,0.00,0.00,0.00,0.00,0.00,0.00,0.00,0.00,0.00,0.00,0.00",,0.00,
cs machine learning course,,0,"0.00,0.00,0.00,0.00,0.00,0.00,0.00,0.00,0.00,0.00,0.00,0.00",,0.00,
cs machine learning course duke,,0,"0.00,0.00,0.00,0.00,0.00,0.00,0.00,0.00,0.00,0.00,0.00,0.00",,0.00,
cs229 course machine learning,,0,"0.00,0.00,0.00,0.00,0.00,0.00,0.00,0.00,0.00,0.00,0.00,0.00",,0.00,
cs314 introduction to machine learning course outline,,0,"0.00,0.00,0.00,0.00,0.00,0.00,0.00,0.00,0.00,0.00,0.00,0.00",,0.00,
cu boulder machine learning course,,0,"0.00,0.00,0.00,0.00,0.00,0.00,0.00,0.00,0.00,0.00,0.00,0.00",,0.00,
cuda machine learning course,,0,"0.00,0.00,0.00,0.00,0.00,0.00,0.00,0.00,0.00,0.00,0.00,0.00",,0.00,
cuhk machine learning course,,0,"0.00,0.00,0.00,0.00,0.00,0.00,0.00,0.00,0.00,0.00,0.00,0.00",,0.00,
curso completo de machine learning: data science en python course,,0,"0.00,0.00,0.00,0.00,0.00,0.00,0.00,0.00,0.00,0.00,0.00,0.00",,0.00,
cyber security machine learning course,,0,"0.00,0.00,0.00,0.00,0.00,0.00,1.00,0.00,0.00,0.00,0.00,0.00",,0.00,
cybersecurity machine learning course,,0,"0.00,0.00,0.00,0.00,0.00,0.00,0.00,0.00,0.00,0.00,0.00,0.00",,0.00,
daniel hsu machine learning course,,0,"0.00,0.00,0.00,0.00,0.00,0.00,0.00,0.00,0.00,0.00,0.00,0.00",,0.00,
data analysis machine learning course,,0,"0.00,0.00,0.00,0.00,0.00,0.00,0.00,0.00,0.00,0.00,0.00,0.00",,0.00,
data analytics and machine learning course,,0,"0.00,0.00,0.00,0.00,0.00,0.00,0.00,0.00,0.00,0.00,0.00,0.00",,0.00,
data analytics and machine learning courses in pune,,0,"0.00,0.00,0.00,0.00,0.00,0.00,0.00,0.00,0.00,0.00,0.00,0.00",,0.00,
data analytics and machine learning online course,,0,"1.00,0.00,0.00,0.00,0.00,0.00,0.00,0.00,0.00,0.00,0.00",,0.00,
data analytics machine learning courses,,0,"0.00,0.00,0.00,0.00,0.00,0.00,0.00,0.00,0.00,0.00,0.00,0.00",,0.00,
data camp free courses machine learning,,0,"0.00,0.00,0.00,0.00,0.00,0.00,0.00,0.00,0.00,0.00,0.00,0.00",,0.00,
data preparation machine learning course,,0,"0.00,0.00,0.00,0.00,0.00,0.00,0.00,0.00,0.00,0.00,0.00,0.00",,0.00,
data preprocessing for machine learning using matlab course,,0,"0.00,0.00,0.00,0.00,0.00,0.00,0.00,0.00,0.00,0.00,0.00,0.00",,0.00,
data science and machine learning bootcamp with r course,,0,"0.00,0.00,0.00,0.00,0.00,0.00,0.00,0.00,0.00,0.00,0.00,0.00",,0.00,
data science and machine learning certification training course,,0,"0.00,0.00,0.00,0.00,0.00,0.00,0.00,0.00",,0.00,
data science and machine learning course fee,,0,"0.00,0.00,0.00",,0.00,
data science and machine learning course in bangalore,,0,"0.00,1.00,0.00,0.00,0.00,1.00,0.00,0.00,0.00,0.00,0.00,0.00",,0.00,
data science and machine learning course in chennai,,0,"0.00,0.00,0.00,0.00,0.00,0.00,0.00,0.00,0.00,0.00,0.00,0.00",,0.00,
data science and machine learning course in germany,,0,"0.00,0.00,0.00,0.00,0.00,0.00,0.00,0.00,0.00,0.00,0.00,0.00",,0.00,
data science and machine learning course in gurgaon,,0,"0.00,0.00,0.00,0.00,0.00,0.00,0.00,0.00,0.00,0.00,0.00,0.00",,0.00,
data science and machine learning course in hyderabad,,0,"0.00,0.00,0.00,1.00,0.00,0.00,0.00,0.00,0.00,0.00,0.00,0.00",,0.00,
data science and machine learning course in pune,,0,"0.00,0.00,0.00,0.00,0.00,0.00,0.00,0.00,0.00,0.00,0.00,0.00",,0.00,
data science and machine learning course in thane,,0,"0.00,0.00,0.00,0.00,0.00,0.00,0.00,0.00,0.00,0.00,0.00,0.00",,0.00,
data science and machine learning course syllabus pdf,,0,"0.00,0.00,0.00,0.00,0.00,0.00,0.00,0.00,0.00,0.00,0.00,0.00",,0.00,
data science and machine learning courses in canada,,0,"0.00,0.00,0.00,0.00,0.00,0.00,0.00,0.00,0.00,0.00,0.00,0.00",,0.00,
data science and machine learning courses in india,,0,"0.00,0.00,0.00,0.00,0.00,0.00,0.00,0.00,0.00,0.00,0.00,0.00",,0.00,
data science and machine learning in space courses,,0,"0.00,0.00,0.00,0.00,0.00,0.00,0.00,0.00,0.00,0.00,0.00,0.00",,0.00,
data science and machine learning using python bootcamp qazi course,,0,"0.00,0.00,0.00,0.00,0.00,0.00,0.00,0.00,0.00,0.00,0.00,0.00",,0.00,
data science and machine learning with python course,,0,"0.00,0.00,0.00,0.00,0.00,0.00,0.00,0.00,1.00,0.00,0.00,0.00",,0.00,
data science and machine learning with python hands on course,,0,"0.00,0.00,0.00,0.00,0.00,0.00,0.00,0.00,0.00,0.00,0.00,0.00",,0.00,
data science course 2021 complete machine learning training,,0,"0.00,0.00,0.00,0.00,0.00,0.00,0.00,0.00,0.00,0.00,0.00,0.00",,0.00,
data science course 2021: complete machine learning training,,0,"0.00,0.00,0.00,0.00,0.00,0.00,0.00,0.00,0.00,0.00,0.00,0.00",,0.00,
data science course python machine learning 2025,,0,"0.00,0.00,0.00",,0.00,
data science machine learning course free,,0,"0.00,0.00,0.00,0.00,0.00,0.00,0.00,0.00,0.00,0.00,0.00,0.00",,0.00,
data science machine learning course london,,0,"0.00,0.00,0.00,0.00,0.00,0.00,0.00,0.00,0.00,0.00,0.00,0.00",,0.00,
data science with machine learning and data analytics course,,0,"0.00,0.00,0.00,0.00,0.00,0.00,0.00,0.00,0.00,0.00,0.00,0.00",,0.00,
data science with python machine learning nyc course download,,0,"0.00,0.00,0.00,0.00,0.00,0.00,0.00,0.00,0.00,0.00,0.00,0.00",,0.00,
datacamp certificate machine learning course,,0,"0.00,0.00,0.00,0.00,0.00,0.00,0.00,0.00,0.00,0.00,0.00,0.00",,0.00,
datacamp certificate machine learning course free,,0,"0.00,0.00,0.00,0.00,0.00,0.00,0.00,0.00,0.00,0.00,0.00,0.00",,0.00,
datacamp course intro to machine learning,,0,"1.00,0.00,0.00,0.00",,0.00,
datacamp free machine learning course,,0,"0.00,0.00,0.00,0.00,0.00,0.00,0.00,0.00,0.00,0.00,0.00,0.00",,0.00,
datacamp machine learning course review,,0,"0.00,0.00,0.00,0.00,0.00,0.00,0.00,0.00,0.00,0.00,0.00,0.00",,0.00,
datacamp machine learning courses,,0,"0.00,0.00,0.00,0.00,0.00,0.00,0.00,1.00,0.50,0.00,0.00,0.00",,0.00,
datacamp machine learning python course,,0,"0.00,0.00,0.00,0.00,0.00,0.00,0.00,0.00,0.00,0.00,0.00,0.00",,0.00,
datamites data science courses tableau machine learning python bengaluru,,0,"0.00,0.00,0.00,0.00,0.00,0.00,0.00,0.00,0.00,0.00,0.00,0.00",,0.00,
daumé iii a course in machine learning,,0,"0.00,0.00,0.00,0.00,0.00,0.00,0.00,0.00,0.00,0.00,0.00,0.00",,0.00,
deep learning courses after machine learning,,0,"0.00,0.00,0.00,0.00,0.00,0.00,0.00,0.00,0.00,0.00,0.00,0.00",,0.00,
deep learning for machine vision purdue course,,0,"0.00,0.00,0.00,0.00,0.00,0.00,0.00,0.00,0.00,0.00,0.00,0.00",,0.00,
deep learning for machine vision purdue ie course,,0,"0.00,0.00,0.00,0.00,0.00,0.00,0.00,0.00,0.00,0.00,0.00,0.00",,0.00,
deep machine learning course,,0,"0.00,0.00,0.00,0.00,0.00,0.00,0.00,0.00,0.00,0.00,0.00,0.00",,0.00,
deep machine learning courses,,0,"0.00,0.00,0.00,0.00,0.00,0.00,0.00,0.00,0.00,0.00,0.00,0.00",,0.00,
dennis shasha machine learning course,,0,"0.00,0.00,0.00,0.00,0.00,0.00,0.00,0.00,0.00,0.00,0.00,0.00",,0.00,
department of machine learning and statistics cmu courses,,0,"0.00,0.00,0.00,0.00,0.00,0.00,0.00,0.00,0.00,0.00,0.00,0.00",,0.00,
deploying machine learning models course,,0,"0.00,1.00,0.00,0.00,1.00,0.00,0.00,0.00,0.00,0.00,0.00,0.00",,0.00,
deploying scalable machine learning for data science online courses,,0,"0.00,0.00,0.00,0.00,0.00,0.00,0.00,0.00,0.00,0.00,0.00,0.00",,0.00,
deployment of machine learning models course,,0,"0.00,0.00,0.00,0.00,0.00,0.00,0.00,0.00,0.00,0.00,0.00,0.00",,0.00,
designing machine learning systems stanford course,,0,"0.00,0.00,0.00,0.00,0.00,0.00,0.00,0.00,0.00,0.00,0.00,0.00",,0.00,
developer machine learning crash course,,0,"0.00,0.00,0.00,0.00,0.00,0.00,0.00,0.00,0.00,0.00,0.00,0.00",,0.00,
developers machine learning crash course,,0,"0.00,0.00,0.00,0.00,0.00,0.00,0.00,0.00,0.00,0.00,0.00,0.00",,0.00,
difference supervised between unsupervised machine learning course hero,,0,"0.00,0.00,0.00,0.00,0.00,0.00,0.00,0.00,0.00,0.00,0.00,0.00",,0.00,
do data analytics courses cover machine learning basics,,0,"0.00,1.00,0.00",,0.00,
do we need digital image processing course for machine learning,,0,"0.00,0.00,0.00,0.00,0.00,0.00,0.00,0.00,0.00,0.00,0.00,0.00",,0.00,
download google machine learning crash course,,0,"0.00,0.00,0.00,0.00,0.00,0.00,0.00,0.00,0.00,0.00,0.00,0.00",,0.00,
download linkedin machine learning grundlagen course,,0,"0.00,0.00,0.00,0.00,0.00,0.00,0.00,0.00,0.00,0.00,0.00,0.00",,0.00,
download machine learning course,,0,"0.00,0.00,0.00,0.00,0.00,0.00,0.00,0.00,0.00,0.00,0.00,0.00",,0.00,
download udacity machine learning course,,0,"0.00,0.00,0.00,0.00,0.00,0.00,0.00,0.00,0.00,0.00,0.00,0.00",,0.00,
dp-100: a-z machine learning using azure machine learning course,,0,"0.00,0.00,0.00,0.00,0.00,0.00,0.00,0.00,0.00,0.00,0.00,0.00",,0.00,
dp-100: a-z machine learning using azure machine learning online course,,0,"0.00,0.00,0.00,0.00,0.00,0.00,0.00,0.00,0.00,0.00,0.00,0.00",,0.00,
duke machine learning courses,,0,"0.00,0.00,0.00,0.00,0.00,0.00,0.00,0.00,0.00,0.00,0.00,0.00",,0.00,
ecommerce analytics big data and machine learning course,,0,"0.00,0.00,0.00,0.00,0.00,0.00,0.00,0.00,0.00,0.00,0.00,0.00",,0.00,
edge machine learning course,,0,"0.00,0.00,0.00,0.00,0.00,0.00,0.00,0.00,0.00,0.00",,0.00,
edinburgh machine learning course,,0,"0.00,0.00,0.00,0.00,0.00,0.00,0.00,0.00,0.00,0.00,0.00,0.00",,0.00,
edinburgh machine learning courses,,0,"0.00,0.00,0.00,0.00,0.00,0.00,0.00,0.00,0.00,0.00,0.00,0.00",,0.00,
educative machine learning course review,,0,"0.00,0.00,0.00,0.00,0.00,0.00,0.00,0.00,0.00,0.00,0.00,0.00",,0.00,
eduonix machine learning course,,0,"0.00,0.00,0.00,0.00,0.00,0.00,0.00,0.00,0.00,0.00,0.00,0.00",,0.00,
edureka machine learning course free,,0,"0.00,0.00,0.00,0.00,0.00,0.00,0.00,0.00,0.00,0.00,0.00,0.00",,0.00,
edureka machine learning course review,,0,"0.00,0.00,0.00,0.00,0.00,0.00,0.00,0.00,0.00,0.00,0.00,0.00",,0.00,
edvancer data science ai & machine learning course,,0,"0.00,0.00,0.00,0.00,0.00,0.00,0.00,0.00,0.00,0.00,0.00,0.00",,0.00,
edvancer data science artificial intelligence & machine learning courses,,0,"0.00,0.00,0.00,0.00,0.00,0.00,0.00,0.00,0.00,0.00,0.00,0.00",,0.00,
edvancer data science machine learning training courses,,0,"0.00,0.00,0.00,0.00,0.00,0.00,0.00,0.00,0.00,0.00,0.00,0.00",,0.00,
edvancer data science machine learning training courses mumbai maharashtra,,0,"0.00,0.00,0.00,0.00,0.00,0.00,0.00,0.00,0.00,0.00,0.00,0.00",,0.00,
edx course columbiax csmm 102x machine learning,,0,"0.00,0.00,0.00,0.00,0.00,0.00,0.00,0.00,0.00,0.00,0.00,0.00",,0.00,
edx machine learning course answers,,0,"0.00,0.00,0.00,0.00,0.00,0.00,0.00,0.00,0.00,0.00,0.00,0.00",,0.00,
edx machine learning course review,,0,"0.00,0.00,0.00,0.00,0.00,0.00,0.00,0.00,0.00,0.00,0.00,0.00",,0.00,
edx machine learning free course,,0,"0.00,0.00,0.00,0.00,0.00,0.00,0.00,0.00,0.00,0.00,0.00,0.00",,0.00,
elastic machine learning course,,0,"0.00,0.00,0.00,0.00,0.00",,0.00,
eligibility for machine learning course,,0,"0.00,0.00,0.00,0.00,0.00,0.00,0.00,0.00,0.00,0.00,0.00,0.00",,0.00,
embeddings machine learning crash course google developers,,0,"0.00,0.00,0.00,0.00,0.00,0.00,0.00,0.00,0.00,0.00,0.00,0.00",,0.00,
embl machine learning course,,0,"0.00,0.00,0.00,0.00,0.00,0.00,0.00,0.00,0.00,0.00,0.00,0.00",,0.00,
end to end machine learning course,,0,"0.00,0.00,0.00,0.00,0.00,0.00,0.00,0.00,0.00,0.00,0.00,0.00",,0.00,
endpoint security machine learning course,,0,"0.00,0.00,0.00,0.00,0.00,0.00,0.00,0.00,0.00,0.00,0.00,0.00",,0.00,
epfl course machine learning,,0,"0.00,0.00,0.00,0.00,0.00,0.00,0.00,0.00,0.00,0.00,0.00,0.00",,0.00,
epfl machine learning course online,,0,"0.00,0.00,0.00,0.00,0.00,0.00,0.00,0.00,0.00,0.00,0.00,0.00",,0.00,
eric xing machine learning course,,0,"0.00,0.00,0.00,0.00,0.00,0.00,0.00,0.00,0.00,0.00,0.00,0.00",,0.00,
essential courses for machine learning,,0,"0.00,0.00,0.00,0.00,0.00,0.00,0.00,0.00,0.00,0.00,0.00,0.00",,0.00,
eth machine learning course,,0,"0.00,0.00,0.00,0.00,0.00,0.00,0.00,0.00,0.00,0.00,0.00,0.00",,0.00,
eth zurich machine learning course,,0,"0.00,0.00,0.00,0.00,0.00,0.00,0.00,0.00,0.00,0.00,0.00,0.00",,0.00,
every single machine learning course on the internet,,0,"0.00,0.00,0.00,0.00,0.00,0.00,0.00,0.00,0.00,0.00,0.00,0.00",,0.00,
executive briefing - data science and machine learning course,,0,"0.00,0.00,0.00,0.00,0.00,0.00,0.00,0.00,0.00,0.00,0.00,0.00",,0.00,
executive briefing - data science and machine learning online course,,0,"0.00,0.00,0.00,0.00,0.00,0.00,0.00,0.00,0.00,0.00,0.00,0.00",,0.00,
executive briefing: machine learning course,,0,"0.00,0.00,0.00,0.00,0.00,0.00,0.00,0.00,0.00,0.00,0.00,0.00",,0.00,
executive briefing: machine learning online course,,0,"0.00,0.00,0.00,0.00,0.00,0.00,0.00,0.00,0.00,0.00,0.00,0.00",,0.00,
executive machine learning course,,0,"0.00,0.00,0.00,0.00,0.00,0.00,0.00,0.00,0.00,0.00,0.00,0.00",,0.00,
exercises for stanford machine learning course,,0,"0.00,0.00,0.00,0.00,0.00,0.00,0.00,0.00,0.00,0.00,0.00,0.00",,0.00,
experimentalist taking machine learning course,,0,"0.00,0.00,0.00,0.00,0.00,0.00,0.00,0.00,0.00,0.00,0.00,0.00",,0.00,
factors to consider when choosing online machine learning courses,,0,"0.00,1.00,0.00",,0.00,
fairness in machine learning course,,0,"0.00,0.00,0.00,0.00,0.00,0.00,0.00,0.00,0.00,0.00,0.00,0.00",,0.00,
fast ai machine learning course notes,,0,"0.00,0.00,0.00,0.00,0.00,0.00,0.00,0.00,0.00,0.00,0.00,0.00",,0.00,
fast ai vs google machine learning course,,0,"0.00,0.00,0.00,0.00,0.00,0.00,0.00,0.00,0.00,0.00,0.00,0.00",,0.00,
fast forward lab machine learning course,,0,"0.00,0.00,0.00,0.00,0.00,0.00,0.00,0.00,0.00,0.00,0.00,0.00",,0.00,
fast.ai machine learning course,,0,"0.00,0.00,0.00,0.00,0.00,0.00,0.00,0.00,0.00,1.00,0.00,0.00",,4.22,
fast.ai machine learning course review,,0,"0.00,0.00,0.00,1.00,0.00,0.00,0.00,0.00,0.00,0.00,0.00,1.00",,0.00,
fastai course machine learning for coders,,0,"0.00,0.00,0.00,0.00,0.00,0.00,0.00,0.00,0.00,0.00,0.00,0.00",,0.00,
fastai courses on practical machine learning by jeremyphoward,,0,"0.00,0.00,0.00,0.00,0.00,0.00,0.00,0.00,0.00,0.00,0.00,0.00",,0.00,
fastai machine learning course,,0,"0.00,0.00,0.00,0.00,0.00,0.00,0.00,0.00,0.00,0.00,0.00,0.00",,4.22,
fco appliedaicourse applied machine learning course,,0,"0.00,0.00,0.00,0.00,0.00,0.00,0.00,1.00,0.00,0.00,0.00,0.00",,0.00,
feature extraction machine learning courses,,0,"0.00,0.00,0.00,0.00,0.00,0.00,0.00,0.00,0.00,0.00,0.00,0.00",,0.00,
fields machine learning graduate course,,0,"0.00,0.00,0.00,0.00,0.00,0.00,0.00,0.00,0.00,0.00,0.00,0.00",,0.00,
financial technology and machine learning courses,,0,"0.00,0.00,0.00,0.00,0.00,0.00,0.00,0.00,0.00,0.00,0.00,0.00",,0.00,
financial technology and machine learning courses online,,0,"0.00,0.00,0.00,0.00,0.00,0.00,0.00,0.00,0.00,0.00,0.00,0.00",,0.00,
finish universtiy free machine learning course,,0,"0.00,0.00,0.00,0.00,0.00,0.00,0.00,0.00,0.00,0.00,0.00,0.00",,0.00,
finland machine learning course,,0,"0.00,0.00,0.00,0.00,0.00,0.00,0.00,0.00,0.00,0.00,0.00,0.00",,0.00,
first course in machine learning code,,0,"0.00,0.00,0.00,0.00,0.00,0.00,0.00,0.00,0.00,0.00,0.00,0.00",,0.00,
first course in machine learning rogers,,0,"0.00,0.00,0.00,0.00,0.00,0.00,0.00,0.00,0.00,0.00,0.00,0.00",,0.00,
first course in machine learning second edition pdf,,0,"0.00,0.00,0.00,0.00,0.00,0.00,0.00,0.00,0.00,0.00,0.00,0.00",,0.00,
for machine learning which courses are must,,0,"0.00,0.00,0.00,0.00,0.00,0.00,0.00,0.00,0.00,0.00,0.00,0.00",,0.00,
forbes machine learning courses,,0,"0.00,0.00,0.00,0.00,0.00,0.00,0.00,0.00,0.00,0.00,0.00,0.00",,0.00,
foundations of machine learning course solutions,,0,"0.00,0.00,0.00,0.00,0.00,0.00,0.00,0.00,0.00,0.00,0.00,0.00",,0.00,
frank kane hands on with machine learning and python course,,0,"0.00,0.00,0.00,0.00,0.00,0.00,0.00,0.00,0.00,0.00,0.00,0.00",,0.00,
fraud detection machine learning course,,0,"0.00,0.00,0.00,0.00,0.00,0.00,0.00,0.00,0.00,0.00,0.00,0.00",,0.00,
free a course in machine learning,,0,"0.00,0.00,0.00,0.00,0.00,0.00,0.00,0.00,0.00,0.00,0.00,0.00",,0.00,
free ai and machine learning course,,0,"0.00,1.00,0.00,1.00,0.00,0.00,0.00,1.00,0.00,0.00,0.00,0.00",,3.52,
free ai and machine learning courses for students,,0,"0.00,0.00,0.00",,0.00,
free ai machine learning courses,,0,"0.00,0.00,0.00,0.00,0.00,0.00",,0.00,
free amazon machine learning courses python,,0,"0.00,0.00,0.00,0.00,0.00,0.00,0.00,0.00,0.00,0.00,0.00,0.00",,0.00,
free artificial intelligence and machine learning online courses,,0,"0.00,0.00,0.00,0.00,0.00,0.00,0.00,0.00,0.00,0.00,0.00,0.00",,0.00,
free certified machine learning course,,0,"0.00,0.00,0.00,1.00,0.00,0.00,0.00,1.00,0.00,0.00,0.00,0.00",,0.00,
free course download machine learning,,0,"0.00,0.00,0.00,0.00,0.00,0.00,0.00,0.00,0.00,0.00,0.00,0.00",,0.00,
free course for machine learning,,0,"0.00,0.00,0.00,0.00,0.00,0.00,0.00,0.00,0.00,0.00,0.00,0.00",,0.00,
free course of machine learning,,0,"0.00,0.00,0.00,0.00,0.00,1.00,0.00,0.00,0.00,0.00,0.00,0.00",,0.00,
free course on machine learning,,0,"1.00,0.00,0.00,0.00,0.00,0.00,0.00,0.00,0.00,0.00,0.00,0.00",,2.46,
free course on machine learning with python,,0,"0.00,0.00,0.00,0.00,0.00,0.00,0.00,0.00,0.00,0.00,0.00,0.00",,0.00,
free course to learn machine learning princples,,0,"0.00,0.00,0.00,0.00,0.00,0.00,0.00,0.00,0.00,0.00,0.00,0.00",,0.00,
free coursera course icl machine learning,,0,"0.00,0.00,0.00,0.00,0.00,0.00,0.00,0.00,0.00,0.00,0.00,0.00",,0.00,
free coursera course icl machine learning git,,0,"0.00,0.00,0.00,0.00,0.00,0.00,0.00,0.00,0.00,0.00,0.00,0.00",,0.00,
free courses on machine learning,,0,"0.00,1.00,0.00,0.00,0.00,0.00,0.00,0.00,0.00,0.00,0.00,0.00",,2.46,
free data science course machine & deep learning,,0,"0.00,0.00,0.00,0.00,0.00,0.00,0.00,0.00,0.00,0.00,0.00,0.00",,0.00,
free data science course online machine & deep learning,,0,"0.00,0.00,0.00,0.00,0.00,0.00,0.00,0.00,0.00,0.00,0.00,0.00",,0.00,
free full data science course machine & deep learning,,0,"0.00,0.00,0.00,0.00,0.00,0.00,0.00,0.00,0.00,0.00,0.00,0.00",,0.00,
free introduction to machine learning course,,0,"1.00,0.00,0.00,0.00,0.00,0.00",,0.00,
free introduction to machine learning online course,,0,"0.00,0.00,0.00,0.00,0.00,0.00,0.00,0.00,0.00,0.00,0.00,0.00",,0.00,
free introductory machine learning courses,,0,"0.00,0.00,0.00,0.00,0.00,0.00,0.00,0.00,0.00,0.00,0.00,0.00",,0.00,
free machine learning ai course building ai tools,,0,0.00,,0.00,
free machine learning ai python course,,0,"0.00,0.00,0.00,0.00,0.00,0.00,0.00,0.00,0.00,0.00,0.00,0.00",,0.00,
free machine learning certificate course,,0,"0.00,0.00",,0.00,
free machine learning certificate courses,,0,"0.00,0.00",,0.00,
free machine learning certification courses,,0,"0.00,0.00,0.00,0.00,0.00,0.00,0.00,0.00,0.00,0.00,0.00,0.00",,0.00,
free machine learning course andrew ng,,0,"0.00,0.00,0.00,0.00",,0.00,
free machine learning course aws,,0,"0.00,0.00,0.00,0.00,0.00,0.00,0.00,0.00,0.00,0.00,0.00,0.00",,0.00,
free machine learning course bosotn,,0,"0.00,0.00,0.00,0.00,0.00,0.00,0.00,0.00,0.00,0.00,0.00,0.00",,0.00,
free machine learning course matlab,,0,"0.00,0.00,0.00,0.00,0.00,0.00,0.00,0.00,0.00,0.00,0.00,0.00",,0.00,
free machine learning course mit,,0,"0.00,0.00,0.00,0.00,0.00,0.00,0.00,0.00,0.00,0.00,0.00,0.00",,0.00,
free machine learning course on udacity,,0,"0.00,0.00,0.00,0.00,0.00,0.00,0.00,0.00,0.00,0.00,0.00,0.00",,0.00,
free machine learning course online phota,,0,"0.00,0.00,0.00,0.00,0.00,0.00,0.00,0.00,0.00,0.00,0.00,0.00",,0.00,
free machine learning course quora,,0,"0.00,0.00,0.00,0.00,0.00,0.00,0.00,0.00,0.00,0.00,0.00,0.00",,0.00,
free machine learning course udacity,,0,"1.00,0.00,0.00,0.00,0.00,0.00,0.00,0.00,0.00,0.00,0.00,0.00",,0.00,
free machine learning course using python,,0,"0.00,0.00,0.00,0.00,0.00,0.00,0.00,0.00,0.00,0.00,0.00,0.00",,0.00,
free machine learning course with certificate linkedin learning,,0,"1.00,0.00,0.00,0.00,0.00",,0.00,
free machine learning course with certificate online,,0,0.00,,0.00,
free machine learning course with free certificate,,0,"1.00,0.00,0.00",,0.00,
free machine learning courseara course,,0,"0.00,0.00,0.00,0.00,0.00,0.00,0.00,0.00,0.00,0.00,0.00,0.00",,0.00,
free machine learning courses amazon,,0,"0.00,0.00,0.00,0.00,0.00,0.00,0.00,0.00,0.00,0.00,0.00,0.00",,0.00,
free machine learning courses coursera,,0,"0.00,0.00,0.00,0.00,0.00",,0.00,
free machine learning courses from google amazon and microsoft,,0,"0.00,0.00,0.00,0.00,0.00,0.00,0.00,0.00,0.00,0.00,0.00,0.00",,0.00,
free machine learning courses in udemy,,0,"0.00,0.00,0.00,0.00,0.00,0.00,0.00,0.00,0.00,0.00,0.00,0.00",,0.00,
free machine learning courses on coursera,,0,"0.00,0.00,0.00,0.00,0.00,0.00,0.00,0.00,0.00,0.00,0.00,0.00",,0.00,
free machine learning courses online with certificates,,0,"0.00,0.00,0.00,0.00,0.00,0.00,0.00",,0.00,
free machine learning courses with certificates,,0,"0.00,0.00,0.00,0.00,0.00",,0.00,
free machine learning online courses,,0,"0.00,0.00,0.00,0.00,0.00,0.00,0.00,0.00,0.00,0.00,0.00,0.00",,3.12,
free matlab fro mcoursera machine learning course,,0,"0.00,0.00,0.00,0.00,0.00,0.00,0.00,0.00,0.00,0.00,0.00,0.00",,0.00,
free online course for python for machine learning,,0,"0.00,0.00,0.00,0.00,0.00,0.00,0.00,0.00,0.00,0.00,0.00,0.00",,0.00,
free online course machine learning stanford,,0,"0.00,0.00,0.00,0.00,0.00,0.00,0.00,0.00,0.00,0.00,0.00,0.00",,0.00,
free online course on machine learning,,0,"0.00,0.00,0.00,0.00,0.00,0.00,0.00,0.00,0.00,0.00,0.00,0.00",,3.12,
free online course on machine learning for layman,,0,"0.00,0.00,0.00,0.00,0.00,0.00,0.00,0.00,0.00,0.00,0.00,0.00",,0.00,
free online courses for machine learning,,0,"0.00,0.00,0.00,0.00,0.00,0.00,0.00,0.00,0.00,0.00,0.00,0.00",,3.12,
free online courses for machine learning beginners quora,,0,"0.00,0.00,0.00,0.00,0.00,0.00,0.00,0.00,0.00,0.00,0.00,0.00",,0.00,
free online courses in ai and machine learning,,0,"0.00,1.00,1.00,0.00",,0.00,
free online machine learning course by stanford university via coursera,,0,"0.00,0.00,0.00,0.00,0.00,0.00,0.00,0.00,0.00,0.00,0.00,0.00",,0.00,
free online machine learning course python,,0,"0.00,0.00,0.00,0.00,0.00,0.00,0.00,0.00,0.00,0.00,0.00,0.00",,0.00,
free online machine learning courses with certificates,,0,"0.00,0.00,0.00,0.00,0.00,0.00,0.00,0.00,0.00,0.00,0.00,0.00",,0.00,
free online python machine learning course,,0,"0.00,0.00,0.00,0.00,0.00,0.00,0.00,0.00,0.00,0.00,0.00,0.00",,0.00,
free python spark machine learning course,,0,"0.00,0.00,0.00,0.00,0.00,0.00,0.00,0.00,0.00,0.00,0.00,0.00",,0.00,
free quantum machine learning courses with e-certificate,,0,0.00,,0.00,
free statistics course for machine learning,,0,"0.00,0.00,0.00,0.00,0.00,0.00,0.00,0.00,0.00,0.00,0.00,0.00",,0.00,
freecodecamp best machine learning courses,,0,"0.00,0.00,0.00,0.00,0.00,0.00,0.00,0.00,0.00,0.00,0.00,0.00",,0.00,
freecodecamp machine learning courses,,0,"0.00,0.00,0.00,0.00,0.00,0.00,0.00,0.00,0.00,0.00,0.00,0.00",,0.00,
freetutorials.us udemy machine-learning-course-with-python,,0,"0.00,0.00,0.00,0.00,0.00,0.00,0.00,0.00,0.00,0.00,0.00,0.00",,0.00,
full stack machine learning course free,,0,"0.00,0.00,0.00",,0.00,
full stack machine learning course online with certificate,,0,0.00,,0.00,
fullstack academy machine learning course,,0,0.00,,0.00,
fullstack academy machine learning course review,,0,"0.00,0.00",,0.00,
fundamentals of ai and machine learning online course,,0,"0.00,0.00,0.00,0.00,0.00,0.00,0.00,0.00,0.00,0.00,0.00",,0.00,
gatech machine learning minor courses,,0,"0.00,0.00,0.00,0.00,0.00,0.00,0.00,0.00,0.00,0.00,0.00,0.00",,0.00,
gatech statistical methods for machine learning course,,0,"0.00,0.00,0.00,0.00,0.00,0.00,0.00,0.00,0.00,0.00,0.00,0.00",,0.00,
gatech statistical methods for machine learning course info,,0,"0.00,0.00,0.00,0.00,0.00,0.00,0.00,0.00,0.00,0.00,0.00,0.00",,0.00,
gatsby machine learning course,,0,"0.00,0.00,0.00,0.00,0.00,0.00,0.00,0.00,0.00,0.00,0.00,0.00",,0.00,
gcp machine learning certification course,,0,"0.00,0.00,0.00,0.00,0.00,0.00,0.00,0.00,0.00,0.00,0.00,0.00",,0.00,
genetics for python and machine learning courses,,0,"0.00,0.00,0.00,0.00,0.00,0.00,0.00,0.00,0.00,0.00,0.00,0.00",,0.00,
geoff hinton vs stanford course on machine learning,,0,"0.00,0.00,0.00,0.00,0.00,0.00,0.00,0.00,0.00,0.00,0.00,0.00",,0.00,
geoffrey hinton's neural networks for machine learning course,,0,"0.00,0.00,0.00,0.00,0.00,0.00,0.00,0.00,0.00,0.00,0.00,0.00",,0.00,
geoffrey hinton's neural networks for machine learning course where,,0,"0.00,0.00,0.00,0.00,0.00,0.00,0.00,0.00,0.00,0.00,0.00,0.00",,0.00,
george washington machine learning course,,0,"0.00,0.00,0.00,0.00,0.00,0.00,0.00,0.00,0.00,0.00,0.00,0.00",,0.00,
george washington machine learning course instructor jafari,,0,"0.00,0.00,0.00,0.00,0.00,0.00,0.00,0.00,0.00,0.00,0.00,0.00",,0.00,
georgetown machine learning course,,0,"0.00,0.00,0.00,0.00,0.00,0.00,0.00,0.00,0.00,0.00,0.00,0.00",,0.00,
georgia tech machine learning courses,,0,"0.00,0.00,0.00,0.00,0.00,0.00,0.00,0.00,0.00,0.00,0.00,0.00",,0.00,
georgia tech machine learning cs course,,0,"0.00,0.00,0.00,0.00,0.00,0.00,0.00,0.00,0.00,0.00,0.00,0.00",,0.00,
geospatial machine learning course,,0,"0.00,0.00,0.00,0.00,0.00,0.00,0.00,0.00,0.00,0.00,0.00,0.00",,0.00,
get python machine learning courses online,,0,"0.00,0.00,0.00,0.00,0.00,0.00,0.00,0.00,0.00,0.00,0.00,0.00",,0.00,
getx flutter 2.5 ai machine learning course with null safety,,0,"0.00,0.00,0.00,0.00,0.00,0.00,0.00,0.00,0.00,0.00,0.00,0.00",,0.00,
gmu machine learning course,,0,"0.00,0.00,0.00,0.00,0.00,0.00,0.00,0.00,0.00,0.00,0.00,0.00",,0.00,
golang machine learning course,,0,"0.00,0.00,0.00,0.00,0.00,0.00,0.00,0.00,0.00,0.00,0.00,0.00",,0.00,
good machine learning course reddit,,0,"1.00,0.00,0.00,0.00,0.00",,0.00,
good machine learning online courses,,0,"0.00,0.00,0.00,0.00,0.00,0.00,0.00,0.00,0.00,0.00,0.00,0.00",,0.00,
good nlp machine learning course,,0,"0.00,0.00,0.00,0.00,0.00,0.00,0.00,0.00,0.00,0.00,0.00,0.00",,0.00,
good online course for machine learning with python,,0,"0.00,0.00,0.00,0.00,0.00,0.00,0.00,0.00,0.00,0.00,0.00,0.00",,0.00,
good online courses for machine learning on trading,,0,"0.00,0.00,0.00,0.00,0.00,0.00,0.00,0.00,0.00,0.00,0.00,0.00",,0.00,
good online machine learning course,,0,"0.00,0.00,0.00,0.00,0.00,0.00,0.00,0.00,0.00,0.00,0.00,0.00",,0.00,
google 3 month machine learning course,,0,"0.00,0.00,0.00,0.00,0.00,0.00,0.00,0.00,0.00,0.00,0.00,0.00",,0.00,
google ai - machine learning crash course,,0,"0.00,0.00,0.00,0.00,0.00,0.00",,0.00,
google ai machine learning courses,,0,"0.00,0.00,0.00",,0.00,
google and udacity free machine learning course,,0,"0.00,0.00,0.00,0.00,0.00,0.00,0.00,0.00,0.00,0.00,0.00,0.00",,0.00,
google cloud fundamentals big data and machine learning course,,0,"0.00,0.00,0.00,0.00,0.00,0.00,0.00,0.00,0.00,0.00,0.00,0.00",,0.00,
google cloud fundamentals- big data and machine learning course,,0,"0.00,0.00,0.00,0.00,0.00,0.00,0.00,0.00,0.00,0.00,0.00,0.00",,0.00,
google cloud fundamentals: big data & machine learning course,,0,"0.00,0.00,0.00,0.00,0.00,0.00,0.00,0.00,0.00,0.00,0.00,0.00",,0.00,
google cloud machine learning certification course,,0,"0.00,0.00,0.00,0.00,0.00,0.00,0.00,0.00,0.00,0.00,0.00,0.00",,0.00,
google cloud machine learning courses,,0,"0.00,0.00,0.00,0.00,0.00,0.00,0.00,0.00,0.00,0.00,0.00,0.00",,0.00,
google cloud professional machine learning engineer course,,0,"0.00,0.00,0.00,0.00,0.00,0.00,0.00,0.00",,0.00,
google coud ia and machine learning courses,,0,"0.00,0.00,0.00,0.00,0.00,0.00,0.00,0.00,0.00,0.00,0.00,0.00",,0.00,
google course on ai machine learning,,0,"0.00,0.00,0.00,0.00,0.00,0.00,0.00,0.00,0.00,0.00,0.00,0.00",,0.00,
google courses machine learning,,0,"0.00,0.00,0.00,0.00,0.00,0.00,0.00,0.00,0.00,0.00,0.00,0.00",,3.15,
google crash course machine learning review,,0,"0.00,0.00,1.00,1.00,0.00,0.00,0.00,0.00,0.00,0.00,0.00,0.00",,0.00,
google developer crash course machine learning,,0,"0.00,0.00,0.00,0.00,0.00,0.00,0.00,0.00,0.00,0.00,0.00,0.00",,0.00,
google free course machine learning,,0,"0.00,0.00,0.00,0.00,0.00,0.00,0.00,0.00,0.00,0.00,0.00,0.00",,0.00,
google free machine learning and ai course,,0,"0.00,0.00,1.00,0.00,0.00,0.00,0.00,0.00,0.00,0.00,0.00,0.00",,0.00,
google free machine learning course with certificate,,0,"0.00,0.00,0.00,0.00,0.00,0.00,0.00,0.00",,0.00,
google free online machine learning course,,0,"0.00,0.00,0.00,1.00,0.00,0.00,0.00,0.00,0.00,0.00,0.00,0.00",,0.00,
google free online machine learning course does not work,,0,"0.00,0.00,0.00,0.00,0.00,0.00,0.00,0.00,0.00,0.00,0.00,0.00",,0.00,
google free online machine learning course only few minutes,,0,"0.00,0.00,0.00,0.00,0.00,0.00,0.00,0.00,0.00,0.00,0.00,0.00",,0.00,
google introducing machine learning courses,,0,"0.00,0.00,0.00,0.00,0.00,0.00,0.00,0.00,0.00,0.00,0.00,0.00",,0.00,
google machine learning course download,,0,"0.00,0.00,0.00,0.00,0.00,0.00,0.00,0.00,0.00,0.00,0.00,0.00",,0.00,
google machine learning course english,,0,"0.00,0.00,0.00,0.00,0.00,0.00,0.00,0.00,0.00,0.00,0.00,0.00",,0.00,
google machine learning course india,,0,"0.00,0.00,0.00,0.00,0.00,0.00,0.00,0.00,0.00,0.00,0.00,0.00",,0.00,
google machine learning course online,,0,"0.00,0.00,0.00,0.00,0.00,0.00,0.00,0.00,0.00,0.00,0.00,0.00",,0.00,
google machine learning course pdf,,0,"0.00,0.00,0.00,0.00,0.00,0.00,0.00,0.00,0.00,0.00,0.00,0.00",,0.00,
google machine learning course quora,,0,"0.00,0.00,0.00,0.00,0.00,0.00,0.00,0.00,0.00,0.00,0.00,0.00",,0.00,
google machine learning course reddit,,0,"0.00,0.00,0.00,0.00,0.00,0.00,0.00,0.00,0.00,0.00,0.00,0.00",,0.00,
google machine learning course registration,,0,"0.00,0.00,0.00,0.00,0.00,0.00,0.00,0.00,0.00,0.00,0.00,0.00",,0.00,
google machine learning course reviews,,0,"0.00,0.00,0.00,0.00,0.00,0.00,0.00,0.00,0.00,0.00,0.00,0.00",,0.00,
google machine learning course tensorflow,,0,"0.00,0.00,0.00,0.00,0.00,0.00,0.00,0.00,0.00,0.00,0.00,0.00",,0.00,
google machine learning course udacity,,0,"0.00,0.00,0.00,0.00,0.00,0.00,0.00,0.00,0.00,0.00,0.00,0.00",,0.00,
google machine learning course youtube,,0,"0.00,0.00,0.00,0.00,0.00,0.00,0.00,0.00,0.00,0.00,0.00,0.00",,0.00,
google machine learning course zuri,,0,"0.00,0.00,0.00,0.00,0.00,0.00,0.00,0.00,0.00,0.00,0.00,0.00",,0.00,
google machine learning courses,,0,"0.00,0.00,0.00,1.00,1.00,0.00,0.00,0.00,0.00,0.00,1.00,0.00",,3.15,
google machine learning courses review,,0,"0.00,0.00,0.00,0.00,0.00,0.00,0.00,0.00,0.00,0.00,0.00,0.00",,0.00,
google machine learning crash course 2025,,0,"0.00,0.00",,0.00,
google machine learning crash course bias,,0,"0.00,0.00,0.00,0.00,0.00,0.00,0.00,0.00,0.00,0.00,0.00,0.00",,0.00,
google machine learning crash course certification,,0,"0.00,0.00,0.00,0.00,0.00,0.00,0.00,0.00,0.00,0.00,0.00,0.00",,0.00,
google machine learning crash course cn,,0,"0.00,0.00,0.00,0.00,0.00,0.00,0.00,0.00,0.00,0.00,0.00,0.00",,0.00,
google machine learning crash course cost,,0,"0.00,0.00",,0.00,
google machine learning crash course embeddings,,0,"0.00,0.00,0.00,0.00,0.00,0.00,0.00,0.00,0.00,0.00,0.00,0.00",,0.00,
google machine learning crash course free 2025,,0,"0.00,0.00,0.00,0.00,0.00",,0.00,
google machine learning crash course github,,0,"0.00,0.00,0.00,0.00,0.00,0.00,0.00,0.00,0.00,0.00,0.00,0.00",,0.00,
google machine learning crash course notes,,0,"0.00,0.00,0.00,0.00,0.00,0.00,0.00,0.00,0.00,0.00,0.00,0.00",,0.00,
google machine learning crash course offline,,0,"0.00,0.00,0.00,0.00,0.00,0.00,0.00,0.00,0.00,0.00,0.00,0.00",,0.00,
google machine learning crash course precision,,0,"0.00,0.00,0.00,0.00,0.00,0.00,0.00,0.00,0.00,0.00,0.00,0.00",,0.00,
google machine learning crash course quora,,0,"0.00,0.00,0.00,0.00,0.00,0.00,0.00,0.00,0.00,0.00,0.00,0.00",,0.00,
google machine learning crash course tensorflow,,0,"0.00,0.00,0.00,0.00,0.00,0.00,0.00,0.00,0.00,0.00,0.00,0.00",,0.00,
google machine learning crash course updated 2025,,0,"0.00,0.00,0.00,0.00,0.00",,0.00,
google machine learning crash course vs coursera,,0,"0.00,0.00,0.00,0.00,0.00,0.00,0.00,0.00,0.00,0.00,0.00,0.00",,0.00,
google machine learning crash course with tensorflow,,0,"0.00,0.00,0.00,0.00,0.00,0.00,0.00,0.00,0.00,0.00,0.00,0.00",,0.00,
google machine learning crash course youtube,,0,"0.00,0.00,0.00,0.00,0.00,0.00,0.00,0.00,0.00,0.00,0.00,0.00",,0.00,
google machine learning developer course,,0,"0.00,0.00,0.00,0.00,0.00,0.00,0.00,0.00,0.00,0.00,0.00,0.00",,0.00,
google machine learning internal courses,,0,"0.00,0.00,0.00,0.00,0.00,0.00,0.00,0.00,0.00,0.00,0.00,0.00",,0.00,
google machine learning open course,,0,"0.00,0.00,0.00,0.00,0.00,0.00,0.00,0.00,0.00,0.00,0.00,0.00",,0.00,
google machine learning tensorflow course,,0,"0.00,0.00,0.00,0.00,0.00,0.00,0.00,0.00,0.00,0.00,0.00,0.00",,0.00,
google machine learning training course,,0,"0.00,0.00,0.00,0.00,0.00,0.00,0.00,0.00,0.00,0.00,0.00,0.00",,0.00,
google offers free online machine learning course,,0,"0.00,0.00,0.00,0.00,0.00,0.00,0.00,0.00,0.00,0.00,0.00,0.00",,0.00,
google online course machine learning,,0,"0.00,0.00,0.00,0.00,0.00,0.00,0.00,0.00,0.00,0.00,0.00,0.00",,0.00,
google online courses machine learning,,0,"0.00,0.00,0.00,0.00,0.00,0.00,0.00,0.00,0.00,0.00,0.00,0.00",,0.00,
google online machine learning course,,0,"0.00,0.00,1.00,0.00,0.00,1.00,0.00,0.00,0.00,0.00,0.00,0.00",,0.00,
google professional machine learning engineer certification course,,0,0.00,,0.00,
google professional machine learning engineer online course,,0,"1.00,0.00,0.00,0.00,0.00,0.00",,0.00,
google released its machine learning crash course mlcc,,0,"0.00,0.00,0.00,0.00,0.00,0.00,0.00,0.00,0.00,0.00,0.00,0.00",,0.00,
google's free machine learning course,,0,"0.00,0.00,0.00,0.00,0.00,0.00,0.00,0.00,0.00,0.00,0.00,0.00",,0.00,
google's machine learning course,,0,"0.00,0.00,0.00,0.00,0.00,0.00,0.00,0.00,0.00,0.00,1.00,0.00",,0.00,
google-offers-free-15-hr-machine-learning-crash-course,,0,"0.00,0.00,0.00,0.00,0.00,0.00,0.00,0.00,0.00,0.00,0.00,0.00",,0.00,
googles machine learning course,,0,"0.00,0.00,0.00,0.00,0.00,0.00,0.00,0.00,0.00,0.00,0.00,0.00",,3.15,
googles machine learning crash course,,0,"0.00,0.00,0.00,0.00,0.00,0.00,0.00,0.00,0.00,0.00,0.00,0.00",,3.47,
gradient descent machine learning course,,0,"0.00,0.00,0.00,0.00,0.00,0.00,0.00,0.00,0.00,0.00,0.00,0.00",,0.00,
gradient descent using matrix machine learning course,,0,"0.00,0.00,0.00,0.00,0.00,0.00,0.00,0.00,0.00,0.00,0.00,0.00",,0.00,
graduate level machine learning course,,0,"0.00,0.00,0.00,0.00,0.00,0.00,0.00,0.00,0.00,0.00,0.00,0.00",,0.00,
graduate level machine learning courses,,0,"0.00,0.00,0.00,0.00,0.00,0.00,0.00,0.00,0.00,0.00,0.00,0.00",,0.00,
graduate machine learning course,,0,"0.00,0.00,0.00,0.00,0.00,0.00,0.00,0.00,0.00,0.00,0.00,0.00",,0.00,
graduate machine learning course onlnie,,0,"0.00,0.00,0.00,0.00,0.00,0.00,0.00,0.00,0.00,0.00,0.00,0.00",,0.00,
graduate machine learning course statistics ucla,,0,"0.00,0.00,0.00,0.00,0.00,0.00,0.00,0.00,0.00,0.00,0.00,0.00",,0.00,
great lakes machine learning course fee,,0,"0.00,0.00,0.00,0.00,0.00,0.00,0.00,0.00,0.00,0.00,0.00,0.00",,0.00,
great lakes machine learning course fees,,0,"0.00,0.00,0.00,0.00,0.00,0.00,0.00,0.00,0.00,0.00,0.00,0.00",,0.00,
great lakes machine learning course review,,0,"0.00,0.00,1.00,0.00,0.00,0.00,0.00,0.00,0.00,0.00,0.00,0.00",,0.00,
grokking the machine learning interview course,,0,0.00,,0.00,
gsu machine learning courses,,0,"0.00,0.00,0.00,0.00,0.00,0.00,0.00,0.00,0.00,0.00,0.00,0.00",,0.00,
hacker news machine learning course,,0,"0.00,0.00,0.00,0.00,0.00,0.00,0.00,0.00,0.00,0.00,0.00,0.00",,0.00,
hackernews a course in machine learning,,0,"0.00,0.00,0.00,0.00,0.00,0.00,0.00,0.00,0.00,0.00,0.00,0.00",,0.00,
hal daume machine learning course,,0,"0.00,0.00,0.00,0.00,0.00,0.00,0.00,0.00,0.00,0.00,0.00,0.00",,0.00,
hands on machine learning courses,,0,"0.00,0.00,0.00,0.00,0.00,0.00,0.00,0.00,0.00,0.00,0.00,0.00",,0.00,
hands on machine learning google cloud approach course,,0,"0.00,0.00,0.00,0.00,0.00,0.00,0.00,0.00,0.00,0.00,0.00,0.00",,0.00,
hands on machine learning without writing code course,,0,"0.00,0.00,0.00,0.00,0.00,0.00,0.00,0.00,0.00,0.00,0.00,0.00",,0.00,
hands-on machine learning course,,0,"0.00,0.00,0.00,0.00,0.00,0.00,0.00,0.00,0.00,0.00,0.00,0.00",,0.00,
handson machine learning coursa,,0,"0.00,0.00,0.00,0.00,0.00,0.00,0.00,0.00,0.00,0.00,0.00,0.00",,0.00,
hardware accelerators for machine learning course,,0,"0.00,0.00,0.00,1.00,1.00,0.00",,0.00,
hardware architecture machine learning course,,0,"0.00,0.00,0.00,0.00,0.00,0.00,0.00,0.00,0.00,0.00,0.00,0.00",,0.00,
hardware implementation machine learning course,,0,"0.00,0.00,0.00,0.00,0.00,0.00,0.00,0.00,0.00,0.00,0.00,0.00",,0.00,
harvard data science: machine learning free course,,0,"0.00,0.00,0.00,0.00,1.00,0.00,0.00,0.00",,0.00,
harvard machine learning course slides,,0,"0.00,0.00,0.00,0.00,0.00,0.00,0.00,0.00,0.00,0.00,0.00,0.00",,0.00,
healthcare machine learning course,,0,"0.00,0.00,0.00,0.00,0.00,0.00,0.00,0.00,0.00,0.00,0.00,0.00",,0.00,
here http quantsoftware.gatech.edu machine_learning_for_trading_course,,0,"0.00,0.00,0.00,0.00,0.00,0.00,0.00,0.00,0.00,0.00,0.00,0.00",,0.00,
hkust machine learning course,,0,"0.00,0.00,0.00,0.00,0.00,0.00,0.00,0.00,0.00,0.00,0.00,0.00",,0.00,
how are assignments grade ni andrew ng's machine learning course,,0,"0.00,0.00,0.00,0.00,0.00,0.00,0.00,0.00,0.00,0.00,0.00,0.00",,0.00,
how can i get token for machine learning course,,0,"0.00,0.00,0.00,0.00,0.00,0.00,0.00,0.00,0.00,0.00,0.00,0.00",,0.00,
how difficult is andrew ng machine learning course,,0,"0.00,0.00,0.00,0.00,0.00,0.00,0.00,0.00,0.00,0.00,0.00,0.00",,0.00,
how difficult is andrew ng machine learning course site www.quora.com,,0,"0.00,0.00,0.00,0.00,0.00,0.00,0.00,0.00,0.00,0.00,0.00,0.00",,0.00,
how difficult is andrew ngs machine learning course,,0,"0.00,0.00,0.00,0.00,0.00,0.00,0.00,0.00,0.00,0.00,0.00,0.00",,0.00,
how good is coursera machine learning course,,0,"0.00,1.00,0.00,0.00,0.00,0.00,0.00,0.00,0.00,0.00,1.00,0.00",,0.00,
how good is google machine learning course,,0,"0.00,0.00,0.00,0.00,0.00,0.00,0.00,0.00,0.00,0.00,0.00,0.00",,0.00,
how is coucera andrew ng machine learning course,,0,"0.00,0.00,0.00,0.00,0.00,0.00,0.00,0.00,0.00,0.00,0.00,0.00",,0.00,
how is google's machine learning crash course,,0,"0.00,0.00,0.00,0.00,0.00,0.00,0.00,0.00,0.00,0.00,0.00,0.00",,0.00,
how is machine learning course in udemy,,0,"0.00,0.00,0.00,0.00,0.00,0.00,0.00,0.00,0.00,0.00,0.00,0.00",,0.00,
how is the machine learning course in coursera,,0,"0.00,0.00,0.00,0.00,0.00,0.00,0.00,0.00,0.00,0.00,0.00,0.00",,0.00,
how is the machine learning course in coursera graded,,0,"0.00,0.00,0.00,0.00,0.00,0.00,0.00,0.00,0.00,0.00,0.00,0.00",,0.00,
how is udacity machine learning course,,0,"0.00,0.00,0.00,0.00,0.00,0.00,0.00,0.00,0.00,0.00,0.00,0.00",,0.00,
how is udemy's machine learning course,,0,"0.00,0.00,0.00,0.00,0.00,0.00,0.00,0.00,0.00,0.00,0.00,0.00",,0.00,
how long is the machine learning course andrew ng,,0,"0.00,0.00,0.00,0.00,0.00,0.00,0.00,0.00,0.00,0.00,0.00,0.00",,0.00,
how many hours is andrew ng machine learning course,,0,"0.00,0.00,0.00,0.00,0.00,0.00,0.00,0.00,0.00,0.00,0.00,0.00",,0.00,
how many people ng machine learning course,,0,"0.00,0.00,0.00,0.00,0.00,0.00,0.00,0.00,0.00,0.00,0.00,0.00",,0.00,
how much does coursera machine learning course cost,,0,"0.00,0.00,0.00,0.00,0.00,0.00,0.00,0.00,0.00,0.00,0.00,0.00",,0.00,
how much does the coursera machine learning course cost,,0,"0.00,0.00,0.00,0.00,0.00,0.00,0.00,0.00,0.00,0.00,0.00,0.00",,0.00,
how much does the machining learning course in standford cause,,0,"0.00,0.00,0.00,0.00,0.00,0.00,0.00,0.00,0.00,0.00,0.00,0.00",,0.00,
how much is coursera machine learning course,,0,"0.00,0.00,0.00,0.00,0.00,0.00,0.00,0.00,0.00,0.00,0.00,0.00",,0.00,
how much is edureka machine learning course fee,,0,"0.00,0.00,0.00,0.00,0.00,0.00,0.00,0.00,0.00,0.00,0.00,0.00",,0.00,
how often advanced machine learning course is offered in vt,,0,"0.00,0.00,0.00,0.00,0.00,0.00,0.00,0.00,0.00,0.00,0.00,0.00",,0.00,
how old is andrew lg machine learning course in standford,,0,"0.00,0.00,0.00,0.00,0.00,0.00,0.00,0.00,0.00,0.00,0.00,0.00",,0.00,
how to choose the right ai and machine learning courses,,0,"1.00,0.00,0.00",,0.00,
how to choose the right machine learning course,,0,"1.00,0.00,0.00",,0.00,
how to choose the right machine learning course on udemy,,0,"0.00,0.00",,0.00,
how to get machine learning free courses,,0,"0.00,0.00,0.00,0.00,0.00,0.00,0.00,0.00,0.00,0.00,0.00,0.00",,0.00,
how to go to my course website coursea machine learning,,0,"0.00,0.00,0.00,0.00,0.00,0.00,0.00,0.00,0.00,0.00,0.00,0.00",,0.00,
how to reset deadlines for ng machine learning coursera course,,0,"0.00,0.00,0.00,0.00,0.00,0.00,0.00,0.00,0.00,0.00,0.00,0.00",,0.00,
how to setup windows machine to learn operating system course,,0,"0.00,0.00,0.00,0.00,0.00,0.00,0.00,0.00,0.00,0.00,0.00,0.00",,0.00,
how to start machine learning course,,0,"0.00,0.00,0.00,0.00,0.00,0.00,0.00,0.00,0.00,0.00,0.00,0.00",,0.00,
hpc machine learning course,,0,"0.00,0.00,0.00,0.00,0.00,0.00,0.00,0.00,0.00,0.00,0.00,0.00",,0.00,
http cn.udacity.com course machine-learning-engineer-nanodegree nd009-cn-basic,,0,"0.00,0.00,0.00,0.00,0.00,0.00,0.00,0.00,0.00,0.00,0.00,0.00",,0.00,
http obiemaps.oberlin.edu courses prob-model-machine-learning,,0,"0.00,0.00,0.00,0.00,0.00,0.00,0.00,0.00,0.00,0.00,0.00,0.00",,0.00,
http online.stanford.edu course machine-learning,,0,"0.00,0.00,0.00,0.00,0.00,0.00,0.00,0.00,0.00,0.00,0.00,0.00",,0.00,
http quantsoftware.gatech.edu machine_learning_for_trading_course,,0,"0.00,0.00,0.00,0.00,0.00,0.00,0.00,0.00,0.00,0.00,0.00,0.00",,0.00,
http www.coursear.org learn machine-learning,,0,"0.00,0.00,0.00,0.00,0.00,0.00,0.00,0.00,0.00,0.00,0.00,0.00",,0.00,
http www.kdnuggets.com 2017 08 udemy-data-science-machine-learning-courses.html,,0,"0.00,0.00,0.00,0.00,0.00,0.00,0.00,0.00,0.00,0.00,0.00,0.00",,0.00,
https br.udacity.com course intro-to-machine-learning ud120,,0,"0.00,0.00,0.00,0.00,0.00,0.00,0.00,0.00,0.00,0.00,0.00,0.00",,0.00,
https developers.google.com machine-learning crash-course prereqs-and-prework,,0,"0.00,0.00,0.00,0.00,0.00,0.00,0.00,0.00,0.00,0.00,0.00,0.00",,0.00,
https faradars.org courses fvml9505-machine-learning,,0,"0.00,0.00,0.00,0.00,0.00,0.00,0.00,0.00,0.00,0.00,0.00,0.00",,0.00,
https faradars.org courses fvml9606-machine-learning-using-python,,0,"0.00,0.00,0.00,0.00,0.00,0.00,0.00,0.00,0.00,0.00,0.00,0.00",,0.00,
https www udacity com course intro to machine learning ud120,,0,"0.00,0.00,0.00,0.00,0.00,0.00,0.00,0.00,0.00,0.00,0.00,0.00",,0.00,
https www.datacamp.com courses introduction-to-machine-learning-with-r,,0,"0.00,0.00,0.00,0.00,0.00,0.00,0.00,0.00,0.00,0.00,0.00,0.00",,0.00,
https www.datacamp.com courses topic machine_learning,,0,"0.00,0.00,0.00,0.00,0.00,0.00,0.00,0.00,0.00,0.00,0.00,0.00",,0.00,
https www.dataquest.io course machine-learning-beginner,,0,"0.00,0.00,0.00,0.00,0.00,0.00,0.00,0.00,0.00,0.00,0.00,0.00",,0.00,
https www.dezyre.com machine-learning-course 49,,0,"0.00,0.00,0.00,0.00,0.00,0.00,0.00,0.00,0.00,0.00,0.00,0.00",,0.00,
https www.edx.org course distributed-machine-learning-apache-uc-berkeleyx-cs120x,,0,"0.00,0.00,0.00,0.00,0.00,0.00,0.00,0.00,0.00,0.00,0.00,0.00",,0.00,
https www.edx.org course machine-learning-columbiax-csmm-102x,,0,"0.00,0.00,0.00,0.00,0.00,0.00,0.00,0.00,0.00,0.00,0.00,0.00",,0.00,
https www.udacity.com course intro-to-machine-learning ud120,,0,"0.00,0.00,0.00,0.00,0.00,0.00,0.00,0.00,0.00,0.00,0.00,0.00",,0.00,
https www.udacity.com course machine-learning ud262,,0,"0.00,0.00,0.00,0.00,0.00,0.00,0.00,0.00,0.00,0.00,0.00,0.00",,0.00,
https www.udacity.com course machine-learning-engineer-nanodegree nd009,,0,"0.00,0.00,0.00,0.00,0.00,0.00,0.00,0.00,0.00,0.00,0.00,0.00",,0.00,
https www.udacity.com course machine-learning-for-trading ud501,,0,"0.00,0.00,0.00,0.00,0.00,0.00,0.00,0.00,0.00,0.00,0.00,0.00",,0.00,
https://edubirdie.com/blog/best-machine-learning-courses,,0,"0.00,0.00,0.00,0.00,0.00,0.00,0.00,0.00,0.00,0.00,0.00,0.00",,0.00,
https://studybullet.com/course/5-real-time-use-cases-using-machine-learning/,,0,"0.00,0.00,0.00,0.00,0.00,0.00,0.00,0.00,0.00,0.00,0.00,0.00",,0.00,
https://studybullet.com/course/chatgpt-for-data-science-and-machine-learning/,,0,"0.00,0.00,0.00,0.00,0.00,0.00,0.00,0.00,0.00,0.00,0.00,0.00",,0.00,
https://www.sevenmentor.com/machine-learning-course-in-pune.php,,0,"0.00,0.00,0.00,0.00,0.00,0.00,0.00,0.00,0.00,0.00,0.00,0.00",,0.00,
human in the loop machine learning online course,,0,"0.00,0.00,0.00,0.00,0.00,0.00,0.00,0.00,0.00,0.00,0.00,0.00",,0.00,
hyperspectral image analysis with machine learning techniques course,,0,"0.00,0.00,0.00,0.00,0.00,0.00,0.00,0.00,0.00,0.00,0.00,0.00",,0.00,
i neuron machine learning course review,,0,"0.00,0.00,0.00,0.00,0.00,0.00,0.00,0.00,0.00,0.00,0.00,0.00",,0.00,
ibbr machine learning course,,0,"0.00,0.00,0.00,0.00,0.00,0.00,0.00,0.00,0.00,0.00,0.00,0.00",,0.00,
ibm machine learning courses,,0,"0.00,0.00,0.00,0.00,0.00,0.00,0.00,0.00,0.00,0.00,0.00,0.00",,3.21,
ibm machine learning online course,,0,"0.00,0.00,0.00,0.00,0.00,0.00,0.00,0.00,0.00,0.00,0.00,0.00",,0.00,
ibm skillsbuild machine learning courses universities 2023,,0,"1.00,0.00,0.00",,0.00,
ibm skillsbuild machine learning courses university partnership 2023,,0,"0.00,0.00,0.00",,0.00,
ibm skillsbuild universities machine learning course partnership 2023,,0,"1.00,0.00",,0.00,
ibm skillsbuild universities machine learning courses 2023 partnership,,0,0.00,,0.00,
ibm skillsbuild universities machine learning courses collaboration 2023,,0,"0.00,1.00,0.00",,0.00,
ibm skillsbuild universities machine learning courses collaboration announcement,,0,"0.00,0.00,0.00,0.00",,0.00,
ibm skillsbuild universities machine learning courses partnership 2023,,0,"1.00,1.00,0.00",,0.00,
ibm skillsbuild university collaboration machine learning courses,,0,"0.00,0.00",,0.00,
ibm skillsbuild university machine learning course 2023,,0,"1.00,0.00,0.00",,0.00,
ibm watson machine learning course,,0,"0.00,0.00,0.00,0.00,0.00,0.00,0.00,0.00,0.00,0.00,0.00,0.00",,0.00,
iiit bangalore machine learning course,,0,"0.00,0.00,0.00,0.00,0.00,0.00,0.00,0.00,0.00,0.00,0.00,0.00",,0.00,
iiit bangalore machine learning course review,,0,"0.00,0.00,0.00,0.00,0.00,0.00,0.00,0.00,0.00,0.00,0.00,0.00",,0.00,
iiit hyderabad machine learning course fee,,0,"0.00,0.00,0.00,0.00,0.00,0.00,0.00,0.00,0.00,0.00,0.00,0.00",,0.00,
iiit hyderabad machine learning course review,,0,"0.00,0.00,0.00,0.00,0.00,0.00,0.00,0.00,0.00,0.00,0.00,0.00",,0.00,
iiit machine learning course review,,0,"0.00,0.00,0.00,0.00,0.00,0.00,0.00,0.00,0.00,0.00,0.00,0.00",,0.00,
iim bangalore machine learning course,,0,"0.00,0.00,0.00,0.00,0.00,0.00,0.00,0.00,0.00,0.00,0.00,0.00",,0.00,
iim best machine learning course,,0,"0.00,0.00,0.00,0.00,0.00,0.00,0.00,0.00,0.00,0.00,0.00,0.00",,0.00,
iim machine learning course,,0,"0.00,0.00,0.00,0.00,0.00,0.00,0.00,0.00,0.00,0.00,0.00,0.00",,0.00,
iim online machine learning course,,0,"0.00,0.00,0.00,0.00,0.00,0.00,0.00,0.00,0.00,0.00,0.00,0.00",,0.00,
iirs machine learning course,,0,"0.00,0.00,0.00,0.00,0.00,0.00,0.00,0.00,0.00,0.00,0.00,0.00",,0.00,
iisc machine learning course online,,0,"0.00,0.00,0.00,0.00,0.00,0.00,0.00,0.00,0.00,0.00,0.00,0.00",,0.00,
iit bangalore machine learning course,,0,"0.00,0.00,0.00,0.00,0.00,0.00,0.00,0.00,0.00,0.00,0.00,0.00",,0.00,
iit bombay machine learning online course,,0,"0.00,0.00,0.00,0.00,0.00,0.00,0.00,0.00,0.00,0.00,0.00,0.00",,0.00,
iit hyderabad machine learning course,,0,"0.00,0.00,0.00,0.00,0.00,0.00,0.00,0.00,0.00,1.00,1.00,0.00",,0.00,
iit kgp machine learning course,,0,"0.00,0.00,0.00,0.00,0.00,0.00,0.00,0.00,0.00,0.00,0.00,0.00",,0.00,
iit kharagpur ai and machine learning course,,0,"0.00,0.00,0.00,0.00,0.00,0.00,0.00,0.00,0.00,0.00,0.00,0.00",,0.00,
iit kharagpur free machine learning course,,0,"0.00,0.00,0.00,0.00,0.00,0.00,0.00,0.00,0.00,0.00,0.00,0.00",,0.00,
iit kharagpur machine learning 6 months course,,0,"0.00,0.00,0.00,0.00,0.00,0.00,0.00,0.00,0.00,0.00,0.00,0.00",,0.00,
iit kharagpur machine learning course free,,0,"0.00,0.00,0.00,0.00,0.00,0.00,0.00,0.00,0.00,0.00,0.00,0.00",,0.00,
iit kharagpur: 8-week free online course on machine learning,,0,"0.00,0.00,0.00,0.00,0.00,0.00,0.00,0.00,0.00,0.00,0.00,0.00",,0.00,
iit machine learning course syllabus,,0,"0.00,0.00,0.00,0.00,0.00,0.00,0.00,0.00,0.00,0.00,0.00,0.00",,0.00,
iit machine learning courses,,0,"0.00,0.00,0.00,0.00,0.00,0.00,0.00,0.00,0.00,0.00,0.00,0.00",,3.73,
iit online course for machine learning,,0,"0.00,0.00,0.00,0.00,0.00,0.00,0.00,0.00,0.00,0.00,0.00,0.00",,0.00,
iit roorkee machine learning course,,0,"0.00,0.00,0.00,0.00,0.00,0.00,0.00,0.00,1.00,0.00,0.00,1.00",,0.00,
iitb machine learning course,,0,"0.00,0.00,0.00,0.00,0.00,0.00,0.00,0.00,0.00,0.00,0.00,0.00",,0.00,
image classification for machine learning courses,,0,"0.00,0.00,0.00,0.00,0.00,0.00",,0.00,
image processing and machine learning course,,0,"0.00,0.00,0.00,0.00,0.00,0.00,0.00,0.00,0.00,0.00,0.00,0.00",,0.00,
image processing certificate course machine learning,,0,"0.00,0.00,0.00,0.00,0.00,0.00,0.00,0.00,0.00,0.00,0.00,0.00",,0.00,
image processing in python machine learning course,,0,"0.00,0.00,0.00,0.00,0.00,0.00,0.00,0.00,0.00,0.00,0.00,0.00",,0.00,
image recognition machine learning course,,0,"0.00,0.00,0.00,0.00,0.00,0.00,0.00,0.00,0.00,0.00,0.00,0.00",,0.00,
imperial college ai and machine learning course,,0,"0.00,0.00,0.00,0.00",,0.00,
imperial college london machine learning course,,0,"0.00,0.00,0.00,0.00,0.00,0.00,0.00,0.00,0.00,0.00,0.00,0.00",,0.00,
imperial college london machine learning course online,,0,"0.00,0.00,0.00,0.00,0.00,0.00,0.00,0.00,0.00,0.00,0.00,0.00",,0.00,
imperial college machine learning course,,0,"0.00,0.00,0.00,0.00,0.00,0.00,0.00,0.00,0.00,0.00,0.00,0.00",,0.00,
imperial machine learning course,,0,"0.00,0.00,0.00,0.00,0.00,0.00,0.00,0.00,0.00,1.00,0.00,1.00",,0.00,
index of machine learning course,,0,"0.00,0.00,0.00,0.00,0.00,0.00,0.00,0.00,0.00,0.00,0.00,0.00",,0.00,
index of machine learning courses,,0,"0.00,0.00,0.00,0.00,0.00,0.00,0.00,0.00,0.00,0.00,0.00,0.00",,0.00,
india computer aided drug discovery machine learning course,,0,"0.00,0.00,0.00,0.00,0.00,0.00,0.00,0.00,0.00,0.00,0.00,0.00",,0.00,
india machine learning course,,0,"0.00,0.00,0.00,0.00,0.00,0.00,0.00,0.00,0.00,0.00,0.00,0.00",,0.00,
industry 4.0 machine learning course malaysia,,0,"0.00,0.00,0.00,0.00,0.00,0.00,0.00,0.00,0.00,0.00,0.00",,0.00,
intel free machine learning course,,0,"0.00,0.00,0.00,0.00,0.00,0.00,0.00,0.00,0.00,0.00,0.00,0.00",,0.00,
intel machine learning course review,,0,"0.00,0.00,0.00,0.00,0.00,0.00,0.00,0.00,0.00,0.00,0.00,0.00",,0.00,
intensive course machine learning google,,0,"0.00,0.00,0.00,0.00,0.00,0.00,0.00,0.00,0.00,0.00,0.00,0.00",,0.00,
intensive course machine learning google developers,,0,"0.00,0.00,0.00,0.00,0.00,0.00,0.00,0.00,0.00,0.00,0.00,0.00",,0.00,
intensive courses machine learning,,0,"0.00,0.00,0.00,0.00,0.00,0.00,0.00,0.00,0.00,0.00,0.00,0.00",,0.00,
intensive machine learning course,,0,"0.00,0.00,0.00,0.00,0.00,0.00,0.00,0.00,0.00,0.00,0.00,0.00",,0.00,
interactive machine learning courses,,0,"0.00,0.00,0.00,0.00,0.00,0.00,0.00,0.00,0.00,0.00,0.00,0.00",,0.00,
internshala machine learning course,,0,"0.00,0.00,0.00,0.00,0.00,0.00,0.00,0.00,0.00,0.00,0.00,0.00",,0.00,
interview kickstart machine learning course review,,0,"0.00,0.00,0.00,0.00,0.00,0.00,0.00,0.00,0.00,0.00,0.00,0.00",,0.00,
intorduction to machine learning course,,0,"0.00,0.00,0.00,0.00,0.00,0.00,0.00,0.00,0.00,0.00,0.00,0.00",,0.00,
intr to machine learning course classify.py,,0,"0.00,0.00,0.00,0.00,0.00,0.00,0.00,0.00,0.00,0.00,0.00,0.00",,0.00,
intriduction to machine learning course,,0,"0.00,0.00,0.00,0.00,0.00,0.00,0.00,0.00,0.00,0.00,0.00,0.00",,0.00,
intro to machine learning course udacity,,0,"0.00,0.00,0.00,0.00,0.00,0.00,0.00,0.00,0.00,0.00,0.00,0.00",,0.00,
intro to machine learning python free course,,0,"0.00,0.00,0.00,0.00,0.00,0.00,0.00,0.00,0.00,0.00,0.00,0.00",,0.00,
introduction machine learning course,,0,"0.00,0.00,0.00,0.00,0.00,0.00,0.00,0.00,0.00,0.00,0.00,0.00",,0.00,
introduction machine learning course coursera,,0,"0.00,0.00,0.00,0.00,0.00,0.00,0.00,0.00,0.00,0.00,0.00,0.00",,0.00,
introduction machine learning course stanford,,0,"0.00,0.00,0.00,0.00,0.00,0.00,0.00,0.00,0.00,0.00,0.00,0.00",,0.00,
introduction to ai and machine learning on google cloud course,,0,"0.00,0.00",,0.00,
introduction to biometrics machine learning class course,,0,"0.00,0.00,0.00,0.00,0.00,0.00,0.00,0.00,0.00,0.00,0.00,0.00",,0.00,
introduction to machine learning basic course,,0,"0.00,0.00,0.00,0.00,0.00,0.00,0.00,0.00,0.00,0.00,0.00,0.00",,0.00,
introduction to machine learning course description,,0,"0.00,0.00,0.00,0.00,0.00,0.00,0.00,0.00,0.00,0.00,0.00,0.00",,0.00,
introduction to machine learning course in r,,0,"0.00,0.00,0.00,0.00,0.00,0.00,0.00,0.00,0.00,0.00,0.00,0.00",,0.00,
introduction to machine learning course mit,,0,"0.00,0.00,0.00,0.00,0.00,0.00,0.00,0.00,0.00,0.00,0.00,0.00",,0.00,
introduction to machine learning course outline,,0,"0.00,0.00,0.00,0.00,0.00,0.00,0.00,0.00,0.00,0.00,0.00,0.00",,0.00,
introduction to machine learning courses,,0,"0.00,0.00,0.00,0.00,0.00,0.00,0.00,0.00,0.00,0.00,0.00,0.00",,0.00,
introduction to machine learning crash course,,0,"0.00,0.00,0.00,0.00,0.00,0.00,0.00,0.00,0.00,0.00,0.00,0.00",,0.00,
introduction to machine learning ethem alpaydin course,,0,"0.00,0.00,0.00,0.00,0.00,0.00,0.00,0.00,0.00,0.00,0.00,0.00",,0.00,
introduction to machine learning for data science course,,0,"0.00,0.00,0.00,0.00,0.00,0.00,0.00,0.00,0.00,0.00,0.00,0.00",,0.00,
introduction to machine learning free online course,,0,"0.00,0.00,0.00,0.00,0.00,0.00,0.00,0.00,0.00,0.00,0.00,0.00",,0.00,
introduction to machine learning mit course,,0,"0.00,0.00,0.00,0.00,0.00,0.00,0.00,0.00,0.00,0.00,0.00,0.00",,0.00,
introduction to machine learning mit open course,,0,"0.00,0.00,0.00,0.00,0.00,0.00,0.00,0.00,0.00,0.00,0.00,0.00",,0.00,
introduction to machine learning nptel course,,0,"0.00,0.00,0.00,0.00,0.00,0.00,0.00,0.00,0.00,0.00,0.00,0.00",,0.00,
introduction to machine learning open course,,0,"0.00,0.00,0.00,0.00,0.00,0.00,0.00,0.00,0.00,0.00,0.00,0.00",,0.00,
introduction to machine learning stanford videos course,,0,"0.00,0.00,0.00,0.00,0.00,0.00,0.00,0.00,0.00,0.00,0.00,0.00",,0.00,
introduction to machine learning undergraduate course,,0,"0.00,0.00,0.00,0.00,0.00,0.00,0.00,0.00,0.00,0.00,0.00,0.00",,0.00,
introduction to machine learning undergraduate course slides,,0,"0.00,0.00,0.00,0.00,0.00,0.00,0.00,0.00,0.00,0.00,0.00,0.00",,0.00,
introduction to machine learning with sap hana course,,0,"0.00,0.00,0.00,0.00,0.00,0.00,0.00,0.00,0.00,0.00,0.00,0.00",,0.00,
introductory applied machine learning class at edinburgh course finder,,0,"0.00,0.00,0.00,0.00,0.00,0.00,0.00,0.00,0.00,0.00,0.00,0.00",,0.00,
introductory applied machine learning edinburgh course,,0,"0.00,0.00,0.00,0.00,0.00,0.00,0.00,0.00,0.00,0.00,0.00,0.00",,0.00,
introductory course on machine learning,,0,"0.00,0.00,0.00,0.00,0.00,0.00,0.00,0.00,0.00,0.00,0.00,0.00",,0.00,
introductory machine learning course,,0,"0.00,0.00,0.00,0.00,0.00,0.00,0.00,0.00,0.00,0.00,0.00,0.00",,0.00,
iot and machine learning courses,,0,"0.00,0.00,0.00,0.00,0.00,0.00,0.00,0.00,0.00,0.00,0.00,0.00",,0.00,
iot machine learning course,,0,"0.00,0.00,0.00,0.00,0.00,0.00,0.00,0.00,0.00,0.00,0.00,0.00",,0.00,
is andrew ng machine learning course good reddit,,0,"0.00,0.00,0.00,0.00,0.00,0.00,0.00,0.00,0.00,0.00,0.00,0.00",,0.00,
is coursera and stanford machine learning course same andrew ng,,0,"0.00,0.00,0.00,0.00,0.00,0.00,0.00,0.00,0.00,0.00,0.00,0.00",,0.00,
is google developer course on machine learning free,,0,"0.00,0.00,0.00,0.00,0.00,0.00,0.00,0.00,0.00,0.00,0.00,0.00",,0.00,
is google machine learning course good,,0,"0.00,0.00,0.00,0.00,0.00,0.00,0.00,0.00,0.00,0.00,0.00,0.00",,0.00,
is google machine learning crash course scam,,0,"1.00,0.00,0.00,0.00,0.00,0.00,0.00,0.00,0.00",,0.00,
is machine learning courses byu,,0,"0.00,0.00,0.00,0.00,0.00,0.00,0.00,0.00,0.00,0.00,0.00,0.00",,0.00,
is standford machine learning course worth it,,0,"0.00,0.00,0.00,0.00,0.00,0.00,0.00,0.00,0.00,0.00,0.00,0.00",,0.00,
is the google machine learning crash course good,,0,"0.00,0.00,0.00,0.00,0.00,0.00,0.00,0.00,0.00,0.00,0.00,0.00",,0.00,
is the stanford machine learning course no longer free,,0,"0.00,0.00,0.00,0.00,0.00,0.00,0.00,0.00,0.00,0.00,0.00,0.00",,0.00,
is there any free course for machine learning,,0,"0.00,0.00,0.00,0.00,0.00,0.00,0.00,0.00,0.00,0.00,0.00,0.00",,0.00,
isi machine learning course,,0,"0.00,0.00,0.00,0.00,0.00,0.00,0.00,0.00,0.00,0.00,0.00,0.00",,0.00,
isro machine learning course,,0,"1.00,0.00,1.00,0.00,0.00,0.00,0.00,0.00,0.00,0.00,0.00,0.00",,0.00,
iu machine learning course,,0,"0.00,0.00,0.00,0.00,0.00,0.00,0.00,0.00,0.00,0.00,0.00,0.00",,0.00,
jack hawkns machine learning course,,0,"0.00,0.00,0.00,0.00,0.00,0.00,0.00,0.00,0.00,0.00,0.00,0.00",,0.00,
japan machine learning course,,0,"0.00,0.00,0.00,0.00,0.00,0.00,0.00,0.00,0.00,0.00,0.00,0.00",,0.00,
javascript machine learning course,,0,"0.00,0.00,0.00,0.00,0.00,0.00,0.00,0.00,0.00,0.00,0.00,0.00",,0.00,
jeremy howard practical machine learning course,,0,"0.00,0.00,0.00,0.00,0.00,0.00,0.00,0.00,0.00,0.00,0.00,0.00",,0.00,
jhsph course catalog statistical machine learning,,0,"0.00,0.00,0.00,0.00,0.00,0.00,0.00,0.00,0.00,0.00,0.00,0.00",,0.00,
jhu intro to machine learning course review,,0,"0.00,0.00,0.00,0.00,0.00,0.00,0.00,0.00,0.00,0.00,0.00,0.00",,0.00,
jhu machine learning course,,0,"0.00,0.00,1.00,0.00,0.00,0.00,0.00,0.00,0.00,0.00,0.00,0.00",,0.00,
jigsaw academy machine learning course,,0,"0.00,0.00,0.00,0.00,0.00,0.00,0.00,0.00,0.00,0.00,0.00,0.00",,0.00,
jigsaw academy machine learning course review,,0,"0.00,0.00,0.00,0.00,0.00,0.00,0.00,0.00,0.00,0.00,0.00,0.00",,0.00,
john hopkins machine learning course review,,0,"0.00,0.00,0.00,0.00,0.00,0.00,0.00,0.00,0.00,0.00,0.00,0.00",,0.00,
john paisley machine learning course,,0,"0.00,0.00,0.00,0.00,0.00,0.00,0.00,0.00,0.00,0.00,0.00,0.00",,0.00,
josh gordon machine learning course,,0,"0.00,0.00,0.00,0.00,0.00,0.00,0.00,0.00,0.00,0.00,0.00,0.00",,0.00,
julia machine learning course,,0,"0.00,0.00,0.00,0.00,0.00,0.00,0.00,0.00,0.00,0.00,0.00,0.00",,0.00,
jupyter notebook machine learning course,,0,"0.00,0.00,0.00,0.00,0.00,0.00,0.00,0.00,0.00,0.00,0.00,0.00",,0.00,
jupyter notebook machine learning course free,,0,"0.00,0.00,0.00,0.00,0.00,0.00,0.00,0.00,0.00,0.00,0.00,0.00",,0.00,
kadenze machine learning for musicians and artists course,,0,"0.00,0.00",,0.00,
kaelbling mit machine learning rating or review course,,0,"0.00,0.00,0.00,0.00,0.00,0.00,0.00,0.00,0.00,0.00,0.00,0.00",,0.00,
kaggle machine learning course review,,0,"0.00,0.00,0.00,0.00,0.00,0.00,0.00,0.00,0.00,0.00,0.00,0.00",,0.00,
kaggle machine learning courses,,0,"0.00,0.00,0.00,0.00,0.00,0.00,0.00,0.00,0.00,0.00,0.00,0.00",,3.52,
kaggle's machine learning course,,0,"0.00,0.00,0.00,0.00,0.00,0.00,0.00,0.00,0.00,0.00,0.00,0.00",,0.00,
karpathy machine learning course,,0,"0.00,0.00,0.00,0.00,0.00,0.00,0.00,0.00,0.00,0.00,0.00,0.00",,0.00,
kdnuggets machine learning courses,,0,"0.00,0.00,0.00,0.00,0.00,0.00,0.00,0.00,0.00,0.00,0.00,0.00",,0.00,
kelleher fundamentals of machine learning course,,0,"0.00,0.00,0.00,0.00,0.00,0.00,0.00,0.00,0.00,0.00,0.00,0.00",,0.00,
kelleher fundamentals of machine learning courses,,0,"0.00,0.00,0.00,0.00,0.00,0.00,0.00,0.00,0.00,0.00,0.00,0.00",,0.00,
kubernetes for machine learning course,,0,"0.00,0.00,0.00,0.00",,0.00,
lasso machine learning in dna methylation course,,0,"0.00,0.00,0.00,0.00,0.00,0.00,0.00,0.00,0.00,0.00,0.00,0.00",,0.00,
lawrence hall machine learning course,,0,"0.00,0.00,0.00,0.00,0.00,0.00,0.00,0.00,0.00,0.00,0.00,0.00",,0.00,
lawrence hall machine learning course syllabus,,0,"0.00,0.00,0.00,0.00,0.00,0.00,0.00,0.00,0.00,0.00,0.00,0.00",,0.00,
layman's courses on ai and machine learning,,0,"0.00,0.00,0.00,0.00,0.00,0.00,0.00,0.00,0.00,0.00,0.00,0.00",,0.00,
learn machine learning 101 class bootcamp course nyc,,0,"0.00,0.00,0.00,0.00,0.00,0.00,0.00,0.00,0.00,0.00,0.00,0.00",,0.00,
learn machine learning course with python a to z,,0,"0.00,0.00,0.00,0.00,0.00,0.00",,0.00,
learn r online course machine learning,,0,"0.00,0.00,0.00,0.00,0.00,0.00,0.00,0.00,0.00,0.00,0.00,0.00",,0.00,
learn system center 2016: virtual machine manager online courses,,0,"0.00,0.00,0.00,0.00,0.00,0.00,0.00,0.00,0.00,0.00,0.00,0.00",,0.00,
learn to use sewing machine course,,0,"0.00,0.00,0.00,0.00,0.00,0.00,0.00,0.00,0.00,0.00,0.00,0.00",,0.00,
learning machine course,,0,"0.00,0.00,0.00,0.00,0.00,0.00,0.00,0.00,0.00,0.00,0.00,0.00",,0.00,
learning machine learning crash course for beginners without math pdf,,0,"0.00,0.00,0.00,0.00,0.00,0.00,0.00,0.00,0.00,0.00,0.00,0.00",,0.00,
linear algebra for data science machine learning in python course,,0,"0.00,0.00,0.00,0.00,0.00,0.00,0.00,0.00,0.00,0.00,0.00,0.00",,0.00,
linear algebra for machine learning course edu,,0,"0.00,0.00,0.00,0.00,0.00,0.00,0.00,0.00,0.00,0.00,0.00,0.00",,0.00,
linear algebra for machine learning free course,,0,"0.00,0.00,0.00,0.00,0.00",,0.00,
linear algebra for machine learning full course,,0,"0.00,1.00,0.00,0.00,0.00,0.00,0.00,0.00,0.00,1.00,0.00,0.00",,0.00,
linear regression machine learning course,,0,"0.00,0.00,0.00,0.00,0.00,0.00,0.00",,0.00,
linkedin learning machine learning and ai crash course,,0,"0.00,0.00,0.00,0.00,0.00,0.00,0.00,0.00,0.00,0.00,0.00,0.00",,0.00,
linuxacademy machine learning courses,,0,"0.00,0.00,0.00,0.00,0.00,0.00,0.00,0.00,0.00,0.00,0.00,0.00",,0.00,
london machine learning course,,0,"0.00,0.00,0.00,0.00,0.00,0.00,0.00,0.00,0.00,0.00,0.00,0.00",,0.00,
lse machine learning course,,0,"0.00,0.00,0.00,0.00,0.00,0.00,0.00,0.00,1.00,1.00,0.00,0.00",,0.00,
lums machine learning course,,0,"0.00,0.00,0.00,0.00,0.00,0.00,0.00,0.00,0.00,0.00,0.00,0.00",,0.00,
lynda machine learning course,,0,"0.00,0.00,0.00,0.00,0.00,0.00,0.00,0.00,0.00,0.00,0.00,0.00",,0.00,
lynda machine learning courses,,0,"0.00,0.00,0.00,0.00,0.00,0.00,0.00,0.00,0.00,0.00,0.00,0.00",,0.00,
machien learning machine learning course,,0,"0.00,0.00,0.00,0.00,0.00,0.00,0.00,0.00,0.00,0.00,0.00,0.00",,0.00,
machin learning course,,0,"0.00,0.00,0.00,0.00,0.00,0.00,0.00,0.00,0.00,0.00,0.00,0.00",,5.57,
machine and deep learning python course,,0,"0.00,0.00,0.00,0.00,0.00,0.00,0.00,0.00,0.00,0.00,0.00,0.00",,0.00,
machine intelligence w deep learning courses exam,,0,"0.00,0.00,0.00,0.00,0.00,0.00,0.00,0.00,0.00,0.00,0.00,0.00",,0.00,
machine intelligence w deep learning courses exam syracuse university,,0,"0.00,0.00,0.00,0.00,0.00,0.00,0.00,0.00,0.00,0.00,0.00,0.00",,0.00,
machine learning & ai course,,0,"0.00,0.00,0.00,0.00,0.00,0.00,0.00,0.00,0.00,0.00,0.00,0.00",,9.85,
machine learning & ai course in toronto,,0,"0.00,0.00,0.00,1.00,0.00,1.00,0.00,0.00,0.00,0.00,0.00,0.00",,0.00,
machine learning & ai foundations: linear regression online courses,,0,"0.00,0.00,0.00,0.00,0.00,0.00,0.00,0.00,0.00,0.00,0.00,0.00",,0.00,
machine learning & artificial intelligence course,,0,"1.00,1.00,0.00,0.00,0.00,0.00,0.00,1.00,1.00,0.00,0.00,0.00",,0.00,
machine learning & causal inference: a short course,,0,"0.00,0.00,0.00,0.00,0.00,0.00,0.00,0.00,0.00,0.00,0.00,0.00",,0.00,
machine learning - a first course for engineers and scientists,,0,"0.00,0.00,0.00,0.00,0.00,0.00,0.00,0.00,0.00,0.00,1.00,0.00",,0.00,
machine learning 1 year course,,0,"0.00,0.00,0.00,0.00,0.00,0.00,0.00,0.00,0.00,0.00,0.00,0.00",,0.00,
machine learning 101 courses,,0,"0.00,0.00,0.00,0.00,0.00,0.00,0.00,0.00,0.00,0.00,0.00,0.00",,0.00,
machine learning 2018 course,,0,"0.00,0.00,0.00,0.00,0.00,0.00,0.00,0.00,0.00,0.00,0.00,0.00",,0.00,
machine learning 6 months course,,0,"0.00,0.00,0.00,0.00,0.00,0.00,0.00,0.00,0.00,0.00,0.00,0.00",,0.00,
machine learning a probabilistic perspective course,,0,"0.00,0.00,0.00,0.00,0.00,0.00,0.00,0.00,0.00,0.00,0.00,0.00",,0.00,
machine learning a probability approach course,,0,"0.00,0.00,0.00,0.00,0.00,0.00,0.00,0.00,0.00,0.00,0.00,0.00",,0.00,
machine learning a-z course,,0,"0.00,0.00,0.00,0.00,0.00,0.00,0.00,0.00,0.00,0.00,0.00,0.00",,0.00,
machine learning a-z course in python and r language,,0,"0.00,0.00,0.00,0.00,0.00,0.00,0.00,0.00,0.00,0.00,0.00,0.00",,0.00,
machine learning a-z course udemy,,0,"0.00,0.00,0.00,0.00,0.00,0.00,0.00,0.00,0.00,0.00,0.00,0.00",,0.00,
machine learning a-z full course,,0,"0.00,0.00,0.00,0.00,0.00,0.00,0.00,0.00,0.00,0.00,0.00,0.00",,0.00,
machine learning a-z udemy course download,,0,"0.00,0.00,0.00,0.00,0.00,0.00,0.00,0.00,0.00,0.00,0.00,0.00",,0.00,
machine learning a-z udemy course free download,,0,"0.00,0.00,0.00,0.00,0.00,0.00,0.00,0.00,0.00,0.00,0.00,0.00",,0.00,
machine learning a-z udemy free course,,0,"0.00,0.00,0.00,0.00,0.00,0.00,0.00,0.00,0.00,0.00,0.00,0.00",,0.00,
machine learning aalto course,,0,"0.00,0.00,0.00,0.00,0.00,0.00,0.00,0.00,0.00,0.00,0.00,0.00",,0.00,
machine learning accredited courses,,0,"0.00,0.00,0.00,0.00,0.00,0.00,0.00,0.00,0.00,0.00,0.00,0.00",,0.00,
machine learning advance course,,0,"0.00,0.00,0.00,1.00,0.00,0.00,0.00,0.00,0.00,0.00,0.00,0.00",,0.00,
machine learning advanced course,,0,"0.00,0.00,0.00,0.00,0.00,0.00,0.00,0.00,0.00,0.00,0.00,0.00",,4.32,
machine learning advanced course kth,,0,"0.00,0.00,0.00,0.00,0.00,0.00,0.00,0.00,0.00,0.00,0.00,0.00",,0.00,
machine learning advanced courses,,0,"0.00,0.00,0.00,0.00,0.00,0.00,0.00,0.00,0.00,0.00,0.00,0.00",,0.00,
machine learning advanced courses udem,,0,"0.00,0.00,0.00,0.00,0.00,0.00,0.00,0.00,0.00,0.00,0.00,0.00",,0.00,
machine learning ai and data science courses,,0,"0.00,0.00,0.00,0.00,0.00,0.00,0.00,0.00,0.00,0.00,0.00,0.00",,0.00,
machine learning ai course for beginners,,0,"0.00,0.00,0.00,0.00,0.00,0.00,0.00,0.00,0.00,0.00,0.00",,0.00,
machine learning ai courses reddit,,0,"0.00,0.00,0.00,0.00,0.00,0.00,0.00,0.00,0.00,0.00,0.00,0.00",,0.00,
machine learning ai engineer cmu course,,0,"0.00,0.00,0.00,0.00,0.00,0.00,0.00,0.00,0.00,0.00,0.00,0.00",,0.00,
machine learning ai online courses in nepal,,0,"1.00,0.00,0.00,0.00,0.00",,0.00,
machine learning algorithms crash course,,0,"0.00,0.00,0.00,0.00,0.00,0.00,1.00,0.00,0.00,0.00,0.00,0.00",,0.00,
machine learning analytics course,,0,"0.00,0.00,0.00,0.00,0.00,0.00,0.00,0.00,0.00,0.00,0.00,0.00",,0.00,
machine learning and ai complete courses 2024,,0,"0.00,0.00,0.00,0.00,0.00,0.00,0.00,0.00,0.00,0.00,0.00,0.00",,0.00,
machine learning and ai course india,,0,"0.00,0.00,0.00,0.00,0.00,0.00,0.00,0.00,0.00,0.00,0.00,0.00",,0.00,
machine learning and ai course pune,,0,"0.00,0.00,1.00,1.00,0.00,0.00,0.00,0.00,0.00,0.00,0.00,0.00",,0.00,
machine learning and ai courses for beginners,,0,"0.00,0.00,0.00,0.00,0.00",,0.00,
machine learning and ai courses in canada,,0,"0.00,0.00,0.00,0.00,0.00,0.00,0.00,0.00,0.00,0.00,0.00,0.00",,0.00,
machine learning and ai courses in delhi,,0,"0.00,0.00,0.00,0.00,0.00,0.00,0.00,0.00,0.00,0.00,0.00,0.00",,0.00,
machine learning and ai courses in germany,,0,"0.00,0.00,0.00,0.00,0.00,0.00,0.00,0.00,0.00,0.00,0.00,0.00",,0.00,
machine learning and ai courses in hyderabad,,0,"0.00,1.00,1.00,1.00,0.00,1.00,0.00,0.00,1.00,1.00,0.00,0.00",,0.00,
machine learning and ai courses in mumbai,,0,"0.00,0.00,0.00,0.00,0.00,0.00,0.00,0.00,0.00,0.00,0.00,0.00",,0.00,
machine learning and ai courses in navi mumbai,,0,"0.00,0.00,0.00,0.00,0.00,0.00,0.00,0.00,0.00,0.00,0.00,0.00",,0.00,
machine learning and ai courses near me,,0,"0.00,0.00,0.00,0.00,0.00,0.00,0.00,0.00,0.00,0.00,0.00,0.00",,0.00,
machine learning and ai courses udemy,,0,"1.00,0.00,0.00,0.00,0.00,0.00,0.00,0.00",,0.00,
machine learning and ai crash course,,0,"0.00,0.00,0.00,0.00,0.00,0.00,0.00,0.00,0.00,0.00,0.00,0.00",,0.00,
machine learning and ai crash course test vautomation,,0,"0.00,0.00,0.00,0.00,0.00,0.00,0.00,0.00,0.00,0.00,0.00,0.00",,0.00,
machine learning and ai for engineer cmu course,,0,"0.00,0.00,0.00,0.00,0.00,0.00,0.00,0.00,0.00,0.00,0.00,0.00",,0.00,
machine learning and ai foundations: classification modeling online courses,,0,"0.00,0.00,0.00,0.00,0.00,0.00,0.00,0.00,0.00,0.00,0.00,0.00",,0.00,
machine learning and ai foundations: clustering and association online courses,,0,"0.00,0.00,0.00,0.00,0.00,0.00,0.00,0.00,0.00,0.00,0.00,0.00",,0.00,
machine learning and ai foundations: decision trees online courses,,0,"0.00,0.00,0.00,0.00,0.00,0.00,0.00,0.00,0.00,0.00,0.00,0.00",,0.00,
machine learning and ai online course,,0,"0.00,0.00,0.00,0.00,0.00,0.00,0.00,0.00,0.00,0.00,0.00,0.00",,0.00,
machine learning and ai using microsoft cognitive services course,,0,"0.00,0.00,0.00,0.00,0.00,0.00,0.00,0.00,0.00,0.00,0.00,0.00",,0.00,
machine learning and artificial intelligence course content,,0,"0.00,0.00,0.00,0.00,0.00,0.00,0.00,0.00,0.00,0.00,0.00,0.00",,0.00,
machine learning and artificial intelligence course for beginners,,0,"0.00,1.00,0.00,0.00,0.00,0.00,0.00,0.00,0.00",,0.00,
machine learning and artificial intelligence course in bangalore,,0,"0.00,0.00,0.00,1.00,1.00,0.00,0.00,0.00,0.00,0.00",,0.00,
machine learning and artificial intelligence courses for beginners,,0,"0.00,0.00,0.00,0.00,0.00,0.00,0.00,0.00,0.00",,0.00,
machine learning and artificial intelligence courses free,,0,"0.00,0.00,0.00,0.00,0.00,0.00,0.00,0.00,0.00,0.00,0.00,0.00",,0.00,
machine learning and artificial intelligence courses in bangalore quora,,0,"0.00,0.00,0.00,0.00,0.00,0.00,0.00,0.00,0.00,0.00,0.00,0.00",,0.00,
machine learning and artificial intelligence courses in canada,,0,"0.00,0.00,0.00,0.00,0.00,0.00,0.00,0.00,0.00,0.00,0.00,0.00",,0.00,
machine learning and artificial intelligence courses in chennai,,0,"0.00,0.00,0.00,0.00,0.00,0.00,0.00,0.00,0.00,0.00,0.00,0.00",,0.00,
machine learning and artificial intelligence courses in delhi,,0,"0.00,0.00,0.00,0.00,0.00,0.00,0.00,0.00,0.00,0.00,0.00,0.00",,0.00,
machine learning and artificial intelligence courses in gurgaon,,0,"0.00,0.00,0.00,0.00,0.00,0.00,0.00,0.00,0.00,0.00,0.00,0.00",,0.00,
machine learning and artificial intelligence courses in mumbai,,0,"0.00,0.00,0.00,0.00,0.00,0.00,0.00,0.00,0.00,0.00,0.00,0.00",,0.00,
machine learning and artificial intelligence courses in pune,,0,"0.00,0.00,0.00,0.00,0.00,0.00,0.00,0.00,0.00,0.00,0.00,0.00",,0.00,
machine learning and artificial intelligence courses in singapore,,0,"0.00,0.00,0.00,0.00,0.00,0.00,0.00,0.00,0.00,0.00,0.00,0.00",,0.00,
machine learning and artificial intelligence courses quora,,0,"0.00,0.00,0.00,0.00,0.00,0.00,0.00,0.00,0.00,0.00,0.00,0.00",,0.00,
machine learning and artificial intelligence courses singapore,,0,"0.00,0.00,0.00,0.00,0.00,0.00,0.00,0.00,0.00,0.00,0.00,0.00",,0.00,
machine learning and big data course,,0,"0.00,0.00,0.00,0.00,0.00,0.00,0.00,0.00,0.00,0.00,0.00,0.00",,0.00,
machine learning and causal inference course,,0,"0.00,0.00,0.00,0.00,0.00,0.00,0.00,0.00,0.00,0.00,0.00,0.00",,0.00,
machine learning and cyber security course,,0,"0.00,0.00,0.00,0.00,0.00,0.00,0.00,0.00,0.00,0.00,0.00,0.00",,0.00,
machine learning and data minging courses,,0,"0.00,0.00,0.00,0.00,0.00,0.00,0.00,0.00,0.00,0.00,0.00,0.00",,0.00,
machine learning and data mining course,,0,"0.00,0.00,0.00,0.00,0.00,0.00,0.00,0.00,0.00,0.00,0.00,0.00",,0.00,
machine learning and data science course,,0,"0.00,0.00,0.00,0.00,0.00,0.00,0.00,0.00,0.00,0.00,0.00,0.00",,7.97,
machine learning and data science course admissions,,0,"0.00,0.00,0.00,0.00,0.00,0.00,0.00,0.00,0.00,0.00,0.00,0.00",,0.00,
machine learning and deep learning course,,0,"0.00,0.00,1.00,0.00,0.00,0.00,0.00,0.00,0.00,0.00,0.00,0.00",,0.00,
machine learning and deep learning course free,,0,"0.00,0.00,0.00,0.00",,0.00,
machine learning and deep learning courses in bangalore,,0,"0.00,0.00,0.00,0.00,0.00,0.00,0.00,0.00,0.00,0.00,0.00,0.00",,0.00,
machine learning and deep learning courses in chennai,,0,"0.00,0.00,0.00,0.00,0.00,0.00,0.00,0.00,0.00,0.00,0.00,0.00",,0.00,
machine learning and econometrics course,,0,"0.00,0.00,0.00,0.00,0.00,0.00,0.00,0.00,0.00,0.00,0.00,0.00",,0.00,
machine learning and finance course,,0,"0.00,0.00,0.00,0.00,0.00,0.00,0.00,0.00,0.00,0.00,0.00,0.00",,0.00,
machine learning and iot courses,,0,"0.00,0.00,0.00,0.00,0.00,0.00,0.00,0.00,0.00,0.00,0.00,0.00",,0.00,
machine learning and nlp course,,0,"0.00,0.00,0.00,0.00,0.00,0.00,0.00,0.00,0.00,0.00,0.00,0.00",,0.00,
machine learning and predictive analytics course,,0,"0.00,0.00,0.00,0.00,0.00,0.00,0.00,0.00,0.00,0.00,0.00,0.00",,0.00,
machine learning and robotics course,,0,"0.00,0.00,0.00,0.00,0.00,0.00,0.00,0.00,0.00,0.00,0.00,0.00",,0.00,
machine learning and signal processing courses,,0,"0.00,0.00,0.00,0.00,0.00,0.00,0.00,0.00,0.00,0.00,0.00,0.00",,0.00,
machine learning and stats course rutgers,,0,"0.00,0.00,0.00,0.00,0.00,0.00,0.00,0.00,0.00,0.00,0.00,0.00",,0.00,
machine learning andrew ng course data sets,,0,"0.00,0.00,0.00,0.00,0.00,0.00,0.00,0.00,0.00,0.00,0.00,0.00",,0.00,
machine learning andrew ng course download,,0,"0.00,0.00,0.00,0.00,0.00,0.00,0.00,0.00,0.00,0.00,0.00,0.00",,0.00,
machine learning andrew ng course free,,0,"0.00,0.00,0.00,0.00,0.00,0.00,0.00,0.00,0.00,0.00,0.00,0.00",,0.00,
machine learning andrew ng course material,,0,"0.00,0.00,0.00,0.00,0.00,0.00,0.00,0.00,0.00,0.00,0.00,0.00",,0.00,
machine learning andrew ng course notes,,0,"0.00,0.00,0.00,0.00,0.00,0.00,0.00,0.00,0.00,0.00,0.00,0.00",,0.00,
machine learning andrew ng course review,,0,"0.00,0.00,0.00,0.00,0.00,0.00,0.00,0.00,0.00,0.00,0.00,0.00",,0.00,
machine learning andrew ng courses,,0,"0.00,0.00,0.00,0.00,0.00,0.00,0.00,1.00,0.00,0.00,0.00,0.00",,0.00,
machine learning andrew ng free course,,0,0.00,,0.00,
machine learning andrew ng new course,,0,"0.00,0.00,0.00,0.00,0.00,0.00,0.00,0.00,0.00,0.00,0.00,0.00",,0.00,
machine learning applications course,,0,"0.00,0.00,0.00,0.00,0.00,0.00,0.00,0.00,0.00,0.00,0.00,0.00",,0.00,
machine learning applications phd course syllabus,,0,"0.00,0.00,0.00,0.00,0.00,0.00,0.00,0.00,0.00,0.00,0.00,0.00",,0.00,
machine learning architecture course,,0,"0.00,0.00,0.00,0.00,0.00,0.00,0.00,0.00,0.00,0.00,0.00,0.00",,0.00,
machine learning astronomy course,,0,"0.00,0.00,0.00,0.00,0.00,0.00,0.00,0.00,0.00,0.00,0.00,0.00",,0.00,
machine learning az course in python and r language,,0,"0.00,0.00,0.00,0.00,0.00,0.00,0.00,0.00,0.00,0.00,0.00,0.00",,0.00,
machine learning az course on udemy,,0,"0.00,0.00,0.00,0.00,0.00,0.00,0.00,0.00,0.00,0.00,0.00,0.00",,0.00,
machine learning az full course,,0,"0.00,0.00,0.00,0.00,0.00,0.00,0.00,0.00,0.00,0.00,0.00,0.00",,0.00,
machine learning basics course,,0,"0.00,0.00,0.00,0.00,0.00,0.00,0.00,1.00,0.50,0.00,0.00,0.50",,5.47,
machine learning basics free course,,0,"1.00,0.00,0.00,0.00,0.00",,0.00,
machine learning become kaggle master course,,0,"0.00,0.00,0.00,0.00,0.00,0.00,0.00,0.00,0.00,0.00,0.00,0.00",,0.00,
machine learning beginner course free,,0,"1.00,0.00,0.00,0.00,0.00,0.00,0.00",,0.00,
machine learning beginners course,,0,"0.00,0.00,0.00,0.00,0.00,0.00,0.00,0.00,0.00,1.00,0.00,0.00",,4.38,
machine learning berkeley course,,0,"1.00,0.00,0.00,0.00,0.00,1.00,0.00,0.00,0.00,0.00,0.00,0.00",,12.04,
machine learning berkeley courses,,0,"0.00,0.00,0.00,0.00,0.00,0.00,0.00,0.00,0.00,0.00,0.00,0.00",,0.00,
machine learning berlin course,,0,"0.00,0.00,0.00,0.00,0.00,0.00,0.00,0.00,0.00,0.00,0.00,0.00",,0.00,
machine learning bertkeley courses,,0,"0.00,0.00,0.00,0.00,0.00,0.00,0.00,0.00,0.00,0.00,0.00,0.00",,0.00,
machine learning best course on coursera,,0,"0.00,0.00,0.00,0.00,0.00,0.00,0.00,0.00,0.00,0.00,0.00,0.00",,0.00,
machine learning best course online,,0,"0.00,0.00,0.00,0.00,0.00,0.00,0.00,0.00,0.00,0.00,1.00,0.00",,8.08,
machine learning best courses,,0,"0.00,1.00,0.00,0.00,0.00,0.00,0.00,0.00,0.00,0.00,1.00,1.00",,5.42,
machine learning best free courses,,0,"0.00,0.00,0.00,0.00,0.00,0.00,0.00,0.00,0.00,0.00,0.00,0.00",,0.00,
machine learning best online courses,,0,"0.00,0.00,0.00,0.00,0.00,0.00,0.00,0.00,0.00,0.00,0.00,0.00",,8.08,
machine learning big data utsa course,,0,"0.00,0.00,0.00,0.00,0.00,0.00,0.00,0.00,0.00,0.00,0.00,0.00",,0.00,
machine learning bsu courses,,0,"0.00,0.00,0.00,0.00,0.00,0.00,0.00,0.00,0.00,0.00,0.00,0.00",,0.00,
machine learning businees phd course syllabus,,0,"0.00,0.00,0.00,0.00,0.00,0.00,0.00,0.00,0.00,0.00,0.00,0.00",,0.00,
machine learning business phd course syllabus,,0,"0.00,0.00,0.00,0.00,0.00,0.00,0.00,0.00,0.00,0.00,0.00,0.00",,0.00,
machine learning business shool phd course,,0,"0.00,0.00,0.00,0.00,0.00,0.00,0.00,0.00,0.00,0.00,0.00,0.00",,0.00,
machine learning by python course,,0,"0.00,0.00,0.00,0.00,0.00,0.00,0.00,0.00,0.00,0.00,0.00,0.00",,0.00,
machine learning by python course review,,0,"0.00,0.00,0.00,0.00,0.00,0.00,0.00,0.00,0.00,0.00,0.00,0.00",,0.00,
machine learning c course,,0,"0.00,0.00,0.00,0.00,0.00,0.00,0.00,0.00,0.00,0.00,0.00,0.00",,0.00,
machine learning case studies course,,0,"0.00,0.00,0.00,0.00,0.00,0.00,0.00,0.00,0.00,0.00,0.00,0.00",,0.00,
machine learning case study for course recommendations,,0,"0.00,0.00,0.00,0.00,0.00,0.00,0.00,0.00,0.00,0.00,0.00,0.00",,0.00,
machine learning cdmx course,,0,"0.00,0.00,0.00,0.00,0.00,0.00,0.00,0.00,0.00,0.00,0.00,0.00",,0.00,
machine learning certificate course online,,0,"0.00,0.00,0.00,0.00,0.00,0.00,0.00,0.00,0.00,0.00,0.00,0.00",,0.00,
machine learning certificate course online cornell,,0,"0.00,0.00,0.00,0.00,0.00,0.00,0.00,0.00,0.00,0.00,0.00,0.00",,0.00,
machine learning certification course in atlanta by simplilearn,,0,"0.00,0.00,0.00,0.00,0.00,0.00,0.00,0.00,0.00,0.00,0.00,0.00",,0.00,
machine learning certification course in chennai,,0,"0.00,0.00,0.00,0.00,0.00,0.00,0.00,0.00,0.00,0.00,0.00,0.00",,0.00,
machine learning certification course in pune,,0,"0.00,0.00,0.00,0.00,0.00,0.00,0.00,0.00,0.00,0.00,0.00,0.00",,0.00,
machine learning certification courses 2025,,0,0.00,,0.00,
machine learning certification courses in india,,0,"0.00,0.00,0.00,0.00,0.00,0.00,0.00,0.00,0.00,0.00,0.00,0.00",,0.00,
machine learning certification courses online,,0,"0.00,0.00,0.00,0.00,0.00,0.00,0.00,0.00,0.00,0.00,0.00,0.00",,0.00,
machine learning cfd course,,0,"0.00,0.00,0.00,0.00,0.00,0.00,0.00,0.00,0.00,0.00,0.00,0.00",,0.00,
machine learning classes after andrew ng course,,0,"0.00,0.00,0.00,0.00,0.00,0.00,0.00,0.00,0.00,0.00,0.00,0.00",,0.00,
machine learning classification course,,0,"0.00,0.00,0.00,0.00,0.00,0.00,0.00,0.00,0.00,0.00,0.00,0.00",,0.00,
machine learning classroom course,,0,"0.00,0.00,0.00,0.00,0.00,0.00,0.00,0.00,0.00,0.00,0.00,0.00",,0.00,
machine learning cmu course,,0,"0.00,0.00,0.00,0.00,1.00,0.00,0.00,0.00,0.00,0.00,0.00,0.00",,3.83,
machine learning cmu course fall 2019,,0,"0.00,0.00,0.00,0.00,0.00,0.00,0.00,0.00,0.00,0.00,0.00,0.00",,0.00,
machine learning cmu grad course,,0,"0.00,0.00,0.00,0.00,0.00,0.00,0.00,0.00,0.00,0.00,0.00,0.00",,0.00,
machine learning college course,,0,"0.00,0.00,0.00,0.00,0.00,0.00,0.00,0.00,0.00,0.00,0.00,0.00",,0.00,
machine learning college course online,,0,"0.00,0.00,0.00,0.00,0.00,0.00,0.00,0.00,0.00,0.00,0.00,0.00",,0.00,
machine learning college courses,,0,"0.00,0.00,0.00,0.00,0.00,0.00,0.00,0.00,0.00,0.00,0.00,0.00",,0.00,
machine learning complete course free download,,0,"0.00,0.00,0.00",,0.00,
machine learning complete course notes,,0,"0.00,0.00,0.00,0.00,0.00,0.00,0.00,0.00,0.00,0.00,0.00,0.00",,0.00,
machine learning complete course pdf,,0,"0.00,0.00,1.00,0.00,0.00,0.00,0.00,0.00,1.00,0.00,0.00,0.00",,0.00,
machine learning computer vision course,,0,"0.00,0.00,0.00,0.00,0.00,0.00,0.00,0.00,0.00,0.00,0.00,0.00",,0.00,
machine learning computer vision courses,,0,"0.00,0.00,0.00,0.00,0.00,0.00,0.00,0.00,0.00,0.00,0.00,0.00",,0.00,
machine learning concepts course,,0,"0.00,0.00,0.00,0.00,0.00,0.00,0.00,0.00,0.00,0.00,0.00,0.00",,0.00,
machine learning cornell course,,0,"0.00,0.00,0.00,0.00,0.00,0.00,0.00,0.00,0.00,0.00,0.00,0.00",,0.00,
machine learning cornell courses,,0,"0.00,0.00,0.00,0.00,0.00,0.00,0.00,0.00,0.00,0.00,0.00,0.00",,0.00,
machine learning courant course,,0,"0.00,0.00,0.00,0.00,0.00,0.00,0.00,0.00,0.00,0.00,0.00,0.00",,0.00,
machine learning coursa,,0,"0.00,0.00,0.00,0.00,0.00,0.00,0.00,0.00,0.00,0.00,0.00,0.00",,5.57,
machine learning course 2023,,0,"0.00,0.00,0.00,1.00,0.00,0.00,0.00,1.00,0.00,0.00,0.00,0.00",,0.00,
machine learning course 395,,0,"0.00,0.00,0.00,0.00,0.00,0.00,0.00,0.00,0.00,0.00,0.00,0.00",,0.00,
machine learning course a,,0,"0.00,0.00,0.00,0.00,0.00,0.00,0.00,0.00,0.00,0.00,0.00,0.00",,0.00,
machine learning course abroad,,0,"0.00,0.00,0.00,0.00,0.00,0.00,0.00,0.00,0.00,0.00,0.00,0.00",,0.00,
machine learning course adelaide,,0,"0.00,0.00,0.00,0.00,0.00,0.00,0.00,0.00,0.00,0.00,0.00,0.00",,0.00,
machine learning course after 12th,,0,"0.00,0.00,0.00,0.00",,0.00,
machine learning course ai,,0,"0.00,0.00,0.00,0.00,0.00,0.00,0.00,0.00,0.00,0.00,0.00,0.00",,0.00,
machine learning course amsterdam,,0,"1.00,0.00,0.00,0.00,0.00,0.00,0.00,0.00,0.00,0.00,0.00,0.00",,0.00,
machine learning course analytics vidhya,,0,"0.00,0.00,0.00,0.00,0.00,0.00,0.00,0.00,0.00,0.00,0.00,0.00",,0.00,
machine learning course and internship,,0,"0.00,0.00,0.00,0.00,0.00,0.00,0.00,0.00,0.00,0.00,0.00,0.00",,0.00,
machine learning course andrew ng in python,,0,"0.00,0.00,0.00,0.00,0.00,0.00,0.00,0.00,0.00,0.00,0.00,0.00",,0.00,
machine learning course andrew ng statement of purpose,,0,"0.00,0.00,0.00,0.00,0.00,0.00,0.00,0.00,0.00,0.00,0.00,0.00",,0.00,
machine learning course answers,,0,"1.00,0.00,0.00,1.00,0.00,0.00,0.00,0.00,0.00,0.00,0.00,0.00",,0.00,
machine learning course armenia,,0,"0.00,0.00,0.00,0.00,0.00,0.00,0.00,0.00,0.00,0.00,0.00,0.00",,0.00,
machine learning course at arizona state university,,0,"0.00,0.00,0.00,0.00,0.00,0.00,0.00,0.00,0.00,0.00,0.00,0.00",,0.00,
machine learning course at boston university,,0,"0.00,0.00,0.00,0.00,0.00,0.00,0.00,0.00,0.00,0.00,0.00,0.00",,0.00,
machine learning course at courser,,0,"0.00,0.00,0.00,0.00,0.00,0.00,0.00,0.00,0.00,0.00,0.00,0.00",,0.00,
machine learning course at duke university,,0,"0.00,0.00,0.00,0.00,0.00,0.00,0.00,0.00,0.00,0.00,0.00,0.00",,0.00,
machine learning course at georgetown university,,0,"0.00,0.00,0.00,0.00,0.00,0.00,0.00,0.00,0.00,0.00,0.00,0.00",,0.00,
machine learning course at georgia tech georgia,,0,"0.00,0.00,0.00,0.00,0.00,0.00,0.00,0.00,0.00,0.00,0.00,0.00",,0.00,
machine learning course at iisc,,0,"0.00,0.00,0.00,0.00,0.00,0.00,0.00,0.00,0.00,0.00,0.00,0.00",,0.00,
machine learning course at misb bocconi,,0,"0.00,0.00,0.00,0.00,0.00,0.00,0.00,0.00,0.00,0.00,0.00,0.00",,0.00,
machine learning course at new york university new york,,0,"0.00,0.00,0.00,0.00,0.00,0.00,0.00,0.00,0.00,0.00,0.00,0.00",,0.00,
machine learning course at northwestern university illionis,,0,"0.00,0.00,0.00,0.00,0.00,0.00,0.00,0.00,0.00,0.00,0.00,0.00",,0.00,
machine learning course at penn university,,0,"0.00,0.00,0.00,0.00,0.00,0.00,0.00,0.00,0.00,0.00,0.00,0.00",,0.00,
machine learning course at stanford,,0,"0.00,0.00,0.00,0.00,0.00,0.00,0.00,0.00,0.00,0.00,0.00,0.00",,0.00,
machine learning course at univeristy of michigan,,0,"0.00,0.00,0.00,0.00,0.00,0.00,0.00,0.00,0.00,0.00,0.00,0.00",,0.00,
machine learning course at utd,,0,"0.00,0.00,0.00,0.00,0.00,0.00,0.00,0.00,0.00,0.00,0.00,0.00",,0.00,
machine learning course at virginia tech,,0,"0.00,0.00,0.00,0.00,0.00,0.00,0.00,0.00,0.00,0.00,0.00,0.00",,0.00,
machine learning course austin,,0,"0.00,0.00,0.00,0.00,0.00,0.00,0.00,0.00,0.00,0.00,0.00,0.00",,0.00,
machine learning course bangalore,,0,"0.00,0.00,0.00,1.00,1.00,1.00,1.00,0.00,0.00,0.00,0.00,0.00",,0.00,
machine learning course bangalore marathahalli,,0,"0.00,0.00,0.00,0.00,0.00,0.00,0.00,0.00,0.00,0.00,0.00,0.00",,0.00,
machine learning course bangalore quora,,0,"0.00,0.00,0.00,0.00,0.00,0.00,0.00,0.00,0.00,0.00,0.00,0.00",,0.00,
machine learning course based on prml,,0,"0.00,0.00,0.00,0.00,0.00,0.00,0.00,0.00,0.00,0.00,0.00,0.00",,0.00,
machine learning course berlin,,0,"0.00,0.00,0.00,0.00,0.00,0.00,0.00,0.00,0.00,0.00,0.00,0.00",,0.00,
machine learning course biostatistics degreee,,0,"0.00,0.00,0.00,0.00,0.00,0.00,0.00,0.00,0.00,0.00,0.00,0.00",,0.00,
machine learning course bishop,,0,"0.00,0.00,0.00,0.00,0.00,0.00,0.00,0.00,0.00,0.00,0.00,0.00",,0.00,
machine learning course bloomberg,,0,"0.00,0.00,0.00,0.00,0.00,0.00,0.00,0.00,0.00,0.00,0.00,0.00",,0.00,
machine learning course boosting,,0,"0.00,0.00,0.00,0.00,0.00,0.00,0.00,0.00,0.00,0.00,0.00,0.00",,0.00,
machine learning course branch,,0,"0.00,0.00,0.00,0.00,0.00,0.00,0.00,0.00,0.00,0.00,0.00,0.00",,0.00,
machine learning course brisbane,,0,"0.00,0.00,0.00,0.00,0.00,0.00,0.00,0.00,0.00,0.00,0.00,0.00",,0.00,
machine learning course bu,,0,"0.00,0.00,0.00,0.00,0.00,0.00,0.00,0.00,0.00,0.00,0.00,0.00",,0.00,
machine learning course bulletin ist,,0,"0.00,0.00,0.00,0.00,0.00,0.00,0.00,0.00,0.00,0.00,0.00,0.00",,0.00,
machine learning course by andrew fees,,0,"0.00,0.00,0.00,0.00,0.00,0.00,0.00,0.00,0.00,0.00,0.00,0.00",,0.00,
machine learning course by andrew ng on coursera,,0,"0.00,0.00,0.00,0.00,0.00,0.00,0.00,0.00,0.00,0.00,0.00,0.00",,0.00,
machine learning course by iit,,0,"0.00,0.00,0.00,0.00,0.00,0.00,0.00,0.00,0.00,0.00,0.00,0.00",,0.00,
machine learning course by ravindrababu ravula,,0,"0.00,0.00,0.00,0.00,0.00,0.00,0.00,0.00,0.00,0.00,0.00,0.00",,0.00,
machine learning course by stanford university coursera,,0,"0.00,0.00,0.00,0.00,0.00,0.00,0.00,0.00,0.00,0.00,0.00,0.00",,0.00,
machine learning course by superdatascience on udemy,,0,"0.00,0.00,0.00,0.00,0.00,0.00,0.00,0.00,0.00,0.00,0.00,0.00",,0.00,
machine learning course byu,,0,"0.00,0.00,0.00,0.00,0.00,0.00,0.00,0.00,0.00,0.00,0.00,0.00",,0.00,
machine learning course c,,0,"0.00,0.00,0.00,0.00,0.00,0.00,0.00,0.00,0.00,0.00,0.00,0.00",,0.00,
machine learning course calgary,,0,"0.00,1.00,0.00,0.00,0.00,0.00,0.00,0.00,0.00,0.00,0.00,0.00",,0.00,
machine learning course caltech,,0,"0.00,0.00,0.00,0.00,0.00,0.00,0.00,0.00,0.00,0.00,0.00,0.00",,3.83,
machine learning course certification reddit,,0,"0.00,0.00,0.00,0.00,0.00,0.00,0.00,0.00,0.00,0.00,0.00,0.00",,0.00,
machine learning course chennai,,0,"0.00,0.00,0.00,0.00,0.00,0.00,0.00,0.00,0.00,0.00,0.00,0.00",,2.57,
machine learning course chennai quora,,0,"0.00,0.00,0.00,0.00,0.00,0.00,0.00,0.00,0.00,0.00,0.00,0.00",,0.00,
machine learning course chicago,,0,"0.00,0.00,0.00,0.00,0.00,0.00,0.00,0.00,0.00,0.00,0.00,0.00",,0.00,
machine learning course citytech,,0,"0.00,0.00,0.00,0.00,0.00,0.00,0.00,0.00,0.00,0.00,0.00,0.00",,0.00,
machine learning course classroom,,0,"0.00,0.00,0.00,0.00,0.00,0.00,0.00,0.00,0.00,0.00,0.00,0.00",,0.00,
machine learning course codecademy,,0,"0.00,0.00,0.00,0.00,0.00,0.00,0.00,0.00,0.00,0.00,0.00,0.00",,0.00,
machine learning course coding blocks,,0,"0.00,0.00,0.00,0.00,0.00,0.00,0.00,0.00,0.00,0.00,0.00,0.00",,0.00,
machine learning course coding ninjas,,0,"1.00,0.00,0.00,0.00,0.00,0.00,0.00,0.00,0.00,0.00,0.00,0.00",,0.00,
machine learning course college,,0,"0.00,0.00,0.00,0.00,0.00,0.00,0.00,0.00,0.00,0.00,0.00,0.00",,0.00,
machine learning course concordia,,0,"0.00,0.00,0.00,0.00,0.00,0.00,0.00,0.00,0.00,0.00,0.00,0.00",,0.00,
machine learning course contents,,0,"0.00,0.00,0.00,0.00,0.00,1.00,1.00,0.00,0.00,0.00,0.00,0.00",,0.00,
machine learning course couresra andrew ng github,,0,"0.00,0.00,0.00,0.00,0.00,0.00,0.00,0.00,0.00,0.00,0.00,0.00",,0.00,
machine learning course coursea,,0,"0.00,0.00,0.00,0.00,0.00,0.00,0.00,0.00,0.00,0.00,0.00,0.00",,0.00,
machine learning course coursera and standard,,0,"0.00,0.00,0.00,0.00,0.00,0.00,0.00,0.00,0.00,0.00,0.00,0.00",,0.00,
machine learning course coursera and standfor,,0,"0.00,0.00,0.00,0.00,0.00,0.00,0.00,0.00,0.00,0.00,0.00,0.00",,0.00,
machine learning course coursera and stanford,,0,"0.00,0.00,0.00,0.00,0.00,0.00,0.00,0.00,0.00,0.00,0.00,0.00",,0.00,
machine learning course coursera cost,,0,"0.00,0.00,0.00,0.00,0.00,0.00,0.00,0.00,0.00,0.00,0.00,0.00",,0.00,
machine learning course cousera,,0,"0.00,0.00,0.00,0.00,0.00,0.00,0.00,0.00,0.00,0.00,0.00,0.00",,0.00,
machine learning course cu boulder,,0,"0.00,0.00,0.00,0.00,0.00,0.00,0.00,0.00,0.00,0.00,0.00,0.00",,0.00,
machine learning course deep learning,,0,"0.00,0.00,0.00,0.00,0.00,0.00,0.00,0.00,0.00,0.00,0.00,0.00",,0.00,
machine learning course delhi,,0,"0.00,0.00,0.00,0.00,0.00,0.00,0.00,0.00,0.00,0.00,0.00,0.00",,0.00,
machine learning course details for masters,,0,"0.00,0.00,0.00,0.00,0.00,0.00,0.00,0.00,0.00,0.00,0.00,0.00",,0.00,
machine learning course dubai,,0,"0.00,0.00,0.00,0.00,0.00,0.00,0.00,0.00,0.00,0.00,0.00,0.00",,0.00,
machine learning course dublin,,0,"0.00,0.00,0.00,0.00,0.00,0.00,0.00,0.00,0.00,0.00,0.00,0.00",,0.00,
machine learning course duration and fees,,0,"0.00,0.00,0.00,0.00,0.00,0.00,0.00,1.00,0.00,0.00,0.00,1.00",,0.00,
machine learning course ece nyu tandon,,0,"0.00,0.00,0.00,0.00,0.00,0.00,0.00,0.00,0.00,0.00,0.00,0.00",,0.00,
machine learning course edinburgh,,0,"0.00,0.00,0.00,0.00,0.00,0.00,0.00,0.00,0.00,0.00,0.00,0.00",,0.00,
machine learning course edmonton,,0,"0.00,0.00,0.00,0.00,0.00,0.00,0.00,0.00,0.00,0.00,0.00,0.00",,0.00,
machine learning course educative.io,,0,"0.00,0.00,0.00,0.00,0.00,0.00,0.00,0.00,0.00,0.00,0.00,0.00",,0.00,
machine learning course egypt,,0,"1.00,0.00,0.00,0.00,0.00,0.00,0.00,0.00,0.00,0.00,0.00,0.00",,0.00,
machine learning course eindhoven,,0,"0.00,0.00,0.00,0.00,0.00,0.00,0.00,0.00,0.00,0.00,0.00,0.00",,0.00,
machine learning course eligibility,,0,"0.00,0.00,0.00,0.00,0.00,0.00,0.00,0.00,0.00,0.00,0.00,0.00",,0.00,
machine learning course employability,,0,"0.00,0.00,0.00,0.00,0.00,0.00,0.00,0.00,0.00,0.00,0.00,0.00",,0.00,
machine learning course equivalent,,0,"0.00,0.00,0.00,0.00,0.00,0.00,0.00,0.00,0.00,0.00,0.00,0.00",,0.00,
machine learning course era,,0,"0.00,0.00,0.00,0.00,0.00,0.00,0.00,0.00,0.00,0.00,0.00,0.00",,3.40,
machine learning course europe,,0,"0.00,0.00,0.00,0.00,0.00,0.00,0.00,0.00,0.00,0.00,0.00,0.00",,0.00,
machine learning course ex3,,0,"0.00,0.00,0.00,0.00,0.00,0.00,0.00,0.00,0.00,0.00,0.00,0.00",,0.00,
machine learning course examples,,0,"0.00,0.00,0.00,0.00,0.00,0.00,0.00,0.00,0.00,0.00,0.00,0.00",,0.00,
machine learning course exercises,,0,"0.00,0.00,0.00,0.00,0.00,0.00,0.00,0.00,0.00,0.00,0.00,0.00",,0.00,
machine learning course failed in uc davis,,0,"0.00,0.00,0.00,0.00,0.00,0.00,0.00,0.00,0.00,0.00,0.00,0.00",,0.00,
machine learning course fee,,0,"0.00,0.00,0.00,0.00,0.00,0.00,0.00,0.00,0.00,0.00,0.00,0.00",,0.00,
machine learning course fee in bangalore,,0,"0.00,0.00,0.00,0.00,0.00,0.00,0.00,0.00,0.00,0.00,0.00,0.00",,0.00,
machine learning course fee in gurgaon,,0,"0.00,0.00,0.00,0.00,0.00,0.00,0.00,0.00,0.00,0.00,0.00,0.00",,0.00,
machine learning course fee in hyderabad,,0,"0.00,0.00,0.00,0.00,0.00,0.00,0.00,0.00,0.00,0.00,0.00,0.00",,0.00,
machine learning course fee in mumbai,,0,"0.00,0.00,0.00,0.00,0.00,0.00,0.00,0.00,0.00,0.00,0.00,0.00",,0.00,
machine learning course fees in coursera,,0,"0.00,0.00,0.00,0.00,0.00,0.00,0.00,0.00,0.00,0.00,0.00,0.00",,0.00,
machine learning course fees in delhi,,0,"0.00,0.00,0.00,0.00,0.00,0.00,0.00,0.00,0.00,0.00,0.00,0.00",,0.00,
machine learning course fees in hyderabad,,0,"0.00,0.00,0.00,0.00,0.00,0.00,0.00,0.00,0.00,0.00,0.00,0.00",,0.00,
machine learning course fees in india,,0,"0.00,0.00,0.00,1.00,0.00,0.00,0.00,0.00,0.00,1.00,0.00,0.00",,0.00,
machine learning course fees in kolkata,,0,"0.00,0.00,0.00,0.00,0.00,0.00,0.00,0.00,0.00,0.00,0.00,0.00",,0.00,
machine learning course fees in noida,,0,"0.00,0.00,0.00,0.00,0.00,0.00,0.00,0.00,0.00,0.00,0.00,0.00",,0.00,
machine learning course fees in pune,,0,"0.00,0.00,0.00,1.00,0.00,0.00,0.00,0.00,0.00,0.00,0.00,0.00",,0.00,
machine learning course finland,,0,"0.00,0.00,0.00,0.00,0.00,0.00,0.00,0.00,0.00,0.00,0.00,0.00",,0.00,
machine learning course florida,,0,"0.00,0.00,0.00,0.00,0.00,0.00,0.00,0.00,0.00,0.00,0.00,0.00",,0.00,
machine learning course for beginner,,0,"0.00,0.00,0.00,0.00,0.00,0.00,0.00,0.00,0.00,0.00,0.00,0.00",,0.00,
machine learning course for beginners online,,0,"0.00,0.00,0.00,0.00",,0.00,
machine learning course for beginners udemy,,0,"0.00,0.00,0.00,0.00,0.00,0.00,0.00",,0.00,
machine learning course for business school phd students,,0,"0.00,0.00,0.00,0.00,0.00,0.00,0.00,0.00,0.00,0.00,0.00,0.00",,0.00,
machine learning course for business school phd studnents,,0,"0.00,0.00,0.00,0.00,0.00,0.00,0.00,0.00,0.00,0.00,0.00,0.00",,0.00,
machine learning course for doctors,,0,"0.00,0.00,0.00,0.00,0.00,0.00,0.00,0.00,0.00,0.00,0.00,0.00",,0.00,
machine learning course for dummies,,0,"0.00,0.00,0.00,0.00,0.00,0.00,0.00,0.00,0.00,0.00,0.00,0.00",,0.00,
machine learning course for healthcare,,0,"0.00,0.00,0.00,0.00,0.00,0.00,0.00,0.00,0.00,0.00,0.00,0.00",,0.00,
machine learning course for high school students,,0,"0.00,0.00,0.00,0.00,0.00,0.00,1.00,1.00,0.00,0.00,0.00,0.00",,0.00,
machine learning course for hyperparameaters,,0,"0.00,0.00,0.00,0.00,0.00,0.00,0.00,0.00,0.00,0.00,0.00,0.00",,0.00,
machine learning course for hyperparameters,,0,"0.00,0.00,0.00,0.00,0.00,0.00,0.00,0.00,0.00,0.00,0.00,0.00",,0.00,
machine learning course for hyperparameters hyperparameter tuning,,0,"0.00,0.00,0.00,0.00,0.00,0.00,0.00,0.00,0.00,0.00,0.00,0.00",,0.00,
machine learning course for java developers,,0,"0.00,0.00,0.00,0.00,0.00,0.00,0.00,0.00,0.00,0.00,0.00,0.00",,0.00,
machine learning course for managers,,0,"0.00,0.00,0.00,0.00,0.00,0.00,0.00,0.00,0.00,0.00,0.00,0.00",,0.00,
machine learning course for mba,,0,"0.00,0.00,0.00,0.00,0.00,0.00,0.00,0.00,0.00,0.00,0.00,0.00",,0.00,
machine learning course for testers,,0,"0.00,0.00,0.00,0.00,0.00,0.00,0.00,0.00,0.00,0.00,0.00,0.00",,0.00,
machine learning course free by google,,0,"0.00,0.00,0.00,1.00,0.00,0.00,0.00,1.00,0.00,0.00,0.00,0.00",,0.00,
machine learning course free coursera,,0,0.00,,0.00,
machine learning course free downloadd,,0,"0.00,0.00,0.00,0.00,0.00,0.00,0.00,0.00,0.00,0.00,0.00,0.00",,0.00,
machine learning course from iisc bangalore,,0,"0.00,0.00,0.00,0.00,0.00,0.00,0.00,0.00,0.00,0.00,0.00,0.00",,0.00,
machine learning course from iit kgp,,0,"0.00,0.00,0.00,0.00,0.00,0.00,0.00,0.00,0.00,0.00,0.00,0.00",,0.00,
machine learning course from udemy,,0,"0.00,0.00,0.00,0.00,0.00,0.00,0.00,0.00,0.00,0.00,0.00,0.00",,0.00,
machine learning course gatech,,0,"0.00,0.00,0.00,0.00,0.00,0.00,0.00,0.00,0.00,0.00,0.00,0.00",,0.00,
machine learning course google developer,,0,"0.00,0.00,0.00,0.00,0.00,0.00,0.00,0.00,0.00,0.00,0.00,0.00",,0.00,
machine learning course gradient boosting,,0,"0.00,0.00,0.00,0.00,0.00,0.00,0.00,0.00,0.00,0.00,0.00,0.00",,0.00,
machine learning course gurgaon,,0,"0.00,0.00,0.00,0.00,0.00,0.00,0.00,0.00,0.00,1.00,0.00,0.00",,0.00,
machine learning course hamburg,,0,"0.00,0.00,0.00,0.00,0.00,0.00,0.00,0.00,0.00,0.00,0.00,0.00",,0.00,
machine learning course healthcare,,0,"0.00,0.00,0.00,0.00,0.00,0.00,0.00,0.00,0.00,0.00,0.00,0.00",,0.00,
machine learning course hired salary,,0,"0.00,0.00,0.00,0.00,0.00,0.00,0.00,0.00,0.00,0.00,0.00,0.00",,0.00,
machine learning course hk,,0,"0.00,0.00,0.00,0.00,0.00,0.00,0.00,0.00,0.00,0.00,0.00,0.00",,0.00,
machine learning course hks,,0,"0.00,0.00,0.00,0.00,0.00,0.00,0.00,0.00,0.00,0.00,0.00,0.00",,0.00,
machine learning course hong kong,,0,"0.00,0.00,0.00,0.00,0.00,0.00,0.00,0.00,0.00,0.00,0.00,0.00",,0.00,
machine learning course houston,,0,"0.00,0.00,0.00,0.00,0.00,0.00,0.00,0.00,0.00,0.00,0.00,0.00",,0.00,
machine learning course hyderabad,,0,"1.00,0.00,0.00,0.00,0.00,1.00,0.00,0.00,0.00,0.00,0.00,0.00",,0.00,
machine learning course iisc,,0,"0.00,0.00,0.00,0.00,0.00,0.00,0.00,0.00,0.00,0.00,0.00,0.00",,0.00,
machine learning course iisc bangalore,,0,"0.00,0.00,0.00,0.00,0.00,0.00,0.00,0.00,0.00,0.00,0.00,0.00",,0.00,
machine learning course iit bombay,,0,"0.00,0.00,0.00,0.00,0.00,0.00,0.00,0.00,0.00,0.00,0.00,0.00",,0.00,
machine learning course iit kharagpur,,0,"0.00,0.00,0.00,0.00,0.00,0.00,0.00,0.00,0.00,0.00,0.00,0.00",,0.00,
machine learning course imperial college,,0,"0.00,0.00,0.00,0.00,0.00,0.00,0.00,0.00,0.00,0.00,0.00,0.00",,0.00,
machine learning course in,,0,"0.00,0.00,0.00,1.00,0.00,0.00,1.00,0.00,0.00,0.00,0.00,0.00",,0.00,
machine learning course in abu dhabi,,0,"0.00,0.00,0.00,0.00,0.00,0.00,0.00,0.00,0.00,0.00,0.00,0.00",,0.00,
machine learning course in amritsar,,0,"0.00,0.00,1.00,0.00,0.00,0.00,0.00,0.00,0.00,0.00,0.00,0.00",,0.00,
machine learning course in andheri,,0,"0.00,0.00,0.00,0.00,0.00,0.00,0.00,0.00,0.00,0.00,0.00,0.00",,0.00,
machine learning course in anna nagar,,0,"0.00,0.00,0.00,0.00,0.00,0.00,0.00,0.00,0.00,0.00,0.00,0.00",,0.00,
machine learning course in baner,,0,"0.00,0.00,0.00,0.00,0.00,0.00,0.00,0.00,0.00,0.00,0.00,0.00",,0.00,
machine learning course in bangalore university,,0,"0.00,0.00,0.00,0.00,0.00,0.00,0.00,0.00,0.00,0.00,0.00,0.00",,0.00,
machine learning course in bangalore with placement,,0,"0.00,0.00,0.00,1.00,0.00,0.00,0.00,0.00,0.00,1.00,0.00,0.00",,0.00,
machine learning course in banglore,,0,"0.00,0.00,0.00,0.00,0.00,0.00,0.00,0.00,0.00,0.00,0.00,0.00",,0.00,
machine learning course in bellevue college,,0,"0.00,0.00,0.00,0.00,0.00,0.00,0.00,0.00,0.00,0.00,0.00,0.00",,0.00,
machine learning course in bhopal,,0,"0.00,0.00,0.00,0.00,0.00,0.00,0.00,0.00,0.00,0.00,0.00,0.00",,0.00,
machine learning course in bhubaneswar,,0,"0.00,0.50,0.00,1.00,0.50,0.00,0.00,0.00,0.00,0.00,0.00,0.00",,0.00,
machine learning course in btm layout,,0,"0.00,0.00,0.00,0.00,0.00,0.00,0.00,0.00,0.00,0.00,0.00,0.00",,0.00,
machine learning course in buet,,0,"0.00,0.00,0.00,0.00,0.00,0.00,0.00,0.00,0.00,0.00,0.00,0.00",,0.00,
machine learning course in cairo,,0,"0.00,0.00,0.00,0.00,0.00,0.00,0.00,0.00,0.00,0.00,0.00,0.00",,0.00,
machine learning course in california,,0,"0.00,0.00,0.00,0.00,0.00,0.00,0.00,0.00,0.00,0.00,0.00,0.00",,0.00,
machine learning course in chandigarh chandigarh,,0,"0.00,0.00,0.00,0.00,0.00,0.00,0.00,0.00,0.00,0.00,0.00,0.00",,0.00,
machine learning course in chennai with placement,,0,"0.00,0.00,0.00,0.00,0.00,0.00,0.00,0.00,0.00,0.00,0.00,0.00",,0.00,
machine learning course in coimbatore,,0,"0.00,0.00,0.00,0.00,0.00,0.00,1.00,0.00,0.00,0.00,0.00,0.00",,0.00,
machine learning course in coursera,,0,"0.00,0.00,0.00,0.00,0.00,0.00,0.00,0.00,0.00,0.00,0.00,0.00",,3.97,
machine learning course in dehradun,,0,"0.00,0.00,0.00,0.00,0.00,0.00,0.00,0.00,0.00,0.00,0.00,0.00",,0.00,
machine learning course in delhi fees structure,,0,"0.00,0.00,1.00,1.00,0.00,1.00,1.00,0.00,0.00,0.00,0.00,0.00",,0.00,
machine learning course in delhi ncr,,0,"0.00,0.00,0.00,1.00,0.00,0.00,0.00,0.00,0.00,0.00,0.00,0.00",,0.00,
machine learning course in dhaka,,0,"0.00,1.00,0.00,0.00,0.00,0.00,0.00,0.00,0.00,0.00,0.00,0.00",,0.00,
machine learning course in dilsukhnagar,,0,"0.00,0.00,0.00,0.00,0.00,0.00,0.00,0.00,0.00,0.00,0.00,0.00",,0.00,
machine learning course in dubai,,0,"0.00,0.00,0.00,0.00,0.00,0.00,0.00,0.00,0.00,0.00,0.00,0.00",,0.00,
machine learning course in egypt,,0,"0.00,0.00,0.00,0.00,0.00,0.00,0.00,0.00,0.00,0.00,0.00,0.00",,0.00,
machine learning course in ernakulam,,0,"0.00,0.00,0.00,0.00,0.00,0.00,0.00,0.00,0.00,0.00,0.00,0.00",,0.00,
machine learning course in europe,,0,"0.00,0.00,0.00,0.00,0.00,0.00,0.00,0.00,0.00,0.00,0.00,0.00",,0.00,
machine learning course in faridabad,,0,"0.00,0.00,0.00,0.00,0.00,0.00,0.00,0.00,0.00,0.00,0.00,0.00",,0.00,
machine learning course in george mansion,,0,"0.00,0.00,0.00,0.00,0.00,0.00,0.00,0.00,0.00,0.00,0.00,0.00",,0.00,
machine learning course in ghaziabad,,0,"0.00,0.00,0.00,0.00,0.00,0.00,0.00,0.00,0.00,0.00,0.00,0.00",,0.00,
machine learning course in greater noida,,0,"0.00,0.00,0.00,0.00,0.00,0.00,0.00,0.00,0.00,0.00,0.00,0.00",,0.00,
machine learning course in gurgaon fees,,0,"0.00,0.00,0.00,0.00,0.00,0.00,0.00,0.00,0.00,0.00,0.00,0.00",,0.00,
machine learning course in hyderabad gachibowli,,0,"0.00,0.00,0.00,0.00,0.00,0.00,0.00,0.00,0.00,0.00,0.00,0.00",,0.00,
machine learning course in ignou,,0,"0.00,0.00,0.00,0.00,0.00,0.00,0.00,0.00,0.00,0.00,0.00,0.00",,0.00,
machine learning course in iiit hyderabad,,0,"0.00,0.00,0.00,0.00,0.00,0.00,0.00,0.00,0.00,0.00,0.00,0.00",,0.00,
machine learning course in iit,,0,"1.00,0.00,0.00,1.00,0.00,0.00,0.00,0.00,0.00,0.00,0.00,0.00",,0.00,
machine learning course in iit bombay,,0,"0.00,0.00,0.00,0.00,0.00,0.00,0.00,0.00,0.00,0.00,0.00,0.00",,0.00,
machine learning course in iit chennai,,0,"0.00,0.00,0.00,0.00,0.00,0.00,0.00,0.00,0.00,0.00,0.00,0.00",,0.00,
machine learning course in iit delhi,,0,"0.00,0.00,0.00,0.00,0.00,0.00,0.00,0.00,0.00,0.00,0.00,0.00",,0.00,
machine learning course in iit hyderabad,,0,"0.00,0.00,0.00,0.00,0.00,0.00,0.00,0.00,0.00,0.00,0.00,0.00",,0.00,
machine learning course in iit mumbai,,0,"0.00,0.00,0.00,0.00,0.00,0.00,0.00,0.00,0.00,0.00,0.00,0.00",,0.00,
machine learning course in india,,0,"0.00,0.00,0.00,0.00,0.00,0.00,0.00,0.00,0.00,0.00,1.00,0.00",,2.98,
machine learning course in indore,,0,"0.00,0.00,0.00,0.00,0.00,0.00,0.00,0.00,0.00,0.00,0.00,0.00",,0.00,
machine learning course in jaipur,,0,"0.00,0.00,1.00,0.00,0.50,0.00,0.00,0.00,0.00,0.00,0.00,0.00",,0.00,
machine learning course in jalandhar,,0,"0.00,0.00,0.00,0.00,0.00,0.00,0.00,0.00,0.00,0.00,0.00,0.00",,0.00,
machine learning course in japan,,0,"0.00,0.00,0.00,0.00,0.00,0.00,0.00,0.00,0.00,0.00,0.00,0.00",,0.00,
machine learning course in java,,0,"0.00,0.00,0.00,0.00,0.00,0.00,0.00,0.00,0.00,0.00,0.00,0.00",,0.00,
machine learning course in kanpur,,0,"0.00,0.00,0.00,0.00,0.00,0.00,0.00,0.00,0.00,0.00,0.00,0.00",,0.00,
machine learning course in karachi,,0,"0.00,0.00,0.00,0.00,0.00,0.00,0.00,0.00,0.00,0.00,0.00,0.00",,0.00,
machine learning course in kenya,,0,"0.00,0.00,0.00,0.00,0.00,0.00,0.00,1.00,0.00,0.00,0.00,0.00",,0.00,
machine learning course in kerala,,0,"0.00,0.00,0.00,0.00,0.00,1.00,0.00,0.00,0.00,0.00,0.00,1.00",,0.00,
machine learning course in kochi,,0,"0.00,0.00,0.00,0.00,0.00,0.00,0.00,0.00,0.00,0.00,0.00,0.00",,0.00,
machine learning course in kukatpally,,0,"0.00,0.00,0.00,0.00,0.00,0.00,0.00,0.00,0.00,0.00,0.00,0.00",,0.00,
machine learning course in laxmi nagar,,0,"0.00,0.00,0.00,0.00,0.00,0.00,0.00,0.00,0.00,0.00,0.00,0.00",,0.00,
machine learning course in lucknow,,0,"0.50,0.00,1.00,1.00,0.00,0.00,0.00,0.00,0.00,0.00,0.00",,0.00,
machine learning course in madurai,,0,"0.00,0.00,0.00,0.50,0.50,0.00,1.00,0.00,0.00,0.00,0.00,0.00",,0.00,
machine learning course in mangalore,,0,"0.00,0.00,0.00,0.00,0.00,0.00,0.00,0.00,0.00,0.00,0.00,0.00",,0.00,
machine learning course in mit,,0,"0.00,0.00,0.00,0.00,0.00,0.00,0.00,0.00,0.00,0.00,0.00,0.00",,0.00,
machine learning course in mit raj rao,,0,"0.00,0.00,0.00,0.00,0.00,0.00,0.00,0.00,0.00,0.00,0.00,0.00",,0.00,
machine learning course in mohali,,0,"0.00,0.00,0.00,0.00,0.00,0.00,0.00,0.00,0.00,0.00,0.00,0.00",,0.00,
machine learning course in mumbai quora,,0,"0.00,0.00,0.00,0.00,0.00,0.00,0.00,0.00,0.00,0.00,0.00,0.00",,0.00,
machine learning course in mysore,,0,"0.00,0.00,0.00,0.00,0.00,0.00,0.00,0.00,0.00,0.00,0.00,0.00",,0.00,
machine learning course in navi mumbai,,0,"0.00,0.00,0.00,0.00,0.00,0.00,0.00,0.00,0.00,0.00,0.00,0.00",,0.00,
machine learning course in nepal,,0,"1.00,0.00,0.00,0.00,0.00,0.00,0.00,0.00,0.00,0.00,0.00,0.00",,0.00,
machine learning course in nyc,,0,"0.00,0.00,0.00,0.00,0.00,0.00,0.00,0.00,0.00,0.00,0.00,0.00",,0.00,
machine learning course in pakistan,,0,"1.00,0.00,0.00,0.00,0.00,0.00,0.00,0.00,0.00,0.00,0.00,0.00",,0.00,
machine learning course in patna,,0,"0.00,0.00,0.00,0.00,0.00,0.00,0.00,0.00,0.00,0.00,0.00,0.00",,0.00,
machine learning course in pcmc,,0,"0.00,0.00,0.00,0.00,0.00,0.00,0.00,0.00",,0.00,
machine learning course in pimpri chinchwad,,0,"0.00,0.00,0.00,0.00,0.00,0.00,0.00,0.00,0.00,0.00,0.00,0.00",,0.00,
machine learning course in pitampura,,0,"0.00,0.00,0.00,0.00,0.00,0.00,0.00,0.00,0.00,0.00,0.00,0.00",,0.00,
machine learning course in pune university,,0,"0.00,0.00,0.00,0.00,0.00,0.00,0.00,0.00,0.00,0.00,0.00,0.00",,0.00,
machine learning course in pune with placement,,0,"0.00,0.00,0.00,0.00,0.00,0.00,0.00,0.00,0.00",,0.00,
machine learning course in pune with placement assistance,,0,"0.00,1.00,0.00,0.00,0.00,0.00,0.00,0.00,0.00,0.00,0.00,0.00",,0.00,
machine learning course in python with projects,,0,"0.00,0.00,0.00,0.00,0.00,0.00,0.00,0.00,0.00,0.00,0.00,0.00",,0.00,
machine learning course in r,,0,"0.00,0.00,0.00,0.00,0.00,1.00,0.00,0.00,0.00,0.00,0.00,0.00",,3.50,
machine learning course in ranchi,,0,"0.00,0.00,0.00,0.00,0.00,0.00,0.00,0.00,0.00,0.00,0.00,0.00",,0.00,
machine learning course in surat,,0,"0.00,0.00,0.00,0.00,0.00,0.00,0.00,0.00,0.00,0.00,0.00,0.00",,0.00,
machine learning course in swayam,,0,"1.00,0.00,0.00,0.00,0.00,0.00,0.00,0.00,0.00,0.00,0.00",,0.00,
machine learning course in sweden,,0,"0.00,0.00,0.00,0.00,0.00,0.00,0.00,0.00,0.00,0.00,0.00,0.00",,0.00,
machine learning course in sydney,,0,"0.00,0.00,0.00,0.00,0.00,0.00,0.00,0.00,0.00,0.00,0.00,0.00",,0.00,
machine learning course in tamil,,0,"0.00,0.00,0.00,0.00,0.00,0.00,0.00,1.00,0.00,0.00,0.00,0.00",,0.00,
machine learning course in trivandrum,,0,"0.00,1.00,0.00,0.00,0.00,0.00,0.00,0.00,1.00,0.00,0.00,0.00",,0.00,
machine learning course in uc davis,,0,"0.00,0.00,0.00,0.00,0.00,0.00,0.00,0.00,0.00,0.00,0.00,0.00",,0.00,
machine learning course in uc irvine,,0,"0.00,0.00,0.00,0.00,0.00,0.00,0.00,0.00,0.00,0.00,0.00,0.00",,0.00,
machine learning course in uc reverside,,0,"0.00,0.00,0.00,0.00,0.00,0.00,0.00,0.00,0.00,0.00,0.00,0.00",,0.00,
machine learning course in uic,,0,"0.00,0.00,0.00,0.00,0.00,0.00,0.00,0.00,0.00,0.00,0.00,0.00",,0.00,
machine learning course in umd,,0,"0.00,0.00,0.00,0.00,0.00,0.00,0.00,0.00,0.00,0.00,0.00,0.00",,0.00,
machine learning course in urdu,,0,"0.00,0.00,0.00,0.00,0.00,0.00,0.00,0.00,0.00,0.00,0.00,0.00",,0.00,
machine learning course in usa,,0,"0.00,0.00,0.00,0.00,0.00,0.00,0.00,0.00,0.00,0.00,0.00,0.00",,0.00,
machine learning course in vadodara,,0,"0.00,0.00,1.00,0.00,0.00,0.00,0.00,0.00,0.00,0.00,0.00,0.00",,0.00,
machine learning course in vashi,,0,"0.00,0.00,0.00,0.00,0.00,0.00,0.00,0.00,0.00,0.00,0.00,0.00",,0.00,
machine learning course in vijayawada,,0,"0.00,0.00,0.00,0.00,0.00,0.00,0.00,0.00,0.00,0.00,0.00,0.00",,0.00,
machine learning course in visakhapatnam,,0,"0.00,0.00,0.00,0.00,0.00,0.00,0.00,0.00,0.00,0.00,0.00,0.00",,0.00,
machine learning course in vizag,,0,"0.00,0.00,0.00,0.00,0.00,0.00,0.00,0.00,0.00,0.00,0.00,0.00",,0.00,
machine learning course index,,0,"0.00,0.00,0.00,0.00,0.00,0.00,0.00,0.00,0.00,0.00,0.00,0.00",,0.00,
machine learning course india,,0,"1.00,0.00,0.00,1.00,0.00,0.00,0.00,0.00,0.00,0.00,0.00,0.00",,2.98,
machine learning course india online free,,0,"0.00,0.00,0.00,0.00,0.00,0.00,0.00,0.00,0.00,0.00,0.00,0.00",,0.00,
machine learning course indsa,,0,"0.00,0.00,0.00,0.00,0.00,0.00,0.00,0.00,0.00,0.00,0.00,0.00",,0.00,
machine learning course institute,,0,"0.00,0.00,0.00,0.00,0.00,0.00,0.00,0.00,0.00,0.00,0.00,0.00",,0.00,
machine learning course institute in mumbai,,0,"0.00,0.00,0.00,0.00,0.00,0.00,0.00,0.00,0.00,0.00,0.00,0.00",,0.00,
machine learning course institute in pune,,0,"0.00,1.00,0.00,0.00,0.00,0.00,0.00,0.00,0.00,0.00,0.00,0.00",,0.00,
machine learning course instructor,,0,"0.00,0.00,0.00,0.00,0.00,0.00,0.00,0.00,0.00,0.00,0.00,0.00",,0.00,
machine learning course instructor jobs,,0,"0.00,0.00,0.00,0.00,0.00,0.00,0.00,0.00,0.00,0.00,0.00,0.00",,0.00,
machine learning course intellipaat,,0,"0.00,0.00,0.00,0.00,0.00,0.00,0.00,0.00,0.00,0.00,0.00,0.00",,0.00,
machine learning course interview preparation,,0,"0.00,0.00,0.00,0.00,0.00,0.00,0.00,0.00,0.00,0.00",,0.00,
machine learning course introduction free online,,0,"0.00,0.00,0.00,0.00,0.00,0.00,0.00,0.00,0.00,0.00,0.00,0.00",,0.00,
machine learning course io,,0,"0.00,0.00,0.00,0.00,0.00,0.00,0.00,0.00,0.00,0.00,0.00,0.00",,0.00,
machine learning course ireland,,0,"0.00,1.00,0.00,1.00,0.00,1.00,0.00,0.00,0.00,0.00,0.00,0.00",,0.00,
machine learning course is difficult,,0,"0.00,0.00,0.00,0.00,0.00,0.00,0.00,0.00,0.00,0.00,0.00,0.00",,0.00,
machine learning course is very tough,,0,"0.00,0.00,0.00,0.00,0.00,0.00,0.00,0.00,0.00,0.00,0.00,0.00",,0.00,
machine learning course israel,,0,"0.00,0.00,0.00,0.00,0.00,0.00,0.00,0.00,0.00,0.00,1.00,0.00",,0.00,
machine learning course java,,0,"0.00,0.00,0.00,0.00,0.00,0.00,0.00,0.00,0.00,0.00,0.00,0.00",,0.00,
machine learning course jobs,,0,"0.00,0.00,0.00,0.00,0.00,0.00,0.00,0.00,0.00,0.00,0.00,0.00",,0.00,
machine learning course khan academy,,0,"0.00,0.00,0.00,0.00,0.00,0.00,0.00,0.00,0.00,0.00,0.00,0.00",,0.00,
machine learning course learning outcomes,,0,"0.00,0.00,0.00,0.00,0.00,0.00,0.00,0.00,0.00,0.00,0.00,0.00",,0.00,
machine learning course lecture notes,,0,"0.00,0.00,0.00,0.00,0.00,0.00,0.00,0.00,0.00,0.00,0.00,0.00",,0.00,
machine learning course lectures,,0,"0.00,0.00,0.00,0.00,0.00,0.00,0.00,0.00,0.00,0.00,0.00,0.00",,0.00,
machine learning course linux academy or acloud guru,,0,"0.00,0.00,0.00,0.00,0.00,0.00,0.00,0.00,0.00,0.00,0.00,0.00",,0.00,
machine learning course logistic regression prediction,,0,"0.00,0.00,0.00,0.00,0.00,0.00,0.00,0.00,0.00,0.00,0.00,0.00",,0.00,
machine learning course logistic regression regularized cost,,0,"0.00,0.00,0.00,0.00,0.00,0.00,0.00,0.00,0.00,0.00,0.00,0.00",,0.00,
machine learning course london part time,,0,"0.00,0.00,0.00,0.00,0.00,0.00,0.00,0.00,0.00,0.00,0.00,0.00",,0.00,
machine learning course los angeles,,0,"0.00,0.00,0.00,0.00,0.00,0.00,0.00,0.00,0.00,0.00,0.00,0.00",,0.00,
machine learning course manchester,,0,"0.00,0.00,0.00,0.00,0.00,0.00,0.00,0.00,0.00,0.00,0.00,0.00",,0.00,
machine learning course materials,,0,"0.00,0.00,0.00,0.00,0.00,0.00,0.00,0.00,0.00,0.00,0.00,0.00",,0.00,
machine learning course materials from coursera,,0,"0.00,0.00,0.00,0.00,0.00,0.00,0.00,0.00,0.00,0.00,0.00,0.00",,0.00,
machine learning course materials http cs229.stanford.edu materials.html,,0,"0.00,0.00,0.00,0.00,0.00,0.00,0.00,0.00,0.00,0.00,0.00,0.00",,0.00,
machine learning course mcgill,,0,"0.00,1.00,0.00,0.00,0.00,0.00,0.00,0.00,0.00,0.00,0.00,0.00",,0.00,
machine learning course medium,,0,"0.00,0.00,0.00,0.00,0.00,0.00,0.00,0.00,0.00,0.00,0.00,0.00",,0.00,
machine learning course microsoft,,0,"0.00,0.00,0.00,0.00,0.00,0.00,0.00,0.00,0.00,0.00,0.00,0.00",,3.68,
machine learning course minor,,0,"1.00,0.00,0.00,0.00,0.00,0.00,0.00,0.00,0.00,0.00",,0.00,
machine learning course mississauga,,0,"0.00,0.00,0.00,0.00,0.00,0.00,0.00,0.00,0.00,0.00,0.00,0.00",,0.00,
machine learning course mit edx,,0,"0.00,0.00,0.00,0.00,0.00,0.00,0.00,0.00,0.00,0.00,0.00,0.00",,0.00,
machine learning course mit ocw,,0,"0.00,0.00,0.00,0.00,0.00,0.00,0.00,0.00,0.00,0.00,0.00,0.00",,0.00,
machine learning course module,,0,"0.00,0.00,0.00,0.00,0.00,0.00,0.00,0.00,0.00,0.00,0.00,0.00",,0.00,
machine learning course mohali,,0,"0.00,0.00,0.00,0.00,0.00,0.00,0.00,0.00,0.00,0.00,0.00,0.00",,0.00,
machine learning course montreal,,0,"0.00,0.00,0.00,1.00,0.00,0.00,0.00,0.00,0.00,0.00,0.00,0.00",,0.00,
machine learning course msu,,0,"0.00,0.00,0.00,0.00,0.00,0.00,0.00,0.00,0.00,0.00,0.00,0.00",,0.00,
machine learning course munich,,0,"0.00,0.00,0.00,0.00,0.00,0.00,0.00,0.00,0.00,0.00,0.00,0.00",,0.00,
machine learning course names,,0,"0.00,0.00,0.00,0.00,0.00,0.00,0.00,0.00,0.00,0.00,0.00,0.00",,0.00,
machine learning course nareshit,,0,"0.00,0.00,0.00,0.00,0.00,0.00,0.00,0.00,0.00,0.00,0.00,0.00",,0.00,
machine learning course new york,,0,"0.00,0.00,0.00,0.00,0.00,0.00,0.00,0.00,1.00,1.00,0.00,0.00",,6.50,
machine learning course noida,,0,"0.00,0.00,0.00,0.00,0.00,0.00,0.00,0.00,0.00,0.00,0.00,0.00",,0.00,
machine learning course nola,,0,"0.00,0.00,0.00,0.00,0.00,0.00,0.00,0.00,0.00,0.00,0.00,0.00",,0.00,
machine learning course notes andrew ng,,0,"0.00,0.00,0.00,0.00,0.00,0.00,0.00,0.00,0.00,0.00,0.00,0.00",,0.00,
machine learning course nus,,0,"0.00,0.00,0.00,0.00,0.00,0.00,0.00,0.00,0.00,0.00,0.00,0.00",,0.00,
machine learning course nvidia,,0,"0.00,0.00,0.00,0.00",,0.00,
machine learning course ny,,0,"0.00,0.00,0.00,0.00,0.00,0.00,0.00,0.00,0.00,0.00,0.00,0.00",,0.00,
machine learning course nyu,,0,"0.00,0.00,0.00,0.00,0.00,0.00,0.00,0.00,0.00,0.00,0.00,0.00",,0.00,
machine learning course nz,,0,"0.00,0.00,1.00,0.00,0.00,0.00,0.00,0.00,0.00,0.00,0.00,0.00",,0.00,
machine learning course objectives and outcomes,,0,"0.00,0.00,0.00,0.00,0.00,0.00,0.00,0.00,0.00,0.00,0.00,0.00",,0.00,
machine learning course offline,,0,"1.00,0.00,0.00,0.00,0.00,0.00,0.00,0.00,0.00,0.00,0.00,0.00",,0.00,
machine learning course on coursara,,0,"0.00,0.00,0.00,0.00,0.00,0.00,0.00,0.00,0.00,0.00,0.00,0.00",,0.00,
machine learning course on coursera quora,,0,"0.00,0.00,0.00,0.00,0.00,0.00,0.00,0.00,0.00,0.00,0.00,0.00",,0.00,
machine learning course online buy,,0,"0.00,0.00,0.00,0.00,0.00,0.00,0.00,0.00,0.00,0.00,0.00,0.00",,0.00,
machine learning course online for free,,0,"0.00,0.00,0.00,0.00,0.00,0.00,0.00,0.00,0.00,0.00,0.00,0.00",,0.00,
machine learning course online python,,0,"0.00,0.00,0.00,0.00,0.00,0.00,0.00,0.00,0.00,0.00,0.00,0.00",,0.00,
machine learning course online quora,,0,"0.00,0.00,0.00,0.00,0.00,0.00,0.00,0.00,0.00,0.00,0.00,0.00",,0.00,
machine learning course online stanford,,0,"0.00,0.00,0.00,0.00,0.00,0.00,0.00,0.00,0.00,0.00,0.00,0.00",,4.29,
machine learning course online with certificate,,0,"0.00,0.00,0.00,0.00,0.00,0.00,0.00,0.00,0.00,0.00,0.00",,0.00,
machine learning course open classroom,,0,"0.00,0.00,0.00,0.00,0.00,0.00,0.00,0.00,0.00,0.00,0.00,0.00",,0.00,
machine learning course ottawa,,0,"0.00,0.00,0.00,0.00,0.00,0.00,0.00,0.00,0.00,0.00,0.00,0.00",,0.00,
machine learning course outline pdf,,0,"0.00,0.00,0.00,0.00,1.00,0.00,0.00,0.00,0.00,0.00,0.00,0.00",,0.00,
machine learning course page,,0,"0.00,0.00,0.00,0.00,0.00,0.00,0.00,0.00,0.00,0.00,0.00,0.00",,0.00,
machine learning course paris,,0,"0.00,0.00,0.00,0.00,0.00,0.00,0.00,0.00,0.00,0.00,0.00,0.00",,0.00,
machine learning course pcmc,,0,"0.00,0.00,0.00,0.00,0.00,0.00,0.00,0.00,0.00",,0.00,
machine learning course pdf download,,0,"0.00,0.00,0.00,0.00,0.00,0.00,0.00,0.00,0.00,0.00,0.00,0.00",,0.00,
machine learning course penn state,,0,"0.00,0.00,0.00,0.00,0.00,0.00,0.00,0.00,0.00,0.00,0.00,0.00",,0.00,
machine learning course perth,,0,"0.00,0.00,0.00,0.00,0.00,0.00,0.00,0.00,0.00,0.00,0.00,0.00",,0.00,
machine learning course physics,,0,"0.00,0.00,0.00,0.00,0.00,0.00,0.00,0.00,0.00,0.00,0.00,0.00",,0.00,
machine learning course plan,,0,"0.00,0.00,0.00,0.00,0.00,0.00,0.00,0.00,0.00,0.00,0.00,0.00",,0.00,
machine learning course practical,,0,"0.00,0.00,0.00,0.00,0.00,0.00,0.00,0.00,0.00,0.00,0.00,0.00",,0.00,
machine learning course princeton university,,0,"0.00,0.00,0.00,0.00,0.00,0.00,0.00,0.00,0.00,0.00,0.00,0.00",,0.00,
machine learning course project coursera,,0,"0.00,0.00,0.00,0.00,0.00,0.00,0.00,0.00,0.00,0.00,0.00,0.00",,0.00,
machine learning course project ideas,,0,"0.00,0.00,0.00,0.00,0.00,0.00,0.00,0.00,0.00,0.00,0.00,0.00",,0.00,
machine learning course psu,,0,"0.00,0.00,0.00,0.00,0.00,0.00,0.00,0.00,0.00,0.00,0.00,0.00",,0.00,
machine learning course pune,,0,"0.00,0.00,0.00,0.00,0.00,0.00,0.00,0.00,0.00,0.00,0.00,0.00",,0.00,
machine learning course python at stanford,,0,"0.00,0.00,0.00,0.00,0.00,0.00,0.00,0.00,0.00,0.00,0.00,0.00",,0.00,
machine learning course python data set,,0,"0.00,0.00,0.00,0.00,0.00,0.00,0.00,0.00,0.00,0.00,0.00,0.00",,0.00,
machine learning course python torrent,,0,"0.00,0.00,0.00,0.00,0.00,0.00,0.00,0.00,0.00,0.00,0.00,0.00",,0.00,
machine learning course python udemy,,0,"0.00,0.00,0.00,0.00,0.00,0.00,0.00,0.00,0.00,0.00,0.00,0.00",,0.00,
machine learning course quiz answers week 7,,0,"0.00,0.00,0.00,0.00,0.00,0.00,0.00,0.00,0.00,0.00,0.00,0.00",,0.00,
machine learning course r,,0,"0.00,0.00,0.00,0.00,0.00,1.00,0.00,0.00,0.00,0.00,0.00,0.00",,3.50,
machine learning course rau,,0,"0.00,0.00,0.00,0.00,0.00,0.00,0.00,0.00,0.00,0.00,0.00,0.00",,0.00,
machine learning course recommendations,,0,"0.00,0.00,0.00,0.00,0.00",,0.00,
machine learning course reviews,,0,"0.00,0.00,0.00,0.00,0.00,0.00,0.00,0.00,0.00,0.00,0.00,0.00",,0.00,
machine learning course rice university,,0,"0.00,0.00,0.00,0.00,0.00,0.00,0.00,0.00,0.00,0.00,0.00,0.00",,0.00,
machine learning course russian armenian university,,0,"0.00,0.00,0.00,0.00,0.00,0.00,0.00,0.00,0.00,0.00,0.00,0.00",,0.00,
machine learning course ryerson,,0,"0.00,0.00,0.00,0.00,0.00,0.00,0.00,0.00,0.00,0.00,0.00,0.00",,0.00,
machine learning course san diego,,0,"0.00,0.00,0.00,0.00,0.00,0.00,0.00,0.00,0.00,0.00,0.00,0.00",,0.00,
machine learning course santa clara university,,0,"0.00,0.00,0.00,0.00,0.00,0.00,0.00,0.00,0.00,0.00,0.00,0.00",,0.00,
machine learning course sap,,0,"0.00,0.00,0.00,0.00,0.00,0.00,0.00,0.00,0.00,0.00,0.00,0.00",,0.00,
machine learning course seattle,,0,"0.00,0.00,0.00,0.00,0.00,0.00,0.00,0.00,0.00,0.00,0.00,0.00",,0.00,
machine learning course sfu,,0,"0.00,0.00,0.00,0.00,0.00,0.00,0.00,0.00,0.00,0.00,0.00,0.00",,0.00,
machine learning course short note,,0,"0.00,0.00,0.00,0.00,0.00,0.00,0.00,0.00,0.00,0.00,0.00,0.00",,0.00,
machine learning course sklearn,,0,"0.00,0.00,0.00,0.00,0.00,0.00,0.00,0.00,0.00,0.00,0.00,0.00",,0.00,
machine learning course slides tamu,,0,"0.00,0.00,0.00,0.00,0.00,0.00,0.00,0.00,0.00,0.00,0.00,0.00",,0.00,
machine learning course smu,,0,"0.00,0.00,0.00,0.00,0.00,0.00,0.00,0.00,0.00,0.00,0.00,0.00",,0.00,
machine learning course solutions,,0,"0.00,0.00,0.00,0.00,0.00,0.00,0.00,0.00,0.00,0.00,0.00,0.00",,0.00,
machine learning course south africa,,0,"0.00,0.00,1.00,0.00,0.00,0.00,0.00,0.00,0.00,0.00,0.00,0.00",,0.00,
machine learning course springboard,,0,"0.00,0.00,0.00,0.00,0.00,0.00,0.00,0.00,0.00,0.00,0.00,0.00",,0.00,
machine learning course stanford mooc,,0,"0.00,0.00,0.00,0.00,0.00,0.00,0.00,0.00,0.00,0.00,0.00,0.00",,0.00,
machine learning course stanford mook,,0,"0.00,0.00,0.00,0.00,0.00,0.00,0.00,0.00,0.00,0.00,0.00,0.00",,0.00,
machine learning course stanford online,,0,"1.00,0.00,0.00,0.00,0.00,0.00,0.00,0.00,0.00,0.00,0.00,0.00",,4.05,
machine learning course stanford university,,0,"0.00,0.00,0.00,0.00,0.00,0.00,0.00,0.00,0.00,0.00,0.00,0.00",,3.39,
machine learning course summer,,0,"0.00,0.00,0.00,0.00,0.00,0.00,0.00,0.00,0.00,0.00,0.00,0.00",,0.00,
machine learning course sweden,,0,"0.00,0.00,0.00,0.00,0.00,0.00,0.00,0.00,0.00,0.00,0.00,0.00",,0.00,
machine learning course sylabus,,0,"0.00,0.00,0.00,0.00,0.00,0.00,0.00,0.00,0.00,0.00,0.00,0.00",,0.00,
machine learning course syllabi exams,,0,"0.00,0.00,0.00,0.00,0.00,0.00,0.00,0.00,0.00,0.00,0.00,0.00",,0.00,
machine learning course syllabus stanford,,0,"0.00,0.00,0.00,0.00,0.00,0.00,0.00,0.00,0.00,0.00,0.00,0.00",,0.00,
machine learning course tack,,0,"0.00,0.00,0.00,0.00,0.00,0.00,0.00,0.00,0.00,0.00,0.00,0.00",,0.00,
machine learning course tamu,,0,"0.00,0.00,0.00,0.00,0.00,0.00,0.00,0.00,0.00,0.00,0.00,0.00",,0.00,
machine learning course tel aviv,,0,"0.00,0.00,0.00,0.00,0.00,0.00,0.00,0.00,0.00,0.00,0.00,0.00",,0.00,
machine learning course texas academic coding,,0,"0.00,0.00,0.00,0.00,0.00,0.00,0.00,0.00,0.00,0.00,0.00,0.00",,0.00,
machine learning course too hard,,0,"0.00,0.00,0.00,0.00,0.00,0.00,0.00,0.00,0.00,0.00,0.00,0.00",,0.00,
machine learning course too hard quoa,,0,"0.00,0.00,0.00,0.00,0.00,0.00,0.00,0.00,0.00,0.00,0.00,0.00",,0.00,
machine learning course torrent,,0,"1.00,0.00,1.00,0.00,0.00,0.00,0.00,0.00,0.00,0.00,0.00,0.00",,0.00,
machine learning course trade crypto,,0,"0.00,0.00,0.00,0.00,0.00,0.00,0.00,0.00,0.00,0.00,0.00,0.00",,0.00,
machine learning course trading crypto,,0,"0.00,0.00,0.00,0.00,0.00,0.00,0.00,0.00,0.00,0.00,0.00,0.00",,0.00,
machine learning course training,,0,"0.00,0.00,0.00,0.00,0.00,0.00,0.00,0.00,0.00,0.00,0.00,0.00",,0.00,
machine learning course training delhi,,0,"0.00,0.00,0.00,0.00,0.00,0.00,0.00,0.00,0.00,0.00,0.00,0.00",,0.00,
machine learning course training in hyderabad,,0,"0.00,0.00,0.00,0.00,0.00,0.00,0.00,0.00,0.00,0.00,0.00,0.00",,0.00,
machine learning course training mumbai,,0,"0.00,0.00,0.00,0.00,0.00,0.00,0.00,0.00,0.00,0.00,0.00,0.00",,0.00,
machine learning course training online,,0,"0.00,0.00,0.00,0.00,0.00,0.00,0.00,0.00,0.00,0.00,0.00,0.00",,0.00,
machine learning course trees gradient boosting,,0,"0.00,0.00,0.00,0.00,0.00,0.00,0.00,0.00,0.00,0.00,0.00,0.00",,0.00,
machine learning course uae,,0,"0.00,0.00,0.00,0.00,0.00,0.00,0.00,0.00,0.00,0.00,0.00,0.00",,0.00,
machine learning course ubc,,0,"0.00,0.00,0.00,0.00,0.00,0.00,0.00,0.00,0.00,0.00,0.00,0.00",,0.00,
machine learning course uc berkeley,,0,"0.00,0.00,0.00,0.00,0.00,0.00,0.00,0.00,0.00,0.00,0.00,0.00",,0.00,
machine learning course uchicago,,0,"0.00,0.00,0.00,0.00,0.00,0.00,0.00,0.00,0.00,0.00,0.00,0.00",,0.00,
machine learning course ucsd,,0,"0.00,0.00,0.00,0.00,0.00,0.00,0.00,0.00,0.00,0.00,0.00,0.00",,0.00,
machine learning course ucsd reddit,,0,"0.00,0.00,0.00,0.00,0.00,0.00,0.00,0.00,0.00,0.00,0.00,0.00",,0.00,
machine learning course udemy coupon,,0,"0.00,0.00,0.00,0.00,0.00,0.00,0.00,0.00,0.00,0.00,0.00,0.00",,0.00,
machine learning course udemy free download,,0,"0.00,0.00,0.00,0.00,0.00,0.00,0.00,0.00,0.00,0.00,0.00,0.00",,0.00,
machine learning course udemy online,,0,"0.00,0.00,0.00,0.00",,0.00,
machine learning course uf,,0,"0.00,0.00,0.00,0.00,0.00,0.00,0.00,0.00,0.00,0.00,0.00,0.00",,0.00,
machine learning course uh manoa,,0,"0.00,0.00,0.00,0.00,0.00,0.00,0.00,0.00,0.00,0.00,0.00,0.00",,0.00,
machine learning course uic,,0,"0.00,0.00,0.00,0.00,0.00,0.00,0.00,0.00,0.00,0.00,0.00,0.00",,0.00,
machine learning course uiuc,,0,"0.00,0.00,0.00,0.00,0.00,0.00,0.00,0.00,0.00,0.00,0.00,0.00",,0.00,
machine learning course uk,,0,"0.00,0.00,0.00,0.00,0.00,0.00,0.00,0.00,0.00,0.00,0.00,0.00",,0.00,
machine learning course umich,,0,"0.00,0.00,0.00,0.00,0.00,0.00,0.00,0.00,0.00,0.00,0.00,0.00",,0.00,
machine learning course umn,,0,"0.00,0.00,0.00,0.00,0.00,0.00,0.00,1.00,0.00,0.00,0.00,0.00",,0.00,
machine learning course united states,,0,"0.00,0.00,0.00,0.00,0.00,0.00,0.00,0.00,0.00,0.00,0.00,0.00",,0.00,
machine learning course university of chicago booth school of busines,,0,"0.00,0.00,0.00,0.00,0.00,0.00,0.00,0.00,0.00,0.00,0.00,0.00",,0.00,
machine learning course university of michigan,,0,"0.00,0.00,0.00,0.00,0.00,0.00,0.00,0.00,0.00,0.00,0.00,0.00",,0.00,
machine learning course unr,,0,"0.00,0.00,0.00,0.00,0.00,0.00,0.00,0.00,0.00,0.00,0.00,0.00",,0.00,
machine learning course unsw,,0,"0.00,0.00,0.00,0.00,0.00,0.00,0.00,0.00,0.00,0.00,0.00,0.00",,0.00,
machine learning course uofa,,0,"0.00,0.00,0.00,0.00,0.00,0.00,0.00,0.00,0.00,0.00,0.00,0.00",,0.00,
machine learning course upgrad,,0,"0.00,0.00,0.00,0.00,0.00,0.00,0.00,0.00,0.00,0.00,0.00,0.00",,0.00,
machine learning course uppsala,,0,"0.00,0.00,0.00,0.00,0.00,0.00,0.00,0.00,0.00,0.00,0.00,0.00",,0.00,
machine learning course uq,,0,"0.00,0.00,0.00,0.00,0.00,0.00,0.00,0.00,0.00,0.00,0.00,0.00",,0.00,
machine learning course usa,,0,"0.00,0.00,0.00,0.00,0.00,0.00,0.00,0.00,0.00,0.00,0.00,0.00",,0.00,
machine learning course usc,,0,"0.00,0.00,0.00,0.00,0.00,0.00,0.00,0.00,0.00,0.00,0.00,0.00",,0.00,
machine learning course usc csce 7,,0,"0.00,0.00,0.00,0.00,0.00,0.00,0.00,0.00,0.00,0.00,0.00,0.00",,0.00,
machine learning course using java,,0,"0.00,0.00,0.00,0.00,0.00,0.00,0.00,0.00,0.00,0.00,0.00,0.00",,0.00,
machine learning course using matlab,,0,"0.00,0.00,0.00,0.00,0.00,0.00,0.00,0.00,0.00,0.00,0.00,0.00",,0.00,
machine learning course using r,,0,"0.00,0.00,0.00,0.00,0.00,0.00,0.00,0.00,0.00,0.00,0.00,0.00",,0.00,
machine learning course ut austin,,0,"0.00,0.00,0.00,0.00,0.00,0.00,0.50,0.00,0.00,1.00,0.00,0.00",,0.00,
machine learning course ut for undegraduates,,0,"0.00,0.00,0.00,0.00,0.00,0.00,0.00,0.00,0.00,0.00,0.00,0.00",,0.00,
machine learning course utexas,,0,"0.00,0.00,0.00,0.00,0.00,0.00,0.00,0.00,0.00,0.00,0.00,0.00",,0.00,
machine learning course uva,,0,"0.00,0.00,0.00,0.00,0.00,0.00,0.00,0.00,0.00,0.00,0.00,0.00",,0.00,
machine learning course uw,,0,"0.00,0.00,0.00,0.00,0.00,0.00,0.00,0.00,0.00,0.00,0.00,0.00",,0.00,
machine learning course vancouver,,0,"0.00,0.00,0.00,0.00,0.00,0.00,0.00,0.00,0.00,0.00,0.00,0.00",,0.00,
machine learning course video lectures,,0,"0.00,0.00,0.00,0.00,0.00,0.00,0.00,0.00,0.00,0.00,0.00,0.00",,0.00,
machine learning course videos free,,0,"0.00,0.00,0.00,0.00,0.00,0.00,0.00,0.00,0.00,0.00,0.00,0.00",,0.00,
machine learning course website,,0,"0.00,0.00,0.00,0.00,0.00,0.00,0.00,0.00,0.00,0.00,0.00,0.00",,0.00,
machine learning course week 3,,0,"0.00,0.00,0.00,0.00,0.00,0.00,0.00,0.00,0.00,0.00,0.00,0.00",,0.00,
machine learning course week 3 ex2,,0,"0.00,0.00,0.00,0.00,0.00,0.00,0.00,0.00,0.00,0.00,0.00,0.00",,0.00,
machine learning course week 3 quiz,,0,"0.00,0.00,0.00,0.00,0.00,0.00,0.00,0.00,0.00,0.00,0.00,0.00",,0.00,
machine learning course week 3 quiz 3,,0,"0.00,0.00,0.00,0.00,0.00,0.00,0.00,0.00,0.00,0.00,0.00,0.00",,0.00,
machine learning course week 4 quiz answers,,0,"0.00,0.00,0.00,0.00,0.00,0.00,0.00,0.00,0.00,0.00,0.00,0.00",,0.00,
machine learning course week 7,,0,"0.00,0.00,0.00,0.00,0.00,0.00,0.00,0.00,0.00,0.00,0.00,0.00",,0.00,
machine learning course week 8,,0,"0.00,0.00,0.00,0.00,0.00,0.00,0.00,0.00,0.00,0.00,0.00,0.00",,0.00,
machine learning course week 9 quiz,,0,"0.00,0.00,0.00,0.00,0.00,0.00,0.00,0.00,0.00,0.00,0.00,0.00",,0.00,
machine learning course with internship,,0,"0.00,0.00,0.00,1.00,0.00,0.00,0.00,1.00,0.00,0.00,0.00,0.00",,0.00,
machine learning course with job,,0,"0.00,0.00,0.00,0.00,0.00,0.00,0.00,0.00,0.00,0.00,0.00,0.00",,0.00,
machine learning course with job guarantee online,,0,0.00,,0.00,
machine learning course with job guarente,,0,"0.00,0.00,0.00,0.00,0.00,0.00,0.00,0.00,0.00,0.00,0.00,0.00",,0.00,
machine learning course with job placement,,0,"0.00,0.00,0.00,0.00,0.00,0.00,0.00,0.00,0.00,0.00,0.00,0.00",,0.00,
machine learning course with placement in bangalore,,0,"0.00,0.00,0.00,0.00,0.00,0.00,0.00,0.00,0.00,0.00,0.00,0.00",,0.00,
machine learning course with placement in hyderabad,,0,"0.00,0.00,0.00,0.00,0.00,0.00,0.00,0.00,0.00,0.00,0.00,0.00",,0.00,
machine learning course with placement in mumbai,,0,"0.00,0.00,0.00,0.00,0.00,0.00,0.00,0.00,0.00,0.00,0.00,0.00",,0.00,
machine learning course with placement in pune,,0,"0.00,0.00,0.00,0.00,0.00,0.00,0.00,0.00,0.00,0.00,0.00,0.00",,0.00,
machine learning course with pytorch,,0,"0.00,0.00,0.00,0.00,0.00,0.00,0.00,0.00,0.00,0.00,0.00,0.00",,0.00,
machine learning course with r,,0,"0.00,0.00,0.00,0.00,0.00,0.00,0.00,0.00,0.00,0.00,0.00,0.00",,0.00,
machine learning course with real projects,,0,"1.00,0.00,0.00,0.00,0.00,0.00",,0.00,
machine learning course without programming,,0,"0.00,0.00,0.00,0.00,0.00,0.00,0.00,0.00,0.00,0.00,0.00,0.00",,0.00,
machine learning course work ucla,,0,"0.00,0.00,0.00,0.00,0.00,0.00,0.00,0.00,0.00,0.00,0.00,0.00",,0.00,
machine learning course zurich,,0,"0.00,1.00,0.00,0.00,0.00,0.00,0.00,0.00,0.00,0.00,0.00,0.00",,0.00,
machine learning course 推荐 一亩三分,,0,"0.00,0.00,0.00,0.00,0.00,0.00,0.00,0.00,0.00,0.00,0.00,0.00",,0.00,
machine learning coursear,,0,"0.00,0.00,0.00,0.00,0.00,0.00,0.00,0.00,0.00,0.00,0.00,0.00",,3.40,
machine learning courseara,,0,"0.00,0.00,0.00,0.00,0.00,0.00,0.00,0.00,0.00,0.00,0.00,0.00",,3.40,
machine learning courser,,0,"0.00,0.00,0.00,0.00,0.00,0.00,0.00,0.00,0.00,0.00,0.00,0.00",,3.40,
machine learning coursera 1 course by andrew ng,,0,"0.00,0.00,0.00,0.00,0.00,0.00,0.00,0.00,0.00,0.00,0.00,0.00",,0.00,
machine learning coursera course presented by stanford university symantec,,0,"0.00,0.00,0.00,0.00,0.00,0.00,0.00,0.00,0.00,0.00,0.00,0.00",,0.00,
machine learning coursera free course,,0,"0.00,0.00,0.00,0.00,0.00,0.00,0.00,0.00,0.00,0.00,0.00,0.00",,0.00,
machine learning courses accepted by uc davis,,0,"0.00,0.00,0.00,0.00,0.00,0.00,0.00,0.00,0.00,0.00,0.00,0.00",,0.00,
machine learning courses after 12th,,0,"0.00,0.00,0.00,0.00",,0.00,
machine learning courses andrew ng,,0,"0.00,0.00,0.00,0.00,0.00,0.00,0.00,0.00,0.00,0.00,0.00,0.00",,0.00,
machine learning courses at ohio state,,0,"1.00,0.00,0.00,0.00,0.00,0.00",,0.00,
machine learning courses at penn,,0,"0.00,0.00,0.00,0.00,0.00,0.00,0.00,0.00,0.00,0.00,0.00,0.00",,0.00,
machine learning courses at umd,,0,"0.00,0.00,0.00,0.00,0.00,0.00,0.00,0.00,0.00,0.00,0.00,0.00",,0.00,
machine learning courses bellevue,,0,"0.00,0.00,0.00,0.00,0.00,0.00,0.00,0.00,0.00,0.00,0.00,0.00",,0.00,
machine learning courses berkeley,,0,"0.00,0.00,0.00,0.00,0.00,0.00,0.00,0.00,0.00,0.00,0.00,0.00",,0.00,
machine learning courses boston,,0,"0.00,0.00,0.00,0.00,0.00,0.00,0.00,0.00,0.00,0.00,0.00,0.00",,0.00,
machine learning courses brisbane,,0,"0.00,0.00,0.00,0.00,0.00,0.00,0.00,0.00,0.00,0.00,0.00,0.00",,0.00,
machine learning courses bu,,0,"0.00,0.00,0.00,0.00,0.00,0.00,0.00,0.00,0.00,0.00,0.00,0.00",,0.00,
machine learning courses by google,,0,"0.00,0.00,0.00,0.00,0.00,0.00,0.00,0.00,0.00,0.00,0.00,0.00",,3.15,
machine learning courses by university,,0,"0.00,0.00,0.00,0.00,0.00,0.00,0.00,0.00,0.00,0.00,0.00,0.00",,0.00,
machine learning courses by unuiversity,,0,"0.00,0.00,0.00,0.00,0.00,0.00,0.00,0.00,0.00,0.00,0.00,0.00",,0.00,
machine learning courses byu,,0,"0.00,0.00,0.00,0.00,0.00,0.00,0.00,0.00,0.00,0.00,0.00,0.00",,0.00,
machine learning courses calgary,,0,"0.00,0.00,0.00,0.00,0.00,0.00,0.00,0.00,0.00,0.00,0.00,0.00",,0.00,
machine learning courses canada,,0,"0.00,0.00,0.00,0.00,0.00,0.00,0.00,0.00,0.00,0.00,0.00,0.00",,0.00,
machine learning courses carnegie mellon,,0,"0.00,0.00,0.00,0.00,0.00,0.00,0.00,0.00,0.00,0.00,0.00,0.00",,0.00,
machine learning courses classroom,,0,"0.00,0.00,0.00,0.00,0.00,0.00,0.00,0.00,0.00,0.00,0.00,0.00",,0.00,
machine learning courses cmu,,0,"0.00,0.00,0.00,0.00,0.00,1.00,1.00,0.00,0.00,0.00,0.00,0.00",,3.83,
machine learning courses columbia,,0,"0.00,0.00,0.00,0.00,0.00,0.00,0.00,0.00,0.00,0.00,0.00,0.00",,0.00,
machine learning courses dallas,,0,"0.00,0.00,0.00,0.00,0.00,0.00,0.00,0.00,0.00,0.00,0.00,0.00",,0.00,
machine learning courses dubai,,0,"0.00,0.00,0.00,0.00,0.00,0.00,0.00,0.00,0.00,0.00,0.00,0.00",,0.00,
machine learning courses edinburgh,,0,"0.00,0.00,0.00,0.00,0.00,0.00,0.00,0.00,0.00,0.00,0.00,0.00",,0.00,
machine learning courses eindhoven,,0,"0.00,0.00,0.00,0.00,0.00,0.00,0.00,0.00,0.00,0.00,0.00,0.00",,0.00,
machine learning courses for beginners nyc,,0,"0.00,0.00,0.00,0.00,0.00,0.00,0.00,0.00,0.00,0.00,0.00,0.00",,0.00,
machine learning courses for doctors,,0,"0.00,0.00,0.00,0.00,0.00,0.00,0.00,0.00,0.00,0.00,0.00,0.00",,0.00,
machine learning courses for finance,,0,"1.00,0.00,0.00,0.00,0.00",,0.00,
machine learning courses for free,,0,"0.00,0.00,0.00,0.00,0.00,0.00,0.00,0.00,0.00,0.00,0.00,0.00",,2.46,
machine learning courses for mechanical engineering,,0,"0.00,0.00,0.00,0.00,0.00,0.00,0.00,0.00,0.00,0.00,0.00,0.00",,0.00,
machine learning courses for product managers,,0,"0.00,0.00,0.00,0.00,0.00,0.00,0.00,0.00,0.00,0.00,0.00,0.00",,0.00,
machine learning courses for programmers,,0,"0.00,0.00,0.00,0.00,0.00,0.00,0.00,0.00,0.00,0.00,0.00,0.00",,0.00,
machine learning courses free gist,,0,"0.00,0.00,0.00,0.00,0.00,0.00,0.00,0.00,0.00,0.00,0.00,0.00",,0.00,
machine learning courses from nvidia,,0,"0.00,0.00,0.00,0.00,0.00,0.00,0.00,0.00,0.00,0.00,0.00,0.00",,0.00,
machine learning courses geneva,,0,"0.00,0.00,0.00,0.00,0.00,0.00,0.00,0.00,0.00,0.00,0.00,0.00",,0.00,
machine learning courses germany,,0,"0.00,0.00,0.00,0.00,0.00,0.00,0.00,0.00,0.00,0.00,0.00,0.00",,0.00,
machine learning courses github,,0,"0.00,1.00,0.00,0.00,0.00,0.00,0.00,0.00,0.00,0.00,0.00,0.00",,0.00,
machine learning courses google,,0,"0.00,0.00,0.00,0.00,0.00,1.00,0.00,0.00,0.00,1.00,0.00,0.00",,3.00,
machine learning courses in ahmedabad,,0,"0.00,0.00,0.00,0.00,0.00,0.00,0.00,0.00,0.00,0.00,0.00,0.00",,0.00,
machine learning courses in bangalore,,0,"0.00,0.00,0.00,0.00,0.00,0.00,0.00,0.00,0.00,0.00,0.00,0.00",,0.00,
machine learning courses in banglore,,0,"0.00,0.00,0.00,0.00,0.00,0.00,0.00,0.00,0.00,0.00,0.00,0.00",,0.00,
machine learning courses in bhubaneswar,,0,"0.00,0.00,0.00,0.00,0.00,0.00,0.00,0.00,0.00,0.00,0.00,0.00",,0.00,
machine learning courses in cairo,,0,"0.00,0.00,0.00,0.00,0.00,0.00,0.00,0.00,0.00,0.00,0.00,0.00",,0.00,
machine learning courses in canada,,0,"0.00,0.00,0.00,0.00,0.00,0.00,0.00,0.00,0.00,0.00,0.00,0.00",,0.00,
machine learning courses in canada colleges,,0,"0.00,0.00,0.00,0.00,0.00,0.00,0.00,0.00,0.00,0.00,0.00,0.00",,0.00,
machine learning courses in chennai,,0,"0.00,0.00,0.00,0.00,0.00,0.00,0.00,0.00,0.00,0.00,0.00,0.00",,2.57,
machine learning courses in coimbatore,,0,"0.00,0.00,0.00,0.00,0.00,0.00,0.00,0.00,0.00,0.00,0.00,0.00",,0.00,
machine learning courses in delhi,,0,"0.00,0.00,0.00,0.00,0.00,0.00,0.00,0.00,0.00,0.00,0.00,0.00",,0.00,
machine learning courses in delhi ncr,,0,"0.00,0.00,0.00,0.00,0.00,0.00,0.00,0.00,0.00,0.00,0.00,0.00",,0.00,
machine learning courses in dubai,,0,"0.00,0.00,0.00,0.00,0.00,0.00,0.00,0.00,0.00,0.00,0.00,0.00",,0.00,
machine learning courses in egypt,,0,"1.00,0.00,0.00,0.00,0.00,0.00,0.00,0.00,1.00,0.00,0.00,0.00",,0.00,
machine learning courses in france,,0,"0.00,0.00,0.00,0.00,0.00,0.00,0.00,0.00,0.00,0.00,0.00,0.00",,0.00,
machine learning courses in gurgaon,,0,"0.00,0.00,0.00,0.00,0.00,0.00,0.00,0.00,0.00,1.00,0.00,0.00",,0.00,
machine learning courses in hyderabad,,0,"0.00,0.00,0.00,0.00,0.00,0.00,0.00,0.00,0.00,1.00,0.00,0.00",,0.00,
machine learning courses in iit mumbai,,0,"0.00,0.00,0.00,0.00,0.00,0.00,0.00,0.00,0.00,0.00,0.00,0.00",,0.00,
machine learning courses in india bangalore,,0,"0.00,0.00,0.00,0.00,0.00,0.00,0.00,0.00,0.00,0.00,0.00,0.00",,0.00,
machine learning courses in indore,,0,"0.00,0.00,0.00,0.00,0.00,0.00,0.00,0.00,0.00,0.00,0.00,0.00",,0.00,
machine learning courses in islamabad,,0,"0.00,0.00,0.00,0.00,0.00,0.00,0.00,0.00,0.00,0.00,0.00,0.00",,0.00,
machine learning courses in jaipur,,0,"0.00,0.00,0.00,0.00,0.00,0.00,0.00,0.00,0.00,0.00,0.00,0.00",,0.00,
machine learning courses in japan,,0,"0.00,0.00,0.00,0.00,0.00,0.00,0.00,0.00,0.00,0.00,0.00,0.00",,0.00,
machine learning courses in karachi,,0,"0.00,0.00,0.00,0.00,0.00,0.00,0.00,0.00,0.00,0.00,0.00,0.00",,0.00,
machine learning courses in kerala,,0,"0.00,0.00,0.00,0.00,0.00,0.00,0.00,0.00,0.00,0.00,0.00,0.00",,0.00,
machine learning courses in kochi,,0,"0.00,0.00,0.00,0.00,0.00,0.00,0.00,0.00,0.00,0.00,0.00,0.00",,0.00,
machine learning courses in kolkata,,0,"0.00,0.00,0.00,0.00,0.00,0.00,0.00,0.00,0.00,0.00,0.00,0.00",,0.00,
machine learning courses in madhapur,,0,"0.00,0.00,0.00,0.00,0.00,0.00,0.00,0.00,0.00,0.00,0.00,0.00",,0.00,
machine learning courses in malaysia,,0,"0.00,0.00,0.00,0.00,0.00,0.00,0.50,1.00,0.00,0.00,0.00,0.00",,0.00,
machine learning courses in mumbai,,0,"0.00,0.00,0.00,0.00,0.00,0.00,0.00,0.00,0.00,0.00,0.00,0.00",,0.00,
machine learning courses in munich,,0,"0.00,0.00,0.00,0.00,0.00,0.00,0.00,0.00,0.00,0.00,0.00,0.00",,0.00,
machine learning courses in navi mumbai,,0,"0.00,0.00,0.00,0.00,0.00,0.00,0.00,0.00,0.00,0.00,0.00,0.00",,0.00,
machine learning courses in new zealand,,0,"0.00,0.00,0.00,0.00,0.00,0.00,0.00,0.00,0.00,0.00,0.00,0.00",,0.00,
machine learning courses in noida,,0,"0.00,0.00,0.00,0.00,0.00,0.00,0.00,0.00,0.00,0.00,0.00,0.00",,0.00,
machine learning courses in oakland university,,0,"0.00,0.00,0.00,0.00,0.00,0.00,0.00,0.00,0.00,0.00,0.00,0.00",,0.00,
machine learning courses in pune,,0,"0.00,1.00,1.00,1.00,0.00,0.00,0.00,0.00,0.00,0.00,0.00,0.00",,0.00,
machine learning courses in singapore,,0,"0.00,0.00,0.00,0.00,0.00,0.00,0.00,0.00,0.00,0.00,0.00,0.00",,0.00,
machine learning courses in south africa,,0,"0.00,0.00,0.00,0.00,0.00,0.00,0.00,0.00,0.00,0.00,0.00,0.00",,0.00,
machine learning courses in sri lanka,,0,"0.00,0.00,0.00,0.00,0.00,0.00,1.00,0.00,0.00,0.00,0.00,0.00",,0.00,
machine learning courses in thane,,0,"0.00,0.00,0.00,0.00,0.00,0.00,0.00,0.00,0.00,0.00,0.00,0.00",,0.00,
machine learning courses in uk universities,,0,"0.00,0.00,0.00,0.00,0.00,0.00,0.00,0.00,0.00,0.00,0.00,0.00",,0.00,
machine learning courses in university,,0,"0.00,0.00,0.00,0.00,0.00,0.00,0.00,0.00,0.00,0.00,0.00,0.00",,0.00,
machine learning courses in wvu,,0,"0.00,0.00,0.00,0.00,0.00,0.00,0.00,0.00,0.00,0.00,0.00,0.00",,0.00,
machine learning courses india,,0,"0.00,0.00,0.00,0.00,0.00,0.00,0.00,0.00,1.00,0.00,0.00,0.00",,2.98,
machine learning courses iowa state university,,0,"0.00,0.00,0.00,0.00,0.00,0.00,0.00,0.00,0.00,0.00,0.00,0.00",,0.00,
machine learning courses ireland,,0,"0.00,0.00",,0.00,
machine learning courses jhu,,0,"0.00,0.00,0.00,0.00,0.00,0.00,0.00,0.00,0.00,0.00,0.00,0.00",,0.00,
machine learning courses london,,0,"0.00,0.00,0.00,0.00,0.00,0.00,0.00,0.00,0.00,0.00,0.00,0.00",,0.00,
machine learning courses los angeles,,0,"0.00,0.00,0.00,0.00,0.00,0.00,0.00,0.00,0.00,0.00,0.00,0.00",,0.00,
machine learning courses master in sciences,,0,"0.00,0.00,0.00,0.00,0.00,0.00,0.00,0.00,0.00,0.00,0.00,0.00",,0.00,
machine learning courses melbourne,,0,"0.00,0.00,0.00,0.00,0.00,0.00,0.00,0.00,0.00,0.00,0.00,0.00",,0.00,
machine learning courses mit,,0,"0.00,0.00,0.00,0.00,0.00,0.00,0.00,0.00,0.00,0.00,0.00,0.00",,3.61,
machine learning courses montreal,,0,"0.00,0.00,0.00,0.00,0.00,0.00,0.00,0.00,0.00,0.00,0.00,0.00",,0.00,
machine learning courses near me,,0,"0.00,0.00,0.00,1.00,0.00,0.00,0.00,0.00,0.50,0.00,0.00,0.00",,9.22,
machine learning courses northwestern,,0,"0.00,0.00,0.00,0.00,0.00,0.00,0.00,0.00,0.00,0.00,0.00,0.00",,0.00,
machine learning courses nyc,,0,"0.00,0.00,0.00,0.00,0.00,0.00,0.00,0.00,0.00,0.00,0.00,0.00",,6.50,
machine learning courses nyu,,0,"0.00,0.00,0.00,0.00,0.00,0.00,0.00,0.00,0.00,0.00,0.00,0.00",,0.00,
machine learning courses o,,0,"0.00,0.00,0.00,0.00,0.00,0.00,0.00,0.00,0.00,0.00,0.00,0.00",,0.00,
machine learning courses on coursera nvidia,,0,"0.00,0.00,0.00,0.00,0.00,0.00,0.00,0.00,0.00,0.00,0.00,0.00",,0.00,
machine learning courses on datacamp,,0,"0.00,0.00,0.00,0.00,0.00,0.00,0.00,0.00,0.00,0.00,0.00,0.00",,0.00,
machine learning courses on datacamp reddit,,0,"0.00,0.00,0.00,0.00,0.00,0.00,0.00,0.00,0.00,0.00,0.00,0.00",,0.00,
machine learning courses on experfy,,0,"0.00,0.00,0.00,0.00,0.00,0.00,0.00,0.00,0.00,0.00,0.00,0.00",,0.00,
machine learning courses on skillshare,,0,"0.00,0.00,0.00,0.00,0.00,0.00,0.00,0.00,0.00,0.00,0.00,0.00",,0.00,
machine learning courses on youtube,,0,"0.00,0.00,0.00,0.00,0.00,0.00,0.00,0.00,0.00,0.00,0.00,0.00",,0.00,
machine learning courses online for free,,0,"0.00,0.00,0.00,0.00,0.00,0.00,0.00,0.00,0.00,0.00,0.00,0.00",,0.00,
machine learning courses online free,,0,"0.00,0.00,0.00,0.00,0.00,0.00,0.00,0.00,0.00,0.00,0.00,0.00",,3.12,
machine learning courses online mit,,0,"0.00,0.00,0.00,0.00,0.00,0.00,0.00,0.00,0.00,0.00,0.00,0.00",,0.00,
machine learning courses online quora,,0,"0.00,0.00,0.00,0.00,0.00,0.00,0.00,0.00,0.00,0.00,0.00,0.00",,0.00,
machine learning courses open university,,0,"0.00,0.00,0.00,0.00,0.00,0.00,0.00,0.00,0.00,0.00,0.00,0.00",,0.00,
machine learning courses oxford,,0,"0.00,0.00,0.00,0.00,0.00,0.00,0.00,0.00,0.00,0.00,0.00,0.00",,0.00,
machine learning courses python,,0,"0.33,1.00,0.00,0.00,0.00,0.00,0.00,0.00,0.33,0.00,0.00,0.00",,4.52,
machine learning courses python vs java requirements,,0,"0.00,0.00,0.00,0.00",,0.00,
machine learning courses raleigh durham,,0,"0.00,0.00,0.00,0.00,0.00,0.00,0.00,0.00,0.00,0.00,0.00,0.00",,0.00,
machine learning courses rating,,0,"0.00,0.00,0.00,0.00,0.00,0.00,0.00,0.00,0.00,0.00,0.00,0.00",,0.00,
machine learning courses san francisco,,0,"0.00,0.00,0.00,0.00,0.00,0.00,0.00,0.00,0.00,0.00,0.00,0.00",,0.00,
machine learning courses seattle,,0,"0.00,0.00,0.00,0.00,0.00,0.00,0.00,0.00,1.00,0.00,0.00,0.00",,0.00,
machine learning courses skills,,0,"0.00,0.00,0.00,0.00,0.00,0.00,0.00,0.00,0.00,0.00,0.00,0.00",,0.00,
machine learning courses sydney,,0,"0.00,0.00,0.00,0.00,0.00,0.00,0.00,0.00,0.00,0.00,0.00,0.00",,0.00,
machine learning courses uae,,0,"0.00,0.00,0.00,0.00,0.00,0.00,0.00,0.00,0.00,0.00,0.00,0.00",,0.00,
machine learning courses ucla,,0,"0.00,0.00,0.00,0.00,0.00,0.00,0.00,0.00,0.00,0.00,0.00,0.00",,0.00,
machine learning courses ucsa,,0,"0.00,0.00,0.00,0.00,0.00,0.00,0.00,0.00,0.00,0.00,0.00,0.00",,0.00,
machine learning courses ucsa bay area,,0,"0.00,0.00,0.00,0.00,0.00,0.00,0.00,0.00,0.00,0.00,0.00,0.00",,0.00,
machine learning courses ucsd,,0,"0.00,0.00,0.00,0.00,0.00,0.00,0.00,0.00,0.00,0.00,0.00,0.00",,0.00,
machine learning courses uf,,0,"0.00,0.00,0.00,0.00,0.00,0.00,0.00,0.00,0.00,0.00,0.00,0.00",,0.00,
machine learning courses umich,,0,"0.00,0.00,0.00,0.00,0.00,0.00,0.00,0.00,0.00,0.00,0.00,0.00",,0.00,
machine learning courses university of toronto,,0,"0.00,0.00,0.00,0.00,0.00,0.00,0.00,0.00,0.00,0.00,0.00,0.00",,0.00,
machine learning courses ut austin,,0,"0.00,0.00,0.00,0.00,0.00,0.00,0.00,0.00,0.00,0.00,0.00,0.00",,0.00,
machine learning courses ut austin fall 2019,,0,"0.00,0.00,0.00,0.00,0.00,0.00,0.00,0.00,0.00,0.00,0.00,0.00",,0.00,
machine learning courses uva,,0,"0.00,0.00,0.00,0.00,0.00,0.00,0.00,0.00,0.00,0.00,0.00,0.00",,0.00,
machine learning courses uwaterloo,,0,"0.00,0.00,0.00,0.00,0.00,0.00,0.00,0.00,0.00,0.00,0.00,0.00",,0.00,
machine learning courses virginia,,0,"0.00,0.00,0.00,0.00,0.00,0.00,0.00,0.00,0.00,0.00,0.00,0.00",,0.00,
machine learning courses with placement,,0,"0.00,0.00,0.00,0.00,0.00,0.00,0.00,0.00,0.00,0.00,0.00,0.00",,0.00,
machine learning courses минск,,0,"0.00,0.00,0.00,0.00,0.00,0.00,0.00,0.00,0.00,0.00,0.00,0.00",,0.00,
machine learning crash course 2,,0,"0.00,0.00,0.00,0.00,0.00,0.00,0.00,0.00,0.00,0.00,0.00,0.00",,0.00,
machine learning crash course bangalore,,0,"0.00,0.00,0.00,0.00,0.00,0.00,0.00,0.00,0.00,0.00,0.00,0.00",,0.00,
machine learning crash course berkeley,,0,"0.00,0.00,0.00,0.00,0.00,0.00,0.00,0.00,0.00,0.00,0.00,0.00",,0.00,
machine learning crash course download,,0,"0.00,0.00,0.00,0.00,0.00,0.00,0.00,0.00,0.00,0.00,0.00,0.00",,0.00,
machine learning crash course fairness,,0,"0.00,0.00,0.00,0.00,0.00,0.00,0.00,0.00,0.00,0.00,0.00,0.00",,0.00,
machine learning crash course genova,,0,"0.00,0.00,0.00,0.00,0.00,0.00,0.00,0.00,0.00,0.00,0.00,0.00",,0.00,
machine learning crash course glossary,,0,"0.00,0.00,0.00,0.00,0.00,0.00,0.00,0.00,0.00,0.00,0.00,0.00",,0.00,
machine learning crash course google coursera,,0,"0.00,0.00,0.00,0.00,0.00,0.00,0.00,0.00,0.00,0.00,0.00,0.00",,0.00,
machine learning crash course google developers how good,,0,"0.00,0.00,0.00,0.00,0.00,0.00,0.00,0.00,0.00,0.00,0.00,0.00",,0.00,
machine learning crash course google developers vs corsera,,0,"0.00,0.00,0.00,0.00,0.00,0.00,0.00,0.00,0.00,0.00,0.00,0.00",,0.00,
machine learning crash course google developers vs coursera vs udacity,,0,"0.00,0.00,0.00,0.00,0.00,0.00,0.00,0.00,0.00,0.00,0.00,0.00",,0.00,
machine learning crash course google download,,0,"0.00,0.00,0.00,0.00,0.00,0.00,0.00,0.00,0.00,0.00,0.00,0.00",,0.00,
machine learning crash course indonesia,,0,"0.00,0.00,0.00,0.00,0.00,0.00,0.00,0.00,0.00,0.00,0.00,0.00",,0.00,
machine learning crash course mlcc edit,,0,"0.00,0.00,0.00,0.00,0.00,0.00,0.00,0.00,0.00,0.00,0.00,0.00",,0.00,
machine learning crash course neural networks playground,,0,"0.00,0.00,0.00,0.00,0.00,0.00,0.00,0.00,0.00,0.00,0.00,0.00",,0.00,
machine learning crash course offline,,0,"0.00,0.00,0.00,0.00,0.00,0.00,0.00,0.00,0.00,0.00,0.00,0.00",,0.00,
machine learning crash course online,,0,"0.00,0.00,0.00,0.00,0.00,0.00,0.00,0.00,0.00,0.00,0.00,0.00",,0.00,
machine learning crash course pandas,,0,"0.00,0.00,0.00,0.00,0.00,0.00,0.00,0.00,0.00,0.00,0.00,0.00",,0.00,
machine learning crash course part 1,,0,"0.00,0.00,0.00,0.00,0.00,0.00,0.00,0.00,0.00,0.00,0.00,0.00",,0.00,
machine learning crash course part 2,,0,"0.00,0.00,0.00,0.00,0.00,0.00,0.00,0.00,0.00,0.00,0.00,0.00",,0.00,
machine learning crash course part 3,,0,"0.00,0.00,0.00,0.00,0.00,0.00,0.00,0.00,0.00,0.00,0.00,0.00",,0.00,
machine learning crash course part 4,,0,"0.00,0.00,0.00,0.00,0.00,0.00,0.00,0.00,0.00,0.00,0.00,0.00",,0.00,
machine learning crash course part 5,,0,"0.00,0.00,0.00,0.00,0.00,0.00,0.00,0.00,0.00,0.00,0.00,0.00",,0.00,
machine learning crash course ppt,,0,"0.00,0.00,0.00,0.00,0.00,0.00,0.00,0.00,0.00,0.00,0.00,0.00",,0.00,
machine learning crash course predict,,0,"0.00,0.00,0.00,0.00,0.00,0.00,0.00,0.00,0.00,0.00,0.00,0.00",,0.00,
machine learning crash course pune,,0,"0.00,0.00,0.00,0.00,0.00,0.00,0.00,0.00,0.00,0.00,0.00,0.00",,0.00,
machine learning crash course python,,0,"0.00,0.00,0.00,0.00,0.00,0.00,0.00,0.00,0.00,0.00,0.00,0.00",,0.00,
machine learning crash course reddit,,0,"0.00,0.00,0.00,0.00,0.00,0.00,0.00,0.00,0.00,0.00,0.00,0.00",,0.00,
machine learning crash course reviews,,0,"0.00,0.00,0.00,0.00,0.00,0.00,0.00,0.00,0.00,0.00,0.00,0.00",,0.00,
machine learning crash course study jam,,0,"0.00,0.00,0.00,0.00,0.00,0.00,0.00,0.00,0.00,0.00,0.00,0.00",,0.00,
machine learning crash course video,,0,"1.00,0.00,0.00,0.00",,0.00,
machine learning crash course with tensorflow apis certificate,,0,"0.00,0.00,0.00,0.00,0.00,0.00,0.00,0.00,0.00,0.00,0.00,0.00",,0.00,
machine learning crash course youtube,,0,"0.00,0.00,0.00,0.00,0.00,0.00,0.00,0.00,0.00,0.00,0.00,0.00",,0.00,
machine learning crash course 中文,,0,"0.00,0.00,0.00,0.00,0.00,0.00,0.00,0.00,0.00,0.00,0.00,0.00",,0.00,
machine learning crash course 日本 語,,0,"0.00,0.00,0.00,0.00,0.00,0.00,0.00,0.00,0.00,0.00,0.00,0.00",,0.00,
machine learning crash courses,,0,"0.00,0.00,0.00,0.00,0.00,0.00,0.00,0.00,0.00,0.00,0.00,0.00",,0.00,
machine learning credit risk course,,0,"0.00,0.00,0.00,0.00,0.00,0.00,0.00,0.00,0.00,0.00,0.00,0.00",,0.00,
machine learning cyber security course,,0,"0.00,0.00,0.00,0.00,0.00,0.00,0.00,0.00,0.00,0.00,0.00,0.00",,0.00,
machine learning cybersecurity course,,0,"0.00,0.00,0.00,0.00,0.00,0.00,0.00,0.00,0.00,0.00,0.00,0.00",,0.00,
machine learning data analysis courses,,0,"0.00,0.00,0.00,0.00,0.00,0.00,0.00,0.00,0.00,0.00,0.00,0.00",,0.00,
machine learning data analysis courses github,,0,"0.00,0.00,0.00,0.00,0.00,0.00,0.00,0.00,0.00,0.00,0.00,0.00",,0.00,
machine learning data science course from harvard university,,0,"0.00,0.00,0.00,0.00,0.00,0.00,0.00,0.00,0.00,0.00,0.00,0.00",,0.00,
machine learning data science course harvard university edx linkedin,,0,"0.00,0.00,0.00,0.00,0.00,0.00,0.00,0.00,0.00,0.00,0.00,0.00",,0.00,
machine learning data scientist course,,0,"0.00,0.00,0.00,0.00,0.00,0.00,0.00,0.00,0.00,1.00,0.00,0.00",,0.00,
machine learning data viz courses,,0,"0.00,0.00,0.00,0.00,0.00,0.00,0.00,0.00,0.00,0.00,0.00,0.00",,0.00,
machine learning degree courses in india,,0,"0.00,0.00,0.00,0.00,0.00,0.00,0.00,0.00,0.00,0.00,0.00,0.00",,0.00,
machine learning density functional theory courses,,0,"0.00,0.00,0.00,0.00,0.00,0.00,0.00,0.00,0.00,0.00,0.00,0.00",,0.00,
machine learning developer google course,,0,"0.00,0.00,0.00,0.00,0.00,0.00,0.00,0.00,0.00,0.00,0.00,0.00",,0.00,
machine learning econometrics course,,0,"0.00,0.00,0.00,0.00,0.00,0.00,0.00,0.00,0.00,0.00,0.00,0.00",,0.00,
machine learning economics course,,0,"0.00,0.00,0.00,0.00,0.00,0.00,0.00,0.00,0.00,0.00,0.00,0.00",,0.00,
machine learning economics course econ,,0,"0.00,0.00,0.00,0.00,0.00,0.00,0.00,0.00,0.00,0.00,0.00,0.00",,0.00,
machine learning elective course,,0,"0.00,0.00,0.00,0.00,0.00,0.00,0.00,0.00,0.00,0.00,0.00,0.00",,0.00,
machine learning elective course gt,,0,"0.00,0.00,0.00,0.00,0.00,0.00,0.00,0.00,0.00,0.00,0.00,0.00",,0.00,
machine learning engineer course fees,,0,"0.00,0.00,0.00,1.00,0.00,0.00,0.00,1.00,0.00,0.00,0.00,0.00",,0.00,
machine learning engineer course online,,0,"0.00,0.00,0.00,0.00",,0.00,
machine learning engineer course uk,,0,"0.00,0.00,0.00,0.00,0.00,0.00,0.00,0.00,0.00,0.00,0.00,0.00",,0.00,
machine learning engineer nanodegree courses,,0,"0.00,0.00,0.00,0.00,0.00,0.00,0.00,0.00,0.00,0.00,0.00,0.00",,0.00,
machine learning epidemiology course,,0,"0.00,0.00,0.00,0.00,0.00,0.00,0.00,0.00,0.00,0.00,0.00,0.00",,0.00,
machine learning eth course,,0,"0.00,0.00,0.00,0.00,0.00,0.00,0.00,0.00,0.00,0.00,0.00,0.00",,0.00,
machine learning explainability crash course from kaggle,,0,"0.00,0.00,0.00,0.00,0.00,0.00,0.00,0.00,0.00,0.00,0.00,0.00",,0.00,
machine learning explainability micro course kaggle,,0,"0.00,0.00,0.00,0.00,0.00,0.00,0.00,0.00,0.00,0.00,0.00,0.00",,0.00,
machine learning finance course london,,0,"0.00,0.00,0.00,0.00,0.00,0.00,0.00,0.00,0.00,0.00,0.00,0.00",,0.00,
machine learning finance courses,,0,"1.00,1.00,0.00,0.00",,0.00,
machine learning finance online course,,0,"0.00,0.00,0.00,0.00,0.00,0.00,0.00,0.00,1.00,0.00,0.00,0.00",,0.00,
machine learning financial markets course,,0,"0.00,0.00,0.00,0.00,0.00,0.00,0.00,0.00,0.00,0.00,0.00,0.00",,0.00,
machine learning for absolute beginners course,,0,"0.00,0.00,0.00,0.00,0.00,0.00,0.00,0.00,0.00,0.00,0.00,0.00",,0.00,
machine learning for algorithmic trading course,,0,"0.00,0.00",,0.00,
machine learning for artists course,,0,"0.00,0.00,0.00,0.00,0.00,0.00,0.00,0.00,0.00,0.00,0.00,0.00",,0.00,
machine learning for beginerrs online course,,0,"0.00,0.00,0.00,0.00,0.00,0.00,0.00,0.00,0.00,0.00,0.00,0.00",,0.00,
machine learning for beginners online course,,0,"0.00,0.00,0.00,0.00,0.00,0.00,0.00,0.00,0.00,0.00,0.00,0.00",,0.00,
machine learning for big data courses,,0,"0.00,0.00,0.00,0.00,0.00,0.00,0.00,0.00,0.00,0.00,0.00,0.00",,0.00,
machine learning for biology course,,0,"0.00,0.00,0.00,0.00,0.00,0.00,0.00,0.00,0.00,0.00,0.00,1.00",,0.00,
machine learning for biometrics course,,0,"0.00,0.00,0.00,0.00,0.00,0.00,0.00,0.00,0.00,0.00,0.00,0.00",,0.00,
machine learning for business leaders course,,0,"0.00,0.00,0.00,0.00,0.00,0.00,0.00,0.00,0.00,0.00,0.00,0.00",,0.00,
machine learning for business phd course,,0,"0.00,0.00,0.00,0.00,0.00,0.00,0.00,0.00,0.00,0.00,0.00,0.00",,0.00,
machine learning for calculus courses,,0,"0.00,0.00,0.00,0.00",,0.00,
machine learning for communications course,,0,"0.00,0.00,0.00,0.00,0.00,0.00,0.00,0.00,0.00,0.00,0.00,0.00",,0.00,
machine learning for cybersecurity 101 course,,0,"0.00,0.00,0.00,0.00,0.00,0.00,0.00,0.00,0.00,0.00,0.00,0.00",,0.00,
machine learning for cybersecurity course,,0,"0.00,0.00,0.00,0.00,0.00,0.00,0.00,0.00,0.00,1.00,0.50,1.00",,0.00,
machine learning for data scientists course,,0,"0.00,0.00,0.00,0.00,0.00,0.00,0.00,0.00,0.00,0.00,0.00,0.00",,0.00,
machine learning for environmental course,,0,"0.00,0.00,0.00,0.00,0.00,0.00,0.00,0.00,0.00,0.00,0.00,0.00",,0.00,
machine learning for everybody course,,0,"1.00,0.00,0.00",,0.00,
machine learning for executives course,,0,"0.00,0.00,0.00,0.00,0.00,0.00,0.00,0.00,0.00,0.00,0.00,0.00",,0.00,
machine learning for finance course online,,0,"0.00,0.00,0.00,0.00",,0.00,
machine learning for finance courses,,0,"0.00,0.00,0.00,0.00",,0.00,
machine learning for finance free course,,0,"0.00,1.00,1.00,0.00",,0.00,
machine learning for genomics course,,0,"0.00,0.00,0.00,0.00,0.00,0.00,0.00,0.00,0.00,0.00,0.00,0.00",,0.00,
machine learning for ios developers online courses,,0,"0.00,0.00,0.00,0.00,0.00,0.00,0.00,0.00,0.00,0.00,0.00,0.00",,0.00,
machine learning for java programming courses,,0,"0.00,0.00,0.00,0.00,0.00",,0.00,
machine learning for kids course,,0,"0.00,0.00,0.00,0.00,0.00,0.00,0.00,0.00,0.00,0.00,0.00,0.00",,0.00,
machine learning for machine learning courses,,0,"0.00,0.00,0.00,0.00",,0.00,
machine learning for marketing courses,,0,"0.00,1.00,0.00,0.00,0.00",,0.00,
machine learning for natural language processing courses,,0,"0.00,0.00,0.00,0.00",,0.00,
machine learning for physical scientists course,,0,"0.00,0.00,0.00,0.00,0.00,0.00,0.00,0.00,0.00,0.00,0.00,0.00",,0.00,
machine learning for predictive analytics course,,0,"0.00,0.00,0.00,0.00,0.00,0.00,0.00,0.00,0.00,0.00",,0.00,
machine learning for product managers course,,0,"0.00,0.00,0.00,0.00,0.00,0.00,0.00,0.00,0.00,0.00,0.00,0.00",,0.00,
machine learning for r programming courses,,0,"1.00,0.00,0.00,0.00,0.00",,0.00,
machine learning for scientists course,,0,"0.00,0.00,0.00,0.00,0.00,0.00,0.00,0.00,0.00,0.00,0.00,0.00",,0.00,
machine learning for signal processing online course,,0,"0.00,0.00,0.00,0.00,0.00,0.00,0.00,0.00,0.00,0.00,0.00,0.00",,0.00,
machine learning for software engineers course,,0,"0.00,0.00,0.00,0.00,0.00,0.00,0.00,0.00,0.00,0.00,0.00,0.00",,0.00,
machine learning for speech recognition courses,,0,"0.00,0.00,0.00,0.00,0.00,0.00,0.00,0.00,0.00,0.00,0.00,0.00",,0.00,
machine learning for starters online free course,,0,"0.00,0.00,0.00,0.00,0.00,0.00,0.00,0.00,0.00,0.00,0.00,0.00",,0.00,
machine learning for time series course,,0,"0.00,0.00,0.00,0.00,0.00,0.00,0.00,0.00,0.00,0.00,0.00,0.00",,0.00,
machine learning for wireless communications courses,,0,"0.00,0.00,0.00,0.00,0.00,0.00,0.00,0.00,0.00,0.00,0.00,0.00",,0.00,
machine learning foundation course,,0,"0.00,0.00,0.00,0.00,0.00,0.00,0.00,0.00,0.00,0.00,0.00,0.00",,5.46,
machine learning free certification course by google,,0,"0.00,0.00,0.00",,0.00,
machine learning free course coursera,,0,"0.00,0.00,0.00,0.00,0.00,0.00,0.00,0.00,0.00,0.00,0.00,0.00",,0.00,
machine learning free course download,,0,"0.00,0.00,0.00,0.00,0.00,0.00,0.00,0.00,0.00,0.00,0.00,0.00",,0.00,
machine learning free course new york,,0,"0.00,0.00,0.00,0.00,0.00,0.00,0.00,0.00,0.00,0.00,0.00,0.00",,0.00,
machine learning free online course for beginners,,0,"0.00,0.00,0.00,0.00,0.00,0.00,0.00,0.00,0.00,0.00,0.00,0.00",,0.00,
machine learning free online course quora,,0,"0.00,0.00,0.00,0.00,0.00,0.00,0.00,0.00,0.00,0.00,0.00,0.00",,0.00,
machine learning free online course with certificate,,0,"0.00,0.00,0.00,0.00,0.00,0.00,0.00,0.00,0.00,0.00,0.00,0.00",,0.00,
machine learning from data to decisions course review,,0,"0.00,0.00,0.00,0.00,0.00,0.00,0.00,0.00,0.00,0.00,0.00,0.00",,0.00,
machine learning from mit open course,,0,"0.00,0.00,0.00,0.00,0.00,0.00,0.00,0.00,0.00,0.00,0.00,0.00",,0.00,
machine learning from scratch course,,0,"0.00,0.00,0.00,0.00,0.00,0.00,0.00,0.00,0.00,0.00,0.00,0.00",,0.00,
machine learning full course for beginners,,0,"0.00,0.00,0.00,0.00,0.00,0.00,0.00,1.00,0.00,1.00,0.00,0.00",,0.00,
machine learning full course notes,,0,"0.00,0.00,0.00,0.00,0.00,0.00,0.00,0.00,0.00,0.00,0.00,0.00",,0.00,
machine learning full course syllabus,,0,"1.00,0.00,0.00,0.00,0.00,1.00,0.00,0.00,0.00,0.00,0.00,0.00",,0.00,
machine learning full course youtube,,0,"0.00,0.00,0.00,0.00,0.00,0.00,0.00,0.00,0.00,0.00,0.00,0.00",,0.00,
machine learning gatech course,,0,"0.00,0.00,0.00,0.00,0.00,0.00,0.00,0.00,0.00,1.00,0.00,0.00",,0.00,
machine learning geoscience course,,0,"0.00,0.00,0.00,0.00,0.00,0.00,0.00,0.00,0.00,0.00,0.00,0.00",,0.00,
machine learning get course brochure online short course,,0,"0.00,0.00,0.00,0.00,0.00,0.00,0.00,0.00,0.00,0.00,0.00,0.00",,0.00,
machine learning gis course,,0,"0.00,0.00,0.00,0.00,0.00,0.00,0.00,0.00,0.00,0.00,0.00,0.00",,0.00,
machine learning github course,,0,"0.00,0.00,0.00,0.00,0.00,0.00,0.00,0.00,0.00,0.00,0.00,0.00",,0.00,
machine learning google cloud course,,0,"0.00,0.00,0.00,0.00,0.00,0.00,0.00,0.00,0.00,0.00,0.00,0.00",,0.00,
machine learning google courses,,0,"0.00,0.00,0.00,0.00,0.00,0.00,0.00,0.00,0.00,0.00,0.00,0.00",,0.00,
machine learning government course,,0,"0.00,0.00,0.00,0.00,0.00,0.00,0.00,0.00,0.00,0.00,0.00,0.00",,0.00,
machine learning graduate psu course,,0,"0.00,0.00,0.00,0.00,0.00,0.00,0.00,0.00,0.00,0.00,0.00,0.00",,0.00,
machine learning graduate psu course ist 597,,0,"0.00,0.00,0.00,0.00,0.00,0.00,0.00,0.00,0.00,0.00,0.00,0.00",,0.00,
machine learning graduate psu course ist 597k,,0,"0.00,0.00,0.00,0.00,0.00,0.00,0.00,0.00,0.00,0.00,0.00,0.00",,0.00,
machine learning hardware course,,0,"0.00,0.00,0.00,0.00,0.00,0.00,0.00,0.00,0.00,0.00,0.00,0.00",,0.00,
machine learning hardware courses,,0,"0.00,0.00,0.00,0.00,0.00,0.00,0.00,0.00,0.00,0.00,0.00,0.00",,0.00,
machine learning harvard course 2019,,0,"0.00,0.00,0.00,0.00,0.00,0.00,0.00,0.00,0.00,0.00,0.00,0.00",,0.00,
machine learning harvard course free,,0,"0.00,0.00,0.00,0.00,0.00,0.00,0.00,0.00,0.00,0.00,0.00,0.00",,0.00,
machine learning hk course,,0,"0.00,0.00,0.00,0.00,0.00,0.00,0.00,0.00,0.00,0.00,0.00,0.00",,0.00,
machine learning hong kong course,,0,"0.00,0.00,0.00,0.00,0.00,0.00,0.00,0.00,0.00,0.00,0.00,0.00",,0.00,
machine learning hyperparameter tuning course,,0,"0.00,0.00,0.00,0.00,0.00,0.00,0.00,0.00,0.00,0.00,0.00,0.00",,0.00,
machine learning ibm course,,0,"0.00,0.00,0.00,0.00,0.00,0.00,0.00,0.00,0.00,0.00,0.00,0.00",,0.00,
machine learning iim course,,0,"0.00,0.00,0.00,0.00,0.00,0.00,0.00,0.00,0.00,0.00,0.00,0.00",,0.00,
machine learning iisc course,,0,"0.00,0.00,0.00,0.00,0.00,0.00,0.00,0.00,0.00,0.00,0.00,0.00",,0.00,
machine learning iit course,,0,"0.00,0.00,0.00,0.00,0.00,0.00,0.00,0.00,0.00,0.00,0.00,0.00",,0.00,
machine learning image analysis course,,0,"0.00,0.00,0.00,0.00,0.00,0.00,0.00,0.00,0.00,0.00,0.00,0.00",,0.00,
machine learning image recognition course,,0,"0.00,0.00,0.00,0.00,0.00,0.00,0.00,0.00,0.00,0.00,0.00,0.00",,0.00,
machine learning imperial course,,0,"0.00,0.00,0.00,0.00,0.00,0.00,0.00,0.00,0.00,0.00,0.00,0.00",,0.00,
machine learning in astronomy course,,0,"0.00,0.00,0.00,0.00,0.00,0.00,0.00,0.00,0.00,0.00,0.00,0.00",,0.00,
machine learning in bioinformatics course uiuc,,0,"0.00,0.00,0.00,0.00,0.00,0.00,0.00,0.00,0.00,0.00,0.00,0.00",,0.00,
machine learning in business analytics college courses online,,0,"0.00,0.00,0.00,0.00,0.00,0.00,0.00,0.00,0.00,0.00,0.00,0.00",,0.00,
machine learning in business course,,0,"0.00,0.00,0.00,0.00,0.00,0.00,0.00,0.00,0.00,0.00,0.00,0.00",,0.00,
machine learning in c++ course,,0,"0.00,0.00,0.00,0.00,0.00,0.00,0.00,0.00,0.00,0.00,0.00,0.00",,0.00,
machine learning in cloud courses,,0,"0.00,0.00,0.00,0.00,0.00,0.00,0.00,0.00,0.00,0.00,0.00,0.00",,0.00,
machine learning in cyber security course,,0,"0.00,0.00,0.00,0.00,0.00,0.00,0.00,0.00,0.00,0.00,0.00,0.00",,0.00,
machine learning in dna methylation course,,0,"0.00,0.00,0.00,0.00,0.00,0.00,0.00,0.00,0.00,0.00,0.00,0.00",,0.00,
machine learning in drug discovery online courses,,0,"0.00,0.00,0.00,0.00,0.00,0.00,0.00,0.00,0.00,0.00,0.00,0.00",,0.00,
machine learning in economics course,,0,"0.00,0.00,0.00,1.00,0.00,0.00,0.00,0.00,0.00,0.00,0.00,0.00",,0.00,
machine learning in epigenetics course,,0,"0.00,0.00,0.00,0.00,0.00,0.00,0.00,0.00,0.00,0.00,0.00,0.00",,0.00,
machine learning in finance course free,,0,"0.00,0.00,0.00",,0.00,
machine learning in finance course online,,0,"0.00,0.00,0.00",,0.00,
machine learning in healthcare courses,,0,"0.00,0.00,0.00,0.00,0.00,0.00,0.00,0.00,0.00,0.00,0.00,0.00",,0.00,
machine learning in healthcare courses online,,0,"0.00,0.00,0.00,0.00,0.00,0.00,0.00,0.00,0.00,0.00,0.00,0.00",,0.00,
machine learning in healthcare online courses,,0,"0.00,0.00,0.00,0.00,0.00,0.00,0.00,0.00,0.00,0.00,0.00,0.00",,0.00,
machine learning in java course,,0,"0.00,0.00,0.00,0.00,0.00,0.00,0.00,0.00,0.00,0.00,0.00,0.00",,0.00,
machine learning in manufacturing course,,0,"0.00,0.00,0.00,0.00,0.00,0.00,0.00,0.00,0.00,0.00,0.00,0.00",,0.00,
machine learning in marketing course,,0,"0.00,0.00,0.00,0.00,0.00,0.00,0.00,0.00,0.00,0.00,0.00,0.00",,0.00,
machine learning in materials science course,,0,"0.00,0.00,0.00,0.00,0.00,0.00,0.00,0.00,0.00,0.00,0.00,0.00",,0.00,
machine learning in matlab course,,0,"0.00,0.00,0.00,0.00,0.00,0.00,0.00,0.00,0.00,0.00,0.00,0.00",,0.00,
machine learning in medicine online course,,0,"0.00,0.00,0.00,0.00,0.00,0.00,0.00,0.00,0.00,0.00,0.00,0.00",,0.00,
machine learning in mobile applications online courses,,0,"0.00,0.00,0.00,0.00,0.00,0.00,0.00,0.00,0.00,0.00,0.00,0.00",,0.00,
machine learning in photonics online course,,0,"0.00,0.00,0.00,0.00,0.00,0.00,0.00,0.00,0.00,0.00,0.00,0.00",,0.00,
machine learning in python courses,,0,"0.00,0.00,0.00,0.00,0.00,0.00,0.00,0.00,0.00,0.00,0.00,0.00",,0.00,
machine learning in r free online course,,0,"0.00,0.00,0.00,0.00,0.00,0.00,0.00,0.00,0.00,0.00,0.00,0.00",,0.00,
machine learning in r online course,,0,"0.00,0.00,0.00,0.00,0.00,0.00,0.00,0.00,0.00,0.00,0.00,0.00",,0.00,
machine learning in supply chain course,,0,"0.00,0.00,0.00,0.00,0.00,0.00,0.00,0.00,0.00,0.00,0.00,0.00",,0.00,
machine learning in supply chain courses,,0,"0.00,0.00,0.00,0.00,0.00,0.00,0.00,0.00,0.00,0.00,0.00,0.00",,0.00,
machine learning indonesia courses,,0,"0.00,0.00,0.00,0.00,0.00,0.00,0.00,0.00,0.00,0.00,0.00,0.00",,0.00,
machine learning inference course,,0,"0.00,0.00,0.00,0.00,0.00,0.00,0.00,0.00,0.00,0.00,0.00,0.00",,0.00,
machine learning interactive course,,0,"0.00,0.00,0.00,0.00,0.00,0.00,0.00,0.00,0.00,0.00,0.00,0.00",,0.00,
machine learning interview prep course,,0,"0.00,1.00,0.00,0.00,0.00,0.00,0.00,0.00,0.00,0.00,0.00,0.00",,0.00,
machine learning interview preparation course,,0,"0.00,0.00,0.00,0.00,0.00,0.00,0.00,0.00,0.00,0.00,0.00,0.00",,0.00,
machine learning investing course,,0,"0.00,0.00,0.00,0.00,0.00,0.00,0.00,0.00,0.00,0.00,0.00,0.00",,0.00,
machine learning is a subset of deep learning. course hero,,0,"0.00,0.00,0.00,0.00,0.00,0.00,0.00,0.00,0.00,0.00,0.00,0.00",,0.00,
machine learning iu course,,0,"0.00,0.00,0.00,0.00,0.00,0.00,0.00,0.00,0.00,0.00,0.00,0.00",,0.00,
machine learning job course,,0,"0.00,0.00,0.00,0.00,0.00,0.00,0.00,0.00,0.00,0.00,0.00,0.00",,0.00,
machine learning jobs courses,,0,"0.00,0.00,0.00,0.00,0.00,0.00,0.00,0.00,0.00,0.00,0.00,0.00",,0.00,
machine learning kevin murphy course,,0,"0.00,0.00,0.00,0.00,0.00,0.00,0.00,0.00,0.00,0.00,0.00,0.00",,0.00,
machine learning krish naik course content,,0,"0.00,0.00,0.00,0.00,0.00,0.00,0.00,0.00,0.00,0.00,0.00,0.00",,0.00,
machine learning krish naik course content udemy,,0,"0.00,0.00,0.00,0.00,0.00,0.00,0.00,0.00,0.00,0.00,0.00,0.00",,0.00,
machine learning kth course,,0,"0.00,0.00,0.00,0.00,0.00,0.00,0.00,0.00,0.00,0.00,0.00,0.00",,0.00,
machine learning lab course outcomes,,0,"0.00,0.00,0.00,0.00,0.00,0.00,0.00,0.00,0.00,0.00,0.00,0.00",,0.00,
machine learning language course,,0,"0.00,0.00,0.00,0.00,0.00,0.00,0.00,0.00,0.00,0.00,0.00,0.00",,0.00,
machine learning live course india,,0,"0.00,0.00,0.00,0.00,0.00,0.00,0.00,0.00,0.00,0.00,0.00,0.00",,0.00,
machine learning machine learning course,,0,"0.00,0.00,0.00,0.00,0.00,0.00,0.00,0.00,0.00,0.00,0.00,0.00",,0.00,
machine learning marketing course,,0,"0.00,0.00,0.00,0.00,0.00,0.00,0.00,0.00,0.00,0.00,0.00,0.00",,0.00,
machine learning masters course,,0,"0.00,0.00,0.00,0.00,0.00,0.00,0.00,0.00,0.00,0.00,0.00,0.00",,0.00,
machine learning masters courses,,0,"0.00,0.00,0.00,0.00,0.00,0.00,0.00,0.00,0.00,0.00,0.00,0.00",,0.00,
machine learning mastery deep learning courses,,0,"0.00,0.00,0.00,0.00,0.00,0.00,0.00,0.00,0.00,0.00,0.00,0.00",,0.00,
machine learning maths course,,0,"0.00,0.00,0.00,0.00,0.00,0.00,0.00,0.00,0.00,0.00,0.00,0.00",,3.39,
machine learning mcgill course,,0,"0.00,0.00,0.00,0.00,0.00,0.00,0.00,0.00,0.00,0.00,0.00,0.00",,0.00,
machine learning medical imaging course,,0,"0.00,0.00,0.00,0.00,0.00,0.00,0.00,0.00,0.00,0.00,0.00,0.00",,0.00,
machine learning midterm course hero,,0,"0.00,0.00,0.00,0.00,0.00,0.00,0.00,0.00,0.00,0.00,0.00,0.00",,0.00,
machine learning midterm course hero ii t,,0,"0.00,0.00,0.00,0.00,0.00,0.00,0.00,0.00,0.00,0.00,0.00,0.00",,0.00,
machine learning midterm course hero iit,,0,"0.00,0.00,0.00,0.00,0.00,0.00,0.00,0.00,0.00,0.00,0.00,0.00",,0.00,
machine learning mini course,,0,"0.00,0.00,0.00,0.00,0.00,0.00,0.00,0.00,0.00,0.00,0.00,0.00",,0.00,
machine learning mit course pdf,,0,"0.00,0.00,0.00,0.00,0.00,0.00,0.00,0.00,0.00,0.00,0.00,0.00",,0.00,
machine learning mit open course,,0,"0.00,0.00,0.00,0.00,0.00,0.00,0.00,0.00,0.00,0.00,0.00,0.00",,3.61,
machine learning mit open course subgradient,,0,"0.00,0.00,0.00,0.00,0.00,0.00,0.00,0.00,0.00,0.00,0.00,0.00",,0.00,
machine learning model as rest api course,,0,"0.00,0.00,0.00,0.00,0.00,0.00,0.00,0.00,0.00,0.00,0.00,0.00",,0.00,
machine learning model course,,0,"0.00,0.00,0.00,0.00,0.00,0.00,0.00,0.00,0.00,0.00,0.00,0.00",,0.00,
machine learning ms courses,,0,"0.00,0.00,0.00,0.00,0.00,0.00,0.00,0.00,0.00,0.00,0.00,0.00",,0.00,
machine learning nanodegree course code,,0,"0.00,0.00,0.00,0.00,0.00,0.00,0.00,0.00,0.00,0.00,0.00,0.00",,0.00,
machine learning neural networks course,,0,"0.00,0.00,0.00,0.00,0.00,0.00,0.00,0.00,0.00,0.00,0.00,0.00",,0.00,
machine learning neuroscience course,,0,"0.00,0.00,0.00,0.00,0.00,0.00,0.00,0.00,0.00,0.00,0.00,0.00",,0.00,
machine learning new course,,0,"0.00,0.00,0.00,0.00,0.00,0.00,0.00,0.00,0.00,0.00,0.00,0.00",,0.00,
machine learning northwestern course fall,,0,"0.00,0.00,0.00,0.00,0.00,0.00,0.00,0.00,0.00,0.00,0.00,0.00",,0.00,
machine learning nptel course iit madras,,0,"0.00,0.00,0.00,0.00,0.00,0.00,0.00,0.00,0.00,0.00,0.00,0.00",,0.00,
machine learning obstacle course challenge,,0,"0.00,0.00,0.00,0.00,0.00,0.00,0.00,0.00,0.00,0.00,0.00,0.00",,0.00,
machine learning octave course,,0,"0.00,0.00,0.00,0.00,0.00,0.00,0.00,0.00,0.00,0.00,0.00,0.00",,0.00,
machine learning on campus courses bay area,,0,"0.00,0.00,0.00,0.00,0.00,0.00,0.00,0.00,0.00,0.00,0.00,0.00",,0.00,
machine learning on cloud courses,,0,"0.00,0.00,0.00,0.00,0.00,0.00,0.00,0.00,0.00,0.00,0.00,0.00",,0.00,
machine learning on graphs course,,0,"0.00,0.00,0.00,0.00,0.00,0.00,0.00,0.00,0.00,0.00,0.00,0.00",,0.00,
machine learning on python course,,0,"0.00,0.00,0.00,0.00,0.00,0.00,0.00,0.00,0.00,0.00,0.00,0.00",,0.00,
machine learning online best courses,,0,"0.00,0.00,0.00,0.00,0.00,0.00,0.00,0.00,0.00,0.00,0.00,0.00",,0.00,
machine learning online certificate course,,0,"0.00,0.00,0.00,0.00,0.00,0.00,0.00,0.00,0.00,0.00,0.00,0.00",,0.00,
machine learning online course andrew ng,,0,"0.00,0.00,0.00,0.00,0.00,0.00,0.00,0.00,0.00,0.00,0.00,0.00",,0.00,
machine learning online course australia,,0,"0.00,0.00,0.00,0.00,0.00,0.00,0.00,0.00,0.00,0.00,0.00,0.00",,0.00,
machine learning online course best,,0,"0.00,0.00,0.00,0.00,0.00,0.00,0.00,0.00,0.00,0.00,0.00,0.00",,0.00,
machine learning online course caltech,,0,"0.00,0.00,0.00,0.00,0.00,0.00,0.00,0.00,0.00,0.00,0.00,0.00",,0.00,
machine learning online course columbia,,0,"0.00,0.00,0.00,0.00,0.00,0.00,0.00,0.00,0.00,0.00,0.00,0.00",,0.00,
machine learning online course comparison,,0,"0.00,0.00,0.00,0.00,0.00,0.00,0.00,0.00,0.00,0.00,0.00,0.00",,0.00,
machine learning online course fees,,0,"0.00,0.00,0.00,0.00,0.00,0.00,0.00,0.00,0.00,0.00,0.00,0.00",,0.00,
machine learning online course for free,,0,"0.00,0.00,0.00,0.00,0.00,0.00,0.00,0.00,0.00,0.00,0.00,0.00",,0.00,
machine learning online course google,,0,"0.00,0.00,0.00,0.00,0.00,0.00,0.00,0.00,0.00,0.00,0.00,0.00",,0.00,
machine learning online course iit,,0,"0.00,0.00,0.00,0.00,1.00,0.00,0.00,1.00,0.00,0.00,0.00,0.00",,0.00,
machine learning online course in hyderabad,,0,"0.00,0.00,0.00,0.00,0.00,0.00,0.00,0.00,0.00,0.00,0.00,0.00",,0.00,
machine learning online course in python,,0,"0.00,0.00,0.00,0.00,0.00,0.00,0.00,0.00,0.00,0.00,0.00,0.00",,0.00,
machine learning online course in python best,,0,"0.00,0.00,0.00,0.00,0.00,0.00,0.00,0.00,0.00,0.00,0.00,0.00",,0.00,
machine learning online course near me,,0,"0.00,0.00,0.00,0.00,0.00,0.00,0.00,0.00,0.00,0.00,0.00,0.00",,0.00,
machine learning online course nptel,,0,"0.00,0.00,0.00,0.00,0.00,0.00,0.00,0.00,0.00,0.00,0.00,0.00",,0.00,
machine learning online course python,,0,"0.00,0.00,0.00,0.00,0.00,0.00,0.00,0.00,0.00,0.00,0.00,0.00",,3.45,
machine learning online course quora,,0,"0.00,0.00,0.00,0.00,0.00,0.00,0.00,0.00,0.00,0.00,0.00,0.00",,0.00,
machine learning online course reddit,,0,"0.00,0.00,0.00,0.00,0.00,0.00,0.00,0.00,0.00,0.00,0.00,0.00",,0.00,
machine learning online course review,,0,"0.00,0.00,0.00,0.00,0.00,0.00,0.00,0.00,0.00,0.00,0.00,0.00",,0.00,
machine learning online course stanford,,0,"0.00,0.00,0.00,0.00,0.00,0.00,0.00,0.00,0.00,0.00,0.00,0.00",,4.29,
machine learning online course tools,,0,"0.00,0.00,0.00,0.00,0.00,0.00,0.00,0.00,0.00,0.00,0.00,0.00",,0.00,
machine learning online course university,,0,"0.00,0.00,0.00,0.00,0.00,0.00,0.00,0.00,0.00,0.00,0.00,0.00",,0.00,
machine learning online course video,,0,"0.00,0.00,0.00,0.00,0.00,0.00,0.00,0.00,0.00,0.00,0.00,0.00",,0.00,
machine learning online courses 2025,,0,"0.00,0.00,0.00,0.00",,0.00,
machine learning online courses college,,0,"0.00,0.00,0.00,0.00,0.00,0.00,0.00,0.00,0.00,0.00,0.00,0.00",,0.00,
machine learning online courses college accredited,,0,"0.00,0.00,0.00,0.00,0.00,0.00,0.00,0.00,0.00,0.00,0.00,0.00",,0.00,
machine learning online courses free,,0,"0.00,0.00,0.00,0.00,0.00,0.00,0.00,0.00,0.00,0.00,0.00,0.00",,3.12,
machine learning online courses mit,,0,"0.00,0.00,0.00,0.00,0.00,0.00,0.00,0.00,0.00,0.00,0.00,0.00",,0.00,
machine learning online courses nptel,,0,"1.00,0.00,0.00,0.00,0.00,0.00,0.00,0.00,0.00,0.00,0.00,0.00",,0.00,
machine learning online courses with github,,0,"0.00,0.00,0.00,0.00,0.00,0.00,0.00,0.00,0.00,0.00,0.00,0.00",,0.00,
machine learning online courses with github kaggle,,0,"0.00,0.00,0.00,0.00,0.00,0.00,0.00,0.00,0.00,0.00,0.00,0.00",,0.00,
machine learning online free course udemy,,0,"0.00,0.00,0.00,0.00,0.00,0.00,0.00,0.00,0.00,0.00,0.00,0.00",,0.00,
machine learning onramp course answers,,0,"0.00,0.00,0.00,0.00,0.00,0.00,0.00,0.00,0.00,0.00,0.00,0.00",,0.00,
machine learning opeartions marketing course,,0,"0.00,0.00,0.00,0.00,0.00,0.00,0.00,0.00,0.00,0.00,0.00,0.00",,0.00,
machine learning open course andrew ng,,0,"0.00,0.00,0.00,0.00,0.00,0.00,0.00,0.00,0.00,0.00,0.00,0.00",,0.00,
machine learning open course medium,,0,"0.00,0.00,0.00,0.00,0.00,0.00,0.00,0.00,0.00,0.00,0.00,0.00",,0.00,
machine learning open course mit,,0,"0.00,0.00,0.00,0.00,0.00,0.00,0.00,0.00,0.00,0.00,0.00,0.00",,0.00,
machine learning open course stanford,,0,"0.00,0.00,0.00,0.00,0.00,0.00,0.00,0.00,0.00,0.00,0.00,0.00",,0.00,
machine learning open course subgradient,,0,"0.00,0.00,0.00,0.00,0.00,0.00,0.00,0.00,0.00,0.00,0.00,0.00",,0.00,
machine learning open courses,,0,"0.00,0.00,0.00,0.00,0.00,0.00,0.00,0.00,0.00,0.00,0.00,0.00",,0.00,
machine learning open source course,,0,"0.00,0.00,0.00,0.00,0.00,0.00,0.00,0.00,0.00,0.00,0.00,0.00",,0.00,
machine learning operation course,,0,"0.00,0.00,1.00,0.00,0.00,0.00,0.00,0.00,0.00,0.00,0.00",,0.00,
machine learning operations marketing course,,0,"0.00,1.00,0.00,1.00,0.00,0.00,0.00,1.00,1.00,0.00,0.00,0.00",,0.00,
machine learning operations marketing course phd,,0,"0.00,0.00,0.00,0.00,0.00,0.00,0.00,0.00,0.00,0.00,0.00,0.00",,0.00,
machine learning ops course,,0,"0.00,0.00,0.00,0.00,0.00,0.00,0.00,1.00,1.00,0.00,0.00,0.00",,4.77,
machine learning optimization using genetic algorithm course,,0,"0.00,0.00,0.00,0.00,0.00,0.00,0.00,0.00,0.00,0.00,0.00,0.00",,0.00,
machine learning or neural network courses,,0,"0.00,0.00,0.00,0.00,0.00,0.00,0.00,0.00,0.00,0.00,0.00,0.00",,0.00,
machine learning or neural network crash courses,,0,"0.00,0.00,0.00,0.00,0.00,0.00,0.00,0.00,0.00,0.00,0.00,0.00",,0.00,
machine learning overview course,,0,"0.00,0.00,0.00,0.00,0.00,0.00,0.00,0.00,0.00,0.00,0.00,0.00",,0.00,
machine learning oxford course,,0,"0.00,0.00,0.00,0.00,0.00,0.00,0.00,0.00,0.00,0.00,0.00,0.00",,0.00,
machine learning p courses,,0,"0.00,0.00,0.00,0.00,0.00,0.00,0.00,0.00,0.00,0.00,0.00,0.00",,0.00,
machine learning parameter tuning course,,0,"0.00,0.00,0.00,0.00,0.00,0.00,0.00,0.00,0.00,0.00,0.00,0.00",,0.00,
machine learning pg course,,0,"0.00,0.00,0.00,0.00,0.00,0.00,0.00,0.00,0.00,0.00,0.00,0.00",,0.00,
machine learning phd course syllabus,,0,"0.00,0.00,0.00,0.00,0.00,0.00,0.00,0.00,0.00,0.00,0.00,0.00",,0.00,
machine learning php course,,0,"0.00,0.00,0.00,0.00,0.00,0.00,0.00,0.00,0.00,0.00,0.00,0.00",,0.00,
machine learning physics course,,0,"0.00,0.00,0.00,0.00,0.00,0.00,0.00,0.00,0.00,0.00,0.00,0.00",,0.00,
machine learning pitt at cmu course,,0,"0.00,0.00,0.00,0.00,0.00,0.00,0.00,0.00,0.00,0.00,0.00,0.00",,0.00,
machine learning podcast course,,0,"0.00,0.00,0.00,0.00,0.00,0.00,0.00,0.00,0.00,0.00,0.00,0.00",,0.00,
machine learning population science short course,,0,"0.00,0.00,0.00,0.00,0.00,0.00,0.00,0.00,0.00,0.00,0.00,0.00",,0.00,
machine learning portfolio management course,,0,"0.00,0.00",,0.00,
machine learning power bi online courses,,0,"0.00,0.00,0.00,0.00,0.00,0.00,0.00,0.00,0.00,0.00,0.00,0.00",,0.00,
machine learning practical 6 real world applications course download,,0,"0.00,0.00,0.00,0.00,0.00,0.00,0.00,0.00,0.00,0.00,0.00,0.00",,0.00,
machine learning practical 6 real-world applications course download,,0,"0.00,0.00,0.00,0.00,0.00,0.00,0.00,0.00,0.00,0.00,0.00,0.00",,0.00,
machine learning practical: 6 real-world applications online course,,0,"0.00,0.00,0.00,0.00,0.00,0.00,0.00,0.00,0.00,0.00,0.00,0.00",,0.00,
machine learning probability and statistics course,,0,"0.00,0.00,0.00,0.00,0.00,0.00,0.00,0.00,0.00,0.00,0.00,0.00",,0.00,
machine learning production course,,0,"0.00,0.00,0.00,0.00,0.00,0.00,0.00,0.00,0.00,0.00,0.00,0.00",,0.00,
machine learning professional courses,,0,"0.00,0.00,0.00,0.00,0.00,0.00,0.00,0.00,0.00,0.00,0.00,0.00",,0.00,
machine learning programming course,,0,"0.00,0.00,0.00,0.00,0.00,0.00,0.00,0.00,0.00,0.00,0.00,0.00",,0.00,
machine learning project course,,0,"1.00,0.00,0.00,0.00,0.00,0.00,0.00,0.00,0.00,0.00,0.00,0.00",,0.00,
machine learning project courses,,0,"0.00,0.00,0.00,0.00,0.00,0.00,0.00,0.00,0.00,0.00,0.00,0.00",,0.00,
machine learning project management course,,0,"0.00,0.00,0.00,0.00,0.00,0.00,0.00,0.00,0.00,0.00,0.00,0.00",,0.00,
machine learning projects courses,,0,"0.00,0.00,0.00,0.00,0.00,1.00,0.00,0.00,0.00,0.00,0.00,0.00",,0.00,
machine learning protected course for free online,,0,"1.00,0.00,0.00,0.00,0.00,0.00,0.00,0.00,0.00,0.00,0.00",,0.00,
machine learning public health course,,0,"0.00,0.00,0.00,0.00,0.00,0.00,0.00,0.00,0.00,0.00,0.00,0.00",,0.00,
machine learning python course bangalore,,0,"0.00,0.00,0.00,0.00,0.00,0.00,0.00,0.00,0.00,0.00,0.00,0.00",,0.00,
machine learning python course coursera,,0,"0.00,0.00,0.00,0.00,0.00,0.00,0.00,0.00,0.00,0.00,0.00,0.00",,0.00,
machine learning python course in bangalore,,0,"0.00,0.00,0.00,0.00,0.00,0.00,0.00,0.00,0.00,0.00,0.00,0.00",,0.00,
machine learning python course in chennai,,0,"0.00,0.00,0.00,0.00,0.00,0.00,0.00,0.00,0.00,0.00,0.00,0.00",,0.00,
machine learning python course london,,0,"0.00,0.00,0.00,0.00,0.00,0.00,0.00,0.00,0.00,0.00,0.00,0.00",,0.00,
machine learning python course pdf,,0,"0.00,0.00,0.00,0.00,0.00,0.00,0.00,0.00,0.00,0.00,0.00,0.00",,0.00,
machine learning python course reddit,,0,"0.00,0.00,0.00,0.00,0.00,0.00,0.00,0.00,0.00,0.00,0.00,0.00",,0.00,
machine learning python course singapore,,0,"0.00,0.00,0.00,0.00,0.00,0.00,0.00,0.00,0.00,0.00,0.00,0.00",,0.00,
machine learning python course uk,,0,"0.00,0.00,0.00,0.00,0.00,0.00,0.00,0.00,0.00,0.00,0.00,0.00",,0.00,
machine learning python course youtube,,0,"0.00,0.00,0.00,0.00,0.00,0.00,0.00,0.00,0.00,0.00,0.00,0.00",,0.00,
machine learning python courses,,0,"0.00,0.00,0.00,0.00,0.00,0.00,0.00,0.33,1.00,0.00,0.00,0.00",,4.52,
machine learning python courses reddit,,0,"0.00,0.00,0.00,0.00,0.00,0.00,0.00,0.00,0.00,0.00,0.00,0.00",,0.00,
machine learning python crash course,,0,"0.00,0.00,0.00,0.00,0.00,0.00",,0.00,
machine learning python online courses,,0,"0.00,0.00,0.00,0.00,0.00,0.00,0.00,0.00,0.00,0.00,0.00,0.00",,0.00,
machine learning quick course,,0,"0.00,0.00,0.00,0.00,0.00,0.00,0.00,0.00,0.00,0.00,0.00,0.00",,0.00,
machine learning r course london,,0,"0.00,0.00,0.00,0.00,0.00,0.00,0.00,0.00,0.00,0.00,0.00,0.00",,0.00,
machine learning r free course,,0,"0.00,0.00,0.00,0.00,0.00,0.00,0.00,0.00,0.00,0.00,0.00,0.00",,0.00,
machine learning r online course,,0,"0.00,0.00,0.00,0.00,0.00,0.00,0.00,0.00,0.00,0.00,0.00,0.00",,0.00,
machine learning radiology course,,0,"0.00,0.00,0.00,0.00,0.00,0.00,0.00,0.00,0.00,0.00,0.00,0.00",,0.00,
machine learning radiology free course,,0,"0.00,0.00,0.00,0.00,0.00,0.00,0.00,0.00,0.00,0.00,0.00,0.00",,0.00,
machine learning refresher course,,0,"0.00,0.00,0.00,0.00,0.00,0.00,0.00,0.00,0.00,0.00,0.00,0.00",,0.00,
machine learning regression course,,0,"0.00,0.00,0.00,0.00,0.00,0.00,0.00,1.00,1.00,0.00,0.00,0.00",,0.00,
machine learning related course,,0,"0.00,0.00,0.00,0.00,0.00,0.00,0.00,0.00,0.00,0.00,0.00,0.00",,0.00,
machine learning sangli course,,0,"0.00,0.00,0.00,0.00,0.00,0.00,0.00,0.00,0.00,0.00,0.00,0.00",,0.00,
machine learning sangli miraj course,,0,"0.00,0.00,0.00,0.00,0.00,0.00,0.00,0.00,0.00,0.00,0.00,0.00",,0.00,
machine learning scala course,,0,"0.00,0.00,0.00,0.00,0.00,0.00,0.00,0.00,0.00,0.00,0.00,0.00",,0.00,
machine learning scientists courses,,0,"0.00,0.00,0.00,0.00,0.00,1.00,1.00,1.00,1.00,0.00,0.00,0.00",,0.00,
machine learning seattle course,,0,"0.00,0.00,0.00,0.00,0.00,0.00,0.00,0.00,0.00,0.00,0.00,0.00",,0.00,
machine learning seg course,,0,"0.00,0.00,0.00,0.00,0.00,0.00,0.00,0.00,0.00,0.00,0.00,0.00",,0.00,
machine learning short course 2017,,0,"0.00,0.00,0.00,0.00,0.00,0.00,0.00,0.00,0.00,0.00,0.00,0.00",,0.00,
machine learning short course pune,,0,"0.00,0.00,0.00,0.00,0.00,0.00,0.00,0.00,0.00,0.00,0.00,0.00",,0.00,
machine learning short course singapore,,0,"0.00,0.00,0.00,0.00,0.00,0.00,0.00,0.00,0.00,0.00,0.00,0.00",,0.00,
machine learning short course south africa,,0,"0.00,0.00,0.00,0.00,0.00,0.00,0.00,0.00,0.00,0.00,0.00,0.00",,0.00,
machine learning short course uiuc,,0,"0.00,0.00,0.00,0.00,0.00,0.00,0.00,0.00,0.00,0.00,0.00,0.00",,0.00,
machine learning short course uk,,0,"0.00,1.00,0.00,0.00,0.00,0.00,0.00,0.00,0.00,0.00,0.00,0.00",,0.00,
machine learning short courses,,0,"0.00,0.00,0.00,0.00,0.00,0.00,0.00,1.00,0.00,0.00,0.00,0.00",,6.61,
machine learning signal processing course,,0,"0.00,0.00,0.00,0.00,0.00,0.00,0.00,0.00,0.00,0.00,0.00,0.00",,0.00,
machine learning simple undergraduate course slides,,0,"0.00,0.00,0.00,0.00,0.00,0.00,0.00,0.00,0.00,0.00,0.00,0.00",,0.00,
machine learning singapore course,,0,"0.00,0.00,0.00,0.00,0.00,0.00,0.00,0.00,0.00,0.00,0.00,0.00",,0.00,
machine learning social science short course,,0,"0.00,0.00,0.00,0.00,0.00,0.00,0.00,0.00,0.00,0.00,0.00,0.00",,0.00,
machine learning software course,,0,"0.00,0.00,0.00,0.00,0.00,0.00,0.00,0.00,0.00,0.00,0.00,0.00",,0.00,
machine learning software development training courses,,0,"0.00,0.00,0.00,0.00,0.00,0.00,0.00,0.00,0.00,0.00,0.00,0.00",,0.00,
machine learning software engineering courses,,0,"0.00,0.00,0.00,0.00,0.00,0.00,0.00,0.00,0.00,0.00,0.00,0.00",,0.00,
machine learning spark course,,0,"0.00,0.00,0.00,0.00,0.00,0.00,0.00,0.00,0.00,0.00,0.00,0.00",,0.00,
machine learning specialist epsilon course,,0,"0.00,0.00,0.00,0.00,0.00,0.00,0.00,0.00,0.00,0.00,0.00,0.00",,0.00,
machine learning specializaiotn which courses,,0,"0.00,0.00,0.00,0.00,0.00,0.00,0.00,0.00,0.00,0.00,0.00,0.00",,0.00,
machine learning stanford course,,0,"0.00,0.00,0.00,0.00,0.00,0.00,0.00,0.00,0.00,0.00,0.00,0.00",,3.39,
machine learning stanford course book,,0,"0.00,0.00,0.00,0.00,0.00,0.00,0.00,0.00,0.00,0.00,0.00,0.00",,0.00,
machine learning stanford course notes,,0,"0.00,0.00,0.00,0.00,0.00,0.00,0.00,0.00,0.00,0.00,0.00,0.00",,0.00,
machine learning stanford courses,,0,"0.00,0.00,0.00,0.00,0.00,0.00,0.00,0.00,0.00,0.00,0.00,0.00",,0.00,
machine learning stanford online course,,0,"0.00,0.00,0.00,0.00,0.00,0.00,0.00,0.00,0.00,0.00,0.00,0.00",,4.05,
machine learning stanford online course download,,0,"0.00,0.00,0.00,0.00,0.00,0.00,0.00,0.00,0.00,0.00,0.00,0.00",,0.00,
machine learning stanford university about this course,,0,"0.00,0.00,0.00,0.00,0.00,0.00,0.00,0.00,0.00,0.00,0.00,0.00",,0.00,
machine learning stanford university about this course what year,,0,"0.00,0.00,0.00,0.00,0.00,0.00,0.00,0.00,0.00,0.00,0.00,0.00",,0.00,
machine learning stata course,,0,"0.00,0.00,0.00,0.00,0.00,0.00,0.00,0.00,0.00,0.00,0.00,0.00",,0.00,
machine learning stock market course,,0,"0.00,0.00,0.00,0.00,0.00,0.00,0.00,0.00,0.00,0.00,0.00,0.00",,0.00,
machine learning summer course 2018,,0,"0.00,0.00,0.00,0.00,0.00,0.00,0.00,0.00,0.00,0.00,0.00,0.00",,0.00,
machine learning supply chain course,,0,"0.00,0.00,0.00,0.00,0.00,0.00,0.00,0.00,0.00,0.00,0.00,0.00",,0.00,
machine learning syllabus a first course in machine learning rogers,,0,"0.00,0.00,0.00,0.00,0.00,0.00,0.00,0.00,0.00,0.00,0.00,0.00",,0.00,
machine learning system course,,0,"0.00,0.00,0.00,0.00,0.00,0.00,0.00,0.00,0.00,0.00,0.00,0.00",,0.00,
machine learning system design courses,,0,"0.00,0.00,0.00,0.00,0.00,0.00,0.00,0.00,1.00,0.00,0.00,0.00",,0.00,
machine learning systems design course,,0,"0.00,0.00,0.00,0.00,0.00,0.00,0.00,0.00,0.00,0.00,0.00,0.00",,0.00,
machine learning team projects course,,0,"0.00,0.00,0.00,0.00,0.00,0.00,0.00,0.00,0.00,0.00,0.00,0.00",,0.00,
machine learning techniques for stock predicting course,,0,"0.00,0.00,0.00,0.00,0.00,0.00,0.00,0.00,0.00,0.00,0.00,0.00",,0.00,
machine learning techniques for stock prediction course,,0,"0.00,0.00,0.00,0.00,0.00,0.00,0.00,0.00,0.00,0.00,0.00,0.00",,0.00,
machine learning tensorflow course uk,,0,"0.00,0.00,0.00,0.00,0.00,0.00,0.00,0.00,0.00,0.00,0.00,0.00",,0.00,
machine learning theory course usc,,0,"0.00,0.00,0.00,0.00,0.00,0.00,0.00,0.00,0.00,0.00,0.00,0.00",,0.00,
machine learning theory on youtube courses best,,0,"0.00,0.00,0.00,0.00,0.00,0.00,0.00,0.00,0.00,0.00,0.00,0.00",,0.00,
machine learning theory online course,,0,"0.00,0.00,0.00,0.00,0.00,0.00,0.00,0.00,0.00,0.00,0.00,0.00",,0.00,
machine learning thoery course,,0,"0.00,0.00,0.00,0.00,0.00,0.00,0.00,0.00,0.00,0.00,0.00,0.00",,0.00,
machine learning time series courses,,0,"0.00,0.00,0.00,0.00,0.00,0.00,0.00,0.00,0.00,0.00,0.00,0.00",,0.00,
machine learning tom mitchell course,,0,"0.00,0.00,0.00,0.00,0.00,0.00,0.00,0.00,0.00,0.00,0.00,0.00",,0.00,
machine learning trading course hours,,0,"0.00,0.00,0.00,0.00,0.00,0.00,0.00,0.00,0.00,0.00,0.00,0.00",,0.00,
machine learning trading online course,,0,"0.00,0.00,0.00,0.00,0.00,0.00,0.00,0.00,0.00,0.00,0.00,0.00",,0.00,
machine learning training course bangalore,,0,"0.00,0.00,0.00,0.00,0.00,0.00,0.00,0.00,0.00,0.00,0.00,0.00",,0.00,
machine learning training course content,,0,"0.00,0.00,0.00,0.00,0.00,0.00,0.00,0.00,0.00,0.00,0.00,0.00",,0.00,
machine learning training course in,,0,"0.00,0.00,0.00,0.00,0.00,0.00,0.00,0.00,0.00,0.00,0.00,0.00",,0.00,
machine learning training course in jaipur,,0,"0.00,0.00,0.00,0.00,0.00,0.00,0.00,0.00,0.00,0.00,0.00,0.00",,0.00,
machine learning training course london,,0,"0.00,0.00,0.00,0.00,0.00,0.00,0.00,0.00,0.00,0.00,0.00,0.00",,0.00,
machine learning training course uk,,0,"0.00,0.00,0.00,0.00,0.00,0.00,0.00,0.00,0.00,0.00,0.00,0.00",,0.00,
machine learning training courses london,,0,"0.00,0.00,0.00,0.00,0.00,0.00,0.00,0.00,0.00,0.00,0.00,0.00",,0.00,
machine learning training courses uk,,0,"0.00,0.00,0.00,0.00,0.00,0.00,0.00,0.00,0.00,0.00,0.00,0.00",,0.00,
machine learning tutorial machine learning course,,0,"0.00,0.00,0.00,0.00,0.00,0.00,0.00,0.00,0.00,0.00,0.00,0.00",,0.00,
machine learning ucla course,,0,"0.00,0.00,0.00,0.00,0.00,0.00,0.00,0.00,0.00,0.00,0.00,0.00",,0.00,
machine learning udacity free course,,0,"0.00,0.00,0.00,0.00,0.00,0.00,0.00,0.00,0.00,0.00,0.00,0.00",,0.00,
machine learning udemy course download,,0,"0.00,0.00,0.00,0.00,0.00,0.00,0.00,0.00,0.00,0.00,0.00,0.00",,0.00,
machine learning udemy course free download,,0,"0.00,0.00,0.00,0.00,0.00,0.00,0.00,0.00,0.00,0.00,0.00,0.00",,0.00,
machine learning udemy course kiril review quora,,0,"0.00,0.00,0.00,0.00,0.00,0.00,0.00,0.00,0.00,0.00,0.00,0.00",,0.00,
machine learning udemy courses,,0,"0.00,0.00,0.00,0.00,0.00,0.00,0.00,0.00,0.00,0.00,0.00,0.00",,0.00,
machine learning ug course,,0,"0.00,0.00,0.00,0.00,0.00,0.00,0.00,0.00,0.00,0.00,0.00,0.00",,0.00,
machine learning uk course,,0,"0.00,0.00,0.00,0.00,0.00,0.00,0.00,0.00,0.00,0.00,0.00,0.00",,0.00,
machine learning uml course,,0,"0.00,0.00,0.00,0.00,0.00,0.00,0.00,0.00,0.00,0.00,0.00,0.00",,0.00,
machine learning uoft course,,0,"0.00,0.00,0.00,0.00,0.00,0.00,0.00,0.00,0.00,0.00,0.00,0.00",,0.00,
machine learning usc course,,0,"0.00,0.00,0.00,0.00,0.00,0.00,0.00,0.00,0.00,0.00,0.00,0.00",,0.00,
machine learning using azureml course,,0,"0.00,0.00,0.00,0.00,0.00,0.00,0.00,0.00,0.00,0.00,0.00,0.00",,0.00,
machine learning using matlab course,,0,"1.00,0.00,0.00,0.00,0.00,0.00,0.00,0.00,0.00,0.00,0.00,0.00",,0.00,
machine learning using python course free,,0,"0.00,0.00,0.00,0.00,0.00,0.00,0.00,0.00,0.00,0.00,0.00,0.00",,0.00,
machine learning using python online course,,0,"0.00,0.00,0.00,0.00,1.00,0.00,0.00,0.00,0.00,0.00,0.00,0.00",,0.00,
machine learning using r course,,0,"0.00,0.00,0.00,0.00,0.00,0.00,0.00,0.00,0.00,0.00,0.00,0.00",,0.00,
machine learning using r online course,,0,"0.00,0.00,0.00,0.00,0.00,0.00,0.00,0.00,0.00,0.00,0.00,0.00",,0.00,
machine learning ut austin graduate level course,,0,"0.00,0.00,0.00,0.00,0.00,0.00,0.00,0.00,0.00,0.00,0.00,0.00",,0.00,
machine learning video course stanford,,0,"0.00,0.00,0.00,0.00,0.00,0.00,0.00,0.00,0.00,0.00,0.00,0.00",,0.00,
machine learning with andrew ng courses,,0,"1.00,0.00,0.00,0.00,0.00",,0.00,
machine learning with apache spark course,,0,"0.00,0.00,0.00,0.00,0.00,0.00,0.00,0.00,0.00,0.00,0.00,0.00",,0.00,
machine learning with c++ course,,0,"0.00,0.00,0.00,0.00,0.00,0.00,0.00,0.00,0.00,0.00,0.00,0.00",,0.00,
machine learning with java course,,0,"0.00,0.00,0.00,0.00,0.00,0.00,0.00,0.00,0.00,0.00,0.00,0.00",,0.00,
machine learning with javascript course,,0,"0.00,0.00,0.00,0.00,0.00,0.00,0.00,0.00,0.00,0.00,0.00,0.00",,0.00,
machine learning with matlab online course,,0,"0.00,0.00,0.00,0.00,0.00,0.00,0.00,0.00,0.00,0.00,0.00,0.00",,0.00,
machine learning with matlab self-paced course,,0,"0.00,0.00,0.00,0.00,0.00,0.00,0.00,0.00,0.00,0.00,0.00,0.00",,0.00,
machine learning with python : complete course for beginners,,0,"0.00,0.00,0.00,0.00,0.00,0.00,0.00,0.00,0.00,0.00,0.00,0.00",,0.00,
machine learning with python and java course in malaysia,,0,"0.00,0.00,1.00,0.00,0.00,0.00,0.00",,0.00,
machine learning with python best courses,,0,"0.00,0.00,0.00,0.00,0.00,0.00,0.00,0.00,0.00,0.00,0.00,0.00",,0.00,
machine learning with python course and ebook bundle,,0,"0.00,0.00,0.00,0.00,0.00,0.00,0.00,0.00,0.00,0.00,0.00,0.00",,0.00,
machine learning with python course content,,0,"0.00,0.00,0.00,0.00,0.00,0.00,0.00,0.00,0.00,0.00,0.00,0.00",,0.00,
machine learning with python course download,,0,"0.00,0.00,0.00,0.00,0.00,0.00,0.00,0.00,0.00,0.00,0.00,0.00",,0.00,
machine learning with python course in bangalore,,0,"0.00,0.00,0.00,0.00,0.00,0.00,0.00,0.00,0.00,0.00,0.00,0.00",,0.00,
machine learning with python course in chennai,,0,"0.00,0.00,0.00,0.00,0.00,0.00,0.00,0.00,0.00,0.00,0.00,0.00",,0.00,
machine learning with python course in hyderabad,,0,"0.00,0.00,0.00,0.00,0.00,0.00,0.00,0.00,0.00,0.00,0.00,0.00",,0.00,
machine learning with python course in kolkata,,0,"0.00,0.00,0.00,0.00,0.00,0.00,0.00,0.00,0.00,0.00,0.00,0.00",,0.00,
machine learning with python course in malaysia,,0,"0.00,1.00,0.00,0.00,0.00,0.00",,0.00,
machine learning with python course in mumbai,,0,"0.00,0.00,0.00,0.00,0.00,0.00,0.00,0.00,0.00,0.00,0.00,0.00",,0.00,
machine learning with python course in pune,,0,"0.00,0.00,0.00,0.00,0.00,0.00,0.00,0.00,0.00,0.00,0.00,0.00",,0.00,
machine learning with python course online,,0,"0.00,0.00,0.00,0.00,0.00,0.00,0.00,0.00,0.00,0.00,0.00,0.00",,0.00,
machine learning with python crash course,,0,"0.00,0.00,0.00,0.00,0.00,0.00,0.00,0.00,0.00,0.00,0.00,0.00",,0.00,
machine learning with python online course,,0,"0.00,0.00,1.00,0.00,0.00,0.00,0.00,0.00,0.00,0.00,0.00,0.00",,3.45,
machine learning with python online courses,,0,"0.00,0.00,0.00,0.00,0.00,0.00,0.00,0.00,0.00,0.00,0.00,0.00",,0.00,
machine learning with python self paced course buy,,0,"0.00,0.00,0.00,0.00,0.00,0.00,0.00,0.00,0.00,0.00,0.00,0.00",,0.00,
machine learning with python training course,,0,"0.00,0.00,0.00,0.00,0.00,0.00,0.00,0.00,0.00,0.00,0.00,0.00",,0.00,
machine learning with python training course london,,0,"0.00,0.00,0.00,0.00,0.00,0.00,0.00,0.00,0.00,0.00,0.00,0.00",,0.00,
machine learning with python training course uk,,0,"0.00,0.00,0.00,0.00,0.00,0.00,0.00,0.00,0.00,0.00,0.00,0.00",,0.00,
machine learning with r and python course and training,,0,"0.00,0.00,0.00,0.00,0.00,0.00,0.00,0.00,0.00,0.00,0.00,0.00",,0.00,
machine learning with r course online,,0,"0.00,0.00,0.00,0.00,0.00,0.00,0.00,0.00,0.00,0.00,0.00,0.00",,0.00,
machine learning with r free online course,,0,"0.00,0.00,0.00,0.00,0.00,0.00,0.00,0.00,0.00,0.00,0.00,0.00",,0.00,
machine learning with r online course,,0,"0.00,0.00,0.00,0.00,0.00,1.00,0.00,0.00,1.00,0.00,0.00,0.00",,0.00,
machine learning with spark course,,0,"0.00,0.00,0.00,0.00,0.00,0.00,0.00,0.00,0.00,0.00,0.00,0.00",,0.00,
machine learning with tensorflow course,,0,"0.00,0.00,0.00,0.00,0.00,0.00,0.00,0.00,0.00,0.00,0.00,0.00",,0.00,
machine learning with tensorflow online course,,0,"0.00,0.00,0.00,0.00,0.00,0.00,0.00,0.00,0.00,0.00,0.00,0.00",,0.00,
machine learning with tensorflow online course free,,0,"0.00,0.00,0.00,0.00,0.00,0.00,0.00,0.00,0.00,0.00,0.00,0.00",,0.00,
machine learning with tensorflow training course,,0,"0.00,0.00,0.00,0.00,0.00,0.00,0.00,0.00,0.00,0.00,0.00,0.00",,0.00,
machine learning with tensorflow training course uk,,0,"0.00,0.00,0.00,0.00,0.00,0.00,0.00,0.00,0.00,0.00,0.00,0.00",,0.00,
machine learning youtube course,,0,"0.00,0.00,0.00,0.00,0.00,0.00,0.00,0.00,0.00,0.00,0.00,0.00",,0.00,
machine learning: a first course for engineers and scientists,,0,"0.00,0.00,0.00,0.00,0.00,0.00,0.00,0.00,0.00,0.00,0.00,0.00",,0.00,
machine learning: a first course for engineers and scientists pdf,,0,"0.00,0.00,0.00,0.00,0.00,0.00,0.00,0.00,0.00,0.00,0.00,0.00",,0.00,
machine learnings courses,,0,"0.00,0.00,0.00,0.00,0.00,0.00,0.00,0.00,0.00,0.00,0.00,0.00",,0.00,
machine+learning+courses,,0,"0.00,0.00,0.00,0.00,0.00",,0.00,
machine-learning course,,0,"0.00,0.00,0.00,0.00,0.00,0.00,0.00,0.00,0.00,0.00,0.00,0.00",,0.00,
machine.learning course,,0,"0.00,0.00,0.00,0.00,0.00,0.00,0.00,0.00,0.00,0.00,0.00,0.00",,5.57,
machines learning course,,0,"0.00,0.00,0.00,0.00,0.00,0.00,0.00,0.00,0.00,0.00,0.00,0.00",,0.00,
marc deisenroth mathematics for machine learning course,,0,"0.00,0.00,0.00,0.00,0.00,0.00,0.00,0.00,0.00,0.00,0.00,0.00",,0.00,
marketing machine learning course,,0,"0.00,0.00,0.00,0.00,0.00,0.00,0.00,0.00,0.00,0.00,0.00,0.00",,0.00,
master of science of machine learning imperial college courses,,0,"0.00,0.00,0.00,0.00,0.00,0.00,0.00,0.00,0.00,0.00,0.00,0.00",,0.00,
masters course in machine learning,,0,"0.00,0.00,0.00,0.00,0.00,0.00,0.00,0.00,0.00,0.00,0.00,0.00",,0.00,
masters program machine learning course work ucla,,0,"0.00,0.00,0.00,0.00,0.00,0.00,0.00,0.00,0.00,0.00,0.00,0.00",,0.00,
math course for machine learning,,0,"0.00,0.00,0.00,0.00,0.00,0.00,0.00,0.00,0.00,0.00,0.00,0.00",,3.44,
math crash course for machine learning,,0,"0.00,0.00,0.00,0.00,0.00,0.00,0.00,0.00,0.00,0.00,0.00,0.00",,0.00,
math for machine learning courses,,0,"0.00,0.00,0.00,0.00,0.00,0.00,0.00,0.00,0.00,0.00,0.00,0.00",,0.00,
math for machine learning free course,,0,"0.00,0.00",,0.00,
math for machine learning online course,,0,"0.00,0.00,0.00,0.00,0.00,0.00,0.00,0.00,0.00,0.00,0.00,0.00",,0.00,
math for machine learning online course richard han,,0,"0.00,0.00,0.00,0.00,0.00,0.00,0.00,0.00,0.00,0.00,0.00,0.00",,0.00,
math for machine learning with python free course,,0,"0.00,0.00,0.00,0.00,0.00,0.00,0.00,0.00,0.00,0.00,0.00,0.00",,0.00,
math for machine learning with python free video course,,0,"0.00,0.00,0.00,0.00,0.00,0.00,0.00,0.00,0.00,0.00,0.00,0.00",,0.00,
math for machine learning with python free video course youtube,,0,"0.00,0.00,0.00,0.00,0.00,0.00,0.00,0.00,0.00,0.00,0.00,0.00",,0.00,
math machine learning course,,0,"0.00,0.00,0.00,0.00,0.00,0.00,0.00,0.00,0.00,0.00,0.00,0.00",,0.00,
mathematic theory of machine learning course,,0,"0.00,0.00,0.00,0.00,0.00,0.00,0.00,0.00,0.00,0.00,0.00,0.00",,0.00,
mathematica machine learning course,,0,"0.00,0.00,0.00,0.00,0.00,0.00,0.00,0.00,0.00,0.00,0.00,0.00",,0.00,
mathematical foundations of machine learning course,,0,"0.00,0.00,0.00,0.00,0.00,0.00,0.00,0.00,0.00,0.00,0.00,0.00",,0.00,
mathematical foundations of machine learning udemy course free download,,0,"0.00,0.00,0.00,0.00,0.00,0.00,0.00,0.00",,0.00,
mathematics course for machine learning,,0,"0.00,0.00,0.00,0.00,0.00,0.00,0.00,0.00,0.00,0.00,0.00,0.00",,3.44,
mathematics courses for machine learning,,0,"0.00,0.00,0.00,0.00,0.00,0.00,0.00,0.00,0.00,0.00,0.00,0.00",,3.44,
mathematics for machine learning coursera course,,0,"0.00,0.00,0.00,0.00,0.00",,0.00,
mathematics for machine learning courses,,0,"0.00,1.00,1.00,0.00,0.00,0.00,0.00,0.00,0.00,0.00,0.00,0.00",,2.29,
mathematics for machine learning full course multivariate calculus,,0,"0.00,0.00,0.00,0.00,0.00,0.00,0.00,0.00,0.00,0.00,0.00,0.00",,0.00,
mathematics statistics machine learning iim cat gmat course,,0,"0.00,0.00,0.00,0.00,0.00,0.00,0.00,0.00,0.00,0.00,0.00,0.00",,0.00,
maths for machine learning course,,0,"0.00,1.00,0.00,0.00,0.00,0.00,1.00,0.00,0.00,0.00,0.00,0.00",,2.29,
maths for machine learning courses,,0,"0.00,0.00,0.00,0.00,0.00,0.00,0.00,0.00,0.00,0.00,0.00,0.00",,0.00,
matlab machine learning free course,,0,"0.00,0.00,0.00,0.00,0.00,0.00,0.00,0.00,0.00,0.00,0.00,0.00",,0.00,
matthew guzdial machine learning course,,0,"0.00,0.00,0.00,0.00,0.00,0.00,0.00,0.00,0.00,0.00,0.00,0.00",,0.00,
mcgill machine learning course,,0,"0.00,0.00,0.00,0.00,0.00,0.00,0.00,0.00,0.00,0.00,0.00,0.00",,0.00,
measure theory crash course machine learning,,0,"0.00,0.00,0.00,0.00,0.00,0.00,0.00,0.00,0.00,0.00,0.00,0.00",,0.00,
medical imaging machine learning course,,0,"0.00,0.00,0.00,0.00,0.00,0.00,0.00,0.00,0.00,0.00,0.00,0.00",,0.00,
medical machine learning course,,0,"0.00,0.00,0.00,0.00,0.00,0.00,0.00,0.00,0.00,0.00,0.00,0.00",,0.00,
medical machine learning for physicians course,,0,"0.00,0.00,0.00,0.00,0.00,0.00,0.00,0.00,0.00,0.00,0.00,0.00",,0.00,
medium machine learning course,,0,"0.00,0.00,0.00,0.00,0.00,0.00,0.00,0.00,0.00,0.00,0.00,0.00",,0.00,
medium machine learning course wnd project,,0,"0.00,0.00,0.00,0.00,0.00,0.00,0.00,0.00,0.00,0.00,0.00,0.00",,0.00,
medium top 10 machine learning courses,,0,"0.00,0.00,0.00,0.00,0.00,0.00,0.00,0.00,0.00,0.00,0.00,0.00",,0.00,
michael jordan machine learning course,,0,"0.00,0.00,0.00,0.00,0.00,0.00,0.00,0.00,0.00,0.00,0.00,0.00",,0.00,
michigan machine learning course,,0,"0.00,0.00,0.00,0.00,0.00,0.00,0.00,0.00,0.00,0.00,0.00,0.00",,0.00,
microsoft azure machine learning studio course,,0,"0.00,0.00,0.00,0.00,0.00,0.00,0.00,0.00,0.00,0.00,0.00,0.00",,0.00,
microsoft machine learning certification course,,0,"0.00,0.00,0.00,0.00",,0.00,
microsoft machine learning course edx,,0,"0.00,0.00,0.00,0.00,0.00,0.00,0.00,0.00,0.00,0.00,0.00,0.00",,0.00,
microsoft machine learning course for beginners,,0,"0.00,0.00,0.00",,0.00,
microsoft machine learning course python,,0,"0.00,0.00,0.00,0.00,0.00,0.00,0.00,0.00,0.00,0.00,0.00,0.00",,0.00,
microsoft power bi machine learning course,,0,"0.00,0.00,0.00,0.00,0.00,0.00,0.00,0.00,0.00,0.00,0.00,0.00",,0.00,
microsoft research machine learning course,,0,"0.00,0.00,0.00,0.00,0.00,0.00,0.00,0.00,0.00,0.00,0.00,0.00",,0.00,
mistakes to avoid in machine learning online courses,,0,"0.00,0.00,0.00,0.00,0.00,0.00,0.00,0.00,0.00,0.00,0.00,0.00",,0.00,
mit 6.s897 hst.956 machine learning for healthcare course ocw mitx,,0,"0.00,0.00,0.00,0.00,0.00,0.00,0.00,0.00,0.00,0.00,0.00,0.00",,0.00,
mit ai machine learning course,,0,"0.00,1.00,0.00,0.00,0.00,0.00,0.00,0.00,0.00,0.00,0.00,0.00",,0.00,
mit course 6 machine learning,,0,"0.00,0.00,0.00,0.00,0.00,0.00,0.00,0.00,0.00,0.00,0.00,0.00",,0.00,
mit course catalog machine learning,,0,"0.00,0.00,0.00,0.00,0.00,0.00,0.00,0.00,0.00,0.00,0.00,0.00",,0.00,
mit course in machine learning in heisenberg,,0,"1.00,0.00,0.00",,0.00,
mit course in machine learning in physisc,,0,"1.00,0.00,0.00,0.00",,0.00,
mit course introduction to machine learning,,0,"0.00,0.00,0.00,0.00,0.00,0.00,0.00,0.00,0.00,0.00,0.00,0.00",,0.00,
mit courses machine learning,,0,"0.00,0.00,0.00,0.00,0.00,0.00,0.00,0.00,0.00,0.00,0.00,0.00",,3.61,
mit deep machine learning course,,0,"0.00,0.00,0.00,0.00,0.00,0.00,0.00,0.00,0.00,0.00,0.00,0.00",,0.00,
mit machine learning course 2018,,0,"0.00,0.00,0.00,0.00,0.00,0.00,0.00,0.00,0.00,0.00,0.00,0.00",,0.00,
mit machine learning course certificate,,0,"0.00,0.00,0.00,0.00,0.00,0.00,0.00,0.00,0.00,0.00,0.00,0.00",,0.00,
mit machine learning course edx,,0,"0.00,0.00,0.00,0.00,0.00,0.00,0.00,0.00,0.00,0.00,0.00,0.00",,0.00,
mit machine learning course fees,,0,"0.00,0.00,0.00,0.00,0.00,0.00,0.00,0.00,0.00,0.00,0.00,0.00",,0.00,
mit machine learning course ocw,,0,"0.00,0.00,0.00,0.00,0.00,0.00,0.00,0.00,0.00,0.00,0.00,0.00",,0.00,
mit machine learning course online cost,,0,"0.00,0.00,0.00,0.00,0.00,0.00,0.00,0.00,0.00,0.00,0.00,0.00",,0.00,
mit machine learning course pdf,,0,"0.00,0.00,0.00,0.00,0.00,0.00,0.00,0.00,0.00,0.00,0.00,0.00",,0.00,
mit machine learning course projects,,0,"0.00,0.00,0.00,0.00,0.00,0.00,0.00,0.00,0.00,0.00,0.00,0.00",,0.00,
mit machine learning course pyhton,,0,"0.00,0.00,0.00,0.00,0.00,0.00,0.00,0.00,0.00,0.00,0.00,0.00",,0.00,
mit machine learning course reddit,,0,"0.00,0.00,0.00,0.00,0.00,0.00,0.00,0.00,0.00,0.00,0.00,0.00",,0.00,
mit machine learning course reviews,,0,"0.00,0.00,0.00,0.00,0.00,0.00,0.00,0.00,0.00,0.00,0.00,0.00",,0.00,
mit machine learning course syllabus,,0,"0.00,0.00,0.00,0.00,0.00,0.00,0.00,0.00,0.00,0.00,0.00,0.00",,0.00,
mit machine learning course video,,0,"0.00,0.00,0.00,0.00,0.00,0.00,0.00,0.00,0.00,0.00,0.00,0.00",,0.00,
mit machine learning course youtube,,0,"0.00,0.00,0.00,0.00,0.00,0.00,0.00,0.00,0.00,0.00,0.00,0.00",,0.00,
mit machine learning econometrics course,,0,"0.00,0.00,0.00,0.00,0.00,0.00,0.00,0.00,0.00,0.00,0.00,0.00",,0.00,
mit machine learning free courses,,0,"0.00,0.00,0.00,0.00,0.00,0.00,0.00,0.00,0.00,0.00,0.00,0.00",,0.00,
mit machine learning online course cost,,0,"0.00,0.00,0.00,0.00,0.00,0.00,0.00,0.00,0.00,0.00,0.00,0.00",,0.00,
mit machine learning online short course,,0,"0.00,0.00,0.00,0.00,0.00,0.00,0.00,0.00,0.00,0.00,0.00,0.00",,0.00,
mit machine learning short course,,0,"0.00,0.00,0.00,0.00,0.00,0.00,0.00,0.00,0.00,0.00,0.00,0.00",,0.00,
mit machine learning summer course,,0,"0.00,0.00,0.00,0.00,0.00,0.00,0.00,0.00,0.00,0.00,0.00,0.00",,0.00,
mit machine learning training july short course,,0,"0.00,0.00,0.00,0.00,0.00,0.00,0.00,0.00,0.00,0.00,0.00,0.00",,0.00,
mit new machine learning course,,0,"0.00,0.00,0.00,0.00,0.00,0.00,0.00,0.00,0.00,0.00,0.00,0.00",,0.00,
mit ocw machine learning course,,0,"0.00,0.00,0.00,0.00,0.00,0.00,0.00,0.00,0.00,0.00,0.00,0.00",,0.00,
mit online course machine learning,,0,"0.00,0.00,0.00,0.00,0.00,0.00,0.00,0.00,0.00,0.00,0.00,0.00",,3.30,
mit open course on machine learning,,0,"0.00,0.00,0.00,0.00,0.00,0.00,0.00,0.00,0.00,0.00,0.00,0.00",,0.00,
mit open course ware machine learning,,0,"0.00,0.00,0.00,0.00,0.00,0.00,0.00,0.00,0.00,0.00,0.00,0.00",,0.00,
mit short course machine learning,,0,"0.00,1.00,0.00,0.00,0.00,1.00,0.00,0.00,0.00,0.00,0.00,0.00",,0.00,
mit short courses machine learning,,0,"0.00,0.00,0.00,0.00,0.00,0.00,0.00,0.00,0.00,0.00,0.00,0.00",,0.00,
mit sloan machine learning course cost,,0,"0.00,0.00,0.00,0.00,0.00,0.00,0.00,0.00,0.00,0.00,0.00,0.00",,0.00,
mit sloan machine learning course review,,0,"0.00,0.00,0.00,0.00,0.00,0.00,0.00,0.00,0.00,0.00,0.00,0.00",,0.00,
mit statistical machine learning course,,0,"0.00,0.00,0.00,0.00,0.00,0.00,0.00,0.00,0.00,0.00,0.00,0.00",,0.00,
mit.course 18 machine learning,,0,"0.00,0.00,0.00,0.00,0.00,0.00,0.00,0.00,0.00,0.00,0.00,0.00",,0.00,
ml b machine learning crash course,,0,"0.00,0.00,0.00,0.00,0.00,0.00,0.00,0.00,0.00,0.00,0.00,0.00",,0.00,
mlcc machine learning crash course,,0,"0.00,0.00,0.00,0.00,0.00,0.00,0.00,0.00,0.00,0.00,0.00,0.00",,0.00,
mlcourse ai open machine learning course,,0,"0.00,0.00,0.00,0.00,0.00,0.00,0.00,0.00,0.00,0.00,0.00,0.00",,0.00,
mohri machine learning course,,0,"0.00,0.00,0.00,0.00,0.00,0.00,0.00,0.00,0.00,0.00,0.00,0.00",,0.00,
monash machine learning course,,0,"0.00,0.00,0.00,0.00,0.00,0.00,0.00,0.00,0.00,0.00,0.00,0.00",,0.00,
more discussion about stanford machine learning course,,0,"0.00,0.00,0.00,0.00,0.00,0.00,0.00,0.00,0.00,0.00,0.00,0.00",,0.00,
most advanced online machine learning course,,0,"0.00,0.00,0.00,0.00,0.00,0.00,0.00,0.00,0.00,0.00,0.00,0.00",,0.00,
most advanced online machine learning courses,,0,"0.00,0.00,0.00,0.00,0.00,0.00,0.00,0.00,0.00,0.00,0.00,0.00",,0.00,
most popular ai and machine learning courses 2025,,0,"0.00,0.00,0.00",,0.00,
most popular machine learning online course in python,,0,"0.00,0.00,0.00,0.00,0.00,0.00,0.00,0.00,0.00,0.00,0.00,0.00",,0.00,
mphil in machine learning and machine intelligence courses,,0,"0.00,0.00,0.00,0.00,0.00,0.00,0.00,0.00,0.00,0.00,0.00,0.00",,0.00,
naftali tishby machine learning course,,0,"0.00,0.00,0.00,0.00,0.00,0.00,0.00,0.00,0.00,0.00,0.00,0.00",,0.00,
ncsu machine learning course,,0,"0.00,0.00,0.00,0.00,0.00,0.00,0.00,0.00,0.00,0.00,0.00,0.00",,0.00,
neural networks for machine learning course materials,,0,"0.00,0.00,0.00,0.00,0.00,0.00,0.00,0.00,0.00,0.00,0.00,0.00",,0.00,
neurallogs machine learning course,,0,"1.00,0.00,0.00,0.00,0.00,0.00,0.00,0.00,0.00,0.00,0.00,0.00",,0.00,
new machine learning course,,0,"0.00,0.00,0.00,0.00,0.00,0.00,0.00,0.00,0.00,0.00,0.00,0.00",,0.00,
new machine learning course andrew ng,,0,"0.00,0.00,0.00,0.00,0.00,0.00,0.00,0.00,0.00,0.00,0.00,0.00",,0.00,
new school do machines learn course,,0,"0.00,0.00,0.00,0.00,0.00,0.00,0.00,0.00,0.00,0.00,0.00,0.00",,0.00,
ng andrew machine learning course lab solusion,,0,"0.00,0.00,0.00,0.00,0.00,0.00,0.00,0.00,0.00,0.00,0.00,0.00",,0.00,
ng machine learning course notes,,0,"0.00,0.00,0.00,0.00,0.00,0.00,0.00,0.00,0.00,0.00,0.00,0.00",,0.00,
ngo machine learning course,,0,"0.00,0.00,0.00,0.00,0.00,0.00,0.00,0.00,0.00,0.00,0.00,0.00",,0.00,
nit warangal machine learning course,,0,"0.00,0.00,0.00,0.00,0.00,0.00,0.00,0.00,0.00,0.00,0.00,0.00",,0.00,
nit warangal machine learning short course,,0,"0.00,0.00,0.00,0.00,0.00,0.00,0.00,0.00,0.00,0.00,1.00,0.00",,0.00,
nlp machine learning courses,,0,"0.00,0.00,0.00,0.00,0.00,0.00,0.00,0.00,0.00,0.00,0.00,0.00",,0.00,
nlp machine learning free course,,0,"0.00,0.00,0.00,0.00,0.00,0.00,0.00,0.00,0.00,0.00,0.00,0.00",,0.00,
nlp machine learning python course,,0,"0.00,0.00,0.00,0.00,0.00,0.00,0.00,0.00,0.00,0.00,0.00,0.00",,0.00,
nlp with python for machine learning essential training online courses,,0,"0.00,0.00,0.00,0.00,0.00,0.00,0.00,0.00,0.00,0.00,0.00,0.00",,0.00,
no code ai and machine learning course free download,,0,"0.00,0.00,0.00,0.00,0.00,0.00",,0.00,
no-code machine learning course,,0,"0.00,0.00,1.00,0.00,0.00,0.00,0.00,0.00,0.00,0.00,0.00,0.00",,0.00,
nonconvex optimization for machine learning course,,0,"0.00,0.00,0.00,0.00,0.00,0.00,0.00,0.00,0.00,0.00,0.00,0.00",,0.00,
northeastern university machine learning course,,0,"0.00,0.00,0.00,0.00,0.00,0.00,0.00,0.00,0.00,0.00,0.00,0.00",,0.00,
northwestern machine learning course,,0,"0.00,0.00,0.00,0.00,0.00,0.00,0.00,0.00,0.00,0.00,0.00,0.00",,0.00,
notes of machine learning course andrew ng,,0,"0.00,0.00,0.00,0.00,0.00,0.00,0.00,0.00,0.00,0.00,0.00,0.00",,0.00,
nptel course machine learning,,0,"0.00,0.00,0.00,0.00,0.00,0.00,0.00,0.00,0.00,0.00,0.00,0.00",,2.99,
nptel courses on machine learning,,0,"0.00,0.00,0.00,0.00,0.00,0.00,0.00,0.00,0.00,0.00,0.00,0.00",,0.00,
nptel machine learning course 2018,,0,"0.00,0.00,0.00,0.00,0.00,0.00,0.00,0.00,0.00,0.00,0.00,0.00",,0.00,
nptel machine learning course 2019,,0,"0.00,0.00,0.00,0.00,0.00,0.00,0.00,0.00,0.00,0.00,0.00,0.00",,0.00,
nptel machine learning course 2019 registration,,0,"0.00,0.00,0.00,0.00,0.00,0.00,0.00,0.00,0.00,0.00,0.00,0.00",,0.00,
nptel machine learning course registration,,0,"0.00,0.00,0.00,0.00,0.00,0.00,0.00,0.00,0.00,0.00,0.00,0.00",,0.00,
nptel machine learning course videos,,0,"0.00,0.00,0.00,0.00,0.00,0.00,0.00,0.00,0.00,0.00,0.00,0.00",,0.00,
nptel machine learning courses,,0,"0.00,0.00,0.00,1.00,0.00,0.00,0.00,0.00,0.00,0.00,0.00,0.00",,2.99,
nvida online machine learning course,,0,"0.00,0.00,0.00,0.00,0.00,0.00,0.00,0.00,0.00,0.00,0.00,0.00",,0.00,
nvidia machine learning' course,,0,"0.00,0.00,0.00,0.00,0.00,0.00",,0.00,
nvidia online machine learning course,,0,"0.00,0.00,0.00,0.00,0.00,0.00,0.00,0.00,0.00,0.00,0.00,0.00",,0.00,
nyc machine learning course,,0,"0.00,0.00,0.00,0.00,0.00,0.00,0.00,0.00,0.00,0.00,0.00,0.00",,0.00,
nyc machine learning.course,,0,"0.00,0.00,0.00,0.00,0.00,0.00,0.00,0.00,0.00,0.00,0.00,0.00",,0.00,
nyu cs courses machine learning,,0,"0.00,0.00,0.00,0.00,0.00,0.00,0.00,0.00,0.00,0.00,0.00,0.00",,0.00,
nyu machine learning courses,,0,"0.00,0.00,0.00,0.00,0.00,0.00,0.00,0.00,0.00,0.00,0.00,0.00",,0.00,
objective of machine learning course,,0,"0.00,0.00,1.00,1.00,0.00,0.00,0.00,0.00,0.00,0.00,0.00,0.00",,0.00,
offline machine learning course,,0,"0.00,0.00,0.00,0.00,0.00,0.00,0.00,0.00,0.00,0.00,0.00,0.00",,0.00,
offline machine learning courses,,0,"0.00,0.00,0.00,0.00,0.00,0.00,0.00,0.00,0.00,0.00,0.00,0.00",,0.00,
oms cs easiest course trading for machine learning,,0,"0.00,0.00,0.00,0.00,0.00,0.00,0.00,0.00,0.00,0.00,0.00,0.00",,0.00,
omscs courses machine learning,,0,"0.00,0.00,0.00,0.00,0.00,0.00,0.00,0.00,0.00,0.00,0.00,0.00",,0.00,
omscs machine learning course schedule,,0,"0.00,0.00,0.00,0.00,0.00,0.00,0.00,0.00,0.00,0.00,0.00,0.00",,0.00,
omscs machine learning course sullabus,,0,"0.00,0.00,0.00,0.00,0.00,0.00,0.00,0.00,0.00,0.00,0.00,0.00",,0.00,
omscs machine learning courses,,0,"0.00,0.00,0.00,0.00,0.00,0.00,0.00,0.00,0.00,0.00,0.00,0.00",,0.00,
omscs machine learning specialization courses,,0,"0.00,0.00,0.00,0.00,0.00,0.00,0.00,0.00,0.00,0.00,0.00,0.00",,0.00,
on campus certificate course machine learning michigan university,,0,"0.00,0.00,0.00,0.00,0.00,0.00,0.00,0.00,0.00,0.00,0.00,0.00",,0.00,
on campus courses in machine learning,,0,"0.00,0.00,0.00,0.00,0.00,0.00,0.00,0.00,0.00,0.00,0.00,0.00",,0.00,
online advanced machine learning with python course,,0,"0.00,0.00,0.00,0.00,0.00,0.00,0.00,0.00,0.00,0.00,0.00,0.00",,0.00,
online ai and machine learning courses for beginners,,0,"0.00,0.00,0.00,0.00,0.00,0.00,0.00,0.00,0.00",,0.00,
online ai machine learning courses industry entry requirements,,0,"1.00,0.00,0.00,0.00",,0.00,
online artificial intelligence and machine learning courses in india,,0,"1.00,0.00",,0.00,
online certification course machine learning,,0,"0.00,0.00,0.00,0.00,0.00,0.00,0.00,0.00,0.00,0.00,0.00,0.00",,0.00,
online course in machine learning,,0,"0.00,0.00,0.00,0.00,0.00,0.00,0.00,0.00,0.00,0.00,0.00,0.00",,7.06,
online course in machine learning python,,0,"0.00,0.00,0.00,0.00,0.00,0.00,0.00,0.00,0.00,0.00,0.00,0.00",,0.00,
online course machin learning,,0,"0.00,0.00,0.00,0.00,0.00,0.00,0.00,0.00,0.00,0.00,0.00,0.00",,0.00,
online course machine learning ai python,,0,"0.00,0.00,0.00,0.00,0.00,0.00,0.00,0.00,0.00,0.00,0.00,0.00",,0.00,
online course machine learning boosting,,0,"0.00,0.00,0.00,0.00,0.00,0.00,0.00,0.00,0.00,0.00,0.00,0.00",,0.00,
online course path to becoming machine learning engineer,,0,"0.00,0.00,0.00,0.00,0.00,0.00,0.00,0.00,0.00,0.00,0.00,0.00",,0.00,
online courses ai machine learning for battery electrode manufacturing,,0,"0.00,0.00,0.00",,0.00,
online courses ai machine learning for battery manufacturing process engineers,,0,"1.00,0.00",,0.00,
online courses for machine learning research,,0,"0.00,0.00,0.00,0.00,0.00,0.00,0.00,0.00,0.00,0.00,0.00,0.00",,0.00,
online courses for python for machine learning,,0,"0.00,0.00,0.00,0.00,0.00,0.00,0.00,0.00,0.00,0.00,0.00,0.00",,0.00,
online courses in machine learning and artificial intelligence,,0,"0.00,0.00,0.00",,0.00,
online courses machine learning reddit,,0,"0.00,0.00,0.00,0.00,0.00,0.00,0.00,0.00,0.00,0.00,0.00,0.00",,0.00,
online courses to learn machine learning,,0,"0.00,0.00,0.00,0.00,0.00,0.00,0.00,0.00,0.00,0.00,0.00,0.00",,0.00,
online free courses for machine learning,,0,"0.00,0.00,0.00,0.00,0.00,0.00,0.00,0.00,0.00,0.00,0.00,0.00",,0.00,
online machine learning course for beginners,,0,"0.00,0.00,0.00,0.00,0.00,0.00,0.00,0.00,0.00,0.00,0.00,0.00",,0.00,
online machine learning course for free,,0,"0.00,0.00,0.00,0.00,0.00,0.00,0.00,0.00,0.00,0.00,0.00,0.00",,0.00,
online machine learning course in hyderabad,,0,"1.00,1.00,1.00,1.00,1.00,0.00,0.00,0.00,0.00,0.00,0.00",,0.00,
online machine learning course in india,,0,"0.00,0.00,0.00,0.00,0.00,0.00,0.00,1.00,0.00,0.00,0.00,0.00",,0.00,
online machine learning course mit,,0,"0.00,0.00,0.00,0.00,0.00,0.00,0.00,0.00,0.00,0.00,0.00,0.00",,0.00,
online machine learning course python,,0,"0.00,0.00,0.00,0.00,0.00,0.00,0.00,0.00,0.00,0.00,0.00,0.00",,0.00,
online machine learning course quora,,0,"0.00,0.00,0.00,0.00,0.00,0.00,0.00,0.00,0.00,0.00,0.00,0.00",,0.00,
online machine learning courses in india,,0,"0.00,0.00,0.00,0.00,0.00,0.00,0.00,0.00,0.00,0.00,0.00,0.00",,0.00,
online machine learning courses usa,,0,"1.00,0.00,0.00,0.00,0.00,0.00",,0.00,
online machine learning iim course,,0,"0.00,0.00,0.00,0.00,0.00,0.00,0.00,0.00,0.00,0.00,0.00,0.00",,0.00,
online machine learning python course,,0,"0.00,0.00,0.00,0.00,0.00,0.00,0.00,0.00,0.00,0.00,0.00,0.00",,0.00,
online machine learning training course,,0,"0.00,0.00,0.00,0.00,0.00,0.00,0.00,0.00,0.00,0.00,0.00,0.00",,0.00,
online machine shop learning course,,0,"0.00,0.00,0.00,0.00,0.00,0.00,0.00,0.00,0.00,0.00,0.00,0.00",,0.00,
open course machine learning,,0,"0.00,0.00,0.00,0.00,0.00,0.00,0.00,0.00,0.00,0.00,0.00,0.00",,3.99,
open course mit machine learning,,0,"0.00,0.00,0.00,0.00,0.00,0.00,0.00,0.00,0.00,0.00,0.00,0.00",,0.00,
open course stanford machine learning,,0,"0.00,0.00,0.00,0.00,0.00,0.00,0.00,0.00,0.00,0.00,0.00,0.00",,0.00,
open course ware machine learning,,0,"0.00,0.00,0.00,0.00,0.00,0.00,0.00,0.00,0.00,0.00,0.00,0.00",,0.00,
open courses machine learning,,0,"0.00,0.00,0.00,0.00,0.00,0.00,0.00,0.00,0.00,0.00,0.00,0.00",,0.00,
open data science machine learning course,,0,"0.00,0.00,0.00,0.00,0.00,0.00,0.00,0.00,0.00,0.00,0.00,0.00",,0.00,
open machine learning course by opendatascience,,0,"0.00,0.00,0.00,0.00,0.00,0.00,0.00,0.00,0.00,0.00,0.00,0.00",,0.00,
open machine learning course github,,0,"0.00,0.00,0.00,0.00,0.00,0.00,0.00,0.00,0.00,0.00,0.00,0.00",,0.00,
open machine learning course medium,,0,"0.00,0.00,0.00,0.00,0.00,0.00,0.00,0.00,0.00,0.00,0.00,0.00",,0.00,
open machine learning course medium 1,,0,"0.00,0.00,0.00,0.00,0.00,0.00,0.00,0.00,0.00,0.00,0.00,0.00",,0.00,
open machine learning course mlcourse.ai,,0,"0.00,0.00,0.00,0.00,0.00,0.00,0.00,0.00,0.00,0.00,0.00,0.00",,0.00,
open machine learning course time series,,0,"0.00,0.00,0.00,0.00,0.00,0.00,0.00,0.00,0.00,0.00,0.00,0.00",,0.00,
open machine learning course time series python,,0,"0.00,0.00,0.00,0.00,0.00,0.00,0.00,0.00,0.00,0.00,0.00,0.00",,0.00,
open machine learning course topic 1,,0,"0.00,0.00,0.00,0.00,1.00,1.00,0.00,0.00,0.00,0.00,0.00,0.00",,0.00,
open machine learning course topic 2,,0,"0.00,0.00,0.00,0.00,0.00,0.00,0.00,0.00,0.00,0.00,0.00,0.00",,0.00,
open machine learning course topic 3,,0,"0.00,0.00,0.00,0.00,0.00,0.00,0.00,0.00,0.00,0.00,0.00,0.00",,0.00,
open machine learning course topic 9,,0,"0.00,0.00,0.00,0.00,0.00,0.00,0.00,0.00,0.00,0.00,0.00,0.00",,0.00,
open machine learning course topic 9 part 1,,0,"0.00,0.00,0.00,0.00,0.00,0.00,0.00,0.00,0.00,0.00,0.00,0.00",,0.00,
open machine learning courses stanford,,0,"0.00,0.00,0.00,0.00,0.00,0.00,0.00,0.00,0.00,0.00,0.00,0.00",,0.00,
open mit courses in machine learning videos,,0,"0.00,0.00,0.00,0.00,0.00,0.00,0.00,0.00,0.00,0.00,0.00,0.00",,0.00,
open sap course machine learning,,0,"0.00,0.00,0.00,0.00,0.00,0.00,0.00,0.00,0.00,0.00,0.00,0.00",,0.00,
open sap courses machine learning,,0,"0.00,0.00,0.00,0.00,0.00,0.00,0.00,0.00,0.00,0.00,0.00,0.00",,0.00,
open sap machine learning course,,0,"0.00,0.00,0.00,0.00,0.00,0.00,0.00,0.00,0.00,0.00,0.00,0.00",,0.00,
open source machine learning course,,0,"0.00,0.00,0.00,0.00,0.00,0.00,0.00,0.00,0.00,0.00,0.00,0.00",,0.00,
open-machine-learning-course-topic,,0,"0.00,0.00,0.00,0.00,0.00,0.00,0.00,0.00,0.00,0.00,0.00,0.00",,0.00,
openai machine learning course,,0,"0.00,0.00,0.00,0.00,0.00,0.00",,0.00,
operating systems course machine learning,,0,"0.00,0.00,0.00,0.00,0.00,0.00,0.00,0.00,0.00,0.00,0.00,0.00",,0.00,
optimization in machine learning course,,0,"0.00,0.00,0.00,0.00,0.00,0.00,0.00,0.00,0.00,0.00,0.00,0.00",,0.00,
options machine learning course,,0,"0.00,0.00,0.00",,0.00,
osu machine learning course,,0,"0.00,0.00,0.00,0.00,0.00,0.00,0.00,0.00,0.00,0.00,0.00,1.00",,0.00,
ottawa machine learning course,,0,"0.00,0.00,0.00,0.00,0.00,0.00,0.00,0.00,0.00,0.00,0.00,0.00",,0.00,
oxford machine learning course torch,,0,"0.00,0.00,0.00,0.00,0.00,0.00,0.00,0.00,0.00,0.00,0.00,0.00",,0.00,
pabitra mitra machine learning course,,0,"0.00,0.00,0.00,0.00,0.00,0.00,0.00,0.00,0.00,0.00,0.00,0.00",,0.00,
paid online courses machine learning,,0,"0.00,0.00,0.00,0.00,0.00,0.00,0.00,0.00,0.00,0.00,0.00,0.00",,0.00,
part time machine learning course london,,0,"0.00,0.00,0.00,0.00,0.00,0.00,0.00,0.00,0.00,0.00,0.00,0.00",,0.00,
part time machine learning courses,,0,"1.00,0.00,0.00,0.00,0.00,0.00,0.00,0.00,1.00,0.00,0.00,0.00",,0.00,
pattern recognition and machine learning online course,,0,"0.00,0.00,0.00,0.00,0.00,0.00,0.00,0.00,0.00,0.00,0.00,0.00",,0.00,
pattern recognition and machine learning open course,,0,"0.00,0.00,0.00,0.00,0.00,0.00,0.00,0.00,0.00,0.00,0.00,0.00",,0.00,
paula garcía esteban machine learning con un café course,,0,"0.00,0.00,0.00,0.00,0.00,0.00,0.00,0.00,0.00,0.00,0.00,0.00",,0.00,
pdf machine learning course,,0,"0.00,0.00,0.00,0.00,0.00,0.00,0.00,0.00,0.00,0.00,0.00,0.00",,0.00,
pdf machine learning course syllabus,,0,"0.00,0.00,0.00,0.00,0.00,0.00,0.00,0.00,0.00,0.00,0.00,0.00",,0.00,
pedro domingos machine learning course,,0,"0.00,0.00,0.00,0.00,0.00,0.00,0.00,0.00,0.00,0.00,0.00,0.00",,0.00,
penn state machine learning courses,,0,"0.00,0.00,0.00,0.00,0.00,0.00,0.00,0.00,0.00,0.00,0.00,0.00",,0.00,
peter wittek quantum machine learning course,,0,"0.00,0.00,0.00,0.00,0.00,0.00,0.00,0.00,0.00,0.00,0.00,0.00",,0.00,
pg courses in ai and machine learning,,0,"0.00,0.00,0.00,0.00,0.00,0.00,0.00,0.00,0.00,0.00,0.00,0.00",,0.00,
pg diploma courses in machine learning,,0,"0.00,0.00,0.00,0.00,0.00,0.00,0.00,0.00,0.00,0.00,0.00,0.00",,0.00,
pg machine learning courses in india,,0,"0.00,0.00,0.00,0.00,0.00,0.00,0.00,0.00,0.00,0.00,0.00,0.00",,0.00,
phd courses machine learning business,,0,"0.00,0.00,0.00,0.00,0.00,0.00,0.00,0.00,0.00,0.00,0.00,0.00",,0.00,
phd level machine learning courses,,0,"0.00,0.00,0.00,0.00,0.00,0.00,0.00,0.00,0.00,0.00,0.00,0.00",,0.00,
phd machine learning courses,,0,"0.00,0.00,0.00,0.00,0.00,0.00,0.00,0.00,0.00,0.00,0.00,0.00",,0.00,
physics-informed machine learning course,,0,"0.00,1.00,0.00,0.00,0.00,0.00,0.00,0.00,0.00,0.00,0.00,0.00",,0.00,
pitt machine learning course,,0,"0.00,0.00,0.00,0.00,0.00,0.00,0.00,0.00,0.00,0.00,0.00,0.00",,0.00,
pitt machine learning undergraduate course,,0,"0.00,0.00,0.00,0.00,0.00,0.00,0.00,0.00,0.00,0.00,0.00,0.00",,0.00,
pluralsight course understanding machine learning,,0,"0.00,0.00,0.00,0.00,0.00,0.00,0.00,0.00,0.00,0.00,0.00,0.00",,0.00,
pluralsight courses machine learning,,0,"0.00,0.00,0.00,0.00,0.00,0.00,0.00,0.00,0.00,0.00,0.00,0.00",,0.00,
power bi machine learning course,,0,"0.00,0.00,0.00,0.00,0.00,0.00,0.00,0.00,0.00,0.00,0.00,0.00",,0.00,
practical machine learning course fast ai,,0,"0.00,0.00,0.00,0.00,0.00,0.00,0.00,0.00,0.00,0.00,0.00,0.00",,0.00,
practical machine learning course notes,,0,"0.00,0.00,0.00,0.00,0.00,0.00,0.00,0.00,0.00,0.00,0.00,0.00",,0.00,
practical machine learning course project github,,0,"0.00,0.00,0.00,0.00,0.00,0.00,0.00,0.00,0.00,0.00,0.00,0.00",,0.00,
practical machine learning course project quiz,,0,"0.00,0.00,0.00,0.00,0.00,0.00,0.00,0.00,0.00,0.00,0.00,0.00",,0.00,
practical machine learning course project submission,,0,"0.00,0.00,0.00,0.00,0.00,0.00,0.00,0.00,0.00,0.00,0.00,0.00",,0.00,
practical machine learning course project write up,,0,"0.00,0.00,0.00,0.00,0.00,0.00,0.00,0.00,0.00,0.00,0.00,0.00",,0.00,
practical machine learning courses,,0,"0.00,0.00,0.00,0.00,0.00,1.00,0.00,0.00,0.00,0.00,0.00,0.00",,0.00,
practical machine learning summer course,,0,"0.00,0.00,0.00,0.00,0.00,0.00,0.00,0.00,0.00,0.00,0.00,0.00",,0.00,
practical machine learning summer course queen mary university summer school,,0,"0.00,0.00,0.00,0.00,0.00,0.00,0.00,0.00,0.00,0.00,0.00,0.00",,0.00,
practical machine learning week 4 course project prediction quiz,,0,"0.00,0.00,0.00,0.00,0.00,0.00,0.00,0.00,0.00,0.00,0.00,0.00",,0.00,
pramod khargonekar uci course machine learning,,0,"0.00,0.00,0.00,0.00,0.00,0.00,0.00,0.00,0.00,0.00,0.00,0.00",,0.00,
predictive analytics and machine learning course,,0,"0.00,0.00,0.00,0.00,0.00,0.00,0.00,0.00,0.00,0.00,0.00,0.00",,0.00,
predictive maintenance machine learning course,,0,"0.00,0.00,0.00,0.00,0.00,0.00,0.00,0.00,1.00,0.00,0.00,0.00",,0.00,
prerequisite courses to machine learning,,0,"0.00,0.00,0.00,0.00,0.00,0.00,0.00,0.00,0.00,0.00,0.00,0.00",,0.00,
prerequisites for advanced machine learning course,,0,0.00,,0.00,
princeton applied math courses machine learning,,0,"0.00,0.00,0.00,0.00,0.00,0.00,0.00,0.00,0.00,0.00,0.00,0.00",,0.00,
princeton machine learning courses,,0,"0.00,0.00,0.00,0.00,0.00,0.00,0.00,0.00,0.00,0.00,0.00,0.00",,0.00,
princeton university machine learning course,,0,"0.00,0.00,0.00,0.00,0.00,0.00,0.00,0.00,0.00,0.00,0.00,0.00",,0.00,
probability for machine learning online course,,0,"0.00,0.00,0.00,0.00,0.00,0.00,0.00,0.00,0.00,0.00,0.00,0.00",,0.00,
prof cv jawahar cvj machine learning courses,,0,"0.00,0.00,0.00,0.00,0.00,0.00,0.00,0.00,0.00,0.00,0.00,0.00",,0.00,
professional certificate course in gen-ai and machine learning,,0,"0.00,0.00,0.00,0.00,0.00",,0.00,
professional machine learning engineer google cloud onlien course,,0,"1.00,0.00,0.00,0.00,0.00,0.00",,0.00,
protected course machine learning for free with certificate,,0,"1.00,0.00,0.00,0.00,0.00,0.00,0.00,0.00,0.00,0.00",,0.00,
protected machine learning course,,0,"1.00,0.00,0.00,0.00,0.00,0.00,0.00,0.00,0.00,0.00",,0.00,
purdue cs machine learning grad course,,0,"0.00,0.00,0.00,0.00,0.00,0.00,0.00,0.00,0.00,0.00,0.00,0.00",,0.00,
purdue machine learning course,,0,"0.00,0.00,0.00,0.00,0.00,0.00,0.00,0.00,0.00,0.00,0.50,1.00",,6.88,
pyspark machine learning course online,,0,"0.00,0.00,0.00,0.00,0.00,0.00,0.00,0.00,0.00,0.00,0.00,0.00",,0.00,
python 3 machine learning course,,0,"0.00,0.00,0.00,0.00,0.00,0.00,0.00,0.00,0.00,0.00,0.00,0.00",,0.00,
python and machine learning course in bangalore,,0,"0.00,0.00,0.00,0.00,0.00,0.00,0.00,0.00,0.00,0.00,0.00,0.00",,0.00,
python and machine learning course in delhi,,0,"0.00,0.00,0.00,0.00,0.00,0.00,0.00,0.00,0.00,0.00,0.00,0.00",,0.00,
python and machine learning course in kolkata,,0,"0.00,0.00,0.00,0.00,0.00,0.00,0.00,0.00,0.00,0.00,0.00,0.00",,0.00,
python and machine learning course in mumbai,,0,"0.00,0.00,0.00,0.00,0.00,0.00,0.00,0.00,0.00,0.00,0.00,0.00",,0.00,
python and machine learning course in noida,,0,"0.00,0.00,0.00,0.00,0.00,0.00,0.00,0.00,0.00,0.00,0.00,0.00",,0.00,
python course eu machine learning,,0,"0.00,0.00,0.00,0.00,0.00,0.00,0.00,0.00,0.00,0.00,0.00,0.00",,0.00,
python courses for machine learning,,0,"0.00,0.00,0.00,0.00,0.00,0.00,0.00,0.00,0.00,0.00,0.00,0.00",,0.00,
python data science and machine learning certificate course online,,0,"0.00,0.00,0.00,0.00,0.00,0.00,0.00,0.00,0.00,0.00,0.00,0.00",,0.00,
python data science machine learning bootcamp course,,0,"0.00,0.00,0.00,0.00,0.00,0.00,0.00,0.00,0.00,0.00,0.00,0.00",,0.00,
python for data science and machine learning bootcamp free course,,0,"0.00,0.00,0.00,0.00,0.00,0.00,0.00,0.00,0.00,0.00,0.00,0.00",,0.00,
python for data science and machine learning course,,0,"0.00,0.00,0.00,0.00,0.00,0.00,0.00,0.00,0.00,1.00,0.00,0.00",,0.00,
python for machine learning and data mining course,,0,"0.00,0.00,0.00,0.00,0.00,0.00,0.00,0.00,0.00,0.00,0.00,0.00",,0.00,
python for machine learning online courses,,0,"0.00,0.00,0.00,0.00,0.00,0.00,0.00,0.00,0.00,0.00,0.00,0.00",,0.00,
python for machine learning training course,,0,"0.00,0.00,0.00,0.00,0.00,0.00,0.00,0.00,0.00,0.00,0.00,0.00",,0.00,
python for machine learning: the complete beginner's course,,0,"0.00,0.00,0.00,0.00,0.00,0.00,0.00,0.00,0.00,0.00,0.00,0.00",,0.00,
python implementation of andrew ng's machine learning course,,0,"0.00,0.00,0.00,0.00,0.00,0.00,0.00,0.00,0.00,0.00,0.00,0.00",,0.00,
python machine learning course bangalore,,0,"0.00,0.00,0.00,0.00,0.00,0.00,0.00,0.00,0.00,0.00,0.00,0.00",,0.00,
python machine learning course bay area,,0,"0.00,0.00,0.00,0.00,0.00,0.00,0.00,0.00,0.00,0.00,0.00,0.00",,0.00,
python machine learning course content,,0,"0.00,0.00,0.00,0.00,0.00,0.00,0.00,0.00,0.00,0.00,0.00,0.00",,0.00,
python machine learning course edx,,0,"0.00,0.00,0.00,0.00,0.00,0.00,0.00,0.00,0.00,0.00,0.00,0.00",,0.00,
python machine learning course for beginners,,0,"0.00,0.00,0.00,0.00,0.00,0.00,0.00,0.00,0.00,1.00,1.00,0.00",,0.00,
python machine learning course germany,,0,"0.00,0.00,0.00,0.00,0.00,0.00,0.00,0.00,0.00,0.00,0.00,0.00",,0.00,
python machine learning course hong kong,,0,"0.00,0.00,0.00,0.00,0.00,0.00,0.00,0.00,0.00,0.00,0.00,0.00",,0.00,
python machine learning course in chennai,,0,"0.00,0.00,0.00,0.00,0.00,0.00,0.00,0.00,0.00,0.00,0.00,0.00",,0.00,
python machine learning course in mumbai,,0,"0.00,0.00,0.00,0.00,0.00,0.00,0.00,0.00,0.00,0.00,0.00,0.00",,0.00,
python machine learning course in pune,,0,"0.00,0.00,0.00,0.00,0.00,0.00,0.00,0.00,0.00,0.00,0.00,0.00",,0.00,
python machine learning course london,,0,"0.00,0.00,0.00,0.00,0.00,0.00,0.00,0.00,0.00,0.00,0.00,0.00",,0.00,
python machine learning course outline,,0,"0.00,0.00,0.00,0.00,0.00,0.00,0.00,0.00,0.00,0.00,0.00,0.00",,0.00,
python machine learning course principal component analysis,,0,"0.00,0.00,0.00,0.00,0.00,0.00,0.00,0.00,0.00,0.00,0.00,0.00",,0.00,
python machine learning course san francisco,,0,"0.00,0.00,0.00,0.00,0.00,0.00,0.00,0.00,0.00,0.00,0.00,0.00",,0.00,
python machine learning course singapore,,0,"0.00,0.00,0.00,0.00,0.00,0.00,0.00,0.00,0.00,0.00,0.00,0.00",,0.00,
python machine learning courses for beginners,,0,"0.00,0.00,0.00,0.00",,0.00,
python machine learning courses online,,0,"0.00,0.00,0.00,0.00,0.00,0.00,0.00,0.00,0.00,0.00,0.00,0.00",,0.00,
python machine learning free course online,,0,"0.00,0.00,0.00,0.00,0.00,0.00,0.00,0.00,0.00,0.00,0.00,0.00",,0.00,
python machine learning full course,,0,"0.00,0.00,0.00,0.00,0.00,0.00,0.00,0.00,0.00,0.00,0.00,0.00",,0.00,
python machine learning online course for beginners,,0,"0.00,0.00,0.00,0.00,0.00,0.00,0.00,0.00",,0.00,
python machine learning online courses,,0,"0.00,0.00,0.00,0.00,0.00,0.00,0.00,0.00,0.00,0.00,0.00,0.00",,0.00,
python machine learning projects course,,0,"0.00,0.00,0.00,0.00,0.00,0.00,0.00,0.00,0.00,0.00,0.00,0.00",,0.00,
python machine learning python machine learning course,,0,"0.00,0.00,0.00,0.00,0.00,0.00,0.00,0.00,0.00,0.00,0.00,0.00",,0.00,
python programming machine learning course free,,0,"0.00,0.00,0.00,0.00,0.00,0.00,0.00,0.00,0.00,0.00,0.00,0.00",,0.00,
python with machine learning course syllabus,,0,"0.00,0.00,0.00,0.00,0.00,0.00,0.00,0.00,0.00,0.00,0.00,0.00",,0.00,
quantum computing machine learning course,,0,"0.00,0.00,0.00,0.00,0.00,0.00,0.00,0.00,0.00,0.00,0.00,0.00",,0.00,
quantum machine learning course eth zurich,,0,"1.00,0.00,0.00,0.00,0.00,0.00,0.00,0.00,0.00",,0.00,
quantum machine learning course online,,0,"0.00,1.00,0.00,0.00,1.00,0.00",,0.00,
quantum machine learning online course free,,0,"0.00,0.00",,0.00,
quantum machine learning online course with certificate,,0,"0.00,0.00",,0.00,
quora best machine learning course,,0,"0.00,0.00,0.00,0.00,0.00,0.00,0.00,0.00,0.00,0.00,0.00,0.00",,0.00,
quora best machine learning courses,,0,"0.00,0.00,0.00,0.00,0.00,0.00,0.00,0.00,0.00,0.00,0.00,0.00",,0.00,
quora best machine learning courses bangalore,,0,"0.00,0.00,0.00,0.00,0.00,0.00,0.00,0.00,0.00,0.00,0.00,0.00",,0.00,
quora machine learning course,,0,"0.00,0.00,0.00,0.00,0.00,0.00,0.00,0.00,0.00,0.00,0.00,0.00",,0.00,
quora machine learning courses,,0,"0.00,0.00,0.00,0.00,0.00,0.00,0.00,0.00,0.00,0.00,0.00,0.00",,0.00,
r based machine learning course offered by stanford online,,0,"0.00,0.00,0.00,0.00,0.00,0.00,0.00,0.00,0.00,0.00,0.00,0.00",,0.00,
r course machine learning,,0,"0.00,0.00,0.00",,0.00,
r for machine learning course,,0,"0.00,0.00,0.00,0.00,0.00,0.00,0.00,0.00,0.00,0.00,0.00,0.00",,0.00,
r machine learning course,,0,"1.00,0.00,0.00,0.00,0.00,1.00,0.00,0.00,0.00,0.00,0.00,0.00",,3.50,
r machine learning course era,,0,"0.00,0.00,0.00,0.00,0.00,0.00,0.00,0.00,0.00,0.00,0.00,0.00",,0.00,
r machine learning course london,,0,"0.00,0.00,0.00,0.00,0.00,0.00,0.00,0.00,0.00,0.00,0.00,0.00",,0.00,
r machine learning free course,,0,"0.00,0.00,0.00,0.00,0.00,0.00,0.00,0.00,0.00,0.00,0.00,0.00",,0.00,
random forest machine learning course,,0,"0.00,0.00,0.00,0.00,0.00,0.00,0.00,0.00,0.00,0.00,0.00,0.00",,0.00,
random tree machine learning course,,0,"0.00,0.00,0.00,0.00,0.00,0.00,0.00,0.00,0.00,0.00,0.00,0.00",,0.00,
ravindra babu ravula machine learning course,,0,"0.00,0.00,0.00,0.00,0.00,0.00,0.00,0.00,0.00,0.00,0.00,0.00",,0.00,
recommendation system machine learning course,,0,"0.00,0.00,0.00,0.00,0.00,0.00,0.00,0.00,0.00,0.00,0.00,0.00",,0.00,
reddirt bets online machine learning course,,0,"0.00,0.00,0.00,0.00,0.00,0.00,0.00,0.00,0.00,0.00,0.00,0.00",,0.00,
reddit best course on time series for machine learning,,0,"0.00,0.00,0.00,0.00,0.00,0.00,0.00,0.00,0.00,0.00,0.00,0.00",,0.00,
reddit best machine learning crash course,,0,"0.00,0.00,0.00,0.00,0.00,0.00,0.00,0.00,0.00,0.00,0.00,0.00",,0.00,
reddit best machine learning online courses,,0,"0.00,0.00,0.00,0.00,0.00,0.00,0.00,0.00,0.00,0.00,0.00,0.00",,0.00,
reddit google machine learning crash course,,0,"0.00,0.00,0.00,0.00,0.00,0.00,0.00,0.00,0.00,0.00,0.00,0.00",,0.00,
reddit machine learning for biology major course,,0,"0.00,0.00,0.00,0.00,0.00,0.00,0.00,0.00,0.00,0.00,0.00,0.00",,0.00,
reddit online course machine learning hardware,,0,"0.00,0.00,0.00,0.00,0.00,0.00,0.00,0.00,0.00,0.00,0.00,0.00",,0.00,
reddit online machine learning courses,,0,"0.00,0.00,0.00,0.00,0.00,0.00,0.00,0.00,0.00,0.00,0.00,0.00",,0.00,
reference stanford machine learning course,,0,"0.00,0.00,0.00,0.00,0.00,0.00,0.00,0.00,0.00,0.00,0.00,0.00",,0.00,
related:https://www.coursera.org/learn/machine-learning machine learning course,,0,"0.00,0.00,0.00,0.00,0.00,0.00,0.00,0.00,0.00,0.00,0.00,0.00",,0.00,
related:https://www.coursera.org/learn/machinelearning machine learning course,,0,"0.00,0.00,0.00,0.00,0.00,0.00,0.00,0.00",,5.57,
review machine learning course,,0,"0.00,0.00,0.00,0.00,0.00,0.00,0.00,0.00,0.00,0.00,0.00,0.00",,0.00,
review of machine learning courses,,0,"0.00,0.00,0.00,0.00,0.00,0.00,0.00,0.00,0.00,0.00,0.00,0.00",,0.00,
rice elec machine learning course,,0,"0.00,0.00,0.00,0.00,0.00,0.00,0.00,0.00,0.00,0.00,0.00,0.00",,0.00,
rice machine learning course,,0,"0.00,0.00,0.00,0.00,0.00,0.00,0.00,0.00,0.00,0.00,0.00,0.00",,0.00,
rice machine learning courses,,0,"0.00,0.00,0.00,0.00,0.00,0.00,0.00,0.00,0.00,0.00,0.00,0.00",,0.00,
rice university machine learning course,,0,"0.00,0.00,0.00,0.00,0.00,0.00,0.00,0.00,0.00,0.00,0.00,0.00",,0.00,
rit machine learning course,,0,"0.00,0.00,0.00,0.00,0.00,0.00,0.00,0.00,0.00,0.00,0.00,0.00",,0.00,
rit machine learning courses,,0,"0.00,0.00,0.00,0.00,0.00,0.00,0.00,0.00,0.00,0.00,0.00,0.00",,0.00,
ritesh bhagwat machine learning course,,0,"1.00,0.00,0.00,0.00,0.00,0.00,0.00,0.00,0.00,0.00,0.00,0.00",,0.00,
robotics and machine learning course,,0,"0.00,0.00,0.00,0.00,0.00,0.00,0.00,0.00,0.00,0.00,0.00,0.00",,0.00,
rpi machine learning course,,0,"0.00,0.00,0.00,0.00,0.00,0.00,0.00,0.00,0.00,0.00,0.00,0.00",,0.00,
rpubs practical machine learning course project,,0,"0.00,0.00,0.00,0.00,0.00,0.00,0.00,0.00,0.00,0.00,0.00,0.00",,0.00,
rss machine learning course,,0,"0.00,0.00,0.00,0.00,0.00,0.00,0.00,0.00,0.00,0.00,0.00,0.00",,0.00,
ryerson machine learning course,,0,"0.00,0.00,0.00,0.00,0.00,0.00,0.00,0.00,0.00,0.00,0.00,0.00",,0.00,
san francisco machine learning course,,0,"0.00,0.00,0.00,0.00,0.00,0.00,0.00,0.00,0.00,0.00,0.00,0.00",,0.00,
sap leonardo machine learning course,,0,"0.00,0.00,0.00,0.00,0.00,0.00,0.00,0.00,0.00,0.00,0.00,0.00",,0.00,
sap leonardo machine learning course content,,0,"0.00,0.00,0.00,0.00,0.00,0.00,0.00,0.00,0.00,0.00,0.00,0.00",,0.00,
sap machine learning courses,,0,"0.00,0.00,0.00,0.00,0.00,0.00,0.00,0.00,0.00,0.00,0.00,0.00",,0.00,
sas machine learning courses,,0,"0.00,0.00,0.00,0.00,0.00,0.00,0.00,0.00,0.00,0.00,0.00,0.00",,0.00,
satinder singh machine learning course umich,,0,"0.00,0.00,0.00,0.00,0.00,0.00,0.00,0.00,0.00,0.00,0.00,0.00",,0.00,
scala and spark for big data and machine learning course,,0,"0.00,0.00,0.00,0.00,0.00,0.00,0.00,0.00,0.00,0.00,0.00,0.00",,0.00,
scala machine learning course,,0,"0.00,0.00,0.00,0.00,0.00,0.00,0.00,0.00,0.00,0.00,0.00,0.00",,0.00,
scalable machine learning course,,0,"0.00,0.00,0.00,0.00,0.00,0.00,0.00,0.00,0.00,0.00,0.00,0.00",,0.00,
scaler machine learning course review,,0,"1.00,0.00,0.00,0.00,0.00,0.00,0.00,0.00,0.00,0.00,0.00",,0.00,
sentiment analysis using fasttext and machine learning free course download,,0,"0.00,0.00,0.00,0.00,0.00,0.00,0.00,0.00,0.00,0.00,0.00,0.00",,0.00,
shai ben david machine learning course,,0,"0.00,0.00,0.00,0.00,0.00,0.00,0.00,0.00,0.00,0.00,0.00,0.00",,0.00,
short course machine learning,,0,"0.00,0.00,0.00,0.00,0.00,0.00,0.00,0.00,0.00,0.00,0.00,0.00",,6.61,
short course machine learning epidemiology,,0,"0.00,0.00,0.00,0.00,0.00,0.00,0.00,0.00,0.00,0.00,0.00,0.00",,0.00,
short courses in machine learning,,0,"0.00,0.00,0.00,0.00,0.00,0.00,0.00,0.00,0.00,0.00,0.00,0.00",,0.00,
short term course on machine learning 2019,,0,"0.00,0.00,0.00,0.00,0.00,0.00,0.00,0.00,0.00,0.00,0.00,0.00",,0.00,
short term courses on machine learning,,0,"0.00,0.00,0.00,0.00,0.00,0.00,0.00,0.00,0.00,0.00,0.00,0.00",,0.00,
should i take a machine learning course,,0,"0.00,0.00,0.00,0.00,0.00,0.00,0.00,0.00,0.00,0.00,0.00,0.00",,0.00,
signal processing machine learning course,,0,"0.00,0.00,0.00,0.00,0.00,0.00,0.00,0.00,0.00,0.00,0.00,0.00",,0.00,
simplilearn machine learning course review,,0,"0.00,0.00,0.00,0.00,0.00,0.00,0.00,0.00,0.00,0.00,0.00,0.00",,0.00,
simplilearn machine learning free course,,0,"0.00,0.00,0.00,0.00,1.00,0.00,0.00,0.00,0.00,0.00,0.00,0.00",,0.00,
simplilearn machine learning full course,,0,"0.00,0.00,0.00,0.00,0.00,0.00,0.00,0.00,0.00,0.00,0.00,0.00",,0.00,
simulation course machine learning,,0,"0.00,0.00,0.00,0.00,0.00,0.00,0.00,0.00,0.00,0.00,0.00,0.00",,0.00,
singapore machine learning course,,0,"0.00,0.00,0.00,0.00,0.00,0.00,0.00,0.00,0.00,0.00,0.00,0.00",,0.00,
siraj machine learning course,,0,"0.00,0.00,0.00,0.00,0.00,0.00,0.00,0.00,0.00,0.00,0.00,0.00",,0.00,
siraj raval machine learning course,,0,"0.00,0.00,0.00,0.00,0.00,0.00,0.00,0.00,0.00,0.00,0.00,0.00",,0.00,
siraj raval machine learning course scam,,0,"0.00,0.00,0.00,0.00,0.00,0.00,0.00,0.00,0.00,0.00,0.00,0.00",,0.00,
sjsu machine learning course,,0,"0.00,0.00,0.00,0.00,0.00,0.00,0.00,0.00,0.00,0.00,0.00,0.00",,0.00,
sklearn python machine learning course,,0,"0.00,0.00,0.00,0.00,0.00,0.00,0.00,0.00,0.00,0.00,0.00,0.00",,0.00,
slu edu machine learning course soccer,,0,"0.00,0.00,0.00,0.00,0.00,0.00,0.00,0.00,0.00,0.00,0.00,0.00",,0.00,
software engineer for machine learning courses,,0,"0.00,0.00,0.00,0.00,0.00,0.00,0.00,0.00,0.00,0.00,0.00,0.00",,0.00,
soledad galli deployment of machine learning models course,,0,"0.00,0.00,0.00,0.00,0.00,0.00,0.00,0.00,0.00,0.00,0.00,0.00",,0.00,
sololearn machine learning course,,0,"0.00,0.00,0.00,0.00,0.00,0.00,0.00,0.00,1.00,1.00,0.00,0.00",,0.00,
sop for machine learning course,,0,"0.00,0.00,0.00,0.00,0.00,0.00,0.00,0.00,0.00,0.00,0.00,0.00",,0.00,
spark for machine learning course,,0,"0.00,0.00,0.00,0.00,0.00,0.00,0.00,0.00,0.00,0.00,0.00,0.00",,0.00,
spark machine learning online course,,0,"0.00,0.00,0.00,0.00,0.00,0.00,0.00,0.00,0.00,0.00,0.00,0.00",,0.00,
specs of a machine learning lab undergraduate courses,,0,"0.00,0.00,0.00,0.00,0.00,0.00,0.00,0.00,0.00,0.00,0.00,0.00",,0.00,
speech recognition machine learning course,,0,"0.00,0.00,0.00,0.00,0.00,0.00,0.00,0.00,0.00,0.00,0.00,0.00",,0.00,
speed reading memory become a superlearner learning machine course,,0,"0.00,0.00,0.00,0.00,0.00,0.00,0.00,0.00,0.00,0.00,0.00,0.00",,0.00,
splunk machine learning course,,0,"0.00,0.00,0.00,0.00,0.00,0.00,0.00,0.00,0.00,0.00,0.00,0.00",,0.00,
springboard machine learning course,,0,"0.00,0.00,0.00,0.00,0.00,0.00,0.00,0.00,0.00,0.00,0.00,0.00",,0.00,
springboard machine learning course review,,0,"0.00,0.00,0.00,0.00,0.00,0.00,0.00,0.00,0.00,0.00,0.00,0.00",,0.00,
sql server machine learning course,,0,"0.00,0.00,0.00,0.00,0.00,0.00,0.00,0.00,0.00,0.00,0.00,0.00",,0.00,
sql server machine learning training courses,,0,"0.00,0.00,0.00,0.00,0.00,0.00,0.00,0.00,0.00,0.00,0.00,0.00",,0.00,
standford machine learning course,,0,"0.00,0.00,0.00,0.00,1.00,0.00,0.00,0.00,0.00,0.00,0.00,0.00",,3.39,
stanford course on machine learning,,0,"0.00,0.00,0.00,0.00,0.00,0.00,0.00,0.00,0.00,0.00,0.00,0.00",,3.39,
stanford courses machine learning,,0,"0.00,0.00,0.00,0.00,0.00,0.00,0.00,0.00,0.00,0.00,0.00,0.00",,3.39,
stanford courses online machine learning,,0,"0.00,0.00,0.00,0.00,0.00,0.00,0.00,0.00,0.00,0.00,0.00,0.00",,0.00,
stanford cs229: machine learning course,,0,"0.00,0.00,0.00,0.00,0.00,0.00,0.00,0.00,0.00,0.00,0.00,0.00",,0.00,
stanford engineering open courses machine learning,,0,"0.00,0.00,0.00,0.00,0.00,0.00,0.00,0.00,0.00,0.00,0.00,0.00",,0.00,
stanford free course machine learning,,0,"0.00,0.00,0.00,0.00,0.00,0.00,0.00,0.00,0.00,0.00,0.00,0.00",,3.08,
stanford machine learning cert course,,0,"0.00,0.00,0.00,0.00,0.00,0.00,0.00,0.00,0.00,0.00,0.00,0.00",,0.00,
stanford machine learning course cost,,0,"0.00,0.00,0.00,0.00,0.00,0.00,0.00,0.00,0.00,0.00,0.00,0.00",,0.00,
stanford machine learning course coursera github,,0,"0.00,0.00,0.00,0.00,0.00,0.00,0.00,0.00,0.00,0.00,0.00,0.00",,0.00,
stanford machine learning course download,,0,"0.00,0.00,0.00,0.00,0.00,0.00,0.00,0.00,0.00,0.00,0.00,0.00",,0.00,
stanford machine learning course homework,,0,"0.00,0.00,0.00,0.00,0.00,0.00,0.00,0.00,0.00,0.00,0.00,0.00",,0.00,
stanford machine learning course language,,0,"0.00,0.00,0.00,0.00,0.00,0.00,0.00,0.00,0.00,0.00,0.00,0.00",,0.00,
stanford machine learning course material,,0,"0.00,0.00,0.00,0.00,0.00,0.00,0.00,0.00,0.00,0.00,0.00,0.00",,0.00,
stanford machine learning course online,,0,"0.00,0.00,0.00,0.00,0.00,0.00,0.00,0.00,0.00,0.00,0.00,0.00",,4.29,
stanford machine learning course online with certificate,,0,"0.00,0.00,0.00,0.00,0.00,0.00,0.00,0.00,0.00,0.00,0.00,0.00",,0.00,
stanford machine learning course pdf,,0,"0.00,0.00,0.00,0.00,0.00,0.00,0.00,0.00,0.00,0.00,0.00,0.00",,0.00,
stanford machine learning course price,,0,"0.00,0.00,0.00,0.00,0.00,0.00,0.00,0.00,0.00,0.00,0.00,0.00",,0.00,
stanford machine learning course projects,,0,"0.00,0.00,0.00,0.00,0.00,0.00,0.00,0.00,0.00,0.00,0.00,0.00",,0.00,
stanford machine learning course quiz answers,,0,"0.00,0.00,0.00,0.00,0.00,0.00,0.00,0.00,0.00,0.00,0.00,0.00",,0.00,
stanford machine learning course textbook,,0,"0.00,0.00,0.00,0.00,0.00,0.00,0.00,0.00,0.00,0.00,0.00,0.00",,0.00,
stanford machine learning course tree,,0,"0.00,0.00,0.00,0.00,0.00,0.00,0.00,0.00,0.00,0.00,0.00,0.00",,0.00,
stanford machine learning course video,,0,"0.00,0.00,0.00,0.00,0.00,0.00,0.00,0.00,0.00,0.00,0.00,0.00",,0.00,
stanford machine learning course wiki,,0,"0.00,0.00,0.00,0.00,0.00,0.00,0.00,0.00,0.00,0.00,0.00,0.00",,0.00,
stanford machine learning course youtube,,0,"0.00,0.00,0.00,0.00,0.00,0.00,0.00,0.00,0.00,0.00,0.00,0.00",,0.00,
stanford machine learning open course,,0,"0.00,0.00,0.00,0.00,0.00,0.00,0.00,0.00,0.00,0.00,0.00,0.00",,2.73,
stanford machine learning open course certificate,,0,"0.00,0.00,0.00,0.00,0.00,0.00,0.00,0.00,0.00,0.00,0.00,0.00",,0.00,
stanford machine learning phd course syllabus,,0,"0.00,0.00,0.00,0.00,0.00,0.00,0.00,0.00,0.00,0.00,0.00,0.00",,0.00,
stanford machine learning trevor hastie course,,0,"0.00,0.00,0.00,0.00,0.00,0.00,0.00,0.00,0.00,0.00,0.00,0.00",,0.00,
stanford ng machine learning course,,0,"0.00,0.00,0.00,0.00,0.00,0.00,0.00,0.00,0.00,0.00,0.00,0.00",,0.00,
stanford online course machine learning,,0,"0.00,0.00,0.00,0.00,0.00,0.00,0.00,0.00,0.00,0.00,0.00,0.00",,4.05,
stanford online machine learning course,,0,"0.00,0.00,0.00,1.00,0.00,0.00,0.00,0.00,0.00,0.00,0.00,0.00",,4.05,
stanford online machine learning course by andrew ng,,0,"0.00,0.00,0.00,0.00,0.00,0.00,0.00,0.00,0.00,0.00,0.00,0.00",,0.00,
stanford open courses machine learning,,0,"0.00,1.00,0.00,0.00,0.00,0.00,0.00,0.00,0.00,0.00,0.00,0.00",,2.73,
stanford scpd machine learning course,,0,"0.00,0.00,0.00,0.00,0.00,0.00,0.00,0.00,0.00,0.00,0.00,0.00",,0.00,
stanford uni machine learning courses,,0,"0.00,0.00,0.00,0.00,0.00,0.00,0.00,0.00,0.00,0.00,0.00,0.00",,0.00,
stanford university and coursera's machine learning course,,0,"0.00,0.00,0.00,0.00,0.00,0.00,0.00,0.00,0.00,0.00,0.00,0.00",,0.00,
stanford university coursera machine learning courses,,0,"0.00,0.00,0.00,0.00,0.00,0.00,0.00,0.00,0.00,0.00,0.00,0.00",,0.00,
stanford university machine learning course fee,,0,"0.00,0.00,0.00,0.00,0.00,0.00,0.00,0.00,0.00,0.00,0.00,0.00",,0.00,
stanford university machine learning courses,,0,"0.00,0.00,0.00,0.00,0.00,0.00,0.00,0.00,0.00,0.00,0.00,0.00",,3.39,
stanford university machine learning free course with certificate,,0,0.00,,0.00,
stanford university machine learning open course,,0,"0.00,0.00,0.00,0.00,0.00,0.00,0.00,0.00,0.00,0.00,0.00,0.00",,0.00,
stanford university open course machine learning,,0,"0.00,0.00,0.00,0.00,0.00,0.00,0.00,0.00,0.00,0.00,0.00,0.00",,0.00,
stanford university's and coursera's machine learning course,,0,"0.00,0.00,0.00,0.00,0.00,0.00,0.00,0.00,0.00,0.00,0.00,0.00",,0.00,
starter courses on machine learning for beginners,,0,"0.00,0.00,0.00,0.00,0.00,0.00,0.00,0.00,0.00,0.00,0.00,0.00",,0.00,
stastical machine learning course,,0,"0.00,0.00,0.00,0.00,0.00,0.00,0.00,0.00,0.00,0.00,0.00,0.00",,0.00,
stata machine learning course,,0,"0.00,0.00,0.00,0.00,0.00,0.00,0.00,0.00,0.00,0.00,0.00,0.00",,0.00,
statisitics course for machine learning,,0,"0.00,0.00,0.00,0.00,0.00,0.00,0.00,0.00,0.00,0.00,0.00,0.00",,0.00,
statistical machine learning course content,,0,"1.00,0.00,0.00",,0.00,
statistical machine learning courses,,0,"0.00,0.00,0.00,0.00,0.00,0.00,0.00,0.00,0.00,0.00,0.00,0.00",,0.00,
statistical machine learning online course,,0,"0.00,0.00,0.00,0.00,0.00,0.00,0.00,0.00,0.00,0.00,0.00,0.00",,0.00,
statistical machine learning short course usc,,0,"0.00,0.00,0.00,0.00,0.00,0.00,0.00,0.00,0.00,0.00,0.00,0.00",,0.00,
statistics and machine learning cmu course,,0,"0.00,0.00,0.00,0.00,0.00,0.00,0.00,0.00,0.00,0.00,0.00,0.00",,0.00,
statistics and probability for machine learning courses,,0,"0.00,0.00,0.00,0.00,0.00,0.00,0.00,0.00,0.00,0.00,0.00,0.00",,0.00,
statistics course for machine learning,,0,"0.00,0.00,0.00,0.00,0.00,0.00,0.00,0.00,0.00,0.00,0.00,0.00",,3.84,
statistics course for machine learning edu,,0,"0.00,0.00,0.00,0.00,0.00,0.00,0.00,0.00,0.00,0.00,0.00,0.00",,0.00,
statistics course for machine learning reading list,,0,"0.00,0.00,0.00,0.00,0.00,0.00,0.00,0.00,0.00,0.00,0.00,0.00",,0.00,
statistics course for machine learning reading list lecture,,0,"0.00,0.00,0.00,0.00,0.00,0.00,0.00,0.00,0.00,0.00,0.00,0.00",,0.00,
statistics courses to take for machine learning,,0,"0.00,0.00,0.00,0.00,0.00,0.00,0.00,0.00,0.00,0.00,0.00,0.00",,0.00,
statistics crash course for machine learning,,0,"0.00,0.00,0.00,1.00,0.00,0.00,0.00,0.00,0.00,0.00,0.00,0.00",,0.00,
statistics for machine learning online course,,0,"0.00,1.00,0.00,0.00,0.00,0.00,0.00,1.00,0.00,0.00,0.00,0.00",,0.00,
statistics machine learning course,,0,"0.00,0.00,0.00,0.00,0.00,0.00,0.00,0.00,0.00,0.00,0.00,0.00",,0.00,
stephen boyd machine learning stanford course,,0,"0.00,0.00,0.00,0.00,0.00,0.00,0.00,0.00,0.00,0.00,0.00,0.00",,0.00,
stochastic gradient descent machine learning course,,0,"0.00,0.00,0.00,0.00,0.00,0.00,0.00,0.00,0.00,0.00,0.00,0.00",,0.00,
stony brook machine learning course,,0,"0.00,0.00,0.00,0.00,0.00,0.00,0.00,0.00,0.00,0.00,0.00,0.00",,0.00,
studying a course machine learning with the adept method,,0,"0.00,0.00,0.00,0.00,0.00,0.00,0.00,0.00,0.00,0.00,0.00,0.00",,0.00,
submit assignemnts coursear machine learning without paying,,0,"0.00,0.00,0.00,0.00,0.00,0.00,0.00,0.00,0.00,0.00,0.00,0.00",,0.00,
submitwith configureation issue machine learning course,,0,"0.00,0.00,0.00,0.00,0.00,0.00,0.00,0.00,0.00,0.00,0.00,0.00",,0.00,
summer courses machine learning,,0,"0.00,0.00,0.00,0.00,0.00,0.00,0.00,0.00,0.00,0.00,0.00,0.00",,0.00,
summer courses machine learning boston,,0,"0.00,0.00,0.00,0.00,0.00,0.00,0.00,0.00,0.00,0.00,0.00,0.00",,0.00,
sundog-education aws-certified-machine-learning-course-materials,,0,"0.00,0.00,0.00,0.00,0.00,0.00,0.00,0.00,0.00,0.00,0.00,0.00",,0.00,
supervised machine learning online course,,0,"1.00,0.00,1.00,0.00,1.00,0.00,0.00,1.00,0.00,0.00,0.00",,0.00,
supervised machine learning: regression and classification free course,,0,"0.00,0.00,0.00,0.00,0.00,0.00,0.00,0.00,0.00,0.00,0.00,0.00",,0.00,
supervised vs unsupervised machine learning course hero,,0,"0.00,0.00,0.00,0.00,0.00,0.00,0.00,0.00,0.00,0.00,0.00,0.00",,0.00,
supply chain machine learning course,,0,"0.00,0.00,0.00,0.00,0.00,0.00,0.00,0.00,0.00,0.00,0.00,0.00",,0.00,
susan athey machine learning course,,0,"0.00,0.00,0.00,0.00,0.00,0.00,0.00,0.00,0.00,0.00,0.00,0.00",,0.00,
susan athey machine learning mit open course,,0,"0.00,0.00,0.00,0.00,0.00,0.00,0.00,0.00,0.00,0.00,0.00,0.00",,0.00,
swamidass machine learning course wustl,,0,"0.00,0.00,0.00,0.00,0.00,0.00,0.00,0.00,0.00,0.00,0.00,0.00",,0.00,
t jebara course notes machine learning,,0,"0.00,0.00,0.00,0.00,0.00,0.00,0.00,0.00,0.00,0.00,0.00,0.00",,0.00,
tableau machine learning course,,0,"0.00,0.00,0.00,0.00,0.00,0.00,0.00,0.00,0.00,0.00,0.00,0.00",,0.00,
taking a machine learning course online instead of class,,0,"0.00,0.00,0.00,0.00,0.00,0.00,0.00,0.00,0.00,0.00,0.00,0.00",,0.00,
taking machine learning course in college jobs,,0,"0.00,0.00,0.00,0.00,0.00,0.00,0.00,0.00,0.00,0.00,0.00,0.00",,0.00,
tamu machine learning course,,0,"0.00,0.00,0.00,0.00,0.00,0.00,0.00,0.00,0.00,0.00,0.00,0.00",,0.00,
tanford machine learning course,,0,"0.00,0.00,0.00,0.00,0.00,0.00,0.00,0.00,0.00,0.00,0.00,0.00",,0.00,
techcrunch news machine learning google crash course,,0,"0.00,0.00,0.00,0.00,0.00,0.00,0.00,0.00,0.00,0.00,0.00,0.00",,0.00,
techworld developers galleriesbest online courses for machine learning techworld,,0,"0.00,0.00,0.00,0.00,0.00,0.00,0.00,0.00,0.00,0.00,0.00,0.00",,0.00,
tensorflow crash course machine learning,,0,"0.00,0.00,0.00,0.00,0.00,0.00,0.00,0.00,0.00,0.00,0.00,0.00",,0.00,
tensorflow google machine learning crash course,,0,"0.00,0.00,0.00,0.00,0.00,0.00,0.00,0.00,0.00,0.00,0.00,0.00",,0.00,
texas a&m vlsi machine learning course,,0,"0.00,0.00,0.00,0.00,0.00,0.00,0.00,0.00,0.00,0.00,0.00,0.00",,0.00,
text analysis machine learning python course,,0,"0.00,0.00,0.00,0.00,0.00,0.00,0.00,0.00,0.00,0.00,0.00,0.00",,0.00,
text based machine learning course,,0,"0.00,0.00,0.00,0.00,0.00,0.00,0.00,0.00,0.00,0.00,0.00,0.00",,0.00,
the aws machine learning foundations course,,0,"0.00,0.00,0.00,1.00,0.00,0.00,0.00,0.00,0.00,0.00,0.00,0.00",,0.00,
the best machine learning courses,,0,"0.00,0.00,0.00,0.00,0.00,0.00,0.00,0.00,0.00,0.00,0.00,0.00",,0.00,
the best udemy machine learning course matla,,0,"0.00,0.00,0.00,0.00,0.00,0.00,0.00,0.00,0.00,0.00,0.00,0.00",,0.00,
the complete 2021 android machine learning course,,0,"0.00,0.00,0.00,0.00,0.00,0.00,0.00,0.00,0.00,0.00,0.00,0.00",,0.00,
the complete hands-on machine learning crash course,,0,"0.00,0.00,0.00,0.00,0.00,0.00,0.00,0.00,0.00,0.00,0.00,0.00",,0.00,
the complete machine learning course from zero to expert,,0,0.00,,0.00,
the complete machine learning course with python download,,0,"0.00,0.00,0.00,0.00,0.00,0.00,0.00,0.00,0.00,0.00,0.00,0.00",,0.00,
the complete machine learning course with python free,,0,"0.00,0.00,0.00,1.00,0.00,0.00,1.00,0.00,0.00,0.00,0.00,0.00",,0.00,
the complete machine learning course with python free download,,0,"0.00,0.00,0.00,0.00,0.00,0.00,0.00,0.00,0.00,0.00,0.00,0.00",,0.00,
the complete machine learning course with python udemy download,,0,"0.00,0.00,0.00,0.00,0.00,0.00,0.00,0.00,0.00,0.00,0.00,0.00",,0.00,
the complete machine learning course: from zero to expert,,0,"1.00,0.00,1.00,0.00,0.00,0.00,0.00,0.00,0.00,0.00,0.00,0.00",,0.00,
the complete machine learning data science course in python,,0,"0.00,0.00,0.00,0.00,0.00,0.00,0.00,0.00,0.00,0.00,0.00,0.00",,0.00,
the complete machine learning data science course in python updated,,0,"0.00,0.00,0.00,0.00,0.00,0.00,0.00,0.00,0.00,0.00,0.00,0.00",,0.00,
the complete python course for machine learning engineers,,0,"0.00,0.00,0.00,0.00,0.00,0.00,0.00,0.00,0.00,0.00,0.00,0.00",,0.00,
the complete python course for machine learning engineers downloady,,0,"0.00,0.00,0.00,0.00,0.00,0.00,0.00,0.00,0.00,0.00,0.00,0.00",,0.00,
the machine learning crash course,,0,"0.00,0.00,0.00,0.00,0.00,0.00,0.00,0.00,0.00,0.00,0.00,0.00",,0.00,
the most famous machine learning course,,0,"0.00,0.00,0.00,0.00,0.00,0.00,0.00,0.00,0.00,0.00,0.00,0.00",,0.00,
tibshirani machine learning course,,0,"0.00,0.00,0.00,0.00,0.00,0.00,0.00,0.00,0.00,0.00,0.00,0.00",,0.00,
top 10 machine learning courses in india,,0,"0.00,0.00,0.00,0.00,0.00,0.00,0.00,0.00,0.00,0.00,0.00,0.00",,0.00,
top 10 machine learning courses online,,0,"0.00,0.00,0.00,0.00,0.00,0.00,0.00,0.00,0.00,0.00,0.00,0.00",,0.00,
top 10 online machine learning courses,,0,"0.00,0.00,0.00,0.00,0.00,0.00,0.00,0.00,0.00,0.00,0.00,0.00",,0.00,
top ai and machine learning courses in us,,0,"1.00,0.00,0.00",,0.00,
top ai and machine learning courses online,,0,"0.00,0.00,0.00",,0.00,
top alternatives to udemy for machine learning courses,,0,"1.00,0.00",,0.00,
top generative ai and machine learning course,,0,"0.00,0.00,0.00,0.00",,0.00,
top generative ai and machine learning course in us,,0,"1.00,0.00,0.00",,0.00,
top generative ai and machine learning course online,,0,"0.00,0.00",,0.00,
top machine learning course,,0,"0.00,0.00,0.00,0.00,0.00,0.00,0.00,0.00,0.00,0.00,1.00,0.00",,5.02,
top machine learning course bay area,,0,"0.00,0.00,0.00,0.00,0.00,0.00,0.00,0.00,0.00,0.00,0.00,0.00",,0.00,
top machine learning course san francisco,,0,"0.00,0.00,0.00,0.00,0.00,0.00,0.00,0.00,0.00,0.00,0.00,0.00",,0.00,
top machine learning courses 2018,,0,"0.00,0.00,0.00,0.00,0.00,0.00,0.00,0.00,0.00,0.00,0.00,0.00",,0.00,
top machine learning courses in bangalore,,0,"0.00,0.00,0.00,0.00,0.00,0.00,0.00,0.00,0.00,0.00,0.00,0.00",,0.00,
top machine learning courses in hyderabad,,0,"0.00,0.00,0.00,0.00,0.00,0.00,0.00,0.00,0.00,0.00,0.00,0.00",,0.00,
top machine learning courses in india,,0,"0.00,0.00,1.00,1.00,0.00,0.00,0.00,0.00,0.00,0.00,0.00,0.00",,0.00,
top machine learning courses on udemy,,0,"0.00,0.00,0.00,0.00,0.00,1.00,1.00,0.00,0.00,0.00,0.00,0.00",,0.00,
top machine learning python coursera course,,0,"0.00,0.00,0.00,0.00,0.00,0.00,0.00,0.00,0.00,0.00,0.00,0.00",,0.00,
top online courses in machine learning,,0,"0.00,0.00,0.00,0.00,0.00,0.00,0.00,0.00,0.00,0.00,0.00,0.00",,0.00,
top paid courses applied machine learning 2025,,0,0.00,,0.00,
top rated machine learning courses,,0,"0.00,0.00,0.00,0.00,0.00,0.00,0.00,0.00,0.00,0.00,0.00,0.00",,0.00,
top rated online machine learning courses coursera edx udemy,,0,"0.00,0.00",,0.00,
toughest week in machine learning coursera course,,0,"0.00,0.00,0.00,0.00,0.00,0.00,0.00,0.00,0.00,0.00,0.00,0.00",,0.00,
training data analyst courses machine_learning deepdive 06_structured,,0,"0.00,0.00,0.00,0.00,0.00,0.00,0.00,0.00,0.00,0.00,0.00,0.00",,0.00,
trustworthy machine learning course,,0,"1.00,0.00,0.00,0.00,0.00,0.00,0.00",,0.00,
ttps developers google com machine learning crash course,,0,"0.00,0.00,0.00,0.00,0.00,0.00,0.00,0.00,0.00,0.00,0.00,0.00",,0.00,
ttps developers.google.com machine-learning crash-course ml-intro,,0,"0.00,0.00,0.00,0.00,0.00,0.00,0.00,0.00,0.00,0.00,0.00,0.00",,0.00,
tum machine learning course,,0,"0.00,0.00,0.00,0.00,0.00,0.00,0.00,0.00,0.00,0.00,0.00,0.00",,0.00,
uae machine learning courses career development,,0,0.00,,0.00,
ualbany machine learning course description,,0,"0.00,0.00,0.00,0.00,0.00,0.00,0.00,0.00,0.00,0.00,0.00,0.00",,0.00,
uc berkeley certificate courses machine learning,,0,"0.00,0.00,0.00,0.00,0.00,0.00,0.00,0.00,0.00,0.00,0.00,0.00",,0.00,
uc berkeley extension machine learning course,,0,"0.00,0.00,0.00,0.00,0.00,0.00,0.00,0.00,0.00,0.00,0.00,0.00",,0.00,
uc berkeley machine learning course spring 2020,,0,"0.00,0.00,0.00,0.00,0.00,0.00,0.00,0.00,0.00,0.00,0.00,0.00",,0.00,
uc berkeley machine learning courses,,0,"0.00,0.00,0.00,0.00,0.00,0.00,0.00,0.00,0.00,0.00,0.00,0.00",,0.00,
uc berkeley machine learning online short course,,0,"0.00,0.00,0.00,0.00,0.00,0.00,0.00,0.00,0.00,0.00,0.00,0.00",,0.00,
uc berkeley machine learning short course,,0,"0.00,0.00,0.00,0.00,0.00,0.00,0.00,0.00,0.00,0.00,0.00,0.00",,0.00,
uc davis machine learning courses,,0,"0.00,0.00,0.00,0.00,0.00,0.00,0.00,0.00,0.00,0.00,0.00,0.00",,0.00,
uc irvine machine learning course,,0,"0.00,0.00,0.00,0.00,0.00,0.00,0.00,0.00,0.00,0.00,0.00,0.00",,0.00,
ucb machine learning course,,0,"0.00,0.00,0.00,0.00,0.00,0.00,0.00,0.00,0.00,0.00,0.00,0.00",,0.00,
ucf machine learning course,,0,"0.00,0.00,0.00,0.00,0.00,0.00,0.00,0.00,0.00,0.00,0.00,0.00",,0.00,
ucl machine learning course,,0,"0.00,0.00,0.00,0.00,0.00,0.00,0.00,1.00,0.00,0.00,1.00,0.00",,0.00,
ucla course hero neural signal processing and machine learning,,0,"0.00,0.00,0.00,0.00,0.00,0.00,0.00,0.00,0.00,0.00,0.00,0.00",,0.00,
ucla machine learning courses,,0,"0.00,0.00,0.00,0.00,0.00,0.00,0.00,0.00,0.00,0.00,0.00,0.00",,0.00,
uconn machine learning course,,0,"0.00,0.00,0.00,0.00,0.00,0.00,0.00,0.00,0.00,0.00,0.00,0.00",,0.00,
ucsb online courses machine learning,,0,"0.00,0.00,0.00,0.00,0.00,0.00,0.00,0.00,0.00,0.00,0.00,0.00",,0.00,
ucsd cogs machine learning courses,,0,"0.00,0.00,0.00,0.00,0.00,0.00,0.00,0.00,0.00,0.00,0.00,0.00",,0.00,
ucsd cse machine learning courses,,0,"0.00,0.00,0.00,0.00,0.00,0.00,0.00,0.00,0.00,0.00,0.00,0.00",,0.00,
ucsd machine learning course catlog,,0,"0.00,0.00,0.00,0.00,0.00,0.00,0.00,0.00,0.00,0.00,0.00,0.00",,0.00,
ucsd machine learning course electrical engineering,,0,"0.00,0.00,0.00,0.00,0.00,0.00,0.00,0.00,0.00,0.00,0.00,0.00",,0.00,
ucsd machine learning course for math,,0,"0.00,0.00,0.00,0.00,0.00,0.00,0.00,0.00,0.00,0.00,0.00,0.00",,0.00,
ucsf machine learning course,,0,"0.00,0.00,0.00,0.00,0.00,0.00,0.00,0.00,0.00,0.00,0.00,0.00",,0.00,
ucsf machine learning course schedule,,0,"0.00,0.00,0.00,0.00,0.00,0.00,0.00,0.00,0.00,0.00,0.00,0.00",,0.00,
ucsf machine learning course schedule jeremy howard,,0,"0.00,0.00,0.00,0.00,0.00,0.00,0.00,0.00,0.00,0.00,0.00,0.00",,0.00,
udacity aws machine learning foundations course,,0,"0.00,0.00,0.00,1.00,0.00,0.00,0.00,1.00,0.00,0.00,0.00,0.00",,0.00,
udacity course machine learning,,0,"0.00,0.00,0.00,0.00,0.00,0.00,0.00,0.00,0.00,0.00,0.00,0.00",,0.00,
udacity courses machine learning,,0,"0.00,0.00,0.00,0.00,0.00,0.00,0.00,0.00,0.00,0.00,0.00,0.00",,0.00,
udacity free machine learning course rating,,0,"0.00,0.00,0.00,0.00,0.00,0.00,0.00,0.00,0.00,0.00,0.00,0.00",,0.00,
udacity https www.udacity.com course intro-to-machine-learning ud120,,0,"0.00,0.00,0.00,0.00,0.00,0.00,0.00,0.00,0.00,0.00,0.00,0.00",,0.00,
udacity intro to machine learning course,,0,"0.00,0.00,0.00,0.00,0.00,0.00,0.00,0.00,0.00,0.00,0.00,0.00",,0.00,
udacity intro to machine learning with pytorch course,,0,"1.00,0.00",,0.00,
udacity introduction to machine learning course,,0,"0.00,0.00,0.00,0.00,0.00,0.00,0.00,0.00,0.00,0.00,0.00,0.00",,0.00,
udacity machine learning course download,,0,"0.00,0.00,0.00,0.00,0.00,0.00,0.00,0.00,0.00,0.00,0.00,0.00",,0.00,
udacity machine learning course fee,,0,"0.00,0.00,0.00,0.00,0.00,0.00,0.00,0.00,0.00,0.00,0.00,0.00",,0.00,
udacity machine learning course free,,0,"1.00,0.00,0.00,0.00,0.00,0.00,0.00,0.00,0.00,1.00,0.00,0.00",,0.00,
udacity machine learning course free download,,0,"0.00,0.00,0.00,0.00,0.00,0.00,0.00,0.00,0.00,0.00,1.00,0.00",,0.00,
udacity machine learning course from google,,0,"0.00,0.00,0.00,0.00,0.00,0.00,0.00,0.00,0.00,0.00,0.00,0.00",,0.00,
udacity machine learning course github,,0,"0.00,0.00,0.00,0.00,0.00,0.00,0.00,0.00,0.00,0.00,0.00,0.00",,0.00,
udacity machine learning course review,,0,"0.00,1.00,0.00,0.00,0.00,0.00,0.00,0.00,0.00,0.00,0.00,1.00",,0.00,
udacity machine learning courses for students,,0,"0.00,0.00,0.00,0.00,0.00,0.00,0.00,0.00,0.00,0.00,0.00,0.00",,0.00,
udacity machine learning free course download,,0,"0.00,0.00,0.00,0.00,0.00,0.00,0.00,0.00,0.00,0.00,0.00,0.00",,0.00,
udacity machine learning nanodegree course list,,0,"0.00,0.00,0.00,0.00,0.00,0.00,0.00,0.00,0.00,0.00,0.00,0.00",,0.00,
udacity machine learning nanodegree courses,,0,"0.00,0.00,0.00,0.00,0.00,0.00,0.00,0.00,0.00,0.00,0.00,0.00",,0.00,
udacity. com/course/intro-to-machine-learning--ud120,,0,"0.00,0.00,0.00,0.00,0.00,0.00,0.00,0.00,0.00,0.00,0.00,0.00",,0.00,
udacity.com course machine-learning-for-trading,,0,"0.00,0.00,0.00,0.00,0.00,0.00,0.00,0.00,0.00,0.00,0.00,0.00",,0.00,
udemy - machine-learning-course-with-python,,0,"0.00,0.00,0.00,0.00,0.00,0.00,0.00,0.00,0.00,0.00,0.00,0.00",,0.00,
udemy a-z machine learning course,,0,"0.00,0.00,0.00,0.00,0.00,0.00,0.00,0.00,0.00,0.00,0.00,0.00",,0.00,
udemy best machine learning course for beginners,,0,"0.00,0.00,0.00",,0.00,
udemy best machine learning courses 2026,,0,"0.00,0.00",,0.00,
udemy course for machine learning,,0,"0.00,0.00,1.00,0.00,0.00,0.00,0.00,0.00,0.00,0.00,0.00,0.00",,0.00,
udemy course python for data science and machine learning bootcamp,,0,"0.00,0.00,0.00,0.00,0.00,0.00,0.00,0.00,0.00,0.00,0.00,0.00",,0.00,
udemy courses on machine learning,,0,"0.00,0.00,0.00,0.00,0.00,0.00,0.00,0.00,0.00,0.00,0.00,0.00",,0.00,
udemy feature engineering for machine learning soledad galli course,,0,"0.00,0.00",,0.00,
udemy free machine learning courses,,0,"0.00,0.00,0.00,0.00,0.00,0.00,0.00,0.00,0.00,0.00,0.00,0.00",,0.00,
udemy machine learning a-z course in python and r language,,0,"0.00,0.00,0.00,0.00,0.00,0.00,0.00,0.00,0.00,0.00,0.00,0.00",,0.00,
udemy machine learning and ai course,,0,"0.00,0.00,0.00,0.00,0.00,0.00,0.00,0.00,0.00,0.00,0.00,0.00",,0.00,
udemy machine learning course andrew ng alternative,,0,"1.00,0.00",,0.00,
udemy machine learning course by kirill eremenko,,0,"0.00,0.00,0.00,0.00,0.00,0.00,0.00,0.00,0.00,0.00,0.00,0.00",,0.00,
udemy machine learning course for beginners,,0,"0.00,0.00,0.00,0.00,0.00,0.00,0.00,0.00,0.00",,0.00,
udemy machine learning course free coupon,,0,"0.00,0.00,0.00,0.00,0.00,0.00,0.00,0.00,0.00,0.00,0.00,0.00",,0.00,
udemy machine learning course github,,0,"0.00,0.00,0.00,0.00,0.00,0.00,0.00,0.00,0.00,0.00,0.00,0.00",,0.00,
udemy machine learning course india,,0,"0.00,0.00,0.00,0.00,0.00,0.00,0.00,0.00,0.00,0.00,0.00,0.00",,0.00,
udemy machine learning course online,,0,"0.00,0.00,0.00,0.00",,0.00,
udemy machine learning course quora,,0,"0.00,0.00,0.00,0.00,0.00,0.00,0.00,0.00,0.00,0.00,0.00,0.00",,0.00,
udemy machine learning course review quora,,0,"0.00,0.00,0.00,0.00,0.00,0.00,0.00,0.00,0.00,0.00,0.00,0.00",,0.00,
udemy machine learning course with python,,0,"0.00,0.00,0.00,0.00,0.00,0.00,0.00,0.00,0.00,0.00,0.00,0.00",,0.00,
udemy machine learning courses for beginners,,0,"0.00,0.00,0.00,0.00,0.00,0.00",,0.00,
udemy machine learning courses free,,0,"0.00,0.00,0.00,0.00,0.00,0.00,0.00,0.00,0.00,0.00,0.00,0.00",,0.00,
udemy machine learning free course,,0,"0.00,0.00,0.00,0.00,0.00,0.00,0.00,0.00,0.00,0.00,1.00,0.00",,0.00,
udemy vs coursera machine learning courses,,0,"0.00,0.00",,0.00,
udemy vs coursera machine learning courses comparison,,0,0.00,,0.00,
uf machine learning course,,0,"0.00,0.00,0.00,0.00,0.00,0.00,0.00,0.00,0.00,0.00,0.00,0.00",,0.00,
uf machine learning courses,,0,"0.00,0.00,0.00,0.00,0.00,0.00,0.00,0.00,0.00,0.00,0.00,0.00",,0.00,
ufldl machine learning course,,0,"0.00,0.00,0.00,0.00,0.00,0.00,0.00,0.00,0.00,0.00,0.00,0.00",,0.00,
uic machine learning course,,0,"0.00,0.00,0.00,0.00,0.00,0.00,0.00,0.00,0.00,0.00,0.00,0.00",,0.00,
uiuc machine learning course notes,,0,"0.00,0.00,0.00,0.00,0.00,0.00,0.00,0.00,0.00,0.00,0.00,0.00",,0.00,
ultimate shred machine learn shred guitar techniques course,,0,"0.00,0.00,0.00,0.00,0.00,0.00,0.00,0.00,0.00,0.00,0.00,0.00",,0.00,
umass lowell machine learning course,,0,"0.00,0.00,0.00,0.00,0.00,0.00,0.00,0.00,0.00,0.00,0.00,0.00",,0.00,
umd machine learning course,,0,"0.00,0.00,0.00,0.00,0.00,0.00,0.00,0.00,0.00,0.00,0.00,0.00",,0.00,
uml machine learning course page,,0,"0.00,0.00,0.00,0.00,0.00,0.00,0.00,0.00,0.00,0.00,0.00,0.00",,0.00,
umn machine learning course,,0,"0.00,0.00,0.00,0.00,0.00,0.00,0.00,0.00,0.00,0.00,0.00,0.00",,0.00,
unacademy machine learning course,,0,"0.00,0.00,0.00,0.00,0.00,1.00,0.00,0.00,0.00,0.00,0.00,0.00",,0.00,
unc machine learning course cost,,0,"0.00,0.00,0.00,0.00,0.00,0.00,0.00,0.00,0.00,0.00,0.00,0.00",,0.00,
undergraduate courses needed for machine learning,,0,"0.00,0.00,0.00,0.00,0.00,0.00,0.00,0.00,0.00,0.00,0.00,0.00",,0.00,
undergraduate machine learning course,,0,"0.00,0.00,0.00,0.00,0.00,0.00,0.00,0.00,0.00,0.00,0.00,0.00",,0.00,
understanding machine learning course,,0,"0.00,0.00,0.00,0.00,0.00,0.00,0.00,0.00,0.00,0.00,0.00,0.00",,0.00,
understanding machine learning course website,,0,"0.00,0.00,0.00,0.00,0.00,0.00,0.00,0.00,0.00,0.00,0.00,0.00",,0.00,
unity machine learning course,,0,"0.00,0.00,0.00,1.00,0.00,1.00,0.00,0.00,0.00,0.00,0.00,0.00",,0.00,
unity machine learning obstacle course challenge,,0,"0.00,0.00,0.00,0.00,0.00,0.00,0.00,0.00,0.00,0.00,0.00,0.00",,0.00,
univeristy good with machine learning courses,,0,"0.00,0.00,0.00,0.00,0.00,0.00,0.00,0.00,0.00,0.00,0.00,0.00",,0.00,
university of alberta machine learning course,,0,"0.00,0.00,0.00,0.00,0.00,0.00,0.00,0.00,0.00,0.00,0.00,0.00",,0.00,
university of amsterdam machine learning course,,0,"0.00,0.00,0.00,0.00,0.00,0.00,0.00,0.00,0.00,0.00,0.00,0.00",,0.00,
university of british columbia machine learning course,,0,"0.00,0.00,0.00,0.00,0.00,0.00,0.00,0.00,0.00,0.00,0.00,0.00",,0.00,
university of calgary machine learning courses,,0,"0.00,0.00,0.00,0.00,0.00,0.00,0.00,0.00,0.00,0.00,0.00,0.00",,0.00,
university of helsinki machine learning course,,0,"0.00,0.00,0.00,0.00,0.00,0.00,0.00,0.00,0.00,0.00,0.00,0.00",,0.00,
university of illinois at chicago machine learning course,,0,"0.00,0.00,0.00,0.00,0.00,0.00,0.00,0.00,0.00,0.00,0.00,0.00",,0.00,
university of toronto machine learning courses,,0,"0.00,0.00,0.00,0.00,0.00,0.00,0.00,0.00,0.00,0.00,0.00,0.00",,0.00,
university of washington machine learning course on coursera,,0,"0.00,0.00,0.00,0.00,0.00,0.00,0.00,0.00,0.00,0.00,0.00,0.00",,0.00,
university of waterloo machine learning course,,0,"0.00,0.00,0.00,0.00,0.00,0.00,0.00,0.00,0.00,0.00,0.00,0.00",,0.00,
university of waterloo machine learning courses,,0,"0.00,0.00,0.00,0.00,0.00,0.00,0.00,0.00,0.00,0.00,0.00,0.00",,0.00,
unsw machine learning course,,0,"0.00,0.00,0.00,0.00,0.00,0.00,0.00,0.00,0.00,0.00,0.00,0.00",,0.00,
upenn machine learning course,,0,"0.00,0.00,0.00,0.00,0.00,0.00,0.00,0.00,0.00,0.00,0.00,0.00",,0.00,
upenn machine learning course spring 2018,,0,"0.00,0.00,0.00,0.00,0.00,0.00,0.00,0.00,0.00,0.00,0.00,0.00",,0.00,
uq machine learning course,,0,"0.00,0.00,0.00,0.00,0.00,0.00,0.00,0.00,0.00,0.00,0.00,0.00",,0.00,
usc machine learning courses,,0,"0.00,0.00,0.00,0.00,0.00,0.00,0.00,0.00,0.00,0.00,0.00,0.00",,0.00,
usf machine learning course,,0,"0.00,0.00,0.00,0.00,0.00,0.00,0.00,0.00,0.00,0.00,0.00,0.00",,0.00,
using machine learning to automate grading in introductory statistics courses,,0,"0.00,0.00,0.00,0.00,0.00,0.00,0.00,0.00,0.00,0.00,0.00,0.00",,0.00,
ut dallas machine learning course,,0,"0.00,0.00,0.00,0.00,0.00,0.00,0.00,0.00,0.00,0.00,0.00,0.00",,0.00,
ut machine learning courses,,0,"0.00,0.00,0.00,0.00,0.00,0.00,0.00,0.00,0.00,0.00,0.00,0.00",,0.00,
ut machine learning courses sds,,0,"0.00,0.00,0.00,0.00,0.00,0.00,0.00,0.00,0.00,0.00,0.00,0.00",,0.00,
uta heng huang machine learning course content,,0,"0.00,0.00,0.00,0.00,0.00,0.00,0.00,0.00,0.00,0.00,0.00,0.00",,0.00,
utd course catalog machine learning,,0,"0.00,0.00,0.00,0.00,0.00,0.00,0.00,0.00,0.00,0.00,0.00,0.00",,0.00,
utd course catalog machine learning 6375,,0,"0.00,0.00,0.00,0.00,0.00,0.00,0.00,0.00,0.00,0.00,0.00,0.00",,0.00,
utsw machine learning course,,0,"0.00,0.00,0.00,0.00,0.00,0.00,0.00,0.00,0.00,0.00,0.00,0.00",,0.00,
uva machine learning course,,0,"0.00,0.00,0.00,0.00,0.00,0.00,0.00,0.00,0.00,0.00,0.00,0.00",,0.00,
uw machine learning course difficult,,0,"0.00,0.00,0.00,0.00,0.00,0.00,0.00,0.00,0.00,0.00,0.00,0.00",,0.00,
uw machine learning courses,,0,"0.00,0.00,0.00,0.00,0.00,0.00,0.00,0.00,0.00,0.00,0.00,0.00",,0.00,
uw madison machine learning course,,0,"0.00,0.00,0.00,0.00,0.00,0.00,0.00,0.00,0.00,0.00,0.00,0.00",,0.00,
uwaterloo machine learning course,,0,"0.00,0.00,0.00,0.00,0.00,1.00,0.00,0.00,0.00,0.00,0.00,0.00",,0.00,
uwaterloo machine learning courses,,0,"0.00,0.00,0.00,0.00,0.00,0.00,0.00,0.00,0.00,0.00,0.00,0.00",,0.00,
virginia tech machine learning course,,0,"0.00,0.00,0.00,0.00,0.00,0.00,0.00,0.00,0.00,0.00,0.00,0.00",,0.00,
voice in ibm coursera machine learning course,,0,"0.00,0.00,0.00,0.00,0.00,0.00,0.00,0.00,0.00,0.00,0.00,0.00",,0.00,
want to install keras for machine learning a-z course,,0,"0.00,0.00,0.00,0.00,0.00,0.00,0.00,0.00,0.00,0.00,0.00,0.00",,0.00,
weekend machine learning course,,0,"0.00,0.00,0.50,1.00,0.00,0.00,0.50,0.00,0.00,0.00,0.00,0.00",,0.00,
weka machine learning course,,0,"0.00,0.00,0.00,0.00,0.00,0.00,0.00,0.00,0.00,0.00,0.00,0.00",,0.00,
wgu machine learning course,,0,"0.00,0.00,0.00,0.00,0.00,0.00,0.00,0.00,0.00,0.00,0.00,0.00",,0.00,
wgu machine learning course computer science,,0,"0.00,0.00,0.00,0.00,0.00,0.00,0.00,0.00,0.00,0.00,0.00,0.00",,0.00,
what after machine learning course,,0,"0.00,0.00,0.00,0.00,0.00,0.00,0.00,0.00,0.00,0.00,0.00,0.00",,0.00,
what all projects while doing udemy machine learning course,,0,"0.00,0.00,0.00,0.00,0.00,0.00,0.00,0.00,0.00,0.00,0.00,0.00",,0.00,
what are some advanced ai and machine learning online courses,,0,"0.00,0.00,0.00,0.00,0.00,0.00,0.00,0.00,0.00,0.00,0.00,0.00",,0.00,
what are the best machine learning courses online,,0,"0.00,0.00,0.00,0.00,0.00,0.00,0.00,0.00,0.00,0.00,0.00,0.00",,0.00,
what are the courses in udacitys machine learning nanodegree,,0,"0.00,0.00,0.00,0.00,0.00,0.00,0.00,0.00,0.00,0.00,0.00,0.00",,0.00,
what are the prerequisites for a machine learning course,,0,"0.00,0.00,0.00,0.00,0.00,0.00,0.00,0.00,0.00,0.00,0.00,0.00",,0.00,
what course should i take after stanford machine learning coursera,,0,"0.00,0.00,0.00,0.00,0.00,0.00,0.00,0.00,0.00,0.00,0.00,0.00",,0.00,
what course to take after coursera machine learning,,0,"0.00,0.00,0.00,0.00,0.00,0.00,0.00,0.00,0.00,0.00,0.00,0.00",,0.00,
what courses are required for machine learning,,0,"0.00,0.00,0.00,0.00,0.00,0.00,0.00,0.00,0.00,0.00,0.00,0.00",,0.00,
what courses in machine learning engineer nanodegree,,0,"0.00,0.00,0.00,0.00,0.00,0.00,0.00,0.00,0.00,0.00,0.00,0.00",,0.00,
what courses to become machine learning,,0,"0.00,0.00,0.00,0.00,0.00,0.00,0.00,0.00,0.00,0.00,0.00,0.00",,0.00,
what courses to take for machine learning,,0,"0.00,0.00,0.00,0.00,0.00,0.00,0.00,0.00,0.00,0.00,0.00,0.00",,0.00,
what courses to take for machine learning undergraduate,,0,"0.00,0.00,0.00,0.00,0.00,0.00,0.00,0.00,0.00,0.00,0.00,0.00",,0.00,
what courses to take on coursera for machine learning,,0,"0.00,0.00,0.00,0.00,0.00,0.00,0.00,0.00,0.00,0.00,0.00,0.00",,0.00,
what happen to coursera machine learning course university of washington,,0,"0.00,0.00,0.00,0.00,0.00,0.00,0.00,0.00,0.00,0.00,0.00,0.00",,0.00,
what is ai and machine learning course,,0,"0.00,0.00,0.00,0.00,0.00,0.00,0.00,0.00,0.00,0.00,0.00,0.00",,0.00,
what is andrew ng's machine learning course,,0,"0.00,0.00,0.00,0.00,0.00,0.00,0.00,0.00,0.00,0.00,0.00,0.00",,0.00,
what is artificial intelligence and machine learning course,,0,"0.00,0.00,0.00,0.00,0.00,0.00,0.00,0.00,0.00,0.00,0.00,0.00",,0.00,
what is the best statistics probability course for machine learning,,0,"0.00,0.00,0.00,0.00,0.00,0.00,0.00,0.00,0.00,0.00,0.00,0.00",,0.00,
what is the bet machine learning course,,0,"0.00,0.00,0.00,0.00,0.00,0.00,0.00,0.00,0.00,0.00,0.00,0.00",,0.00,
what is the uses of machine learning course on coursera,,0,"0.00,0.00,0.00,0.00,0.00,0.00,0.00,0.00,0.00,0.00,0.00,0.00",,0.00,
what language is the stanford machine learning course in,,0,"0.00,0.00,0.00,0.00,0.00,0.00,0.00,0.00,0.00,0.00,0.00,0.00",,0.00,
what machine learning courses should i take,,0,"0.00,0.00,0.00,0.00,0.00,0.00,0.00,0.00,0.00,0.00,0.00,0.00",,0.00,
what math courses are needed for machine learning,,0,"0.00,0.00,0.00,0.00,0.00,0.00,0.00,0.00,0.00,0.00,0.00,0.00",,0.00,
what math courses should i take for machine learning,,0,"0.00,0.00,0.00,0.00,0.00,0.00,0.00,0.00,0.00,0.00,0.00,0.00",,0.00,
what to do after taking machine learning courses,,0,"0.00,0.00,0.00,0.00,0.00,0.00,0.00,0.00,0.00,0.00,0.00,0.00",,0.00,
what to expect from introduction to machine learning course,,0,"0.00,0.00,0.00,0.00,0.00,0.00,0.00,0.00,0.00,0.00,0.00,0.00",,0.00,
what will andrew ng's machine learning course teach you reddit,,0,"0.00,0.00,0.00,0.00,0.00,0.00,0.00,0.00,0.00,0.00,0.00,0.00",,0.00,
what you need for andrew eng machine learning course,,0,"0.00,0.00,0.00,0.00,0.00,0.00,0.00,0.00,0.00,0.00,0.00,0.00",,0.00,
what's the best course to learn machine learning,,0,"0.00,0.00,0.00,0.00,0.00,0.00,0.00,0.00,0.00,0.00,0.00,0.00",,0.00,
whats the prerequisite for andrew ng's machine learning course,,0,"0.00,0.00,0.00,0.00,0.00,0.00,0.00,0.00,0.00,0.00,0.00,0.00",,0.00,
when was andrew ng machine learning course was released,,0,"0.00,0.00,0.00,0.00,0.00,0.00,0.00,0.00,0.00,0.00,0.00,0.00",,0.00,
when was andrew ngs machine learning course on coursera recorded,,0,"0.00,0.00,0.00,0.00,0.00,0.00,0.00,0.00,0.00,0.00,0.00,0.00",,0.00,
where to go after stanford machine learning course,,0,"0.00,0.00,0.00,0.00,0.00,0.00,0.00,0.00,0.00,0.00,0.00,0.00",,0.00,
which basic courses i need to do for machine learning,,0,"0.00,0.00,0.00,0.00,0.00,0.00,0.00,0.00,0.00,0.00,0.00,0.00",,0.00,
which computer science course is best for machine learning,,0,"0.00,0.00,0.00,0.00,0.00,0.00,0.00,0.00,0.00,0.00,0.00,0.00",,0.00,
which course to take first machine learning or deep learning,,0,"0.00,0.00,0.00,0.00,0.00,0.00,0.00,0.00,0.00,0.00,0.00,0.00",,0.00,
which is the best machine learning course online,,0,"1.00,1.00,0.00,0.00,0.00,0.00,0.00,0.00,0.00,0.00,0.00,0.00",,0.00,
which machine learning course is best for odds,,0,"0.00,0.00,0.00,0.00,0.00,0.00,0.00,0.00,0.00,0.00,0.00,0.00",,0.00,
which machine learning course is best for predictions,,0,"0.00,0.00,0.00,0.00,0.00,0.00,0.00,0.00,0.00,0.00,0.00,0.00",,0.00,
which university machine learning online course best,,0,"0.00,0.00,0.00,0.00,0.00,0.00,0.00,0.00,0.00,0.00,0.00,0.00",,0.00,
wilmott machine learning course,,0,"0.00,0.00,0.00,0.00,0.00,0.00,0.00,0.00,0.00,0.00,0.00,0.00",,0.00,
winter python course and bi boston machine learning,,0,"0.00,0.00,0.00,0.00,0.00,0.00,0.00,0.00,0.00,0.00,0.00,0.00",,0.00,
wscube tech machine learning course review,,0,"0.00,0.00,0.00,0.00",,0.00,
wustl courses intro to machine learning,,0,"0.00,0.00,0.00,0.00,0.00,0.00,0.00,0.00,0.00,0.00,0.00,0.00",,0.00,
yale courses machine learning,,0,"0.00,0.00,0.00,0.00,0.00,0.00,0.00,0.00,0.00,0.00,0.00,0.00",,0.00,
yale machine learning course,,0,"0.00,0.00,0.00,0.00,0.00,0.00,0.00,0.00,0.00,0.00,0.00,0.00",,0.00,
youtube machine learning courses,,0,"0.00,0.00,0.00,0.00,0.00,0.00,0.00,0.00,0.00,0.00,0.00,0.00",,0.00,
zero to mastery machine learning course,,0,"0.00,0.00,0.00,0.00,0.00,0.00,0.00,0.00,0.00,0.00,0.00,0.00",,0.00,
دانلود the complete python course for machine learning engineers,,0,"0.00,0.00,0.00,0.00,0.00,0.00,0.00,0.00,0.00,0.00,0.00,0.00",,0.00,
