Keyword	Avg. monthly searches	Competition	Competition (indexed value)	Top of page bid (low range)	Top of page bid (high range)	Searches: Mar 2022	Searches: Apr 2022	Searches: May 2022	Searches: Jun 2022	Searches: Jul 2022	Searches: Aug 2022	Searches: Sep 2022	Searches: Oct 2022	Searches: Nov 2022	Searches: Dec 2022	Searches: Jan 2023	Searches: Feb 2023	Searches: Mar 2023	Searches: Apr 2023	Searches: May 2023	Searches: Jun 2023	Searches: Jul 2023	Searches: Aug 2023	Searches: Sep 2023	Searches: Oct 2023	Searches: Nov 2023	Searches: Dec 2023	Searches: Jan 2024	Searches: Feb 2024	Searches: Mar 2024	Searches: Apr 2024	Searches: May 2024	Searches: Jun 2024	Searches: Jul 2024	Searches: Aug 2024	Searches: Sep 2024	Searches: Oct 2024	Searches: Nov 2024	Searches: Dec 2024	Searches: Jan 2025	Searches: Feb 2025	Searches: Mar 2025	Searches: Apr 2025	Searches: May 2025	Searches: Jun 2025	Searches: Jul 2025	Searches: Aug 2025	Searches: Sep 2025	Searches: Oct 2025	Searches: Nov 2025	Searches: Dec 2025	Searches: Jan 2026	Searches: Feb 2026
a course in machine learning	90	Medium	33	0.695905	4.988773	110	90	90	50	70	90	140	110	70	110	110	110	140	90	90	50	50	70	140	110	90	90	90	140	90	90	90	70	90	90	110	140	90	90	260	140	210	70	90	70	90	70	110	90	70	70	90	70
a course in machine learning amazon	10					10	0	10	10	10	10	10	0	10	0	10	0	0	10	10	10	10	0	0	0	10	0	10	10	0	10	10	0	0	0	10	0	10	10	10	10	0	0	0	0	0	10	0	10	0	0	0	0
a course in machine learning by hal daume iii	10	Low				10	10	10	10	10	10	10	10	10	10	10	10	10	10	10	10	10	10	10	10	10	0	10	10	10	10	10	10	10	10	10	10	10	10	20	10	0	0	10	10	10	10	10	0	10	10	10	10
a course in machine learning daume	10					10	10	10	10	10	10	10	10	10	10	10	10	10	10	10	10	10	10	10	10	10	0	10	10	10	10	10	10	10	10	10	10	0	10	10	10	0	10	10	10	10	10	10	10	10	10	10	0
a course of machine learning	10	Low				10	10	10	10	10	10	10	10	10	10	10	10	10	10	10	10	10	10	10	10	10	10	10	10	10	10	10	0	10	10	10	0	10	0	10	10	10	0	10	10	10	0	10	10	0	0	10	10
a first course in machine learning	90	Low	30	0.748021	2.87996	110	140	140	140	140	170	210	170	170	110	210	140	140	140	110	110	170	170	210	210	170	140	210	170	140	140	90	90	70	110	170	140	110	140	170	140	110	90	90	70	70	110	170	90	110	50	90	90
a first course in machine learning 2nd edition	10					10	10	10	10	20	10	10	10	10	10	10	10	10	10	10	10	10	10	20	10	30	10	20	10	10	10	10	10	10	10	20	10	10	10	10	10	10	20	10	10	10	10	10	10	10	10	10	0
a first course in machine learning ebook	10					0	0	10	10	10	0	0	10	10	0	0	0	0	0	0	10	0	0	10	10	0	10	0	0	10	0	10	0	0	0	0	0	0	0	0	0	0	0	0	0	0	10	0	0	10	0	0	0
a first course in machine learning exercise solutions						10	10	10	10	10	0	10	10	10	10	10	10	0	10	0	0	0	10	10	10	0	0	10	0	0	0	0	0	0	0	0	0	0	10	10	0	0	0	0	0	0	0	0	0	0	0	0	0
a first course in machine learning second edition	10	Low	14			10	10	10	10	10	20	30	20	20	10	20	10	10	20	10	10	10	40	10	20	30	20	10	10	10	30	10	10	10	10	10	10	20	10	20	10	10	10	10	10	10	10	20	10	20	10	20	10
a first course in machine learning solutions	10					10	10	10	10	10	10	10	20	10	10	10	10	10	10	10	10	0	0	10	20	10	10	10	10	0	10	0	0	0	0	10	10	10	0	10	0	10	10	10	10	0	0	0	0	10	0	0	0
a first course in machine learning solutions manual						10	10	0	10	10	10	10	10	10	0	10	0	0	10	0	0	10	10	10	10	0	0	10	10	0	0	0	0	0	0	10	0	0	0	10	0	0	0	0	0	0	0	0	0	0	0	0	0
a machine learning course with python	10					10	10	10	10	10	10	10	10	10	10	10	10	10	0	10	10	10	10	10	10	10	10	10	10	10	10	0	0	10	10	10	10	10	10	10	10	10	10	0	0	0	10	0	0	0	0	0	0
about artificial intelligence and machine learning course	20	Low	26	0.165419	0.56251	10	10	10	20	20	30	50	40	20	10	20	30	30	20	70	70	50	50	30	10	10	20	10	20	20	40	70	70	30	30	20	10	20	10	10	10	20	40	70	30	30	20	10	10	10	10	10	10
about machine learning course	50	Low	32	0.2	1.339796	30	20	30	50	50	50	70	50	70	70	70	50	40	50	70	50	70	50	40	50	30	40	50	70	50	70	90	110	90	110	50	40	50	50	40	70	50	70	90	50	70	50	20	30	40	50	40	30
advance machine learning course	210	Medium	47	0.485498	3.26	170	210	210	260	260	320	210	260	260	210	260	260	260	260	320	260	260	320	390	260	260	260	320	320	260	260	320	320	320	260	390	320	320	260	320	260	260	260	320	210	260	260	210	170	210	210	210	260
advanced course in machine learning	10	Low				10	10	10	10	10	10	10	10	10	10	10	10	20	10	10	10	10	10	20	10	20	10	10	20	20	10	10	20	10	20	10	10	10	20	20	10	20	10	10	10	10	10	10	10	10	10	10	10
advanced machine learning online course	10	Medium	34			10	10	10	10	0	20	10	10	10	10	10	10	10	20	10	10	10	10	10	10	10	10	10	10	10	10	10	10	10	10	10	10	10	10	10	10	10	10	10	10	10	10	10	10	10	10	10	10
advanced machine learning techniques	70	Low	14	0.18528	3.33	70	50	50	40	40	50	50	50	50	40	30	30	40	40	50	70	50	70	50	110	70	50	90	90	70	70	90	70	90	90	110	70	110	90	90	90	90	70	90	90	110	90	40	50	40	40	50	50
ai	20400000	Low	33	0.078491	0.83	1220000	1000000	1220000	1220000	1220000	1220000	1220000	1500000	1500000	2240000	2740000	2740000	3350000	5000000	6120000	5000000	5000000	5000000	5000000	6120000	6120000	5000000	6120000	6120000	6120000	6120000	7480000	6120000	6120000	6120000	7480000	7480000	9140000	9140000	9140000	9140000	11100000	13600000	13600000	13600000	16600000	16600000	24900000	24900000	24900000	24900000	30400000	30400000
ai and machine learning	14800	Low	30	0.337593	3.520023	9900	9900	12100	12100	12100	12100	12100	12100	12100	9900	12100	14800	14800	12100	18100	18100	14800	14800	14800	14800	14800	14800	14800	18100	18100	18100	18100	18100	18100	18100	14800	14800	14800	14800	18100	14800	18100	18100	18100	18100	14800	14800	14800	12100	12100	9900	12100	9900
ai and machine learning certification course	210	High	77	0.562813	2.887497	70	70	70	70	70	90	70	70	50	50	70	110	110	110	140	90	90	110	140	110	140	140	210	210	260	170	320	210	170	170	170	170	140	170	170	210	210	210	210	210	260	210	170	170	140	140	170	170
ai and machine learning course	6600	Medium	37	0.45487	2.388599	1000	1000	1300	1600	1600	1600	1600	1300	1000	1300	1600	1900	1900	2400	4400	3600	3600	3600	2400	2400	2400	2400	3600	3600	4400	4400	5400	5400	4400	3600	2900	2900	3600	3600	5400	5400	6600	6600	9900	8100	8100	6600	6600	6600	6600	6600	8100	8100
ai and machine learning course bangalore	20	High	93	0.720094	2.184126	10	10	10	10	10	10	10	20	10	10	10	10	10	10	10	20	10	20	40	40	10	10	20	20	10	20	40	20	30	30	10	20	30	10	10	10	10	50	30	30	20	10	10	10	10	10	10	10
ai and machine learning course details	30	Medium	55	0.285314	2.262673	10	10	10	20	20	10	20	10	10	10	10	10	10	10	40	40	10	30	10	10	10	10	10	10	20	40	70	50	30	40	10	20	20	20	30	20	40	70	70	50	40	30	10	20	10	20	30	30
ai and machine learning course eligibility	50	Low	30	0.301989	0.906124	10	20	20	20	40	30	30	30	20	30	20	20	20	20	40	50	40	40	40	20	20	30	50	40	50	70	70	50	30	30	30	10	30	30	40	30	50	70	90	90	70	70	50	70	30	40	30	30
ai and machine learning course fees	390	Medium	47	0.304137	1.00004	140	170	210	320	320	260	260	210	210	140	210	260	320	390	720	590	590	590	390	260	210	260	260	320	480	590	590	480	720	170	140	140	170	260	320	260	390	480	720	720	590	390	390	260	260	320	320	390
ai and machine learning course fees in hyderabad	30	Medium	61	0.371872	0.826103	0	0	0	0	0	0	0	0	0	0	0	0	20	30	50	40	40	50	20	10	20	30	30	70	50	40	50	20	20	20	20	10	30	30	30	40	40	50	30	50	20	20	20	30	20	20	20	10
ai and machine learning course for beginners	50	Medium	56	0.545604	5.787454	10	20	10	10	20	10	10	10	10	10	10	10	10	20	40	30	40	40	20	40	30	20	40	40	70	70	70	90	70	70	50	40	70	70	70	90	90	50	50	70	50	70	30	50	40	40	40	50
ai and machine learning course in bangalore	110	Medium	51	0.509925	2.773351	40	50	70	40	30	30	30	40	70	30	30	70	50	50	110	170	110	170	70	90	50	50	90	70	110	90	170	110	70	30	40	50	50	70	70	110	210	170	140	110	110	90	50	70	70	70	70	40
ai and machine learning course in chennai	260	High	73	0.604678	2.502393	90	70	90	70	70	70	90	50	50	50	90	90	210	140	210	170	210	210	110	110	140	110	140	170	210	260	320	260	210	110	140	110	110	110	170	210	170	210	390	260	260	210	210	170	170	210	260	320
ai and machine learning course in hyderabad	260	Medium	61	0.618913	2.477949	50	90	90	70	110	140	90	110	40	170	110	50	90	140	210	210	320	320	210	170	260	260	480	260	320	320	260	320	390	320	210	140	210	140	210	140	210	210	260	390	320	260	320	170	260	140	210	260
ai and machine learning course in india	170	Medium	60	0.458535	1.937121	90	90	140	170	170	170	140	90	90	110	70	110	110	140	210	210	210	140	140	110	90	140	170	170	260	210	320	320	210	210	210	110	110	140	170	170	210	210	320	210	170	170	110	110	90	110	110	90
ai and machine learning course in pune	260	High	84	0.461515	1.857782	50	70	70	110	110	90	70	50	50	70	90	110	110	140	170	260	260	210	110	140	110	140	170	170	210	210	480	590	260	210	170	90	110	170	170	170	260	320	480	590	480	320	170	140	170	110	140	110
ai and machine learning course near me	110	High	72	0.356129	1.391717	10	10	10	10	20	20	20	10	10	10	20	10	10	30	40	40	50	40	30	10	30	30	50	50	90	110	140	260	110	110	70	70	50	70	90	140	170	170	170	170	140	110	90	70	50	70	110	110
ai and machine learning course online	390	Medium	40	0.542853	3.092665	50	70	70	90	140	140	110	90	90	90	110	110	140	140	260	260	320	320	320	260	260	260	320	260	320	320	320	320	260	210	210	170	140	260	320	390	480	480	590	390	320	320	1000	320	260	320	260	480
ai and machine learning course singapore	20	High	88	1.354408	5.00748	10	10	10	10	10	10	10	10	10	10	20	20	30	30	50	20	40	20	20	20	10	20	30	10	10	10	20	10	10	10	10	20	20	10	10	10	10	10	10	10	10	10	20	10	50	10	20	10
ai and machine learning course with job guarantee	30	High	71	0.375546	1.69684	0	0	0	0	0	0	0	0	0	0	0	0	0	0	50	30	30	50	40	30	20	30	40	70	50	20	50	40	30	10	20	30	30	20	50	40	20	20	50	20	30	30	30	20	20	20	20	20
ai and machine learning course with placement	140	Medium	63	0.503704	2.283917	0	0	0	0	0	0	0	0	0	0	0	0	0	0	0	20	40	40	40	30	20	20	70	70	40	70	110	70	70	70	70	90	70	40	110	110	90	140	140	170	140	110	110	110	110	140	170	170
ai and machine learning courses for working professionals	70	High	71	0.953746	4.876307	10	20	20	10	10	20	20	20	10	10	20	30	20	30	40	40	50	70	50	40	20	50	70	70	70	70	70	70	70	50	70	40	40	40	40	70	70	90	110	90	110	90	70	40	50	50	70	70
ai and machine learning courses in bangalore	110	Medium	51	0.509925	2.773351	40	50	70	40	30	30	30	40	70	30	30	70	50	50	110	170	110	170	70	90	50	50	90	70	110	90	170	110	70	30	40	50	50	70	70	110	210	170	140	110	110	90	50	70	70	70	70	40
ai and machine learning courses in canada	30	High	70	1.077233	7.98	20	10	20	10	20	10	20	10	20	10	10	30	10	10	30	20	20	20	20	10	20	30	20	30	50	30	40	30	20	20	10	30	30	20	30	10	30	30	50	20	20	30	30	30	30	20	30	20
ai and machine learning courses in delhi	70	High	84	0.531638	1.683482	10	0	10	10	10	0	0	10	10	10	10	10	10	10	10	20	10	30	10	20	50	30	30	40	30	50	70	90	70	70	40	30	40	30	70	40	70	90	90	110	90	70	40	30	40	20	30	30
ai and machine learning courses in gurgaon	10					0	0	0	10	10	10	0	10	0	0	0	10	0	0	0	0	0	10	10	0	0	0	0	10	0	0	0	10	0	0	10	0	0	10	0	10	10	0	10	10	0	10	0	0	10	10	0	0
ai and machine learning courses in iit	10	Low	27	0.312873	1.501708	0	0	10	0	10	10	10	0	10	10	10	0	0	10	10	10	10	0	10	0	0	10	10	10	10	10	10	10	10	10	10	10	10	10	10	10	10	10	10	10	10	10	10	10	10	10	10	10
ai and machine learning courses in mumbai	50	High	72	0.495779	2.109324	10	10	20	20	10	20	10	10	10	10	10	10	10	10	40	40	30	40	20	10	20	20	20	20	10	20	70	70	50	30	30	10	20	20	30	30	40	40	110	90	70	50	20	40	20	20	40	30
ai and machine learning full course	110	High	72	0.456927	2.073134	30	30	30	20	20	30	20	20	30	30	20	40	40	30	50	50	90	50	40	30	40	40	70	40	70	40	50	90	50	50	70	50	50	70	110	90	90	90	140	110	170	110	90	90	110	110	90	90
ai and machine learning online course	90	Medium	34	0.680804	4.658468	20	40	40	30	40	40	20	20	20	20	40	40	50	30	70	50	50	50	40	40	30	40	70	40	50	40	50	70	70	50	50	40	30	50	70	50	70	70	140	70	70	90	50	50	90	90	90	70
ai and machine learning pg course	10					10	10	10	10	10	10	10	10	10	10	10	10	10	0	10	0	10	10	10	10	10	0	10	10	0	0	10	10	10	0	0	10	10	10	0	10	10	10	10	0	0	10	10	10	0	0	0	0
ai and ml courses for mechanical engineers	40	High	67	0.552425	1.977746	20	20	20	20	30	20	30	20	10	20	20	10	10	10	20	30	30	30	30	30	20	10	30	20	20	30	30	30	40	30	20	10	30	20	50	30	40	40	50	40	50	50	50	50	40	30	40	30
ai certificates online	1300	Medium	62	3.16	14.929571	140	170	110	140	110	140	110	140	170	210	480	390	480	590	1000	880	880	1000	720	720	590	590	880	880	880	880	1000	1000	880	880	1000	880	1000	1000	1900	1300	1300	1000	1300	1000	1300	1300	1600	1000	1300	880	880	1600
ai certification course	9900	High	78	0.834399	9.19092	480	480	590	590	720	720	720	590	590	880	1000	1300	1600	1600	2400	2900	3600	3600	2900	2900	2900	2900	4400	4400	5400	4400	5400	5400	5400	4400	3600	3600	4400	5400	9900	8100	9900	8100	8100	9900	9900	12100	9900	9900	9900	8100	9900	22200
ai certification programs	6600	High	77	4.76	15.38	90	90	70	110	170	260	210	140	90	170	480	720	1000	1600	1900	2400	2400	2400	1900	2400	2900	2900	4400	3600	3600	3600	4400	4400	3600	3600	3600	2900	5400	5400	8100	5400	5400	5400	6600	6600	6600	6600	6600	6600	6600	5400	6600	8100
ai certifications	18100	High	72	1.241547	9.915652	880	880	880	880	880	880	1000	1000	1000	1300	1900	1900	2400	2900	4400	4400	4400	5400	4400	4400	5400	5400	8100	9900	9900	9900	12100	9900	9900	9900	9900	9900	9900	9900	14800	14800	14800	14800	14800	14800	18100	18100	18100	18100	14800	14800	18100	22200
ai classes	60500	Medium	59	0.468036	5.53	27100	27100	33100	60500	49500	40500	40500	33100	27100	27100	40500	49500	60500	74000	201000	165000	135000	110000	74000	60500	60500	60500	90500	74000	90500	74000	110000	110000	110000	90500	90500	49500	49500	49500	74000	60500	74000	74000	74000	60500	60500	60500	49500	40500	40500	40500	49500	40500
ai classes free	880	High	68	1.266142	6.31	0	0	0	0	0	0	0	0	0	0	0	0	0	0	140	90	140	210	210	110	260	320	480	390	390	320	390	390	320	390	480	390	390	590	880	880	880	1000	1300	1300	1000	1000	880	880	720	720	880	720
ai course	110000	High	69	0.427623	4.192222	6600	6600	8100	9900	9900	9900	9900	8100	8100	9900	18100	18100	22200	27100	49500	49500	49500	49500	40500	40500	40500	40500	60500	60500	74000	74000	90500	74000	74000	60500	60500	60500	60500	74000	90500	90500	110000	110000	135000	135000	135000	135000	110000	90500	90500	90500	110000	110000
ai developer course	1900	Medium	62	0.458817	2.907958	70	70	70	90	70	70	90	110	110	140	170	260	320	390	590	1000	1000	880	720	590	720	720	1000	1000	1600	1300	1900	1600	1300	1300	1900	1300	1300	1600	1900	1600	1900	1900	1900	1900	2400	2400	1900	1900	1600	1600	1600	1900
ai engineering course	18100	Medium	54	0.376885	3.077971	480	590	720	880	880	720	720	720	590	590	880	1000	1300	1900	2900	2900	2900	2900	2400	2400	2900	2900	3600	4400	6600	6600	12100	12100	8100	6600	6600	6600	5400	8100	9900	9900	12100	14800	18100	18100	18100	18100	14800	14800	14800	14800	22200	22200
ai for mechanical engineers	880	Medium	50	0.35952	4.915317	140	140	140	140	140	140	90	90	110	170	170	210	260	390	390	320	480	320	320	320	390	320	480	390	480	480	390	480	390	320	320	390	390	480	720	590	720	720	720	720	880	720	880	880	720	720	880	1000
ai harvard course	210	High	68	1.381466	6.246729	10	10	10	20	10	10	20	10	10	20	50	50	40	70	50	50	70	50	50	50	70	90	140	140	140	90	110	110	110	110	90	170	140	170	210	210	210	210	210	260	210	260	170	170	170	210	260	210
ai in mechanical engineering	1000	Low	29	0.502015	4.904123	590	590	590	590	590	590	720	720	590	590	720	880	880	880	1000	1000	1000	880	1000	1000	880	1000	1000	1000	1300	1300	1300	1000	1000	880	1000	880	1000	880	1000	1300	1300	1000	1300	1300	1300	1000	1000	1000	1000	880	1000	1300
ai internships	9900	Low	12	0.264753	3.593387	1900	1600	1900	1900	1900	1900	1900	1900	1900	1900	4400	2900	3600	3600	6600	4400	6600	5400	5400	4400	5400	5400	6600	6600	8100	6600	8100	8100	8100	8100	8100	8100	6600	6600	9900	9900	9900	9900	12100	12100	12100	9900	9900	9900	8100	8100	9900	9900
ai learning	60500	Medium	56	0.480678	5.268923	8100	8100	9900	9900	12100	9900	8100	9900	9900	14800	18100	18100	18100	22200	33100	27100	33100	27100	27100	22200	27100	27100	33100	33100	33100	33100	40500	33100	27100	27100	33100	49500	49500	49500	74000	60500	74000	60500	60500	60500	60500	60500	60500	60500	60500	49500	60500	60500
ai learning courses	9900	High	75	0.530955	4.886362	170	210	210	320	260	390	320	320	390	390	1000	880	1000	1300	2400	2900	4400	3600	2900	2400	2900	2900	4400	4400	5400	4400	5400	4400	4400	3600	4400	4400	5400	6600	9900	8100	8100	8100	9900	9900	12100	12100	9900	9900	8100	8100	12100	12100
ai learning path	880	Medium	59	0.508996	4.717392	390	320	390	390	390	480	390	390	390	480	720	720	590	590	720	1000	1000	880	1000	880	880	880	1000	1000	1300	1000	1000	880	720	720	590	720	720	720	1000	880	1000	880	1000	1000	1000	880	720	590	590	590	590	720
ai machine learning course	8100	Medium	35	0.453332	2.455562	1900	1900	2400	2900	2900	2900	2900	2400	1900	2400	2900	2900	2900	3600	5400	5400	5400	5400	3600	2900	2900	3600	4400	4400	5400	5400	8100	6600	6600	5400	4400	3600	3600	4400	6600	5400	8100	8100	8100	6600	6600	6600	8100	5400	6600	8100	9900	8100
ai machine learning courses in india	40	Medium	65	0.460035	1.263442	20	10	20	30	30	20	10	20	10	10	20	10	10	10	50	50	50	40	30	20	20	40	40	10	40	40	90	70	50	30	40	30	40	30	50	40	50	50	90	70	50	30	40	20	20	30	30	30
ai machine learning engineer salary	880	Low	4	1.703364	10.89	50	50	40	50	30	40	50	50	40	50	70	70	110	90	110	110	140	170	140	110	90	140	170	210	260	260	320	320	260	210	210	170	140	210	260	260	480	480	720	880	720	720	880	1000	1000	1300	1600	1600
ai machine learning online course	20	Low	28	2.132787	7.009267	10	10	10	10	10	10	0	10	10	10	20	10	10	10	10	10	10	10	10	10	10	10	10	10	10	20	10	20	10	10	10	10	10	10	10	20	20	20	30	20	30	10	10	10	10	10	10	20
ai ml courses	18100	High	68	0.416686	1.845626	1900	1900	2400	2900	2900	3600	2900	2400	2400	2400	3600	3600	3600	4400	6600	8100	8100	8100	6600	6600	5400	6600	8100	8100	9900	9900	12100	14800	14800	12100	9900	8100	8100	9900	12100	12100	14800	14800	22200	22200	22200	22200	18100	14800	14800	14800	18100	18100
ai tools for scientific research	320	Medium	52	0.5	3.289982	0	10	0	0	0	0	0	10	10	0	0	30	90	170	210	210	210	210	260	260	320	320	320	320	320	260	320	210	260	260	260	320	320	210	320	320	320	260	320	390	390	260	320	320	320	260	390	390
ai trainer	12100	Low	21	0.544514	5.4	1000	1000	1000	880	880	1000	1000	1300	1300	1600	1900	1900	2400	2400	3600	3600	2900	2900	2900	3600	3600	2900	4400	4400	5400	5400	6600	6600	6600	6600	5400	8100	9900	9900	12100	12100	12100	9900	12100	12100	12100	9900	9900	12100	14800	9900	12100	9900
ai2 appinventor mit edu	3600	Low	26	0.53	3.61	5400	4400	4400	2900	1900	2400	4400	4400	4400	2900	5400	4400	5400	3600	3600	1600	1600	2400	4400	5400	3600	2400	8100	6600	4400	5400	5400	1300	1300	2900	4400	3600	3600	1900	6600	6600	2900	4400	3600	1000	1000	1900	3600	2900	2900	3600	9900	6600
al and machine learning courses	6600	Medium	37	0.45487	2.388599	1000	1000	1300	1600	1600	1600	1600	1300	1000	1300	1600	1900	1900	2400	4400	3600	3600	3600	2400	2400	2400	2400	3600	3600	4400	4400	5400	5400	4400	3600	2900	2900	3600	3600	5400	5400	6600	6600	9900	8100	8100	6600	6600	6600	6600	6600	8100	8100
algorithm and data structures	60500	Low	9	0.250355	1.905882	74000	74000	74000	90500	90500	110000	110000	90500	90500	74000	90500	74000	74000	74000	74000	74000	90500	110000	110000	90500	74000	90500	110000	90500	90500	74000	90500	90500	110000	110000	90500	74000	74000	74000	74000	74000	74000	60500	60500	60500	74000	74000	60500	49500	49500	49500	60500	49500
algoverse	4400	Low	15	1.080451	6.05	70	40	40	70	50	40	50	50	40	40	30	30	40	40	30	70	720	210	720	210	140	140	480	260	260	210	3600	1300	3600	1300	1300	2400	1000	720	2900	1300	3600	1900	6600	5400	8100	5400	3600	3600	2900	4400	3600	4400
alx courses	6600	Low	27	0.210934	1.99	390	390	1300	2900	3600	2400	2400	2400	1600	2400	5400	4400	8100	8100	6600	4400	3600	3600	2400	1900	1900	2400	5400	6600	6600	6600	6600	6600	9900	9900	12100	9900	9900	6600	12100	8100	9900	9900	9900	9900	8100	6600	6600	5400	5400	4400	6600	5400
amazon course machine learning	10	High	86			10	10	10	10	10	10	10	10	10	10	10	10	10	10	10	10	10	10	10	10	10	10	10	10	10	10	10	10	10	10	10	10	10	10	10	10	10	10	10	10	10	10	10	10	10	10	0	10
amazon internal machine learning course						0	10	0	0	0	0	0	0	0	0	0	0	0	10	0	0	0	0	0	0	0	0	0	0	0	0	0	0	0	0	0	0	0	0	0	0	0	0	0	0	0	0	0	0	0	0	0	0
amazon internal machine learning courses						0	0	0	10	0	0	0	10	0	0	0	0	0	0	0	0	0	0	0	0	0	0	0	0	0	0	0	0	0	0	0	0	0	0	0	0	0	0	0	0	0	0	0	0	0	0	0	0
amazon machine learning course	170	Low	11	0.29	3.984038	170	110	110	210	140	140	110	140	170	110	140	110	110	110	140	170	140	720	480	140	210	170	210	170	210	170	170	260	140	110	210	260	1000	320	260	210	170	140	170	140	210	170	170	170	140	110	140	170
amazon web services machine learning course	10					10	10	0	10	10	0	10	10	0	10	10	10	10	10	10	10	10	0	10	0	0	0	10	10	0	10	10	10	0	10	10	0	10	10	0	0	10	0	10	0	10	0	10	0	0	10	10	0
amity machine learning course	10					10	10	0	10	10	10	10	10	10	10	10	0	10	0	0	0	0	10	10	10	10	0	10	0	10	0	10	10	0	0	0	0	0	0	10	0	0	10	0	0	0	0	0	0	0	0	0	0
analytics and machine learning course	10	Low				10	10	10	10	10	40	20	10	20	10	10	10	10	10	10	10	10	10	10	10	10	10	20	10	10	20	20	10	20	20	20	10	10	10	20	20	50	20	10	20	20	10	10	0	0	10	10	10
analytics vidhya machine learning course	10	Medium	48			20	20	10	20	90	50	10	10	20	10	10	10	10	20	20	30	20	70	50	50	20	30	30	20	30	20	10	20	30	20	30	30	30	20	10	10	10	10	10	10	10	10	10	10	10	10	10	10
andrej karpathy machine learning course	20	Low	12	0.71	3.232584	10	0	10	0	10	10	10	10	30	20	30	40	30	40	30	20	30	20	20	20	10	20	20	30	30	30	30	20	50	30	40	20	10	10	10	30	30	10	20	20	30	20	10	20	20	30	40	30
andrew machine learning	260	Medium	38	0.29	2.63	320	320	320	480	390	390	390	390	320	320	390	390	390	390	390	390	320	390	390	320	320	260	390	320	320	320	320	390	320	320	390	390	260	320	320	390	320	260	260	320	320	320	320	260	260	260	260	210
andrew machine learning course	30	Medium	53	0.353441	1.552635	10	10	10	10	30	20	30	20	30	20	30	30	30	40	30	40	50	40	90	70	50	90	90	70	70	70	70	50	50	40	50	40	50	30	70	30	40	20	20	10	30	30	30	40	10	40	20	20
andrew ng coursera	3600	Medium	38	0.39453	3.97	1900	2400	2400	2900	2900	2400	2400	2400	1900	2400	2900	2900	2900	2900	3600	3600	3600	2900	3600	2900	3600	3600	3600	2900	3600	3600	3600	3600	2900	2900	2900	2900	2900	2900	3600	3600	3600	2900	3600	3600	4400	4400	3600	3600	2900	2900	2900	2900
andrew ng machine learning course	1300	Medium	37	0.345897	3.315514	1000	1600	1300	2400	2400	2400	1900	1600	1300	1300	1600	1300	1600	1300	1600	1300	1300	1300	1300	1000	1000	1600	1900	1600	1300	1000	1300	1600	1600	1300	1300	1300	1000	1300	1600	1300	1300	1300	1300	1600	1900	1600	1300	1300	1300	1300	1300	1300
andrew ng machine learning course coursera	50	Low	23	0.32	5.679779	10	10	10	40	40	40	40	40	40	30	30	30	10	20	20	20	20	30	30	10	30	40	30	20	30	10	20	20	20	10	10	10	10	10	20	10	20	10	50	110	140	50	140	40	20	20	20	30
andrew ng machine learning course review	20	Low	14			10	10	20	30	20	20	10	10	10	20	20	20	10	20	20	30	30	20	40	20	10	30	20	10	20	30	20	10	10	10	10	10	10	10	10	10	10	10	20	40	50	10	10	10	10	40	20	10
andrew ng machine learning coursera	5400	Medium	37	0.34161	3.14	2400	2900	2900	5400	5400	5400	5400	4400	4400	5400	5400	5400	6600	5400	6600	6600	6600	6600	6600	5400	5400	6600	8100	6600	6600	5400	6600	6600	6600	5400	6600	5400	5400	5400	8100	6600	6600	5400	6600	6600	8100	6600	5400	5400	4400	5400	5400	4400
andrew ng machine learning stanford	390	Medium	40	0.48086	3.97	390	480	480	590	480	480	480	390	390	390	480	480	480	480	480	390	390	390	480	390	390	480	480	480	390	390	390	390	390	320	320	320	320	320	390	320	390	320	320	390	390	480	590	390	390	390	390	320
andrew ng stanford university	50	Low	32	0.346806	5.206641	50	70	50	70	50	50	50	50	50	50	50	50	70	70	70	50	70	90	90	70	70	50	90	50	50	50	50	40	50	90	70	70	50	70	50	70	70	40	50	40	70	70	40	50	50	50	70	50
andrew yang machine learning course	10	Medium	38			10	10	0	10	10	10	10	10	10	10	10	10	10	10	0	0	10	10	10	0	10	10	10	10	0	10	10	10	10	10	10	10	10	10	10	10	10	10	10	10	10	10	10	10	10	10	10	10
android machine learning course	10	Low	14			10	10	10	20	30	10	10	10	20	20	10	10	30	30	20	20	20	20	20	20	30	20	10	10	10	10	10	10	20	20	10	10	10	10	10	10	10	10	10	0	10	10	10	10	10	10	10	10
application to mit	110	Low	26	0.97	7.52	110	110	110	90	140	210	140	210	110	140	110	110	140	110	90	140	140	170	170	210	140	140	140	90	90	90	90	140	170	170	170	170	170	170	110	70	90	70	70	90	110	170	170	170	140	140	110	70
applied ai course machine learning	10	Low				10	10	20	10	20	10	10	10	10	10	10	10	10	10	10	10	20	10	10	10	10	20	10	10	10	10	10	20	20	10	10	10	10	10	10	10	10	10	10	10	10	10	10	10	10	10	10	10
applied ai machine learning course	90	Low	26	0.423313	5.77	70	50	70	50	50	50	70	70	50	50	50	50	50	50	70	90	70	50	70	50	20	50	40	70	70	40	50	30	70	40	30	40	40	50	70	110	140	140	140	30	30	20	390	40	10	40	40	70
applied ai machine learning course download	10					30	20	20	30	20	70	30	10	10	10	20	30	10	10	20	10	40	10	10	30	20	20	30	10	20	20	30	10	10	10	10	10	10	20	20	10	10	10	10	10	10	10	10	0	0	10	0	0
applied ai machine learning course review	10					40	30	10	30	20	30	20	20	10	10	10	10	10	10	10	10	10	10	10	10	10	10	10	0	10	0	10	0	10	10	10	10	10	10	10	10	10	0	10	10	10	0	10	10	0	10	10	0
applied data science program mit	110	Medium	42	1.164038	11.143993	170	170	170	210	260	260	170	210	210	170	260	210	260	210	260	720	590	390	260	210	170	210	210	260	210	210	170	210	210	260	260	210	210	170	260	170	260	210	170	210	170	90	90	70	50	50	50	50
applied machine learning course	210	Low	16	0.406628	3.65	260	170	170	170	170	210	210	170	170	170	170	110	170	170	210	170	140	210	210	210	210	170	210	210	170	140	110	140	110	140	140	140	110	110	170	140	90	170	320	260	210	170	170	170	210	170	320	210
applied machine learning course download	10	Low	7			20	20	30	10	10	20	10	20	10	10	10	10	10	10	0	10	0	10	0	10	10	10	10	10	10	10	10	10	0	10	10	0	10	10	10	10	0	10	10	10	10	10	0	10	10	10	0	10
applied machine learning in business course						0	0	0	0	0	0	0	0	0	0	0	0	0	0	0	0	0	0	0	0	0	0	0	0	0	0	0	0	0	0	0	0	0	0	0	0	0	0	0	0	0	0	0	0	0	0	0	0
applied machine learning online course	70	Low	5			90	70	50	50	40	70	70	50	50	40	40	40	40	40	30	50	30	50	40	30	30	20	40	20	30	30	30	40	40	20	20	30	10	20	40	90	90	140	210	170	40	90	30	30	20	20	40	30
applied machine learning online course download	10	Low				30	10	10	10	20	20	30	10	10	10	10	10	10	10	10	10	10	10	10	40	10	0	10	10	10	10	10	20	0	10	10	10	10	10	10	10	10	10	20	10	10	10	0	0	0	10	10	10
applied machine learning online course review	10	Low				10	10	10	10	10	10	10	10	10	10	10	10	0	10	0	10	10	0	10	10	10	10	10	0	10	10	0	0	0	10	10	10	10	10	10	10	10	10	10	10	0	10	10	10	0	0	0	10
appliedaicourse applied machine learning course	10	Low				20	30	30	20	20	30	30	20	10	10	20	20	10	10	10	10	10	10	10	20	10	10	20	10	10	10	10	20	10	10	10	10	10	10	10	10	10	10	10	10	10	10	10	10	0	10	10	10
apply for mit	2400	Low	20	0.712497	5.667325	1900	1300	1000	1300	1600	2900	2400	3600	2400	3600	2400	1300	1600	1000	1300	1300	1600	2900	2900	4400	2900	4400	2900	1900	1900	1300	1600	1600	1600	3600	3600	4400	3600	4400	2900	1600	1900	1300	1300	1300	1600	3600	3600	4400	2900	4400	2900	1300
aprendizaje no supervisado	1300	Low	1	0.111101	3.527264	1600	1300	1900	1300	1300	1300	1600	1600	1600	1000	880	1300	1600	1300	1600	1600	1300	1600	1300	1600	1900	880	1000	1600	1600	1900	1600	1600	1300	1300	1600	1900	1900	1000	1000	1300	1600	1600	1900	1300	1000	1000	1600	1600	1600	720	720	1000
aprendizaje profundo	3600	Low	4	0.235827	2.35514	2900	2400	8100	2900	2400	2400	2400	2900	2900	2400	1900	2400	2900	3600	4400	3600	2400	2900	2900	3600	3600	2400	2400	2900	2900	3600	3600	3600	3600	3600	2900	4400	5400	2400	2400	3600	3600	3600	3600	3600	12100	2900	3600	2900	2400	1600	1600	1600
artificial intelligence	1220000	Low	6	0.229157	4.352314	673000	550000	673000	673000	673000	673000	673000	673000	673000	823000	1000000	1000000	1220000	1500000	1500000	1500000	1220000	1000000	1220000	1220000	1000000	1000000	1000000	1000000	1000000	1000000	1000000	1000000	1000000	2240000	2240000	1830000	1220000	1830000	1500000	1000000	1000000	1000000	1000000	1220000	1220000	1000000	1000000	1000000	823000	1220000	1000000	2740000
artificial intelligence ai and machine learning	880	Low	11	0.5	5.23	1000	720	880	720	390	390	480	390	480	320	390	390	480	320	1900	590	480	480	590	720	590	390	480	480	590	590	4400	590	590	720	720	720	720	590	880	1000	880	590	590	590	720	880	1000	1000	1000	480	590	880
artificial intelligence ai and machine learning course	20	Low	10	0.606629	7.174603	10	10	10	10	10	10	10	10	10	0	10	10	10	0	10	10	10	10	10	10	10	10	10	10	10	10	10	10	10	10	0	10	10	10	10	10	20	10	30	20	30	20	10	20	10	10	10	40
artificial intelligence and decision making	2400	Low	15	1.044324	11.64	1300	1000	1300	1000	1000	1000	1000	1300	1600	1300	1600	1600	1900	2400	2400	1600	1600	1600	1900	2400	2400	1600	1900	1900	2400	2400	1900	1900	1900	1600	2400	2400	2400	2400	2400	2400	3600	2900	2900	1900	1600	1600	3600	1600	1600	1600	1900	2400
artificial intelligence and machine learning course	8100	Medium	35	0.453332	2.455562	1900	1900	2400	2900	2900	2900	2900	2400	1900	2400	2900	2900	2900	3600	5400	5400	5400	5400	3600	2900	2900	3600	4400	4400	5400	5400	8100	6600	6600	5400	4400	3600	3600	4400	6600	5400	8100	8100	8100	6600	6600	6600	8100	5400	6600	8100	9900	8100
artificial intelligence and machine learning course details	40	Medium	35	0.259731	0.75	30	10	50	70	110	90	110	70	70	50	50	50	50	90	140	90	70	90	50	50	20	10	40	40	70	90	140	110	90	50	50	30	30	20	40	30	50	50	110	90	50	30	10	20	20	20	20	20
artificial intelligence and machine learning course eligibility	20	Medium	38	0.435012	3.32	0	0	0	0	0	0	0	0	0	0	0	0	0	0	40	30	40	20	10	10	10	10	20	20	10	30	40	30	20	10	20	20	10	10	20	10	20	20	30	40	10	10	10	10	10	10	10	10
artificial intelligence and machine learning course in ahmedabad	10	High	77	0.435559	0.75	20	20	30	50	50	50	40	10	10	20	10	10	30	30	50	40	30	30	10	10	10	10	10	10	30	40	90	30	40	30	10	10	10	0	20	10	20	20	40	20	40	10	10	10	10	0	10	10
artificial intelligence and machine learning course in bangalore	40	High	80	0.656684	2.349943	70	90	70	90	70	140	70	50	50	30	50	30	50	40	90	90	110	50	30	30	30	40	40	50	70	70	110	110	50	40	30	40	50	50	40	40	50	70	90	70	50	50	30	10	30	10	20	20
artificial intelligence and machine learning course in chennai	20	High	98	0.580132	2.582558	50	50	70	110	140	50	40	30	40	40	40	50	50	110	110	70	70	70	30	20	10	40	40	30	50	40	70	40	20	30	20	10	20	40	30	30	50	50	40	30	20	10	20	10	10	10	10	10
artificial intelligence and machine learning course in coimbatore	20	Medium	56	0.45622	0.674952	50	50	70	210	90	90	30	40	40	20	20	50	50	110	140	110	70	90	40	10	20	30	40	50	110	110	210	90	70	50	30	10	20	30	40	20	50	70	50	10	10	10	10	10	10	10	10	10
artificial intelligence and machine learning course in hyderabad	30	High	79	0.458315	1.325007	30	10	20	30	70	140	40	30	20	30	50	50	20	30	30	70	50	30	10	10	20	30	50	50	30	50	70	50	70	50	30	10	20	10	30	30	40	30	30	40	90	10	10	10	10	10	20	10
artificial intelligence and machine learning course in iiit hyderabad	10					10	10	10	10	10	10	10	10	0	10	10	10	10	10	0	10	10	10	20	10	0	0	0	10	0	0	10	0	0	0	0	0	0	0	0	0	0	0	0	0	0	0	10	0	0	0	0	0
artificial intelligence and machine learning course in india	50	Low	8	0.724808	3.538605	260	260	320	320	320	210	170	110	90	90	110	140	170	170	210	170	140	110	70	70	50	70	90	90	90	110	140	70	50	50	40	40	30	30	50	70	50	40	50	50	30	20	20	10	30	90	90	110
artificial intelligence and machine learning course in kolkata	10	High	83	0.320361	1.203202	20	10	30	10	30	30	20	20	10	20	10	20	30	30	30	70	30	30	20	30	20	40	20	30	40	70	90	50	70	30	20	20	40	20	40	20	20	30	20	40	10	10	10	10	0	10	10	20
artificial intelligence and machine learning course in mumbai	10	Medium	44	0.393383	1.045254	10	10	30	30	30	30	10	10	10	10	10	10	20	10	30	40	30	20	10	10	10	10	20	10	20	10	10	40	30	10	10	10	10	10	10	10	10	10	20	30	20	10	10	10	10	10	10	10
artificial intelligence and machine learning course in pune	30	Medium	52			40	40	40	70	50	70	70	30	40	10	50	30	30	20	90	90	40	70	30	10	30	30	30	30	50	40	70	70	30	30	10	30	20	30	30	40	40	70	30	50	40	40	20	10	20	10	10	10
artificial intelligence and machine learning course online	40	Low	16	0.524608	2.422711	20	20	70	30	30	40	40	30	30	20	20	30	20	20	40	50	40	50	30	30	20	30	40	30	40	20	40	40	50	30	30	30	20	30	50	70	50	50	70	30	40	40	20	10	20	20	20	70
artificial intelligence and machine learning courses fees	70	Medium	56	0.305747	1.190891	10	20	20	30	50	30	40	20	20	20	20	10	10	10	50	70	70	40	40	20	20	30	40	50	70	70	110	140	90	70	70	30	50	40	50	50	90	110	170	110	110	70	40	30	30	40	50	50
artificial intelligence and machine learning courses in canada	10	Low				20	10	20	20	20	20	10	20	10	10	10	10	20	10	10	10	20	20	10	10	10	10	10	10	10	10	10	10	10	10	10	10	10	0	10	10	10	10	10	0	10	10	0	0	10	10	10	10
artificial intelligence and machine learning courses in germany	10	High	86			10	10	10	10	20	10	10	10	10	10	10	10	10	20	10	10	20	10	10	10	10	20	10	10	20	10	10	20	10	10	10	10	10	10	10	10	10	10	10	10	10	10	10	10	10	10	10	10
artificial intelligence and machine learning courses in singapore	10	Medium	41	3.480253	5.715099	10	0	10	10	10	10	10	10	10	10	10	10	10	10	10	10	20	20	10	10	10	10	10	10	10	10	10	10	20	10	10	10	10	10	10	30	10	10	20	20	10	10	10	10	10	10	10	10
artificial intelligence and machine learning courses in south africa	10					10	10	10	10	0	10	10	10	0	0	0	0	0	0	0	0	10	0	10	10	10	10	0	0	10	0	10	0	0	10	10	0	0	0	0	10	10	10	10	0	0	10	0	0	0	10	0	0
artificial intelligence and machine learning courses in tamilnadu	10	Medium	52	0.239506	0.604537	20	20	40	90	50	40	20	20	10	10	20	20	40	50	110	20	10	20	10	10	10	10	20	20	50	50	90	20	20	20	10	10	10	10	10	10	20	30	40	10	10	10	10	10	10	10	10	10
artificial intelligence and machine learning engineering course	480	Low	1	0.608402	2.469153	10	10	10	30	10	20	20	40	20	10	10	10	30	30	50	70	40	30	20	20	10	20	30	30	70	110	90	140	70	70	30	20	10	10	20	20	30	70	110	70	70	50	40	90	320	880	1900	1900
artificial intelligence and machine learning full course	10	Medium	41	0.398225	0.843743	10	10	10	10	20	20	20	10	10	10	10	10	10	20	10	30	20	30	20	20	20	20	20	30	20	30	20	20	30	20	20	10	20	10	30	20	20	10	10	10	10	20	10	10	10	10	10	10
artificial intelligence and machine learning online course	70	Low	25	0.750825	4.54	30	20	20	20	30	50	30	30	30	10	20	20	20	30	50	50	30	30	30	20	20	20	40	30	30	20	30	70	40	30	30	20	30	40	40	170	30	50	70	50	110	40	170	110	110	90	70	40
artificial intelligence and machine learning online courses in india	10	High	86			0	0	0	0	0	0	0	0	0	0	0	0	30	20	20	30	20	20	20	30	10	10	40	40	30	20	20	20	10	10	10	10	10	10	10	10	10	10	30	10	20	10	10	10	10	10	0	10
artificial intelligence and machine learning pdf	720	Low	9	0.244981	3.04	480	390	480	480	390	480	590	480	320	260	320	210	260	260	390	480	720	720	720	720	720	880	880	880	1000	880	1000	1000	1000	1000	880	880	880	880	880	880	880	880	1000	880	880	720	880	720	720	590	590	590
artificial intelligence book	2900	High	93	0.059309	3.48	2400	2900	2400	2400	2900	2400	2900	2400	2400	2400	2900	2900	2900	3600	2900	2900	3600	2900	2900	2900	2400	2900	2900	2900	3600	3600	3600	4400	3600	3600	4400	2900	2900	3600	3600	3600	3600	3600	2900	2900	3600	2900	2900	2400	2400	2400	2400	2400
artificial intelligence course and machine learning	10	Medium	56	0.663418	1.85223	10	10	10	20	10	10	10	10	10	10	10	10	10	10	20	10	20	20	20	10	10	10	10	10	10	10	10	10	10	10	10	10	10	20	20	10	10	20	20	20	40	10	10	10	10	10	10	10
artificial intelligence course machine learning	10	Medium	51	0.562286	3.3106	10	10	10	10	10	0	10	10	10	10	10	10	10	0	10	10	0	10	0	0	0	0	10	10	10	0	0	10	10	10	10	10	10	10	10	0	10	20	10	20	10	10	10	10	10	10	10	10
artificial intelligence online course	40500	Medium	66	0.527687	5.498622	2400	2400	2900	2900	2900	3600	2900	2400	2400	2900	4400	5400	5400	6600	12100	14800	18100	18100	12100	12100	12100	14800	18100	18100	22200	18100	22200	22200	18100	14800	18100	14800	22200	22200	49500	33100	33100	33100	40500	40500	49500	49500	40500	40500	40500	33100	40500	49500
artificial intelligence stanford	1000	Medium	39	1.06	14.20038	480	480	480	590	390	390	480	480	390	480	590	590	880	1300	880	880	720	880	720	880	880	880	1000	880	1000	1300	1000	1000	880	880	1000	1300	1300	1600	2400	2400	1300	1600	1900	1000	1000	1000	1300	880	880	720	880	880
artificial neural network	22200	Low	2	0.25871	5.096057	40500	40500	40500	40500	27100	27100	49500	33100	49500	40500	40500	33100	40500	40500	40500	33100	33100	33100	33100	40500	40500	40500	40500	33100	40500	40500	40500	33100	27100	27100	27100	40500	33100	33100	33100	27100	33100	27100	27100	22200	22200	18100	22200	22200	22200	22200	18100	18100
aspen hysys training	390	Low	21	0.176269	1.459356	260	260	260	320	260	320	260	210	260	210	320	260	260	260	320	320	320	260	320	260	320	320	480	480	390	390	390	480	480	480	390	390	390	390	390	390	390	390	390	390	480	480	390	390	390	390	390	590
asu machine learning course	10	Medium	48			10	10	10	10	10	10	10	10	10	10	10	10	10	10	10	10	10	10	10	10	10	10	10	20	30	10	10	10	10	10	10	10	10	10	10	10	10	10	10	0	10	10	10	10	10	10	10	10
atingi courses	880	Low	27	0.129999	1.138897	10	20	30	50	110	140	210	170	90	50	50	40	70	70	70	90	110	390	720	1000	1000	880	1000	1900	1900	1600	1900	1900	2400	1900	1900	2400	2400	1300	1600	1000	1300	1300	1300	1000	1000	480	590	880	590	390	390	480
automation bootcamp	70	Low	28	0.392831	7.94	140	110	110	110	90	70	110	110	90	70	90	70	90	110	110	90	140	90	90	110	70	70	110	90	90	110	140	90	70	50	70	70	90	70	70	70	50	70	70	70	70	70	70	70	50	50	70	110
aws machine learning certification course	50	Low	8	0.285453	3.058293	90	110	90	70	70	70	70	90	90	90	90	70	90	90	70	90	90	90	70	70	90	110	140	140	140	140	140	110	110	110	140	110	70	50	50	90	90	50	50	50	70	40	40	30	30	30	30	170
aws machine learning course	320	Low	21	0.319616	2.963826	390	390	480	480	480	480	480	480	480	390	480	480	480	480	480	720	720	720	590	480	590	590	720	590	590	590	590	590	590	480	880	720	720	480	590	390	390	390	390	390	390	390	320	260	210	170	170	390
aws machine learning course review	10					0	0	0	0	0	0	0	0	0	0	0	0	0	0	0	10	10	10	10	0	10	0	10	0	0	0	10	10	0	10	10	0	0	0	0	10	0	0	0	0	10	0	10	0	0	0	0	0
bangalore machine learning course	10	High	100			10	10	10	10	10	10	30	10	10	10	10	10	0	10	0	10	10	0	0	0	10	10	10	0	10	10	10	10	10	0	10	0	0	0	10	10	10	10	10	0	0	0	10	0	0	10	0	10
basic machine learning course	110	Medium	46	0.381161	4.005949	90	70	90	110	90	90	90	70	70	110	90	90	140	110	140	140	140	140	110	110	140	140	170	140	140	140	140	140	170	140	140	170	110	140	140	140	140	110	90	110	170	110	140	90	90	110	70	90
bayesian machine learning course	20	Medium	43	0.710646	3.89	40	40	50	30	30	50	70	40	50	30	50	30	40	20	40	20	30	40	50	50	50	30	50	40	50	30	30	40	20	50	30	70	50	40	70	20	20	10	20	20	10	20	20	10	20	20	10	10
bayesian optimization python	720	Low	2	0.439415	2.29942	1300	1300	1300	1300	1300	1300	1300	1300	1600	1300	1300	1600	1600	1600	1600	1300	1300	1300	1000	1300	1600	1300	1600	1300	1600	1600	1600	1300	1300	1300	1000	1300	1000	880	880	1000	1000	880	880	720	720	590	590	590	590	480	480	590
bcs machine learning courses	10					0	10	0	0	0	0	0	0	0	0	0	0	0	0	0	0	0	0	0	0	0	0	0	0	0	0	0	0	0	0	0	0	0	0	0	0	0	0	0	10	0	0	0	0	0	0	0	0
beginner machine learning course	590	Medium	43	0.391698	4.37	590	590	480	590	720	590	590	590	480	480	720	590	720	590	720	720	880	1000	720	720	590	590	880	720	880	720	880	880	880	590	720	590	720	590	880	720	720	720	720	720	720	590	590	480	390	480	480	590
benefits of machine learning course	10	Low	5			10	10	10	20	10	10	10	10	10	10	10	10	10	10	10	10	10	0	10	10	10	10	10	10	10	10	10	10	10	0	10	10	0	10	10	10	10	10	10	10	10	10	10	0	10	10	10	10
berkeley machine learning course	90	Medium	37	3.928056	47.43	110	110	90	70	90	90	140	90	90	90	110	110	140	480	90	50	50	70	90	70	70	90	140	140	140	140	140	110	90	110	140	170	170	140	390	110	110	110	90	110	110	110	90	90	70	90	90	90
berkeley machine learning crash course	10					0	10	0	10	0	0	30	10	10	10	0	0	10	0	10	10	10	0	0	0	0	0	0	0	0	0	0	0	0	0	0	0	0	0	0	0	0	0	0	0	10	0	0	0	0	0	0	0
berkeley machine learning online course	10					10	10	10	10	10	10	10	10	10	10	10	10	10	10	0	10	0	10	0	10	10	10	10	10	10	10	10	10	0	10	10	10	10	10	10	10	0	0	10	10	10	10	0	0	0	10	10	0
best advanced machine learning course	10	Medium	40	0.169962	3.28	50	40	30	40	40	40	30	30	20	50	30	30	30	20	30	30	30	20	20	30	30	10	30	20	20	40	20	20	20	10	20	20	20	20	20	20	30	20	20	20	10	10	10	10	10	10	20	10
best ai and machine learning course	110	Medium	37	0.987888	10.819403	30	40	20	40	40	50	30	40	50	40	70	70	70	70	110	110	140	110	140	90	90	140	140	140	170	140	140	110	90	90	110	110	110	140	170	170	140	110	140	170	140	110	110	70	70	70	90	140
best ai and machine learning course online	50	Medium	44	0.743201	3.445563	70	50	50	70	110	90	70	50	70	50	90	90	110	110	170	140	140	50	50	40	50	40	70	70	70	50	40	50	30	20	30	30	70	40	70	40	50	70	70	70	50	70	30	30	20	30	40	90
best ai and machine learning courses in india	30	Medium	57	0.435508	2.057401	20	20	20	10	10	10	10	10	10	10	10	10	10	20	20	40	30	20	30	10	10	10	20	20	30	20	30	20	20	20	10	10	10	10	10	20	30	20	50	40	40	20	20	10	20	30	20	30
best ai certification courses online	110	High	81	0.691706	6.561219	0	10	10	10	10	10	10	10	10	20	20	10	10	20	90	110	210	140	140	70	110	110	170	140	110	70	90	90	70	50	50	70	50	70	110	90	70	50	90	90	110	110	90	90	90	90	170	260
best ai machine learning course	50	Medium	63	0.706054	5.597146	10	20	10	30	20	40	20	30	20	30	50	30	50	40	70	40	70	50	50	40	70	50	50	70	50	50	70	50	50	40	40	50	70	50	70	70	50	70	50	50	70	70	50	40	40	40	40	50
best applied machine learning course	10	Low	27	0.277964	1.782229	10	10	10	10	10	10	10	10	10	10	20	10	30	10	10	10	10	10	10	10	10	10	10	10	10	10	10	10	10	10	10	10	10	10	10	10	10	10	10	10	10	10	10	10	10	10	10	10
best artificial intelligence and machine learning course online	10	Medium	52	0.453258	2.645799	0	0	0	0	0	0	0	0	0	0	0	0	0	0	0	30	30	40	50	20	10	40	40	30	20	20	20	30	10	20	10	10	10	10	10	10	10	10	10	10	10	10	10	10	10	10	10	10
best aws machine learning course	10	Medium	43			10	20	20	20	20	20	20	20	20	20	30	20	20	20	10	20	20	20	40	30	20	20	40	20	20	20	20	20	20	10	30	20	10	10	20	10	20	10	10	10	10	10	20	10	10	10	10	10
best beginner machine learning course	10	Low	21			10	10	10	10	10	10	10	10	10	10	10	10	10	10	10	10	10	10	10	20	10	20	10	10	10	10	10	10	10	10	10	10	10	10	10	10	10	10	10	10	10	10	10	10	10	10	10	10
best calculus course for machine learning	10	Low	21			10	10	10	10	10	10	10	10	10	10	10	10	10	10	10	10	10	10	10	10	10	10	10	10	10	10	10	0	10	10	10	10	10	10	10	10	10	10	10	10	10	10	10	10	10	10	10	10
best certification courses for machine learning	10	High	79	0.619186	1.375749	20	10	10	10	10	10	10	10	10	10	10	10	20	10	10	10	10	10	10	10	10	10	30	20	20	20	30	20	20	30	10	20	10	10	20	10	20	10	20	20	10	10	10	10	10	10	10	10
best coding classes online	2400	Low	15	0.472332	6.657711	2900	2400	2900	2900	2900	3600	2900	2900	2900	2900	2900	2400	2900	2400	2900	2900	2400	2400	2900	2400	2400	2400	2900	2400	2400	2900	2900	2900	2900	2400	2400	2400	2400	2900	3600	3600	5400	3600	2900	2400	2400	1600	1900	880	1000	1600	1300	2900
best course for ai and machine learning	210	High	77	0.623365	3.044221	70	70	110	90	90	140	90	90	70	90	170	170	170	210	210	260	320	260	260	210	170	210	260	260	320	260	320	210	260	210	170	140	170	170	260	210	210	210	260	210	210	260	170	170	170	170	210	260
best course for aws machine learning certification	10	High	86			30	30	30	30	30	30	40	20	20	30	20	20	10	20	30	40	30	30	30	30	30	20	30	30	50	30	30	30	20	20	20	30	10	20	10	10	10	10	20	10	10	10	20	10	10	10	10	10
best course for data science and machine learning	50	High	70	0.724139	4.237328	30	30	40	30	50	50	30	40	40	20	30	30	10	20	30	30	50	30	40	40	50	50	40	40	40	50	50	50	50	50	30	30	30	40	50	50	50	70	70	50	50	50	30	40	30	30	40	40
best course for machine learning	2900	Medium	44	0.452333	3.388783	3600	3600	4400	4400	4400	4400	3600	3600	3600	4400	4400	4400	4400	4400	4400	4400	4400	4400	4400	4400	4400	4400	5400	4400	5400	4400	5400	5400	4400	4400	3600	3600	3600	4400	4400	3600	3600	3600	3600	2900	2900	2900	3600	2400	1900	1900	1900	2400
best course for machine learning and ai	30	High	74	0.580526	8.044935	10	10	10	10	10	10	10	10	10	10	20	10	10	10	10	30	10	20	10	10	10	10	10	20	20	20	20	30	10	20	20	10	20	30	20	50	40	40	40	40	40	30	20	10	10	10	20	20
best course for machine learning and data science	10	High	71	0.442387	2.221617	10	10	10	10	20	20	10	10	10	10	10	10	10	10	10	20	20	20	30	20	10	10	20	20	10	10	10	10	10	10	20	20	20	10	10	10	20	10	20	10	10	20	10	10	10	10	10	10
best course for machine learning in python	20	Low	4			30	20	30	10	20	20	20	20	20	20	20	10	10	20	20	20	20	20	20	20	10	20	10	20	10	10	10	20	20	20	10	10	10	20	10	20	20	20	20	40	10	10	10	10	20	30	30	10
best course for machine learning in udemy	10	Low	1			10	10	10	20	30	20	20	30	20	20	30	20	20	20	20	10	20	20	20	10	10	20	20	20	30	20	30	10	10	20	10	10	10	10	10	10	10	10	10	10	10	10	10	10	10	10	10	90
best course for machine learning on coursera	10	Medium	33			10	10	10	10	10	20	10	10	20	10	10	10	10	10	10	20	10	10	20	10	20	10	10	10	10	10	10	10	10	10	0	10	10	10	10	10	10	10	10	10	10	10	10	10	10	10	0	10
best course for machine learning on udemy	10	Low				10	10	10	10	10	10	10	10	10	10	10	10	10	10	10	10	10	10	10	10	10	10	10	10	10	10	10	10	10	10	10	10	10	10	10	10	10	10	10	10	10	10	10	10	10	10	10	10
best course for machine learning online	10	Low				10	10	10	10	10	10	10	0	10	10	10	10	10	10	10	10	10	10	10	10	10	10	10	10	10	10	10	10	10	10	10	10	10	10	10	10	10	10	10	10	10	10	10	10	10	0	0	10
best course for machine learning quora	10	Low				10	10	20	20	10	10	10	10	10	10	20	10	10	10	10	20	10	20	10	10	10	20	20	10	20	20	10	10	10	10	10	10	10	10	10	10	10	0	10	10	10	10	0	10	0	10	0	10
best course for python machine learning	10	Medium	50			10	10	10	10	10	10	10	10	10	10	10	10	10	10	10	10	10	10	20	10	10	10	20	10	20	10	10	10	0	10	10	10	10	10	10	10	10	10	10	10	10	10	10	10	10	10	10	10
best course in machine learning	2900	Medium	44	0.452333	3.388783	3600	3600	4400	4400	4400	4400	3600	3600	3600	4400	4400	4400	4400	4400	4400	4400	4400	4400	4400	4400	4400	4400	5400	4400	5400	4400	5400	5400	4400	4400	3600	3600	3600	4400	4400	3600	3600	3600	3600	2900	2900	2900	3600	2400	1900	1900	1900	2400
best course machine learning coursera	10					10	0	10	0	10	0	0	10	10	10	0	10	10	10	0	10	10	10	0	0	10	0	0	0	10	0	10	0	0	0	0	0	0	0	10	0	10	0	10	10	10	0	0	0	10	0	0	0
best course machine learning python	10					10	10	10	10	10	10	10	10	10	10	10	10	10	10	10	10	10	10	10	10	10	10	10	10	0	10	0	10	10	10	10	0	0	10	10	10	10	10	0	0	0	10	0	10	0	0	10	0
best course of machine learning	10	High	68	0.275113	1.25	20	10	30	20	20	20	10	20	10	20	20	10	30	30	30	20	30	30	40	20	40	30	30	30	20	20	30	30	30	20	20	30	20	20	30	10	20	20	20	10	20	10	20	10	10	10	20	10
best course on ai and machine learning	50	Medium	59	0.891466	6.252803	10	10	10	10	10	10	10	20	20	20	40	50	90	110	170	140	140	110	110	90	90	90	90	90	90	70	110	70	40	50	50	30	40	70	70	90	50	50	70	70	110	70	40	30	30	30	20	40
best course on coursera for machine learning	10	Low	16			20	10	10	10	10	10	10	10	10	10	10	10	10	10	10	10	10	10	10	10	10	10	10	10	10	10	10	10	10	10	10	10	10	10	10	10	10	10	10	10	20	10	10	10	10	30	10	10
best course on machine learning and artificial intelligence	10	High	86			10	10	10	20	20	10	10	10	10	10	10	10	10	10	10	10	10	10	10	10	10	0	10	0	0	0	0	0	0	10	10	0	10	10	10	10	10	10	0	10	10	10	10	0	0	10	0	10
best course on statistics for machine learning	10					10	10	10	10	10	0	0	0	10	0	10	0	0	0	0	0	0	10	10	0	10	10	0	10	10	0	0	0	0	0	0	0	0	0	0	0	10	0	10	0	0	0	0	10	0	0	0	0
best course on udemy for machine learning	10	Low	29			10	10	10	10	10	10	10	10	10	10	10	10	10	10	10	20	20	10	20	10	10	10	20	10	10	10	20	10	20	20	20	10	10	10	10	10	10	10	10	10	10	10	0	10	10	10	10	10
best course to learn machine learning	2900	Medium	44	0.452333	3.388783	3600	3600	4400	4400	4400	4400	3600	3600	3600	4400	4400	4400	4400	4400	4400	4400	4400	4400	4400	4400	4400	4400	5400	4400	5400	4400	5400	5400	4400	4400	3600	3600	3600	4400	4400	3600	3600	3600	3600	2900	2900	2900	3600	2400	1900	1900	1900	2400
best course to start machine learning	10	Medium	43			10	10	10	10	10	10	10	10	10	10	10	10	10	10	10	10	10	10	10	10	10	10	10	10	10	10	10	10	10	10	10	10	10	10	10	10	10	10	10	10	10	10	10	10	10	10	10	10
best coursera course for machine learning	30	Low	30	0.311994	4.560043	30	20	30	20	10	30	20	20	20	30	20	30	30	30	40	40	40	50	30	30	30	50	50	30	50	30	50	40	40	40	30	20	30	30	40	40	30	20	30	20	40	30	40	30	30	50	20	10
best coursera machine learning course	140	Low	31	0.472206	3.520224	210	210	320	320	260	260	210	210	170	210	260	210	210	170	210	260	260	320	320	320	320	320	390	260	260	260	260	260	210	210	170	210	170	170	210	210	210	140	210	170	210	170	140	110	90	170	140	90
best courses for machine learning with python	10	Medium	62			20	20	10	30	30	40	40	30	10	10	10	20	20	10	20	10	30	10	20	10	10	10	10	20	10	10	10	10	10	10	10	10	10	10	10	10	10	10	10	10	10	10	10	0	10	10	10	10
best courses in machine learning and ai	10					10	10	10	0	10	0	0	0	10	0	10	0	10	0	0	10	0	0	10	0	10	10	10	10	10	0	10	0	0	0	10	10	10	10	10	10	10	10	10	10	0	0	0	0	10	0	0	0
best courses machine learning	20	Low	4			40	30	30	40	40	30	30	40	30	40	30	30	50	50	40	50	50	50	40	40	40	50	40	20	30	40	50	40	40	30	40	40	30	30	30	30	40	40	40	30	20	20	10	10	10	20	30	30
best data science and machine learning course	50	Low	31	0.450611	3.003211	90	70	90	90	90	90	90	70	90	70	90	70	90	110	90	110	90	90	90	70	90	70	110	110	70	90	140	140	110	110	90	90	70	70	70	70	70	70	70	70	30	50	20	20	50	20	40	50
best data science and machine learning course online	10	Low				10	10	10	10	10	10	10	10	10	10	10	10	10	10	10	10	10	10	10	20	20	10	10	20	10	10	20	10	10	10	10	10	10	10	10	10	10	10	10	10	10	10	10	10	10	10	10	10
best data scientist certifications	1600	Medium	37	0.896966	10.332972	2400	2400	2400	2400	2400	2900	2400	2400	2400	2400	2900	2400	2400	2400	2400	2400	2400	2900	2400	2400	2400	2400	2900	2900	2400	2400	2900	2400	2400	2400	2400	1900	1900	1900	2400	1900	2400	2400	2400	1900	1300	1000	2400	1000	880	880	1000	1300
best edx machine learning course	10					10	10	10	10	10	10	10	10	10	10	10	10	0	10	10	0	0	10	0	0	0	0	10	10	10	0	10	10	0	0	10	0	0	10	0	10	10	0	10	0	10	10	0	0	0	0	10	0
best free course for machine learning	20	Low	29	0.655051	8.9	10	20	30	30	30	30	20	20	20	20	40	40	40	40	50	50	50	40	30	20	30	50	50	40	50	40	50	50	50	50	40	30	30	20	30	20	20	30	20	20	30	30	20	20	10	10	10	10
best free courses on machine learning	10	Low				10	10	10	10	10	10	10	10	10	10	10	10	10	10	10	10	20	10	10	10	10	10	20	10	20	10	10	10	10	10	10	10	10	20	10	10	10	10	10	10	10	10	10	10	10	0	10	10
best free machine learning course	140	Low	26	0.169293	3.469131	140	170	170	210	210	210	170	210	170	210	260	210	210	170	260	260	260	210	260	210	210	260	320	210	210	210	260	210	170	210	170	170	170	170	170	210	170	110	140	170	210	140	110	90	90	90	170	110
best free machine learning course for beginners	10	Low	15			10	10	10	10	10	10	30	10	20	20	30	10	20	20	30	30	30	20	30	20	30	20	30	30	30	40	40	20	40	20	20	50	20	10	20	20	10	10	20	30	20	10	10	10	10	10	10	20
best free machine learning course online	10	Medium	46	0.904121	3.680923	10	10	10	10	10	10	10	10	10	10	10	10	10	10	10	10	10	10	10	10	10	10	10	10	10	10	10	10	10	10	10	10	10	10	10	10	10	10	10	20	30	10	10	10	10	10	10	10
best free online machine learning course	10	Medium	36			10	10	10	20	10	10	10	10	20	20	20	10	20	10	20	30	30	10	10	10	20	20	20	20	30	30	20	20	20	10	20	10	10	10	10	30	10	10	10	20	10	10	10	10	10	10	10	10
best hands on machine learning course	10	High	71	0.816549	4.335315	10	10	10	10	10	10	10	10	10	10	20	10	10	10	10	20	10	10	10	20	20	10	20	20	10	10	10	10	10	20	10	10	10	10	10	10	10	10	10	10	10	10	10	10	10	10	10	10
best intro to machine learning course	10	High	86			10	10	10	10	10	10	10	10	10	10	10	10	10	20	10	10	10	10	30	10	20	20	20	10	10	10	20	10	10	10	10	10	10	10	10	10	10	10	10	10	10	10	10	10	10	10	10	10
best linear algebra course for machine learning	20	Low	27	1.20306	2.361548	20	20	20	20	20	30	20	10	20	20	30	20	10	20	40	30	30	40	30	30	30	30	30	20	30	30	30	20	50	30	30	20	20	10	30	20	20	10	10	20	10	20	30	10	10	10	20	10
best machine learning ai course	10	High	86	0.344348	7.018846	10	10	10	10	10	10	10	10	10	10	10	10	20	20	10	10	10	10	10	10	10	10	10	10	20	20	10	20	10	10	20	10	20	20	20	10	10	10	10	10	10	10	10	10	10	10	10	10
best machine learning and ai courses	70	Low	29	0.714301	8.24	50	70	70	50	50	70	40	40	50	50	90	90	90	70	110	110	140	110	90	110	90	110	140	110	110	110	110	90	90	70	70	70	70	70	70	70	70	110	90	90	90	90	70	50	50	40	50	90
best machine learning and data science courses	10	High	86			20	10	20	10	20	20	20	10	10	20	20	10	10	20	10	10	10	10	10	10	10	10	20	20	20	20	20	10	10	30	20	10	10	20	10	10	10	10	10	20	10	10	10	10	10	10	10	10
best machine learning and deep learning courses	20	High	71	0.578603	4.868442	10	30	20	30	30	30	20	10	10	20	20	20	30	30	20	30	20	20	20	20	30	30	30	40	30	20	20	50	40	20	20	20	10	20	10	40	20	20	20	20	20	20	10	10	10	10	10	20
best machine learning certifications	480	Medium	38	0.75	7.510627	590	590	590	720	720	720	720	590	720	720	880	720	720	720	880	720	880	880	880	720	880	880	1000	880	880	880	880	880	1300	1000	590	590	720	590	590	590	720	720	590	480	590	390	880	390	260	390	320	590
best machine learning course 2018	10					0	0	0	10	0	0	0	0	0	0	0	0	0	0	0	0	0	0	0	0	0	0	0	0	0	0	0	0	0	0	0	0	0	0	10	0	0	0	0	0	0	10	0	0	0	0	0	0
best machine learning course 2019	10					10	10	0	0	0	10	10	0	0	0	0	0	10	0	10	10	10	0	10	10	10	0	0	0	0	10	10	0	0	0	10	10	0	10	10	10	10	10	10	10	0	10	0	0	0	0	0	0
best machine learning course 2020						0	0	10	0	0	0	0	0	0	0	0	0	0	0	0	0	0	0	0	0	0	0	0	0	0	0	0	0	0	0	0	0	0	0	0	0	0	0	0	0	0	0	0	0	0	0	0	0
best machine learning course 2021	10					10	10	10	10	10	10	10	10	0	0	0	0	0	0	0	0	10	0	0	10	0	10	0	0	10	0	0	0	0	0	0	0	0	10	0	10	10	10	10	0	0	0	0	0	0	0	0	0
best machine learning course 2022	10					10	20	30	30	20	20	20	10	20	10	10	10	0	10	10	0	0	0	0	0	0	0	0	0	0	0	0	0	0	0	0	0	0	0	0	0	0	0	0	0	0	10	0	0	0	0	0	0
best machine learning course 2023	10					0	0	0	0	0	0	0	0	0	0	0	30	30	20	30	30	20	30	30	10	20	30	10	10	0	0	0	0	0	0	10	0	0	0	0	0	10	0	0	0	10	0	0	0	0	0	0	0
best machine learning course bangalore	20	Medium	54			30	30	40	30	20	40	20	30	10	10	10	10	20	40	30	40	20	40	40	30	20	30	30	10	20	10	10	50	50	40	50	10	20	10	30	10	50	70	10	10	10	20	40	10	10	20	10	10
best machine learning course coursera	140	Low	31	0.472206	3.520224	210	210	320	320	260	260	210	210	170	210	260	210	210	170	210	260	260	320	320	320	320	320	390	260	260	260	260	260	210	210	170	210	170	170	210	210	210	140	210	170	210	170	140	110	90	170	140	90
best machine learning course edx	10					10	10	10	0	0	10	10	10	10	0	10	10	10	10	10	10	10	0	10	0	10	10	10	10	10	10	10	10	10	0	10	10	0	10	10	0	0	10	0	10	10	0	0	0	0	0	0	0
best machine learning course for beginners	110	Medium	51	0.457095	2.851447	170	110	140	170	260	170	140	110	140	140	170	140	170	170	210	210	210	170	170	140	140	170	210	170	210	170	170	210	170	140	170	140	110	110	140	140	110	110	170	170	170	110	110	90	70	110	110	90
best machine learning course free	90	Low	26	0.13025	3.65936	50	40	50	50	50	70	70	50	70	90	110	110	110	140	140	170	210	170	140	170	140	140	170	170	140	110	110	140	170	90	90	90	90	90	90	90	90	110	140	110	110	110	110	50	50	50	50	40
best machine learning course in ahmedabad	10					0	0	10	0	0	10	0	0	0	0	10	0	0	0	0	0	10	0	0	0	10	10	10	10	10	10	0	0	0	0	0	0	0	0	10	10	0	0	0	10	0	0	10	0	10	0	0	0
best machine learning course in chandigarh	10					0	0	0	0	0	0	10	0	10	0	0	0	0	0	0	10	10	10	10	0	0	10	0	0	0	0	0	10	10	10	10	10	10	0	0	10	0	0	10	10	10	10	0	10	0	10	10	0
best machine learning course in chennai	10	Medium	33			10	10	10	10	40	30	30	10	10	10	30	30	10	20	30	20	30	50	10	10	10	10	20	10	20	20	10	10	10	30	10	10	10	10	10	10	20	20	20	10	20	20	10	20	10	10	10	10
best machine learning course in coursera	30	Low	29	0.560533	2.65608	50	40	40	50	70	40	50	30	40	40	70	40	50	40	50	30	50	50	50	40	50	40	50	40	50	40	40	50	40	70	30	30	40	40	50	30	40	30	30	30	30	20	20	30	20	40	10	20
best machine learning course in delhi	10	Low	7			10	10	10	10	10	10	20	10	10	20	10	10	10	10	10	10	0	10	10	10	0	10	20	10	0	10	10	10	50	10	10	10	10	10	10	10	10	10	10	10	10	10	10	10	10	10	20	20
best machine learning course in hyderabad	10	High	76			20	30	10	10	10	20	10	30	20	10	20	20	10	10	30	10	20	30	30	20	10	10	20	10	10	20	10	30	20	10	20	110	10	20	10	10	20	10	10	10	10	10	10	10	10	10	10	10
best machine learning course in india	50	Low	31	0.613052	1.896694	110	70	70	90	70	90	90	70	110	70	50	70	90	50	90	70	40	70	50	40	40	50	70	50	50	50	90	110	70	40	20	30	20	70	40	40	70	50	70	70	40	30	30	20	40	20	90	50
best machine learning course in india quora	10					10	0	10	10	10	10	10	10	0	10	10	0	0	10	10	10	0	0	0	10	0	10	10	10	10	0	10	0	0	0	0	0	0	0	10	10	10	0	0	0	0	0	0	0	0	0	0	0
best machine learning course in india with placement	10	Medium	55	0.427019	0.765162	30	30	40	20	20	20	30	40	50	20	20	30	30	30	20	30	20	10	20	10	10	30	30	10	20	30	30	30	20	10	10	10	10	10	10	10	10	10	10	10	10	0	10	10	10	10	10	10
best machine learning course in kolkata	10	Low				10	10	0	0	10	0	0	10	0	0	10	10	0	10	10	0	10	10	20	20	10	10	0	10	10	10	10	0	0	10	10	0	0	0	10	0	10	0	10	10	0	10	10	10	0	10	10	10
best machine learning course in mumbai	10	Medium	48			10	10	10	10	10	10	10	10	10	10	10	10	10	10	10	10	10	10	10	10	0	10	10	10	0	10	0	0	30	10	10	10	10	0	10	10	10	10	10	10	10	0	10	10	10	0	0	10
best machine learning course in noida	10					10	10	10	0	10	10	0	0	0	0	10	10	0	10	10	0	10	10	10	0	0	10	10	0	0	10	10	10	10	10	10	10	10	30	10	10	10	10	0	0	0	0	0	10	0	10	0	0
best machine learning course in pune	10					10	10	10	10	10	10	10	10	10	10	10	10	10	20	30	20	50	20	30	20	20	10	10	10	10	20	30	10	10	10	20	20	10	30	10	10	10	10	10	10	10	10	10	10	10	10	10	0
best machine learning course in python	10					10	10	20	10	10	10	10	10	10	10	10	10	10	10	10	10	10	10	10	10	10	10	10	10	10	10	10	10	10	10	10	10	10	10	10	10	10	10	10	10	10	10	10	0	10	0	0	0
best machine learning course in udemy	40	Low	7	0.128124	3.24	40	40	50	50	50	70	30	40	50	40	50	70	70	70	70	50	50	70	50	40	70	70	90	90	50	50	70	70	50	50	50	50	70	70	70	50	50	40	30	30	30	20	30	20	20	30	20	110
best machine learning course in youtube	20	Low	7			10	10	10	20	20	20	20	20	20	20	20	30	10	10	10	30	30	40	20	20	20	20	30	30	40	40	40	40	30	30	30	30	30	20	20	40	20	20	20	20	30	30	20	20	20	20	20	30
best machine learning course india	10	Medium	64	0.804283	1.653229	20	10	10	10	10	10	10	10	10	10	10	10	10	20	10	10	10	10	10	10	10	20	10	10	10	10	10	10	10	10	10	10	10	10	10	10	10	10	10	10	10	30	10	10	10	10	10	10
best machine learning course on coursera	140	Low	31	0.472206	3.520224	210	210	320	320	260	260	210	210	170	210	260	210	210	170	210	260	260	320	320	320	320	320	390	260	260	260	260	260	210	210	170	210	170	170	210	210	210	140	210	170	210	170	140	110	90	170	140	90
best machine learning course on coursera for beginners	10	Low	14			10	20	20	20	20	30	20	20	20	30	30	30	30	10	20	30	10	10	10	10	10	20	10	10	10	10	10	10	10	10	10	10	10	10	10	10	10	10	0	10	10	10	10	10	10	10	10	10
best machine learning course on edx	10	Low				10	10	10	10	10	10	10	10	10	10	10	10	10	10	10	10	10	10	10	10	10	10	10	10	10	10	10	10	10	10	10	10	10	10	10	10	10	10	10	10	10	10	20	10	10	10	10	10
best machine learning course on udemy	260	Low	5	0.107318	0.899245	260	260	320	320	320	390	260	260	320	320	390	320	390	320	320	320	320	390	320	320	320	260	390	320	320	260	320	260	320	320	210	210	260	260	260	260	260	210	260	210	210	260	210	210	170	140	140	590
best machine learning course on udemy quora	10	Low				10	10	10	10	10	10	10	10	10	10	10	10	10	10	20	10	10	10	10	10	10	10	10	10	10	10	0	10	10	10	0	10	0	10	10	0	10	10	10	10	10	0	0	10	0	0	10	10
best machine learning course on youtube	110	Low	12	0.208892	2.044514	50	50	70	70	70	70	70	50	70	50	70	90	90	70	110	90	140	140	140	110	90	140	140	170	140	110	140	170	110	170	140	140	110	110	140	110	140	110	110	140	140	110	90	90	70	70	110	140
best machine learning course online	390	Medium	36	0.558252	5.78828	880	720	720	880	720	880	720	720	1000	1600	1600	720	1000	1000	1000	1000	1000	880	720	590	720	720	880	720	720	720	720	720	590	590	720	590	590	590	720	480	590	590	590	590	480	390	390	260	320	320	320	320
best machine learning course online for beginners	10	Low				10	10	10	10	10	10	10	10	10	10	10	10	10	10	10	10	10	10	10	10	10	10	10	0	0	10	10	0	10	10	10	10	10	10	10	10	10	10	10	10	10	0	10	0	10	30	10	10
best machine learning course online free	10	Low	4			20	30	30	20	20	20	20	20	20	20	20	20	10	10	20	20	10	10	10	0	10	10	10	10	10	10	10	10	30	10	10	10	10	10	10	10	10	20	10	10	10	20	10	10	10	10	10	10
best machine learning course online quora	10					10	10	10	10	10	10	10	10	10	10	10	10	10	10	10	10	10	10	10	10	10	10	10	10	0	10	10	10	10	10	0	10	0	0	10	10	0	10	10	0	10	0	0	0	0	0	0	0
best machine learning course pluralsight	10					10	10	10	10	10	10	10	10	10	10	10	10	10	10	0	0	10	10	0	0	0	10	10	0	0	0	10	10	0	10	0	0	0	0	0	0	10	0	0	10	0	0	10	0	0	0	0	0
best machine learning course python	10	Low	3			10	20	20	20	10	10	10	10	10	10	10	20	10	10	10	10	10	10	10	10	10	10	10	10	10	10	20	10	10	10	10	10	10	10	10	10	10	10	10	10	10	10	10	10	10	10	10	10
best machine learning course quora	10	Medium	43			50	40	70	50	70	70	50	50	50	50	70	50	40	50	50	70	50	70	40	30	40	40	50	40	30	30	40	30	30	30	20	10	20	20	20	20	10	10	10	10	10	10	10	10	10	10	10	10
best machine learning course reddit	210	Low	5	0.724347	6.802604	210	210	210	210	260	260	210	260	260	320	390	320	320	320	390	320	320	320	260	260	320	320	390	390	390	320	390	320	260	260	260	260	210	260	320	260	260	210	260	260	260	260	210	170	170	170	140	110
best machine learning course udemy quora	10					10	10	10	10	10	10	0	10	10	10	10	0	10	0	10	0	10	10	10	10	10	10	0	0	0	0	0	0	0	10	0	10	0	0	0	0	0	10	0	0	0	0	0	0	0	0	0	0
best machine learning course using python	10	Low	16			10	10	10	10	10	10	10	10	0	10	0	10	10	10	10	10	10	10	10	10	10	0	10	10	10	10	0	0	0	10	0	10	10	10	10	10	10	10	10	10	10	10	10	0	10	0	0	10
best machine learning course with placement	10	Medium	51	0.497395	4.545958	20	10	10	10	40	20	20	10	10	20	10	10	10	20	10	20	20	10	10	20	10	10	10	20	10	10	10	20	10	10	10	20	10	10	10	10	10	20	10	20	10	10	10	10	10	10	10	10
best machine learning course with projects	10	Medium	66	0.263527	0.601262	10	10	10	10	10	10	10	10	10	20	10	20	10	10	20	10	20	10	10	20	10	10	10	10	20	20	10	10	20	10	10	10	10	10	10	20	10	10	10	20	10	10	10	10	10	10	10	10
best machine learning course with python	20	Low				30	20	20	20	10	20	10	20	30	20	20	20	20	20	20	20	20	30	20	20	30	20	20	20	20	20	20	20	20	20	40	20	20	30	30	20	30	20	20	20	10	30	10	10	20	10	20	40
best machine learning course youtube	10	Low	4			20	10	20	10	10	20	20	10	10	20	10	20	20	10	10	10	20	30	10	20	10	10	20	30	30	20	20	20	20	20	30	20	20	10	20	10	20	10	20	10	10	20	20	10	10	10	10	10
best machine learning courses 2019						0	0	0	0	0	0	0	0	0	0	0	0	0	0	0	0	0	0	0	0	0	0	0	0	0	0	0	0	0	0	0	0	0	0	0	0	0	0	0	0	0	0	0	0	0	0	0	0
best machine learning courses 2023	10	Low				0	0	0	0	0	0	0	0	0	0	0	0	30	30	30	20	30	30	40	40	40	30	10	10	10	0	0	0	0	0	10	10	0	10	10	0	0	10	10	10	0	0	0	0	0	0	0	10
best machine learning engineer course	20	Medium	38	0.88	2.71659	20	30	30	30	20	30	30	40	20	40	30	30	40	30	50	40	40	90	90	70	140	90	110	110	110	110	110	90	10	30	20	30	20	30	30	20	30	30	20	20	20	20	40	10	10	10	10	20
best machine learning free course	20	Low	29	0.039237	0.247466	20	20	30	30	30	30	30	30	40	20	30	40	40	30	40	40	40	30	40	30	30	10	50	30	30	40	40	30	30	20	30	20	20	30	20	20	30	20	40	30	40	30	20	10	10	10	10	10
best machine learning python course	30	Low	5			40	30	20	30	20	20	20	30	40	30	30	30	40	30	40	30	50	40	30	20	30	30	30	40	30	30	50	40	40	40	50	20	20	30	30	20	50	30	30	30	10	20	10	10	30	30	50	40
best machine learning python course online	10					10	10	10	10	10	10	10	10	10	10	10	10	0	0	10	0	0	0	0	0	10	0	0	10	0	0	0	0	0	10	10	10	0	10	0	10	10	0	0	10	10	10	0	0	0	0	0	0
best machine learning udemy course	10	Low	2			20	10	20	20	20	10	20	30	20	20	20	30	30	10	20	20	20	10	10	10	10	20	10	10	20	20	20	20	20	20	20	20	10	10	10	10	10	10	10	10	10	10	10	10	10	10	10	90
best machine learning with python course	20	Low	11	0.106794	0.940696	30	10	20	20	20	10	10	20	20	20	20	20	20	10	20	30	20	20	30	20	20	30	20	20	10	20	30	20	20	20	30	10	10	20	20	20	20	30	20	20	10	20	10	10	10	20	20	30
best math course for machine learning	30	Medium	42	0.368872	4.17	30	50	50	40	50	50	40	40	40	40	50	40	70	40	50	30	70	50	70	70	70	70	70	70	90	70	70	70	50	70	50	50	30	70	50	50	30	30	20	30	40	40	40	40	20	20	30	20
best math for machine learning course	10	Low	32	0.524627	1.829617	10	0	10	10	10	10	10	10	10	10	10	10	10	10	10	10	10	10	10	20	10	10	10	30	20	20	20	20	30	30	10	20	10	10	10	10	20	10	10	10	10	10	10	10	20	10	10	10
best nptel courses for machine learning	10	Low				10	10	10	10	20	20	10	10	20	30	30	10	10	10	10	10	30	10	10	10	10	10	40	10	10	10	10	10	40	30	10	10	10	10	20	10	10	10	10	10	20	10	10	10	10	10	10	10
best online ai and machine learning course	10	Medium	54	0.77	11.46181	10	10	10	10	10	10	10	10	10	10	20	10	10	10	10	20	30	30	20	10	10	10	10	20	10	20	30	20	20	10	10	10	10	10	10	10	10	10	10	10	10	10	10	10	0	10	10	10
best online certification courses for machine learning	10					10	10	10	10	10	20	20	10	10	10	10	10	20	10	10	10	10	10	10	10	10	10	0	0	10	10	10	0	10	10	10	10	10	10	10	10	10	10	10	10	10	10	0	0	0	0	10	0
best online course for data science and machine learning	10	High	69	0.455919	1.899119	20	20	10	30	20	20	20	20	20	20	20	20	10	20	20	10	20	20	10	10	20	20	30	20	20	10	30	20	20	10	30	10	10	10	30	20	20	10	20	20	20	20	10	10	10	10	10	10
best online course for machine learning quora	10	Low				10	10	10	10	10	10	10	10	10	10	10	10	0	10	10	10	0	10	10	10	10	0	10	0	10	0	10	10	0	10	0	10	0	0	10	0	10	10	0	0	10	0	0	0	0	0	10	10
best online course for machine learning with python	10	High	81	0.329109	3.30415	10	10	10	20	10	10	20	10	10	10	10	10	10	20	10	20	10	20	30	20	30	20	10	10	10	10	10	10	40	20	20	20	20	20	20	10	10	10	10	10	10	10	10	10	10	10	10	10
best online course for machine learning with python quora	10					10	0	10	10	10	10	10	10	10	0	10	10	10	0	0	0	0	0	10	0	0	0	0	0	0	0	0	0	0	0	10	0	0	10	0	10	10	0	0	0	0	0	0	0	0	0	0	0
best online course for python machine learning	10	Low				10	10	10	10	10	10	10	10	10	10	10	10	10	10	10	10	0	0	0	0	0	0	10	0	0	0	0	10	0	0	10	0	0	10	0	0	10	0	10	0	0	0	10	0	10	0	0	10
best online course in machine learning	10	Medium	36	1.064531	7.47	10	10	10	10	10	10	10	10	10	10	10	10	20	10	10	30	10	40	40	50	70	50	50	50	70	70	40	30	10	10	10	10	10	10	10	20	10	10	10	10	10	10	10	0	10	10	10	10
best online course machine learning python	10					0	0	10	0	0	10	0	0	10	0	0	0	0	0	0	0	0	10	0	0	0	0	0	0	0	0	10	10	0	10	0	0	0	0	0	10	10	0	0	0	0	0	0	0	0	0	0	0
best online course to learn machine learning	10	Medium	48	0.508642	7.192769	10	20	10	10	10	10	10	10	10	10	10	10	10	20	10	10	10	20	10	20	10	10	10	10	20	20	10	20	20	10	10	10	10	10	10	10	20	20	20	10	10	10	10	10	10	10	10	10
best online courses for ai and machine learning	90	High	68	0.677547	3.64437	40	20	40	40	30	40	40	30	30	40	90	50	70	50	110	110	140	90	90	50	90	90	110	110	170	110	90	90	70	70	50	50	70	50	70	70	90	90	90	140	140	70	70	70	50	50	70	50
best online courses for artificial intelligence and machine learning	10	Medium	51	1.248195	9.684005	10	10	20	20	30	10	20	10	10	20	30	20	40	40	50	50	70	40	20	40	20	20	30	20	20	40	40	20	10	30	30	20	10	10	10	10	10	30	30	10	20	10	10	10	10	10	10	10
best online courses for machine learning and ai	10	High	86			10	10	10	10	10	10	20	10	0	10	10	10	10	10	10	10	10	10	10	10	10	10	10	10	10	0	0	10	10	10	0	10	10	10	10	10	10	0	10	10	0	10	10	10	0	0	10	10
best online machine learning course for beginners	10					10	0	10	10	10	10	10	10	0	10	10	10	0	10	10	0	0	0	0	0	0	0	0	0	10	0	10	10	0	0	0	0	0	10	0	0	10	0	10	0	10	0	0	0	0	0	10	0
best online machine learning course python	10					10	0	0	0	10	0	0	0	0	0	10	0	0	0	0	0	10	0	0	10	0	0	0	0	0	10	0	0	0	0	10	10	0	0	10	0	0	10	0	0	0	0	0	0	0	0	0	0
best online machine learning course quora	10	Low				10	10	10	0	10	0	10	0	0	10	10	0	0	0	0	0	0	10	0	0	0	0	0	0	0	10	0	0	0	0	0	0	0	10	0	10	10	0	0	0	10	0	0	0	0	0	0	10
best online machine learning course reddit	10	Medium	36			10	20	10	10	10	20	20	10	30	30	30	30	40	30	20	20	20	30	30	30	30	10	20	20	20	20	20	20	10	10	10	10	10	10	20	10	10	10	10	10	10	10	10	10	10	10	10	10
best online machine learning courses india	10					0	10	0	0	0	0	0	0	0	0	0	0	0	0	0	10	0	0	0	0	0	0	0	10	0	0	0	0	0	0	0	0	0	0	0	0	0	0	10	0	0	0	0	0	0	0	0	0
best paid machine learning course	10	Medium	64	1.01	9.4589	10	10	20	10	10	10	10	10	10	10	10	10	10	10	20	20	10	10	20	30	10	20	10	10	30	10	20	20	10	20	20	10	10	10	10	10	10	10	10	10	10	10	10	10	10	10	10	10
best practical machine learning course	10	Medium	54	0.200808	1.394476	10	20	10	10	10	20	10	10	20	20	30	10	20	20	10	10	10	10	10	10	10	20	10	20	20	10	20	20	20	30	10	10	10	10	10	10	10	10	20	10	10	20	10	10	10	10	10	10
best probability and statistics course for machine learning	10	Low	10			30	20	20	30	10	20	10	20	20	10	20	20	30	20	30	20	10	30	20	30	10	10	20	20	20	10	10	10	20	20	10	10	10	10	10	20	10	10	10	10	10	10	10	10	10	10	10	10
best probability course for machine learning	10	Low	26			20	20	10	10	10	10	10	10	10	10	10	10	10	10	10	10	10	10	10	10	10	10	10	10	10	10	10	10	10	10	10	10	10	10	10	10	10	10	10	0	10	10	10	10	10	10	10	10
best prompt engineering books	170	High	72	0.130385	6.490185	0	0	0	0	0	0	0	0	0	0	0	0	0	0	0	40	50	90	70	90	90	110	140	140	170	170	140	170	210	140	140	70	140	110	170	170	170	170	260	260	260	210	170	140	170	170	140	140
best python and machine learning course	10	Medium	64	1.064392	3.065938	10	0	10	10	10	10	10	10	10	10	10	10	10	10	0	10	10	10	10	10	0	10	10	10	10	10	10	10	10	10	10	10	10	10	10	10	10	10	10	10	10	10	10	10	10	10	10	10
best python course for data science and machine learning	10	Low	17			30	30	40	30	30	30	20	30	10	10	10	10	20	10	10	20	20	20	20	10	10	10	10	30	10	10	20	20	10	10	10	10	10	10	10	30	10	10	10	10	10	10	10	10	10	10	10	10
best python course for data science and machine learning udemy	10	Low	19			10	10	10	10	10	10	10	10	10	10	10	10	10	10	20	10	10	10	10	10	10	10	10	10	10	10	10	10	10	10	10	10	10	10	10	10	10	10	10	10	10	10	10	10	10	10	10	10
best python course for machine learning	20	Low	32	0.40055	5.131334	20	20	20	20	30	40	30	10	20	20	30	20	30	20	30	30	30	40	30	30	30	40	30	30	40	30	40	40	70	90	30	40	50	20	30	20	40	10	20	10	20	20	10	10	10	30	20	30
best python machine learning course	50	Low	11	0.803221	5.319729	90	90	90	90	70	90	70	90	90	90	90	90	90	90	90	70	90	90	70	70	70	70	70	70	50	70	70	70	70	70	70	70	40	50	50	70	70	50	70	50	30	40	30	10	40	50	40	50
best statistics course for machine learning	10	Medium	57			20	20	10	20	10	10	20	20	10	10	10	20	20	10	20	10	10	10	20	10	20	10	20	10	30	20	10	10	10	10	20	20	20	20	20	10	10	10	10	10	10	10	10	10	10	10	10	10
best udacity machine learning course	10					10	0	10	0	0	10	0	10	0	0	10	0	10	10	0	10	10	10	10	10	0	0	0	0	0	10	0	0	0	10	0	0	10	0	0	0	0	0	10	0	0	10	0	0	0	0	0	0
best udemy course for machine learning	70	Low	2	0.141764	1.51	50	40	50	40	70	70	50	50	70	70	90	70	50	70	90	70	90	70	70	70	90	70	90	70	70	90	90	70	70	90	50	70	70	50	90	50	70	50	70	70	70	50	50	30	50	20	30	170
best udemy machine learning course	30	Low	3			30	30	40	40	30	40	20	30	50	30	50	40	40	50	50	50	30	40	40	40	30	40	50	40	30	30	40	30	20	30	30	30	30	40	30	20	20	20	30	20	20	30	20	10	20	10	20	70
best udemy machine learning course reddit	10	Medium	57			10	20	20	20	10	10	10	20	50	20	20	20	10	20	20	20	30	20	20	20	20	20	20	20	10	10	10	10	30	10	10	10	10	10	10	10	10	20	10	10	10	10	10	10	10	10	10	10
big data and machine learning course	20	Medium	54	0.447911	1.508189	50	50	70	50	70	50	40	50	50	20	50	20	30	40	40	30	40	30	40	40	40	20	20	40	30	320	70	40	30	40	70	40	20	10	20	30	70	30	40	40	10	10	10	20	10	10	10	10
big data machine learning course	20	Medium	54	0.447911	1.508189	50	50	70	50	70	50	40	50	50	20	50	20	30	40	40	30	40	30	40	40	40	20	20	40	30	320	70	40	30	40	70	40	20	10	20	30	70	30	40	40	10	10	10	20	10	10	10	10
bits pilani machine learning course	10	Medium	64	0.644374	2.117686	10	10	10	10	10	10	10	10	10	10	10	0	0	10	10	10	10	10	10	0	10	10	10	10	10	10	10	10	10	10	10	10	10	10	10	10	10	10	10	20	20	10	10	10	10	10	10	10
bits pilani machine learning course review	10	Low				0	0	10	0	10	0	0	0	0	0	0	0	0	0	0	0	10	10	0	0	10	0	0	0	0	0	0	0	0	0	0	0	0	0	0	0	0	10	0	0	0	0	0	0	0	0	0	10
blackbox ai	7480000	Low	16	0.11	0.426768	4400	2900	2900	2400	1300	1600	22200	18100	74000	90500	110000	90500	201000	201000	201000	135000	165000	135000	201000	450000	823000	1000000	1500000	2240000	2240000	2240000	2240000	2240000	2240000	2240000	3350000	4090000	5000000	7480000	6120000	6120000	7480000	9140000	9140000	7480000	7480000	6120000	7480000	9140000	11100000	7480000	7480000	9140000
bloomberg machine learning course	10	Medium	43			10	10	10	10	10	10	10	20	10	10	10	10	10	10	10	10	10	10	10	20	10	10	10	10	10	10	10	10	10	10	10	10	10	10	10	10	10	10	10	10	10	10	10	10	10	10	10	10
bootcamp mit	210	Low	24	0.746833	3.39	1600	1600	1000	1300	1000	1300	1000	880	720	590	720	880	1300	720	1300	1300	1600	1300	880	720	720	720	1000	880	880	720	590	590	590	480	390	390	320	320	390	210	320	260	210	210	210	170	210	170	170	140	170	170
brilliant machine learning course	10	Medium	43			0	0	0	0	0	0	0	0	0	0	0	0	0	0	30	30	30	20	10	20	20	10	20	20	10	20	20	10	10	10	20	10	10	30	10	20	10	10	10	10	10	10	10	10	10	10	10	10
bu machine learning course	10	Low				10	10	10	10	10	10	10	10	10	10	10	10	10	10	10	10	10	10	10	10	10	10	20	10	10	10	10	10	10	10	10	10	20	10	10	0	10	10	10	10	10	10	10	10	10	10	10	10
build your own ai robot	40	High	95	0.527306	3.33	20	20	20	20	10	40	20	30	40	40	40	30	20	40	40	20	40	30	50	30	70	70	40	30	40	50	30	50	30	40	40	20	50	70	70	50	40	40	40	40	30	30	10	20	50	70	30	30
calculus for machine learning course	10	Low	20			0	0	0	0	0	0	0	0	0	0	0	0	30	20	10	10	20	10	20	10	10	20	20	30	10	10	10	10	30	10	10	10	10	20	30	10	10	10	10	10	20	20	20	10	10	10	10	10
caltech machine learning online course	10					10	10	10	10	10	10	0	10	10	10	10	10	10	10	0	0	10	10	10	0	10	10	0	10	0	10	0	0	0	10	10	0	0	10	0	0	10	10	10	0	10	10	0	0	0	0	0	0
cambridge machine learning course	30	Medium	65	1.338424	4.1	30	30	20	20	20	30	30	30	30	20	20	20	20	20	20	20	10	20	20	20	20	30	40	30	30	30	30	20	30	30	30	30	30	40	30	40	30	10	40	30	20	30	40	20	40	20	30	20
carnegie mellon machine learning course	170	Low	16	1.71	6.04	210	170	140	140	170	210	170	170	210	210	170	170	210	210	170	140	170	210	170	170	260	210	260	210	210	260	210	170	210	260	260	260	320	260	260	210	210	210	170	170	170	170	170	170	210	170	210	110
carnegie mellon university machine learning course	10	Medium	55	0.62	1.46686	10	10	10	10	10	10	10	10	10	10	10	10	10	10	10	10	20	10	10	10	10	10	10	10	10	10	10	10	10	10	20	20	10	10	10	10	10	10	10	10	10	10	10	10	10	10	10	10
causal inference machine learning course	10	Low	21			10	20	30	20	20	30	20	20	20	10	10	10	20	10	20	10	10	10	10	20	10	10	10	10	10	20	10	10	10	10	10	10	10	20	10	10	10	10	10	10	10	10	10	10	10	10	10	10
causal machine learning course	40	Low	22	0.970061	5.53	30	40	20	40	30	50	70	30	20	50	30	30	20	30	20	30	30	20	30	30	50	70	30	50	50	50	50	70	50	50	40	140	210	40	30	50	70	50	40	40	50	30	50	40	30	20	30	40
cdac machine learning course	10	Low	25			10	10	10	10	10	10	10	10	10	10	10	10	10	10	10	10	10	10	10	10	10	10	10	10	10	10	10	10	10	10	10	10	10	10	10	0	10	10	10	10	10	10	30	10	10	10	10	10
certificate course in artificial intelligence and machine learning	30	Low	22	0.642066	2.422805	0	0	0	0	0	0	0	0	0	0	0	0	0	0	70	70	90	50	20	30	30	20	40	20	30	20	30	20	30	20	40	10	20	20	40	50	70	50	40	30	30	20	10	10	10	20	30	50
certificate course in machine learning	590	Low	31	0.493796	3.554154	480	480	480	590	590	590	480	480	390	390	480	480	480	480	590	590	590	590	590	590	480	590	720	590	720	720	880	720	720	590	720	590	590	590	720	480	720	590	590	720	590	590	480	480	480	480	480	720
certification course in machine learning	10	Medium	63	0.455094	1.531728	10	10	20	30	10	20	10	10	20	20	20	10	20	20	10	20	10	20	10	10	20	20	10	10	10	20	20	20	20	10	20	10	10	10	20	10	10	10	20	10	10	10	10	20	10	10	10	10
certification courses for machine learning	10	High	71	0.456043	1.099601	10	10	10	10	10	10	10	10	10	10	10	10	10	10	10	0	10	10	10	10	10	10	10	10	10	0	0	10	10	10	10	10	10	10	10	10	10	10	10	10	10	10	10	10	10	10	10	10
certified ai	880	Medium	52	0.87	6.015461	110	70	140	110	90	90	110	70	90	90	140	140	170	210	260	260	260	260	260	260	390	390	480	480	480	590	590	590	590	480	590	720	590	590	720	720	880	720	720	720	720	590	720	720	1000	1000	1000	1300
certified ai and machine learning concepts course						0	0	0	0	0	0	0	0	0	0	0	0	0	0	0	0	0	0	0	0	0	0	0	0	0	0	0	0	0	0	0	0	0	0	0	0	0	0	0	0	0	0	0	0	0	0	0	0
certified machine learning courses	590	Low	31	0.493796	3.554154	480	480	480	590	590	590	480	480	390	390	480	480	480	480	590	590	590	590	590	590	480	590	720	590	720	720	880	720	720	590	720	590	590	590	720	480	720	590	590	720	590	590	480	480	480	480	480	720
cisco machine learning course	20	Medium	42	0.340341	1.49617	0	0	0	0	0	0	0	0	0	0	0	0	20	20	20	20	20	20	10	20	20	10	20	30	30	20	20	70	40	30	30	30	30	20	20	20	20	20	20	20	30	20	10	20	20	20	30	50
class central	165000	Low	33	0.14	2.392983	60500	60500	49500	49500	49500	74000	90500	90500	110000	165000	201000	135000	165000	135000	301000	301000	246000	201000	165000	135000	165000	135000	135000	90500	135000	135000	165000	165000	165000	135000	165000	110000	90500	90500	90500	110000	110000	135000	135000	201000	165000	165000	165000	135000	110000	165000	135000	165000
cloud computing online courses	1600	Low	32	0.360962	2.270615	1900	1600	1900	2400	2400	2400	1900	1900	1900	1900	1900	1900	1900	1600	1900	1900	1900	1900	1900	1600	1600	1600	1900	1600	1300	1600	1600	1900	1600	1300	1300	1000	1000	1000	1600	1600	1900	1600	1900	1900	1900	1600	1600	1000	1000	1000	1300	1900
cmu machine learning course	170	Low	16	1.71	6.04	210	170	140	140	170	210	170	170	210	210	170	170	210	210	170	140	170	210	170	170	260	210	260	210	210	260	210	170	210	260	260	260	320	260	260	210	210	210	170	170	170	170	170	170	210	170	210	110
cmu machine learning course 2018	10					10	0	0	0	0	10	0	0	0	0	0	0	0	0	0	0	0	0	0	0	0	0	0	0	0	0	0	0	0	0	0	0	0	0	0	0	0	0	0	0	0	0	0	0	10	0	0	0
cmu machine learning course 2019	10					10	10	0	0	10	0	0	0	0	0	0	0	0	0	0	0	10	0	0	0	0	0	0	0	0	0	0	0	0	0	10	0	0	10	0	10	0	0	0	0	0	0	10	0	0	0	10	0
cnc machine learning course	50	Low	22	0.11014	1.463869	110	70	90	70	70	40	30	30	40	20	40	40	30	50	50	40	30	20	20	20	20	30	30	20	30	40	50	40	30	10	50	20	50	50	30	40	40	40	50	30	50	50	40	50	90	70	70	90
cnc machine learning course near me	70	Low	24	0.200863	3.462051	40	10	20	70	70	40	50	40	50	40	50	30	20	40	30	50	50	70	140	50	40	110	70	70	50	30	20	40	50	90	110	70	70	70	110	70	110	90	90	70	110	70	90	70	70	50	50	70
cnc machinist certification online	70	Low	22	0.63	4.344587	70	90	90	90	90	70	50	70	70	70	90	110	140	110	110	90	70	90	90	70	70	50	50	50	50	70	70	70	1900	1600	90	90	90	90	90	70	90	70	110	90	70	90	70	40	40	70	40	90
cnn tutorial	480	Low	6	0.185633	5.084931	1300	1300	1300	1000	880	880	880	1000	1000	880	880	880	880	880	880	720	720	590	720	880	880	720	880	880	880	880	880	720	720	590	590	720	590	480	590	480	590	590	480	480	590	480	480	390	390	390	320	320
codecademy python	6600	Medium	39	0.42	2.29	9900	9900	9900	9900	12100	12100	12100	9900	9900	8100	9900	9900	9900	9900	9900	9900	9900	9900	9900	9900	8100	8100	12100	9900	9900	8100	8100	8100	8100	8100	8100	8100	6600	6600	8100	8100	8100	6600	6600	8100	8100	5400	6600	5400	5400	8100	6600	5400
coding blocks machine learning course	10	Low				10	10	10	10	10	10	10	10	10	10	10	10	10	10	10	10	10	10	10	10	10	10	10	10	10	10	10	10	10	10	10	0	10	10	10	10	10	10	10	0	10	10	10	10	10	10	10	10
coding classes online	22200	Medium	36	0.442673	10.338339	18100	18100	22200	22200	22200	22200	22200	18100	18100	18100	22200	18100	22200	22200	22200	22200	22200	18100	18100	18100	14800	18100	18100	14800	18100	18100	22200	22200	22200	18100	18100	14800	22200	22200	22200	18100	33100	27100	27100	22200	22200	18100	18100	14800	14800	14800	18100	14800
coding for beginners	18100	Medium	47	0.080691	2.56	33100	27100	33100	33100	33100	40500	33100	33100	33100	27100	33100	27100	27100	27100	33100	33100	33100	33100	33100	27100	27100	27100	33100	27100	27100	27100	27100	27100	27100	27100	22200	22200	22200	22200	27100	18100	22200	22200	22200	18100	18100	18100	18100	14800	14800	14800	14800	14800
coding ninjas machine learning course	30	Medium	56	0.128307	0.64981	20	20	50	30	30	30	40	20	20	20	20	40	30	20	20	30	30	40	20	20	30	30	70	40	40	40	30	40	30	50	40	40	30	40	50	30	20	30	30	30	30	40	20	20	20	20	40	30
coding ninjas machine learning course review	10	Low	29			30	30	20	40	50	40	40	30	20	40	30	30	30	20	20	30	20	40	20	20	10	20	10	40	20	10	20	10	10	10	10	10	10	10	10	10	10	10	10	10	10	10	10	0	0	10	0	10
codingnomads data science and machine learning course	10					0	0	0	0	0	0	0	0	0	0	0	0	0	0	30	20	30	30	30	40	30	20	20	10	10	10	10	0	0	10	0	10	10	0	0	10	0	0	0	10	0	0	0	0	0	0	0	0
complete machine learning course	90	Medium	33	0.304533	1.547674	70	70	50	70	70	90	90	70	50	70	70	70	70	70	70	90	90	70	90	70	50	90	90	110	90	70	140	140	140	170	260	210	110	90	110	90	110	90	90	110	110	140	110	90	70	70	70	140
complete machine learning course go from zero to hero	10					10	0	0	0	0	10	10	10	0	0	10	0	0	0	0	0	0	0	0	0	0	0	10	10	0	0	0	0	0	0	0	0	0	0	0	10	0	0	0	0	0	0	0	0	0	0	10	0
complete machine learning course with python	10	Low	21	0.312971	1.172363	10	10	10	10	10	10	30	20	20	10	20	20	20	20	10	10	20	10	20	10	10	20	10	20	20	20	20	50	20	10	20	10	10	20	10	10	20	10	10	10	20	10	20	10	10	10	10	30
computational engineering	5400	Low	3	0.67	7.036381	5400	5400	5400	4400	5400	5400	8100	6600	5400	4400	5400	5400	5400	5400	5400	8100	5400	5400	5400	6600	5400	5400	6600	6600	6600	5400	6600	9900	6600	5400	5400	6600	5400	4400	5400	4400	5400	4400	5400	8100	5400	4400	5400	5400	4400	4400	5400	4400
computational linguistics degree online	20	Low	26	1.248439	7.82	30	40	20	30	10	30	20	30	10	10	30	20	30	40	30	40	50	40	20	30	50	30	40	30	50	30	40	20	30	30	20	30	20	30	40	30	20	30	10	20	20	20	30	10	10	20	10	20
computer programming courses	12100	Low	29	0.479669	6.202643	18100	22200	27100	40500	22200	22200	18100	18100	14800	12100	14800	12100	14800	14800	18100	18100	18100	18100	18100	18100	18100	14800	18100	18100	22200	27100	22200	22200	27100	18100	18100	18100	22200	14800	22200	18100	18100	18100	14800	14800	14800	12100	14800	9900	9900	9900	12100	9900
computer science	368000	Low	5	0.473687	8.48	368000	368000	450000	450000	368000	450000	450000	368000	368000	301000	450000	368000	368000	368000	450000	368000	368000	450000	450000	368000	301000	301000	450000	368000	368000	368000	368000	368000	368000	368000	368000	368000	301000	301000	368000	301000	368000	301000	450000	368000	301000	368000	368000	450000	450000	301000	450000	550000
computer science course	33100	Low	22	0.294568	2.98	33100	33100	40500	60500	60500	49500	49500	40500	33100	33100	49500	40500	40500	49500	74000	60500	60500	49500	40500	33100	33100	33100	60500	49500	49500	49500	74000	60500	49500	49500	40500	49500	40500	33100	49500	40500	49500	40500	60500	49500	40500	33100	33100	27100	27100	22200	33100	27100
computer vision	60500	Low	4	0.340242	4.595323	74000	60500	74000	60500	60500	60500	74000	74000	74000	60500	74000	74000	74000	74000	74000	74000	74000	74000	74000	90500	74000	74000	90500	90500	90500	74000	74000	74000	74000	74000	74000	74000	74000	60500	74000	74000	74000	74000	74000	60500	60500	60500	74000	74000	60500	60500	60500	60500
computer vision course	2400	Low	33	0.235529	2.991069	1900	1900	1900	1900	2400	2400	2400	2400	1900	1900	2400	2400	2400	1900	2400	2400	2400	2400	2400	2900	2400	2400	3600	2900	2900	2900	3600	3600	4400	3600	3600	2900	2400	2400	2900	2900	2900	2400	2400	2400	2400	1900	2900	1900	1900	1600	1900	1900
computer vision machine learning course	10	Medium	61	0.63	2.45	10	10	10	10	10	10	10	10	10	10	10	10	20	20	20	10	10	10	10	10	10	10	10	20	10	20	10	10	10	10	10	10	10	10	10	10	10	10	10	10	10	10	10	10	10	10	10	10
consensus ai	246000	Low	21	0.05	1.032556	30	20	20	30	30	40	110	210	170	1300	720	2900	40500	40500	49500	60500	74000	49500	60500	60500	74000	60500	90500	110000	165000	110000	135000	110000	90500	90500	135000	165000	165000	165000	165000	165000	201000	201000	246000	165000	165000	165000	246000	301000	368000	301000	301000	368000
convolutional neural network	37200000	Low		0.01	0.54	55600000	37200000	37200000	30400000	30400000	37200000	37200000	37200000	45500000	30400000	37200000	30400000	37200000	30400000	30400000	37200000	30400000	37200000	30400000	55600000	37200000	30400000	37200000	30400000	37200000	37200000	37200000	30400000	45500000	37200000	37200000	45500000	45500000	30400000	45500000	37200000	45500000	45500000	37200000	45500000	37200000	30400000	37200000	30400000	30400000	24900000	37200000	30400000
cornell machine learning certificate	50	Low	11	2.289629	9.43011	50	40	40	50	50	70	70	50	50	40	70	70	50	40	50	40	50	50	50	50	50	40	50	40	50	70	30	40	50	20	70	50	40	40	90	50	70	50	40	50	30	40	50	50	30	30	50	140
cornell machine learning course	30	Low	26	3.07	8.237064	50	30	30	30	40	30	30	30	20	20	30	30	30	20	40	20	30	40	40	50	50	40	70	50	70	50	50	20	40	40	40	40	40	20	50	50	40	50	40	20	30	30	30	30	40	30	40	10
cornell university machine learning course	10	Medium	46			10	10	10	10	10	10	10	10	10	20	10	10	10	10	10	20	20	10	10	10	10	10	10	10	10	10	10	10	10	10	10	10	10	10	10	10	10	10	10	10	10	10	10	10	10	10	10	10
cost of andrew ng machine learning course	10					0	10	0	0	0	0	10	0	10	10	10	0	0	10	10	10	10	10	10	0	0	0	0	10	10	10	10	10	10	0	0	10	0	10	10	0	0	0	10	0	10	10	10	10	0	0	0	0
cost of coursera machine learning course	10	Low	14			10	10	20	10	10	10	10	10	10	10	10	10	10	10	10	10	10	0	10	10	10	10	10	0	0	10	10	10	10	10	10	10	10	10	10	10	10	10	10	10	10	10	10	10	0	10	0	10
course era machine learning	4400	Medium	42	0.33	2.98	6600	6600	8100	9900	8100	6600	6600	6600	5400	5400	6600	6600	6600	5400	6600	5400	6600	6600	5400	5400	5400	5400	6600	5400	5400	5400	5400	5400	5400	5400	5400	5400	4400	4400	5400	5400	5400	3600	4400	4400	5400	4400	4400	3600	2900	2900	3600	2900
course fast ai machine learning	10	Low	25			10	10	10	10	20	10	20	20	20	10	10	20	30	10	20	30	40	20	10	20	10	10	10	10	30	20	10	20	10	10	10	10	10	10	20	10	10	10	10	10	10	10	10	10	10	10	10	10
course for machine learning	27100	Medium	50	0.362815	2.615525	22200	18100	22200	22200	22200	22200	22200	18100	18100	18100	22200	22200	22200	22200	27100	27100	33100	33100	27100	27100	27100	27100	33100	27100	33100	33100	33100	40500	40500	33100	33100	27100	33100	33100	40500	33100	33100	27100	33100	33100	33100	33100	33100	27100	27100	22200	27100	27100
course in ai and machine learning	260	Medium	45	0.918348	6.048466	70	70	110	90	90	110	90	90	90	90	140	140	210	210	320	260	260	210	170	110	140	210	320	260	320	260	260	210	210	210	170	210	140	210	320	210	260	320	320	260	260	260	210	260	210	170	170	320
course in machine learning and ai	40	High	81	1.050874	8.703967	30	40	40	40	40	30	30	30	30	30	40	30	40	40	70	70	50	50	50	20	40	50	70	70	70	50	50	70	40	40	40	20	40	40	70	70	70	70	70	50	40	30	30	10	20	10	30	10
course machine learning python	1600	Low	17	0.388261	3.336951	1600	1600	1600	1600	1600	1600	1300	1300	1300	1300	1600	1600	1600	1600	1600	1600	1600	1600	1600	1600	1600	1300	1600	1600	1600	1300	1600	1600	1600	1300	1300	1300	1300	1300	1600	1300	1900	1600	1600	1600	1600	1300	1600	1000	1000	1000	1300	2400
course machine learning with python	10	High	69	0.181744	2.057502	50	30	20	30	20	20	20	20	20	10	20	30	30	30	30	20	20	20	10	10	30	10	30	20	20	30	10	20	20	10	10	10	20	20	20	10	10	10	10	20	10	10	10	10	10	10	10	10
course objective of machine learning	10	Low				10	20	10	10	10	10	20	20	10	20	10	10	10	10	30	10	20	10	10	10	10	10	10	10	10	10	10	10	20	10	10	10	10	10	10	10	10	10	0	10	10	0	10	10	10	10	10	10
course objectives and outcomes of machine learning	10					10	10	10	10	0	10	10	10	10	10	10	10	10	10	10	10	10	10	10	10	0	0	0	10	10	0	0	10	0	0	10	10	0	10	10	0	10	0	0	0	10	0	0	10	10	0	0	0
course of machine learning	27100	Medium	50	0.362815	2.615525	22200	18100	22200	22200	22200	22200	22200	18100	18100	18100	22200	22200	22200	22200	27100	27100	33100	33100	27100	27100	27100	27100	33100	27100	33100	33100	33100	40500	40500	33100	33100	27100	33100	33100	40500	33100	33100	27100	33100	33100	33100	33100	33100	27100	27100	22200	27100	27100
course on ai and machine learning	210	High	69	0.777544	3.183147	110	90	140	140	110	110	90	70	90	140	170	170	210	260	390	390	390	320	210	170	210	320	320	260	260	260	210	210	210	210	170	170	170	210	260	170	210	260	260	320	320	260	210	170	140	170	170	260
course on artificial intelligence and machine learning	30	High	69	0.709028	2.929756	20	20	30	40	50	50	50	50	50	50	70	90	70	70	70	50	110	70	50	40	50	50	70	40	40	30	40	30	50	40	40	30	40	30	40	40	50	70	70	30	40	20	20	20	20	10	10	10
course on data science and machine learning	20	Low	9	0.505252	1.764169	40	50	50	50	50	50	50	40	30	20	40	30	10	20	30	30	50	30	20	30	30	30	30	30	20	20	40	30	30	20	30	30	20	30	30	20	10	30	20	20	10	10	10	10	10	10	10	110
course on deployment of machine learning models	10					0	0	0	0	0	0	0	0	0	0	0	0	0	0	0	0	0	0	0	0	0	0	0	0	0	0	0	0	0	10	0	0	0	0	0	10	0	0	0	0	0	0	0	0	10	0	0	0
course outcomes of machine learning	20	Low				20	20	30	20	20	20	20	20	20	40	20	30	20	10	30	30	30	20	30	20	10	20	10	20	20	20	30	10	20	10	10	10	10	10	10	40	50	10	30	10	10	10	10	10	10	10	10	70
course python machine learning	10	Medium	38	0.63798	7.038302	10	10	10	10	10	10	10	10	10	10	10	10	10	10	10	10	20	20	10	10	20	10	10	10	10	10	10	0	10	10	10	10	10	10	10	10	10	10	10	10	10	10	10	10	10	10	10	10
course recommendation system using machine learning	40	Low	4			10	10	10	20	20	20	30	40	30	30	40	30	30	50	30	20	30	10	20	50	30	20	40	50	70	90	50	70	90	70	70	90	70	50	70	70	70	50	40	50	20	50	50	30	20	10	30	10
course reinforcement learning	1300	Medium	36	0.470567	3.386885	1000	1000	1000	1000	1000	1000	880	880	1000	1000	1300	1000	1000	1000	1000	1300	1000	1000	1300	1300	1600	1600	1600	1600	1600	1600	2400	1600	1900	1600	1900	1600	1600	1900	2400	1900	1600	1300	1300	1300	1300	1300	1300	1300	1300	1000	1000	880
course wiki machine learning						0	0	0	0	0	0	0	0	0	0	0	0	0	0	0	0	0	0	0	0	0	0	0	0	0	0	10	0	0	0	0	0	0	0	0	0	0	0	0	0	0	0	0	0	0	0	0	0
coursera ai	6600	Medium	62	0.611852	4.682013	1000	1000	1300	1300	1300	1300	1300	1000	1000	1600	2400	2400	2400	2900	4400	4400	4400	3600	3600	2900	3600	3600	4400	4400	4400	3600	4400	4400	5400	6600	22200	8100	4400	4400	6600	6600	8100	8100	8100	8100	8100	8100	6600	6600	5400	5400	5400	5400
coursera ai for everyone	3600	Low	20	0.461363	5.353732	320	260	260	480	390	480	390	320	390	480	720	720	880	1000	1300	1000	1000	1000	880	880	1000	1000	1300	1300	1300	1000	1300	1300	1300	1000	1300	1300	1000	1300	1900	1900	2400	2400	3600	4400	4400	4400	3600	3600	4400	2900	3600	6600
coursera best machine learning courses	10	Medium	58	0.519162	2.445058	20	20	40	40	30	20	30	20	30	20	20	20	20	20	30	20	20	20	30	30	30	20	30	20	30	30	20	30	20	20	20	40	20	20	20	20	30	10	10	20	10	10	10	10	10	30	10	10
coursera course machine learning	4400	Low	15	0.224135	1.969097	720	880	1000	1300	1000	1000	880	720	720	880	1000	1000	1000	1000	1300	1000	1300	1300	1300	1000	1000	1300	1300	1300	1300	1000	1300	1600	1300	1300	1300	1000	1000	1300	1600	1600	2400	2900	4400	5400	5400	5400	4400	4400	4400	3600	3600	2900
coursera deep learning	1300	Medium	34	0.34782	3.314399	1900	1600	1600	1900	1900	1900	1600	1600	1600	1600	1600	1600	1600	1600	1600	1600	1600	1600	1600	1600	1600	1600	1900	1900	1600	1600	1600	1600	1600	1600	1600	1600	1900	1600	1600	1600	1600	1300	1300	1600	1600	1300	1000	1300	1000	1000	1000	880
coursera edx	3600	Medium	53	0.36	4.33	880	880	720	720	720	720	720	720	590	480	720	590	590	590	720	720	720	1000	1300	1300	1000	1000	1000	1000	1000	880	1300	1600	1900	1900	2400	2900	2400	2400	2400	2400	2900	2900	2900	2900	2900	3600	4400	2900	2900	6600	8100	3600
coursera free machine learning course	170	Low	5	0.16	3.04	50	50	90	140	170	140	140	110	70	140	110	170	170	110	140	140	170	210	170	170	110	140	110	140	140	110	110	140	90	110	110	90	90	70	110	90	90	90	170	260	260	210	140	140	110	170	140	140
coursera machine learning course	4400	Low	15	0.224135	1.969097	720	880	1000	1300	1000	1000	880	720	720	880	1000	1000	1000	1000	1300	1000	1300	1300	1300	1000	1000	1300	1300	1300	1300	1000	1300	1600	1300	1300	1300	1000	1000	1300	1600	1600	2400	2900	4400	5400	5400	5400	4400	4400	4400	3600	3600	2900
coursera machine learning course certificate	10	Low	20			10	10	10	10	10	10	10	10	10	10	10	10	0	10	10	10	10	10	10	10	10	0	10	10	10	10	10	10	10	10	10	10	10	10	10	10	10	10	10	10	10	10	10	10	10	10	10	10
coursera machine learning course cost	10	Low	14			10	10	20	10	10	10	10	10	10	10	10	10	10	10	10	10	10	0	10	10	10	10	10	0	0	10	10	10	10	10	10	10	10	10	10	10	10	10	10	10	10	10	10	10	0	10	0	10
coursera machine learning course price	10	Low	24			10	10	10	10	10	10	10	10	10	10	10	10	10	10	10	10	10	10	10	10	10	10	20	10	10	10	10	10	10	10	10	10	10	10	10	10	10	10	10	10	10	10	10	10	10	10	10	10
coursera machine learning course review	10	Low	24			10	10	10	10	10	10	10	10	10	10	10	10	10	10	10	10	0	10	10	0	10	10	10	10	10	10	10	10	10	10	10	10	10	10	10	10	10	10	10	10	10	10	10	10	10	0	0	10
coursera machine learning free course	170	Low	5	0.16	3.04	50	50	90	140	170	140	140	110	70	140	110	170	170	110	140	140	170	210	170	170	110	140	110	140	140	110	110	140	90	110	110	90	90	70	110	90	90	90	170	260	260	210	140	140	110	170	140	140
coursera ml course	4400	Low	15	0.224135	1.969097	720	880	1000	1300	1000	1000	880	720	720	880	1000	1000	1000	1000	1300	1000	1300	1300	1300	1000	1000	1300	1300	1300	1300	1000	1300	1600	1300	1300	1300	1000	1000	1300	1600	1600	2400	2900	4400	5400	5400	5400	4400	4400	4400	3600	3600	2900
coursera stanford machine learning	880	Medium	39	0.551481	4.257671	1600	1900	1900	2900	2400	1900	1900	1600	1600	1300	1600	1300	1600	1600	1600	1600	1600	1600	1600	1600	1300	1300	1600	1600	1600	1300	1300	1600	1600	1300	1600	1300	1000	880	1300	1000	1000	880	1000	1000	880	880	720	590	480	590	590	480
courses for machine learning engineer	10	High	68	0.449788	7.36	10	10	20	20	20	20	20	10	10	10	20	20	30	10	20	20	20	20	10	20	10	10	20	20	40	10	20	20	10	10	10	10	10	10	10	10	10	10	20	10	10	10	10	10	10	10	10	10
courses in artificial intelligence and machine learning	30	Medium	46	0.988095	4.35	20	20	30	20	20	20	20	40	50	40	10	50	40	30	40	40	50	30	40	20	20	20	30	30	30	20	20	20	40	40	40	20	40	20	20	10	20	50	50	40	20	20	30	10	20	10	20	10
courses in basic machine learning	10					0	0	0	0	0	0	10	0	0	0	0	0	0	0	0	0	0	0	0	0	0	0	0	0	0	0	0	0	0	0	0	0	0	0	0	0	10	0	0	0	0	0	0	0	0	0	0	0
courses on artificial intelligence and machine learning	30	High	69	0.709028	2.929756	20	20	30	40	50	50	50	50	50	50	70	90	70	70	70	50	110	70	50	40	50	50	70	40	40	30	40	30	50	40	40	30	40	30	40	40	50	70	70	30	40	20	20	20	20	10	10	10
courses on big data and machine learning	10					10	10	10	10	10	10	0	0	0	0	10	0	0	0	0	0	0	0	0	0	0	10	0	0	0	0	0	0	0	0	0	0	0	0	0	0	0	0	0	0	0	0	10	0	0	0	0	0
courses on it	49500	Low	28	0.332429	3.839932	60500	60500	74000	90500	90500	90500	74000	60500	60500	49500	74000	60500	74000	74000	90500	90500	90500	90500	74000	60500	60500	49500	90500	74000	74000	74000	90500	90500	90500	74000	60500	60500	49500	49500	74000	60500	74000	60500	74000	60500	60500	49500	49500	40500	33100	33100	49500	40500
courses on machine learning and ai	50	Medium	63	1.413622	9.740221	40	50	50	50	50	50	40	30	30	30	50	50	70	70	90	90	90	50	50	50	70	50	90	70	90	70	70	90	50	50	70	50	50	50	50	50	50	70	50	50	50	40	40	30	20	50	20	50
courses on machine learning in india	140	Medium	53	0.418156	2.388721	170	170	210	170	260	170	170	110	140	140	170	170	140	210	210	140	170	210	170	140	210	140	260	210	260	210	260	260	170	140	170	170	170	210	210	170	170	140	170	140	210	170	90	140	90	70	90	90
courses related to machine learning	10	High	86	0.332147	2.48	20	10	10	10	10	10	10	10	20	20	10	10	10	20	10	10	10	10	10	10	10	20	10	10	10	20	10	20	40	20	10	10	10	10	10	20	10	10	10	10	10	10	10	10	10	10	10	10
crash course in machine learning	1900	Low	28	0.539874	3.922955	1900	1600	1900	1900	1600	1900	1600	1600	1300	1300	1600	1600	1900	1900	1900	1900	2400	2400	1600	1600	1600	1600	1600	1600	1600	1300	1300	1300	1300	1600	1600	1600	2400	1900	2400	1900	2400	1900	1600	1900	1900	2400	2400	2400	1900	1900	1900	1900
crash course on machine learning	20	Medium	55	0.197322	3.007391	30	20	10	20	20	10	10	10	20	20	20	10	20	20	20	30	30	20	20	20	30	20	30	30	40	20	20	10	40	20	20	30	40	30	30	50	40	30	20	10	10	20	20	20	10	20	20	10
cs109 data science	30	Low	27	0.283533	2.999531	210	110	90	140	110	210	140	110	140	110	110	110	170	110	110	90	70	70	40	90	70	50	110	70	110	70	90	70	70	50	30	40	40	40	50	50	50	40	40	30	50	40	30	20	20	20	20	10
cs229	4400	Low	10	0.528718	4.180601	3600	3600	3600	3600	2900	2900	3600	3600	2900	2900	3600	3600	3600	3600	3600	3600	3600	3600	4400	4400	4400	3600	4400	4400	4400	3600	4400	4400	3600	3600	5400	5400	4400	4400	5400	4400	4400	3600	4400	5400	4400	4400	5400	5400	4400	4400	5400	3600
cs229 machine learning course materials	10	Low				0	0	0	0	0	10	0	0	0	0	0	0	0	0	0	0	0	0	0	0	0	0	0	10	10	0	0	0	0	0	10	10	10	10	10	10	10	10	10	0	10	10	10	10	10	10	10	10
cs229 stanford	1600	Low	16	0.45	2.97	1000	1000	880	1000	880	880	1000	880	880	880	880	880	880	1000	1000	1300	1000	1300	1600	1300	1000	1000	1600	1000	1000	1000	1000	1300	1000	1000	1900	1600	1300	1300	1900	1300	1300	1000	1000	1600	1300	1600	1600	1900	1600	1600	1900	1300
cs231n	6600	Low	3	0.71	5.010248	9900	8100	6600	6600	6600	6600	6600	8100	8100	6600	8100	6600	8100	9900	8100	6600	8100	6600	6600	6600	6600	6600	8100	6600	8100	9900	8100	6600	6600	5400	6600	6600	5400	5400	6600	6600	8100	8100	6600	5400	6600	5400	8100	8100	5400	5400	6600	5400
cs231n stanford	1900	Low	10	0.696584	3.289134	1600	1600	1300	1300	1000	1300	1300	1300	1300	1000	1300	1300	1600	1900	1600	1000	1000	1000	1000	1300	1300	1300	1600	1600	1900	2400	1900	1300	1000	1000	1300	1300	1600	1900	1600	1600	1900	1900	1600	1600	1600	1300	2400	1900	1900	1900	2400	1900
cs50	74000	Low	14	0.32	3.373136	110000	110000	110000	165000	135000	135000	135000	135000	135000	135000	135000	110000	110000	110000	110000	110000	135000	135000	135000	135000	110000	110000	135000	110000	110000	90500	110000	110000	110000	90500	90500	90500	74000	74000	110000	90500	90500	74000	90500	90500	90500	90500	74000	74000	60500	60500	74000	60500
cs50 certification	90	Low	15	0.479764	8.43	50	50	70	50	70	70	70	90	70	140	90	90	70	90	70	90	110	110	110	110	90	140	140	110	90	90	90	110	110	90	70	90	70	90	110	90	90	90	90	90	110	70	70	90	70	70	70	70
cs50 harvard edu x	1000	Medium	42	0.46	2.283773	320	110	110	50	50	40	70	50	50	40	50	40	70	30	40	30	40	40	30	40	40	70	70	50	40	50	50	110	110	70	50	50	70	110	210	90	110	110	140	210	390	320	480	480	390	480	5400	3600
cs50 introduction to computer science	3600	Low	26	0.427122	4.731603	3600	3600	4400	5400	4400	5400	5400	4400	3600	4400	5400	5400	5400	5400	9900	8100	6600	5400	4400	4400	3600	3600	4400	3600	3600	2900	3600	3600	3600	3600	2900	3600	2900	2900	3600	3600	3600	2900	3600	4400	4400	4400	4400	3600	3600	3600	4400	3600
cs50s introduction to programming with python	90	Medium	39	0.45595	4.687785	90	50	30	40	90	110	50	70	110	90	110	110	110	70	50	50	40	50	50	90	70	110	110	90	110	110	70	90	50	90	70	90	70	70	70	50	50	50	70	110	110	140	110	90	70	90	110	90
curso cs50 harvard	170	Medium	42	0.27	1.79	170	140	320	260	140	90	70	70	50	170	90	90	70	70	40	70	70	70	50	70	50	50	90	70	90	90	50	110	70	70	90	90	70	40	140	90	110	70	90	170	140	170	140	170	140	210	320	210
curso gratis machine learning google	10	Low	29			10	10	10	10	10	10	10	10	10	10	20	20	10	20	10	10	10	10	20	10	10	10	10	10	10	10	10	10	10	10	10	10	0	10	10	10	10	10	10	10	10	10	10	10	10	0	10	10
curso gratuito mit	70	Low	26	0.185116	0.89	50	40	50	70	50	90	50	20	50	50	50	40	50	70	50	40	50	70	70	90	50	70	110	110	110	110	110	140	90	70	70	70	70	70	90	90	90	110	110	70	90	70	50	40	70	70	90	70
curso ia	14800	High	76	0.502653	2.821724	210	170	210	210	260	210	260	260	260	390	720	1000	1600	1900	2900	2900	3600	3600	3600	3600	4400	4400	6600	6600	6600	6600	8100	8100	8100	6600	8100	9900	8100	8100	14800	12100	14800	14800	14800	18100	14800	14800	18100	18100	14800	12100	22200	18100
curso ia python	50	Medium	62	0.46475	2.246949	10	10	10	10	10	10	10	10	10	10	10	20	20	30	30	20	30	30	30	30	40	30	40	50	70	50	50	50	50	40	50	30	50	70	70	50	70	50	40	40	40	30	50	40	30	40	40	50
curso machine learning gratuito	70	Medium	58	0.109919	1.155995	20	30	50	40	50	40	40	40	20	40	30	30	50	50	70	70	70	90	90	90	90	70	140	140	140	140	140	110	140	90	110	140	140	90	170	140	90	90	110	70	70	70	70	50	50	50	50	40
curso machine learning python gratis	20	Low	29	0.262003	2.17	50	40	40	50	50	50	50	40	50	40	70	40	50	50	90	50	50	40	40	40	50	30	50	70	50	50	50	50	50	40	30	30	30	20	30	20	20	20	20	10	20	20	10	10	20	10	20	20
cursos de robotica	5400	Medium	57	0.259637	0.884532	8100	6600	6600	6600	6600	8100	6600	5400	5400	4400	8100	6600	8100	6600	6600	6600	6600	6600	6600	6600	6600	5400	8100	8100	8100	6600	6600	6600	6600	6600	5400	5400	5400	4400	6600	6600	6600	5400	5400	5400	5400	5400	5400	5400	4400	4400	5400	5400
cursos gratis de analisis de datos	320	Medium	65	0.096191	1.080079	90	70	90	90	170	170	140	140	170	90	170	170	260	260	260	170	210	170	260	210	210	170	320	390	320	320	320	260	260	260	260	260	260	210	390	320	320	320	390	320	320	320	320	320	210	210	320	260
cursos gratis del mit	1600	Medium	38	0.18747	0.99	720	720	720	720	880	880	880	720	590	720	880	1000	1000	1900	1300	1000	1000	1000	1000	1300	1000	1300	1900	1900	1900	1600	1600	1900	1900	1600	1300	1300	1000	1300	1600	1300	1600	1300	2900	1600	1300	1300	1300	1000	1300	1000	1600	1000
cursos mit com certificado	10	High	71	0.314757	6.839829	10	10	10	10	10	10	10	10	10	10	10	10	10	10	10	10	20	20	10	10	10	10	10	10	10	10	10	20	10	10	10	10	10	10	10	10	10	10	10	10	10	10	10	10	0	10	10	10
cursos mit gratis	170	Low	30	0.15	1.338709	90	110	140	110	170	170	170	110	110	110	210	170	210	210	260	170	210	170	170	210	210	170	260	260	260	210	210	210	170	210	170	170	140	140	260	170	170	170	210	140	140	210	140	140	170	140	210	170
data analysis courses in ghana	70	Medium	48	0.132368	1.61	20	10	20	50	20	30	20	30	20	20	40	30	30	30	20	40	30	10	70	70	70	40	70	40	70	70	110	70	70	70	70	70	30	40	90	50	50	70	70	50	70	70	70	110	70	70	70	70
data analytics and machine learning	1600	Low	18	0.575071	6.060298	1600	1300	1300	1600	1600	1600	1600	1600	1600	1600	1600	1300	1600	1600	1900	1600	1300	1600	1600	1600	1600	1300	1600	1600	1600	1600	1600	1300	1300	1300	1300	1600	1300	1300	1600	2400	2900	2900	1900	1300	1000	880	5400	1000	880	720	880	880
data analytics and machine learning course	70	Medium	37	0.608945	3.460267	70	50	50	70	40	50	110	50	70	70	50	50	70	70	90	50	70	90	90	70	50	70	110	90	70	90	70	110	110	70	70	70	90	70	140	70	90	90	90	90	50	50	90	40	50	40	50	50
data analytics machine learning course	20	Medium	64			10	10	10	10	10	10	10	10	10	10	10	10	20	10	10	20	30	30	10	10	10	10	20	20	20	20	20	10	10	10	10	10	10	10	30	20	20	20	50	30	10	10	10	10	0	10	10	10
data engineer course	18100	Medium	61	0.388845	2.155202	8100	9900	12100	12100	12100	14800	12100	12100	12100	9900	12100	12100	14800	12100	14800	14800	14800	14800	14800	14800	14800	14800	18100	18100	18100	18100	18100	18100	22200	22200	18100	14800	14800	14800	18100	18100	18100	18100	18100	18100	18100	18100	18100	14800	14800	14800	18100	18100
data mining and machine learning course	10	Low	21			10	10	20	10	10	10	20	10	10	10	10	10	20	20	10	10	20	40	20	30	10	10	20	30	10	20	20	20	20	20	30	20	20	20	20	20	20	10	10	10	10	20	20	10	10	10	10	10
data science	823000	Low	3	0.388057	5.241226	673000	550000	673000	673000	673000	673000	673000	673000	673000	550000	673000	550000	673000	673000	673000	550000	550000	823000	673000	550000	550000	550000	673000	550000	550000	550000	673000	2240000	550000	550000	550000	550000	450000	450000	550000	450000	550000	450000	550000	450000	450000	450000	450000	1500000	823000	673000	550000	2240000
data science ai machine learning course	30	Medium	52	0.387241	1.170057	20	10	10	30	10	20	20	10	10	10	10	10	10	10	40	20	20	10	10	10	10	20	20	10	10	10	20	20	30	10	10	10	10	10	10	10	10	40	30	40	40	40	30	20	10	10	20	20
data science and machine learning bootcamp with r course	10					10	10	10	0	10	0	0	0	0	0	0	0	0	0	10	10	0	10	10	30	30	10	10	0	0	10	0	0	0	0	0	0	0	0	0	0	0	0	0	0	0	0	0	10	0	0	0	0
data science and machine learning course	880	Low	30	0.490836	2.440947	880	880	1000	1000	1000	1000	1000	1000	1000	880	880	880	1000	880	1000	1000	1000	1000	1000	880	880	1000	1300	1000	1000	1300	1300	1300	1300	1000	880	880	880	880	1000	880	1000	1000	1300	1000	880	880	720	720	720	880	880	1000
data science and machine learning course fee	30	Medium	55	0.225173	0.782666	20	10	20	30	40	30	50	30	30	20	20	20	20	30	10	20	30	20	20	20	20	10	30	10	20	30	40	30	30	20	30	30	30	40	40	20	40	50	50	50	40	30	20	20	10	10	10	20
data science and machine learning course in bangalore	20	High	92	0.890526	2.206501	20	30	40	90	40	70	20	50	50	50	30	40	20	30	50	20	50	50	50	40	40	30	30	10	10	20	20	70	40	30	20	30	40	20	20	30	40	20	20	40	30	10	10	10	0	10	10	10
data science and machine learning course in hyderabad	10	High	100			10	10	10	20	20	10	20	10	10	10	10	10	20	10	10	20	20	50	10	10	10	10	10	30	20	10	20	50	90	20	10	10	10	10	10	20	30	20	10	10	10	10	0	10	10	10	10	10
data science and machine learning course in india	20	Medium	47	1.771523	4.876413	70	70	90	70	40	70	50	40	50	70	30	20	50	40	30	40	30	40	30	20	20	20	50	30	40	30	40	50	30	20	10	10	20	10	10	20	90	50	40	20	20	10	10	10	10	10	10	10
data science and machine learning course in pune	20	High	71			20	30	30	30	30	40	20	20	20	20	20	20	20	10	10	40	20	20	20	20	20	30	10	10	10	30	20	20	20	10	50	40	10	40	10	10	20	70	20	40	40	30	10	10	20	10	10	10
data science and machine learning course online	20	Medium	61	0.560398	2.068687	10	10	10	20	20	20	20	20	10	20	10	30	30	20	40	40	50	20	30	20	10	30	30	50	30	50	30	30	40	20	30	40	20	30	20	20	40	20	30	30	20	20	10	10	10	10	10	10
data science and machine learning mit	50	Medium	44	1.341787	8.509358	50	70	70	70	70	70	70	50	70	50	90	70	70	70	90	70	70	70	110	70	70	90	70	70	70	70	90	90	90	70	70	70	70	70	70	70	50	50	90	70	50	50	70	40	20	30	30	30
data science and machine learning online course	70	Low	9	0.908068	7.419875	20	10	30	20	30	30	30	30	40	40	40	30	30	30	40	50	30	40	50	40	50	50	70	40	20	50	40	40	40	50	50	30	20	20	40	20	70	50	40	40	70	110	70	30	40	50	40	140
data science course	110000	Low	32	0.359674	1.914006	90500	110000	135000	165000	165000	165000	165000	135000	135000	110000	135000	110000	135000	135000	201000	165000	165000	165000	135000	135000	110000	135000	135000	135000	165000	165000	201000	165000	165000	135000	135000	110000	110000	110000	135000	110000	135000	135000	165000	135000	135000	110000	90500	90500	90500	90500	110000	135000
data science course 2021 complete machine learning training	10	Low	4			10	10	10	10	10	10	10	10	0	10	10	10	10	10	10	10	10	10	10	10	0	10	10	10	10	0	10	20	10	10	10	10	10	10	0	0	0	0	0	0	0	0	0	0	0	0	0	10
data science ibm	2900	Medium	40	0.427847	3.679429	3600	3600	3600	4400	4400	4400	4400	4400	4400	3600	4400	3600	4400	3600	4400	4400	4400	5400	5400	4400	3600	3600	4400	4400	4400	4400	3600	3600	3600	3600	3600	3600	2900	2900	3600	2900	2900	2900	2900	2900	2900	2900	2900	2900	2400	2900	2900	2400
data science machine learning artificial intelligence course	30	High	75	0.235544	16.76	30	30	50	40	50	40	30	30	40	50	40	50	40	30	70	70	50	50	20	50	10	20	40	20	20	40	70	70	30	10	30	20	10	30	50	40	70	50	70	30	20	20	10	10	10	10	10	10
data science machine learning course	880	Low	30	0.490836	2.440947	880	880	1000	1000	1000	1000	1000	1000	1000	880	880	880	1000	880	1000	1000	1000	1000	1000	880	880	1000	1300	1000	1000	1300	1300	1300	1300	1000	880	880	880	880	1000	880	1000	1000	1300	1000	880	880	720	720	720	880	880	1000
data science research opportunities	50	Medium	49	2.601011	6.724472	50	30	70	30	50	40	50	30	40	40	40	50	40	40	70	30	50	40	70	50	50	50	140	110	70	90	70	30	40	50	70	70	70	40	50	70	70	70	90	40	30	30	40	40	30	30	50	40
data science with machine learning course	30	Medium	59	0.396364	2.68205	30	30	10	20	20	30	30	20	30	30	20	40	30	30	30	50	50	40	40	30	50	50	20	40	40	30	30	40	30	20	40	40	10	20	20	20	30	40	40	30	20	20	20	20	30	10	20	20
data scientist certification	4400	Medium	50	0.68115	10.522323	4400	4400	4400	4400	4400	5400	4400	4400	4400	4400	5400	4400	5400	5400	5400	5400	5400	6600	5400	5400	5400	5400	6600	5400	5400	5400	6600	5400	5400	5400	5400	6600	4400	5400	6600	5400	6600	6600	5400	3600	4400	3600	6600	2900	2900	2400	2900	2900
datacamp machine learning course	30	Low	16	0.777435	3.604133	10	10	10	10	10	10	10	10	10	10	10	10	10	10	10	10	10	20	20	20	20	20	20	20	20	20	20	20	20	20	20	10	10	10	20	20	10	10	20	20	90	40	20	20	20	40	30	30
deep learning ai	33100	Medium	34	0.534571	2.45	8100	8100	9900	9900	8100	9900	9900	9900	9900	9900	12100	12100	14800	14800	33100	27100	60500	49500	33100	33100	27100	27100	33100	27100	33100	33100	33100	33100	33100	27100	27100	27100	27100	27100	40500	33100	33100	33100	33100	33100	33100	33100	33100	33100	33100	27100	33100	33100
deep learning course	2400	Medium	44	0.364719	2.969463	1900	1900	1900	1900	1900	2400	1900	1900	1900	2400	2400	2400	2400	2400	2400	2900	2900	2900	2900	2900	2900	2900	3600	3600	3600	3600	3600	3600	4400	3600	3600	3600	2900	2900	3600	3600	3600	2900	2900	2400	2900	2900	2900	2400	2400	1900	2400	1900
deep learning course mit	110	Low	30	0.91	4.79587	90	90	70	70	70	90	110	70	90	70	110	90	110	140	140	110	110	90	110	140	90	140	170	140	110	110	140	110	110	90	110	90	90	110	110	110	140	110	110	70	110	110	140	90	90	90	90	110
deeplearning ai ai for everyone	590	Low	22	0.804894	6.378978	10	10	10	10	10	10	10	10	10	0	10	10	10	20	30	20	70	40	30	30	40	40	70	70	50	70	90	70	110	70	90	70	110	90	140	140	210	210	260	320	480	390	590	720	720	880	1000	1600
deeplearning ai andrew ng	390	Medium	57	0.569581	3.57	30	70	50	50	50	50	50	50	70	50	50	70	70	90	170	210	320	320	210	170	210	170	170	140	170	110	140	170	140	170	140	170	140	170	210	210	260	210	210	320	320	390	320	390	390	480	720	720
deploying scalable machine learning for data science online courses						10	10	10	10	10	0	0	10	0	0	0	0	0	0	0	0	0	0	0	0	0	0	0	0	0	0	0	0	0	0	10	0	0	0	0	0	0	0	0	0	0	0	0	0	0	0	0	0
deployment of machine learning models course	10					10	10	10	10	10	10	10	10	10	10	10	10	10	10	10	10	10	10	10	30	40	10	10	10	10	10	10	10	10	10	10	10	10	10	10	10	0	10	0	10	10	10	10	10	10	0	10	0
digital signal processing course online	140	Low	24	1.126579	5.763194	140	140	170	170	140	170	170	170	110	140	170	140	170	170	170	140	210	170	170	170	170	170	210	170	210	210	170	170	170	110	210	170	170	210	390	170	170	170	170	210	140	140	140	140	140	110	170	110
diplomado deep learning	20	High	71	0.390517	1.493609	10	10	10	10	10	10	20	10	10	10	20	10	10	10	30	10	10	30	30	10	10	30	30	40	20	20	20	40	30	10	20	20	30	20	50	30	20	20	20	20	30	10	10	20	20	10	20	10
diplomado en inteligencia artificial	2900	High	76	0.59	2.762264	390	210	260	260	260	260	260	210	260	260	480	480	720	880	1000	1000	1000	1000	1000	1300	1300	1300	1900	1600	1600	1600	1600	1900	1600	1900	1600	1900	1600	1900	2900	2400	2900	2400	2900	2900	3600	3600	2900	2900	2900	2900	3600	3600
diplomado ia	1000	High	75	0.586913	2.665447	30	10	20	10	10	20	20	20	20	10	50	30	70	110	110	90	140	110	140	110	210	140	320	320	260	320	390	390	390	390	390	390	390	390	880	720	720	720	880	880	1000	1000	1000	1000	1000	1000	1600	1000
distributed machine learning course	10	Low	31	0.857754	9.38	20	30	20	10	20	20	30	20	10	10	20	20	20	30	20	40	20	20	30	10	20	30	20	40	30	50	50	10	30	30	50	20	40	20	30	20	20	30	20	10	10	10	10	10	10	10	10	10
dmse mit	170	Low				140	110	170	140	140	170	210	210	320	140	260	210	170	140	170	170	210	170	260	260	320	210	480	170	170	170	170	170	140	170	260	260	260	170	210	170	140	170	170	140	110	170	210	210	210	170	170	140
download introduction to machine learning for data science course	20	Low				0	0	0	10	10	10	0	0	10	0	10	20	50	10	20	10	10	10	90	70	30	10	10	10	10	10	10	10	20	10	10	10	10	10	10	20	20	20	20	20	10	10	30	10	30	20	10	30
download machine learning course	10					10	10	10	10	10	10	10	10	0	10	10	10	10	10	10	10	10	10	10	10	10	10	10	10	10	10	10	10	10	0	0	10	10	10	10	10	10	0	0	10	10	10	0	10	0	10	0	0
download python for data science and machine learning bootcamp course	20	Low				10	10	0	10	10	10	0	0	10	0	10	20	40	10	10	10	10	10	90	90	30	10	10	10	10	10	10	10	10	10	10	10	10	10	10	30	10	20	10	20	10	10	30	20	20	30	10	30
duke machine learning course	10	Medium	33			10	10	10	10	0	10	10	10	10	10	10	10	10	10	10	10	10	20	10	30	20	20	20	20	20	20	10	10	10	10	20	10	10	10	10	10	0	10	10	10	10	10	10	10	10	10	10	10
easy computer vision projects	10	Low	9			30	30	20	10	20	20	40	40	40	30	30	10	20	30	20	20	20	20	20	50	40	30	20	20	30	30	30	40	20	20	20	30	30	10	10	20	20	10	10	10	10	10	10	10	10	10	10	10
educative machine learning course review	10					0	0	0	0	0	0	0	10	0	0	0	10	10	0	10	0	0	0	10	0	0	10	0	0	0	0	0	0	0	0	0	0	0	0	10	0	0	0	10	10	0	0	0	0	0	0	10	0
edureka machine learning course	10	Medium	48	0.238956	4.299801	50	40	50	40	30	50	70	30	30	20	20	20	20	30	20	40	50	50	30	40	20	50	30	30	30	30	20	30	30	20	30	30	10	10	10	10	10	10	10	10	10	10	10	10	10	10	10	10
edureka machine learning course review	10					10	10	10	10	10	10	10	0	10	0	10	0	10	0	10	10	0	10	0	10	10	10	10	0	10	10	10	0	0	10	0	0	10	10	0	0	0	10	0	10	0	0	10	0	0	0	0	0
edvancer data science machine learning training courses	10					0	0	0	0	10	0	0	0	0	0	0	0	0	0	0	0	0	0	0	10	0	0	0	0	0	0	0	0	0	0	0	0	10	0	0	0	10	0	0	0	0	0	0	0	0	0	0	0
edvancer data science machine learning training courses mumbai maharashtra	10					0	0	0	0	0	10	10	10	0	10	10	0	0	0	0	0	0	0	0	0	0	0	0	0	0	0	0	0	0	10	0	0	0	0	0	10	10	0	0	0	0	10	0	0	0	0	0	0
edx	550000	Low	14	0.062438	0.998713	823000	673000	673000	673000	673000	673000	673000	673000	673000	550000	673000	673000	673000	673000	673000	673000	673000	673000	673000	673000	550000	550000	673000	673000	673000	823000	823000	673000	673000	673000	673000	673000	550000	550000	673000	550000	550000	550000	550000	550000	550000	550000	550000	550000	550000	450000	550000	550000
edx course	27100	Medium	47	0.175276	2.622661	49500	40500	40500	49500	49500	49500	40500	40500	40500	40500	49500	49500	40500	40500	49500	49500	60500	60500	49500	49500	40500	40500	49500	49500	49500	49500	49500	49500	40500	40500	33100	33100	40500	33100	40500	33100	27100	33100	27100	33100	33100	27100	27100	22200	22200	22200	27100	22200
edx deep learning with tensorflow	10	High	71			10	10	10	10	10	10	10	10	10	10	10	10	10	10	10	10	10	10	10	10	10	10	10	10	10	0	10	10	10	10	10	10	10	10	10	10	0	0	10	10	10	0	10	0	10	10	0	10
edx machine learning	320	Medium	43	0.462186	2.86767	590	480	590	590	590	590	590	480	590	590	720	720	720	590	720	590	590	720	590	590	590	590	720	590	590	590	720	590	590	480	480	590	480	480	480	480	390	390	390	320	320	320	320	320	210	210	210	170
edx org	8100	Low	26	0.042583	1.301346	18100	14800	14800	18100	14800	18100	14800	14800	14800	14800	18100	12100	12100	9900	12100	12100	9900	22200	12100	12100	9900	9900	12100	18100	22200	22200	12100	14800	14800	14800	12100	9900	9900	9900	12100	9900	9900	9900	9900	8100	9900	9900	9900	8100	8100	6600	6600	5400
eligibility for machine learning course	10	Medium	48	0.151456	0.677775	10	20	10	10	20	10	20	10	20	10	10	10	10	10	10	20	20	10	10	10	10	10	10	10	10	10	10	10	10	10	10	0	10	10	10	10	10	0	10	10	10	10	10	10	10	10	10	10
embedded machine learning course	50	Medium	44	0.360397	2.429647	30	40	40	40	40	40	30	30	40	40	20	70	50	40	40	40	50	50	30	40	70	30	40	40	40	30	70	40	50	20	40	70	50	40	50	70	50	50	50	50	70	70	40	40	40	30	20	30
end to end machine learning project	260	Low	13	0.381853	3.56	390	390	390	320	390	390	480	390	590	480	390	390	480	390	390	390	480	390	480	480	480	390	480	590	480	480	480	480	390	390	390	390	390	320	320	260	320	210	260	260	320	260	210	210	210	170	210	210
engineering and ai	140	Medium	33	1.87846	7.14	20	20	20	30	30	30	20	20	20	30	50	50	90	70	110	90	90	90	110	110	90	90	110	110	110	110	110	90	90	70	70	110	110	110	110	110	110	110	140	140	170	140	170	140	170	110	110	140
epfl machine learning course	20	Low	20	2.34	3.67	10	10	10	20	20	20	30	30	20	10	30	20	20	10	20	20	10	10	30	20	10	10	20	20	10	10	20	10	10	20	30	20	10	20	20	20	10	10	10	10	10	30	30	30	30	10	20	20
every single machine learning course on the internet	10					10	0	0	0	0	0	0	0	0	0	0	0	0	0	0	0	0	0	0	10	0	0	0	0	0	10	0	0	0	0	0	0	0	0	0	0	0	0	10	0	0	0	0	0	0	0	0	0
facebook machine learning course	10					10	10	10	20	10	10	10	20	10	10	10	10	10	10	10	10	10	10	10	10	10	10	10	10	10	10	10	0	10	10	10	10	10	10	10	10	10	10	10	10	10	10	10	10	10	10	0	0
fast ai machine learning course	140	Low	33	0.414712	3.214876	70	50	50	50	70	40	50	40	50	50	50	70	50	110	110	90	110	90	110	70	110	110	90	90	140	90	70	90	90	90	90	90	90	70	90	140	110	110	140	170	210	140	140	110	90	90	110	70
fast ai machine learning course review	10	Low				10	10	10	10	10	10	10	10	10	10	0	0	10	10	10	0	0	0	0	10	10	10	10	10	0	10	0	0	10	10	10	0	10	0	10	10	10	10	10	10	10	10	10	0	10	0	10	10
fco appliedaicourse applied machine learning course	10					10	10	10	20	30	10	10	10	10	10	10	10	10	10	10	10	10	10	10	10	10	10	10	10	10	10	0	10	0	10	0	10	0	0	10	0	10	0	10	10	10	10	10	0	10	10	0	0
feature engineering for machine learning course	10	Low				20	10	10	10	10	10	10	10	10	10	10	10	10	10	10	10	10	10	30	30	40	10	10	10	10	10	10	10	10	10	10	10	10	10	10	10	10	0	10	10	10	10	10	10	10	10	10	10
feature engineering in machine learning	3600	Low	9	0.399267	5.42	4400	4400	4400	3600	2900	3600	3600	4400	4400	4400	4400	3600	4400	2900	3600	2900	2900	3600	4400	4400	4400	4400	3600	4400	4400	4400	4400	3600	3600	3600	3600	3600	3600	3600	3600	3600	3600	3600	3600	2900	3600	3600	3600	3600	4400	3600	3600	3600
feature engineering techniques	720	Low	4	0.096045	3.129591	720	880	880	1000	880	1000	1000	1300	1300	1000	1000	1000	1000	1000	1000	1000	1000	1000	1000	1300	1300	1000	1300	1300	1600	1600	1600	1300	1300	1300	1300	1300	1300	1000	1300	1000	1000	1000	880	880	880	590	590	590	590	590	480	480
financial machine learning course	20	Medium	48	1.813201	4.399889	10	20	20	20	30	20	20	30	20	30	20	20	20	10	20	10	20	20	30	30	20	20	30	30	30	20	40	30	20	30	20	20	10	10	20	30	20	20	30	20	30	10	10	10	10	10	20	10
finland machine learning course	10					10	10	10	10	10	10	0	10	10	10	10	0	10	10	0	0	10	10	10	0	10	0	0	0	10	10	0	10	0	10	0	0	0	10	0	0	10	0	0	0	0	0	0	0	0	0	0	0
first course in machine learning	20	Medium	34			40	30	40	20	30	30	50	30	30	30	50	40	30	30	30	20	20	40	50	50	40	20	50	50	40	30	30	20	30	20	40	40	30	30	40	30	20	20	20	10	20	20	30	30	20	10	10	10
formation data scientist en ligne gratuite	110	Medium	52	0.529669	2.655287	70	50	70	70	50	70	110	110	110	110	110	110	140	110	90	90	90	110	140	140	140	110	140	140	110	140	140	140	140	90	90	110	110	110	170	170	210	170	140	90	110	90	260	110	90	70	70	90
formation en ligne programmation	50	High	74	0.544752	2.75613	110	90	110	110	90	110	110	110	140	110	140	140	110	90	90	90	110	90	90	110	90	90	140	110	110	90	90	90	70	50	70	70	70	70	50	70	90	70	50	40	30	40	50	50	30	40	30	20
foundations of machine learning course	10	Low	24	1.968161	5.616686	10	10	30	20	20	20	30	20	20	10	20	10	20	20	20	20	10	20	20	10	10	10	30	10	10	10	10	20	10	10	10	20	10	10	20	20	10	10	20	20	10	10	20	10	10	10	10	20
free ai certification course	2400	High	68	0.22	4.717656	50	50	50	50	70	70	70	70	50	50	90	140	140	170	320	590	720	1000	720	720	720	880	880	880	1000	880	880	1000	1000	1000	1000	1000	1000	1300	1900	1600	1600	1600	1900	1900	2900	2400	2400	2400	2400	1900	2900	4400
free certificate courses machine learning	10	Medium	39			20	10	20	20	20	10	20	10	20	20	20	30	20	20	10	20	30	20	20	10	10	20	20	30	40	20	40	40	30	40	30	20	20	10	10	10	10	10	10	10	10	10	10	10	10	10	10	10
free certification courses on machine learning	10	Medium	43			10	10	10	10	10	10	10	0	10	10	10	10	10	10	10	10	10	10	10	10	10	10	10	10	10	10	10	10	20	10	10	10	10	10	10	10	10	10	10	10	10	10	10	10	10	10	10	10
free machine learning certification	140	Low	30	0.16	3.891517	70	50	90	90	90	110	110	90	90	110	140	110	110	170	170	170	210	170	170	170	140	170	210	210	210	170	210	210	210	170	170	140	170	140	170	140	170	140	140	140	210	140	70	90	140	90	70	90
free machine learning course	4400	Low	32	0.11	2.548761	2400	2400	2900	3600	3600	3600	3600	2900	2900	2900	3600	3600	4400	3600	4400	4400	5400	5400	4400	4400	3600	4400	5400	5400	5400	4400	5400	5400	5400	4400	4400	4400	4400	4400	5400	5400	5400	4400	4400	4400	5400	4400	4400	3600	2900	2900	2900	2900
free machine learning course with certificate	590	Medium	35	0.08448	1.240265	320	260	320	320	390	390	480	390	390	480	390	390	480	480	590	720	720	720	720	720	590	720	720	720	720	590	720	880	720	720	590	590	590	590	590	590	590	590	720	720	720	590	720	590	590	590	480	590
free machine learning courses with certification	10	Medium	57			0	0	0	0	0	0	0	0	0	0	0	0	40	30	20	20	10	10	10	10	10	10	10	10	10	10	0	10	10	10	0	10	10	10	10	10	10	10	10	10	10	10	10	10	0	0	10	10
free online certification courses for machine learning	20	High	69	0.106857	2.219324	10	10	20	20	10	10	10	10	20	20	20	20	30	20	20	30	30	40	20	20	20	20	30	50	50	30	30	50	50	30	30	40	10	10	10	20	20	20	20	10	20	20	10	10	20	20	20	10
free online courses machine learning	590	Low	26	0.195628	3.500942	390	320	480	480	480	480	390	390	390	480	590	480	590	480	720	590	720	590	590	480	480	590	590	590	480	590	590	590	590	480	480	480	480	480	590	590	590	590	720	720	720	480	1900	320	320	390	390	390
free online courses on machine learning	590	Low	26	0.195628	3.500942	390	320	480	480	480	480	390	390	390	480	590	480	590	480	720	590	720	590	590	480	480	590	590	590	480	590	590	590	590	480	480	480	480	480	590	590	590	590	720	720	720	480	1900	320	320	390	390	390
free online machine learning course with certificate	30	Medium	64	0.099179	1.18	20	20	10	10	20	40	20	40	20	20	20	20	30	30	30	40	50	40	50	30	30	50	30	30	30	20	20	30	30	20	30	20	30	20	40	30	40	30	40	70	50	40	30	20	20	30	30	10
freecodecamp	368000	Low	14	0.165867	2.48	450000	368000	450000	450000	450000	450000	450000	450000	368000	368000	450000	368000	450000	368000	368000	368000	450000	450000	450000	450000	368000	368000	450000	368000	368000	301000	368000	301000	368000	368000	368000	368000	301000	301000	368000	368000	368000	301000	368000	368000	368000	368000	368000	301000	301000	301000	368000	368000
freecodecamp courses	2900	Low	32	0.147974	1.298461	1000	1000	1300	1600	1600	1600	1900	1600	1600	1600	2400	2400	2900	2900	2900	3600	3600	3600	4400	3600	2900	2400	3600	2900	2900	2400	2400	2900	18100	12100	2900	2400	2400	2900	4400	2900	2900	2400	2400	2400	3600	3600	3600	2900	2900	3600	3600	2900
freecodecamp machine learning	260	Low	12	0.330868	3.461852	260	260	260	320	260	260	320	320	260	260	390	320	390	320	390	390	390	390	320	320	320	320	390	390	390	320	390	390	320	320	320	260	260	320	320	260	260	260	210	260	320	260	210	260	210	260	260	260
freecodecamp machine learning courses	20	Low				10	10	10	10	0	0	0	0	0	10	10	10	0	0	0	0	0	0	10	0	10	10	0	10	10	0	10	0	0	10	10	10	10	10	10	10	10	10	10	10	10	20	20	10	10	30	40	40
freecodecamp org	8100	Low	24	0.237556	3.435258	9900	8100	9900	9900	9900	9900	12100	12100	12100	9900	12100	9900	12100	9900	8100	9900	12100	12100	12100	9900	8100	8100	9900	8100	8100	8100	8100	8100	6600	8100	6600	6600	8100	6600	8100	8100	6600	6600	6600	6600	9900	8100	8100	6600	9900	8100	8100	8100
freecodecamp python	8100	Low	26	0.229819	2.486144	8100	6600	8100	8100	9900	9900	9900	9900	8100	8100	9900	6600	8100	6600	6600	8100	8100	8100	8100	8100	6600	6600	8100	8100	8100	6600	6600	6600	6600	6600	6600	6600	6600	6600	8100	6600	6600	6600	6600	8100	9900	8100	8100	8100	8100	9900	12100	12100
full machine learning course	70	Medium	54	0.378619	2.64	30	30	40	50	50	30	50	50	40	50	70	40	70	50	40	50	50	50	70	50	40	70	70	50	70	70	90	90	70	70	90	70	70	50	70	50	90	70	50	70	90	70	70	50	40	50	50	50
full stack machine learning course	10	Medium	47	1.418588	6.242586	20	20	10	20	20	30	10	30	10	20	40	20	20	20	20	50	10	40	10	20	20	20	20	20	20	40	20	20	10	20	20	20	10	10	20	10	10	20	20	20	10	30	10	10	10	10	10	10
fundamentos de la ia	320	Low	22	0.255416	1.545567	30	20	20	20	40	30	30	20	30	30	40	50	50	70	70	70	30	70	90	140	110	70	110	110	110	170	390	390	110	140	170	260	170	90	140	320	320	210	320	320	210	260	320	390	480	140	320	320
futurelearn certificate	720	Low	16	0.333391	2.161111	1000	880	1000	880	880	880	880	880	720	720	880	720	880	880	880	880	1000	880	880	880	720	720	720	720	720	590	720	880	720	720	720	720	720	590	880	720	880	720	720	720	720	720	590	590	590	480	590	590
futurelearn login	1600	Low	2	0.551321	4.726968	5400	4400	4400	4400	4400	3600	4400	4400	4400	2900	4400	2900	3600	3600	2900	2900	3600	3600	2900	2900	2900	2400	2900	2900	2900	1900	1900	2400	2400	2900	2900	2400	2400	1900	2400	1900	1900	1600	1600	1600	1600	1600	1900	1600	1600	1000	1300	1300
gatech machine learning course	10	Low	7			10	10	20	10	10	10	10	10	10	10	10	10	10	10	10	10	10	10	10	10	10	10	10	10	10	20	10	10	10	10	10	20	20	10	10	10	10	10	10	10	10	30	10	10	10	10	10	10
gcp machine learning course	10	Medium	62	0.51	4.04	20	20	20	20	20	20	30	20	20	40	20	20	20	10	10	30	30	20	30	10	20	20	40	20	30	50	40	20	30	10	10	20	20	10	20	10	10	20	10	10	10	10	10	10	10	10	10	10
geoffrey hinton machine learning course	10	Low	14			10	10	10	10	10	10	10	10	10	10	10	10	10	10	10	10	10	10	10	10	20	20	10	20	10	10	10	20	10	10	10	10	10	10	10	10	10	10	10	10	10	10	10	10	10	10	10	10
georgia tech machine learning course	20	Low	30	0.971661	5.59	20	20	20	20	20	20	10	30	20	30	20	20	20	20	30	20	30	40	40	50	30	20	70	50	50	50	40	40	30	40	30	30	30	50	30	20	10	20	20	30	20	20	20	20	30	10	20	10
get started with tensorflow	140	Low	18	0.598647	4.56	480	390	480	480	390	390	390	480	480	390	590	590	590	480	480	390	390	320	390	390	480	390	480	480	390	390	390	320	320	260	260	320	260	260	320	260	260	210	170	170	170	140	140	110	90	90	70	70
gis machine learning course	10	Medium	36			10	10	10	10	10	10	10	10	20	10	10	20	20	20	10	10	20	10	20	10	10	10	10	10	10	20	10	10	10	10	10	10	10	10	10	10	10	10	10	10	10	10	10	10	10	10	10	10
good machine learning course online	10					10	10	10	10	10	10	10	10	0	10	10	10	0	10	10	10	10	0	0	0	0	10	0	0	10	10	10	10	10	0	10	10	10	10	10	0	10	10	10	10	10	10	0	0	0	0	10	0
good machine learning courses	2900	Medium	44	0.452333	3.388783	3600	3600	4400	4400	4400	4400	3600	3600	3600	4400	4400	4400	4400	4400	4400	4400	4400	4400	4400	4400	4400	4400	5400	4400	5400	4400	5400	5400	4400	4400	3600	3600	3600	4400	4400	3600	3600	3600	3600	2900	2900	2900	3600	2400	1900	1900	1900	2400
google ai certifications	12100	Medium	55	0.68601	5.76	590	590	590	720	590	590	480	590	590	590	880	1000	1600	1600	2900	5400	4400	5400	4400	3600	3600	4400	5400	5400	5400	5400	6600	6600	6600	5400	6600	6600	6600	6600	14800	8100	8100	9900	12100	12100	12100	12100	12100	14800	14800	12100	12100	27100
google ai course	33100	Medium	52	0.424149	5.20623	1300	1300	1000	1600	1300	1300	1000	1000	880	1000	1600	1900	2400	2400	4400	33100	18100	22200	14800	12100	14800	14800	14800	12100	18100	14800	22200	22200	14800	14800	14800	27100	22200	18100	33100	22200	27100	33100	49500	33100	49500	27100	27100	33100	60500	27100	27100	27100
google ai course free	12100	Medium	43	0.185881	4.138841	210	170	170	170	170	210	170	170	140	110	320	480	590	590	1000	5400	4400	5400	3600	2400	3600	3600	2900	2400	4400	2900	4400	6600	2900	2900	2900	3600	2900	3600	5400	4400	8100	9900	9900	9900	9900	9900	8100	14800	27100	8100	8100	6600
google career certificates	40500	Low	19	0.247076	4.45931	40500	60500	90500	110000	60500	60500	60500	49500	33100	27100	33100	27100	33100	49500	74000	60500	60500	60500	49500	33100	33100	49500	40500	33100	33100	33100	33100	60500	33100	27100	33100	22200	22200	18100	22200	27100	22200	22200	27100	49500	49500	40500	49500	33100	33100	33100	40500	60500
google cloud ai certification	1000	Medium	38	0.45	4.44178	40	40	40	50	40	50	50	30	30	30	50	40	50	70	140	390	320	320	260	210	170	260	320	390	390	320	390	720	390	320	210	260	320	390	590	480	590	590	880	880	1000	1000	1300	1300	1000	1600	1300	1300
google cloud machine learning engineer certification	720	Low	27	0.417761	4.040146	140	140	140	170	170	170	170	210	210	260	320	320	260	320	320	390	390	480	480	480	480	480	720	480	480	590	590	590	590	590	590	590	480	590	720	880	1300	720	720	720	720	590	590	480	480	590	720	720
google cloud machine learning engineer professional certificate	40	Medium	44	0.548032	4.637462	10	10	10	10	10	10	10	10	10	30	30	10	10	10	10	30	10	20	10	10	10	10	20	10	10	10	10	10	10	10	10	20	20	30	40	40	30	20	50	30	50	40	50	40	40	40	40	50
google cloud professional machine learning engineer	1300	Medium	41	0.495519	4.275578	110	170	140	170	140	140	170	140	170	140	210	170	210	210	210	210	210	320	390	320	390	320	480	480	590	480	590	590	720	590	720	720	590	590	880	720	880	880	1000	1000	1300	1300	1300	1300	1300	1900	2400	1900
google course machine learning	1600	Low	25	0.29986	2.81	1600	1300	1600	1900	1900	1900	1900	1600	1600	1600	1900	1900	2400	1900	1900	2900	2900	2900	2400	1900	1900	2400	2400	2400	2900	2400	2400	2400	1900	2400	1900	2400	2400	5400	2400	2400	1900	1600	1600	1600	1600	1600	1600	1600	1600	1600	1300	1000
google crash course machine learning review	10	Low				20	10	10	10	10	10	10	10	10	10	10	0	10	10	10	0	0	0	10	10	0	0	10	0	0	0	0	0	0	10	0	10	0	0	0	10	10	10	0	0	0	10	10	0	10	0	0	10
google data science certification	880	Medium	43	0.400936	6.325213	2400	2400	2900	2900	2900	2900	2400	2900	2400	2400	2900	2400	2900	2900	2900	2900	2900	2900	2400	2400	1900	1900	2400	1900	1900	1600	1900	1900	1600	1600	2400	2900	1600	1300	1600	1300	1300	1300	1300	1000	1000	880	880	720	720	720	720	880
google developers machine learning	390	Low	10	0.379394	1.923325	170	140	170	260	320	260	260	260	320	260	320	320	390	390	320	320	260	320	260	260	260	210	320	260	260	170	260	210	210	260	320	320	320	320	320	320	390	390	390	390	590	480	390	320	260	260	260	260
google learning courses	1300	Medium	37	0.400016	3.46063	1900	1900	1900	1600	2400	2400	2400	2400	2400	2400	2400	2400	2400	2400	2400	2900	2900	2900	2400	1900	1600	1600	1900	1900	1900	1900	1900	1900	1900	1600	1600	1300	1000	1000	1300	1300	1000	1300	1600	1900	1900	1600	1600	1600	1300	1000	1300	1000
google machine learning certification	1600	Medium	34	0.511389	4.065683	1600	1600	1600	1600	1600	1600	1600	1600	1300	1300	1900	1600	1900	1900	1900	2400	2400	2400	2400	1900	1900	1900	2400	1900	2400	1900	1900	1600	1900	1600	1600	1600	1600	1600	1900	1900	1900	1600	1900	1600	1900	1600	1300	1300	1000	1300	1300	1300
google machine learning certification course	20	Medium	51	0.331932	4.427988	20	20	20	20	30	20	30	20	20	10	10	20	30	20	20	30	20	10	30	20	30	30	30	20	30	20	20	10	10	20	20	30	20	20	20	30	20	20	30	20	20	30	20	10	20	20	10	20
google machine learning course	1600	Low	25	0.29986	2.81	1600	1300	1600	1900	1900	1900	1900	1600	1600	1600	1900	1900	2400	1900	1900	2900	2900	2900	2400	1900	1900	2400	2400	2400	2900	2400	2400	2400	1900	2400	1900	2400	2400	5400	2400	2400	1900	1600	1600	1600	1600	1600	1600	1600	1600	1600	1300	1000
google machine learning course certificate	50	Low	9	0.477661	3.49	20	20	20	30	40	30	30	30	20	30	30	20	50	50	70	70	40	50	30	30	40	40	50	40	50	40	30	40	50	40	50	50	50	40	70	50	50	50	50	50	40	70	40	30	40	40	30	40
google machine learning course review	10	Low	5			20	10	10	10	10	20	20	20	10	10	20	10	20	10	10	20	10	10	10	10	10	10	20	10	10	10	10	10	10	10	10	10	10	10	10	10	10	10	10	10	10	10	10	10	10	10	10	10
google machine learning crash course	8100	Low	26	0.366434	3.22	1900	1600	1600	1900	1600	1900	1900	1600	1300	1900	2400	2400	2900	2400	2400	2400	2900	3600	2900	2400	2400	2900	2900	2900	2900	2400	2400	2400	2900	3600	3600	5400	6600	6600	8100	8100	8100	8100	6600	6600	8100	8100	6600	6600	8100	8100	6600	6600
google machine learning crash course certificate	110	Low	24	0.498605	4.014153	50	40	50	90	90	90	70	70	50	90	70	70	90	70	70	70	90	140	90	70	50	30	70	50	40	30	30	20	50	50	50	70	70	70	90	90	110	110	140	140	170	170	90	110	90	90	90	70
google machine learning crash course review	30	Low	1			20	10	20	20	20	20	20	10	20	10	20	10	10	20	20	20	30	40	30	20	30	30	30	20	10	20	10	10	10	10	40	20	30	40	20	20	30	30	40	20	50	50	20	10	20	20	30	10
google ml course	720	Low	15	0.401252	2.673266	480	590	590	720	720	880	720	720	590	590	720	590	720	720	720	1000	880	1000	880	720	720	720	880	720	880	720	720	720	590	590	720	720	720	880	880	880	880	720	880	720	880	1000	720	720	720	720	720	590
google professional machine learning engineer	2400	Medium	45	0.446742	3.93	210	210	320	260	320	320	320	320	260	260	320	320	390	320	390	390	390	480	480	480	480	480	480	590	590	590	720	880	1000	1000	1300	1300	1300	1300	1900	1600	1600	1600	1600	1900	1900	2900	2400	2400	2400	2400	2900	3600
google teachable machine	27100	Low	10	0.265406	2.062169	5400	4400	5400	4400	4400	4400	5400	5400	5400	5400	5400	6600	6600	5400	8100	6600	6600	8100	6600	9900	9900	8100	8100	9900	9900	9900	12100	12100	14800	9900	12100	14800	18100	12100	14800	18100	18100	18100	22200	18100	22200	22200	27100	33100	33100	27100	33100	33100
googles python class	10					320	260	260	260	260	320	320	260	260	260	390	320	260	170	210	260	260	320	210	170	110	30	10	10	10	10	10	10	10	10	10	0	10	10	10	0	10	0	0	0	0	10	10	10	10	0	0	0
graph machine learning course	30	Low	30	0.510895	2.549247	20	40	40	40	40	50	50	50	50	40	50	40	30	50	30	50	30	50	50	70	50	50	50	70	20	70	40	50	40	70	40	50	90	50	50	40	50	40	40	20	30	30	20	40	30	20	30	10
great courses machine learning	10	Medium	41	2.596482	8.083385	20	20	10	10	10	10	10	10	10	10	10	20	20	10	10	10	10	20	20	20	10	20	30	20	10	10	10	10	10	10	10	10	10	10	10	10	10	10	10	10	10	10	10	10	10	10	10	10
great lakes machine learning course fee	10					10	10	10	10	10	10	10	10	10	0	0	0	0	10	10	10	10	10	0	10	10	0	0	0	0	0	0	0	0	0	10	0	10	0	0	10	0	10	0	0	0	0	0	0	0	10	0	0
great lakes machine learning course review	10					0	10	10	0	0	10	0	10	0	0	0	0	0	0	0	0	0	10	0	0	0	10	0	0	0	0	0	0	0	0	10	10	0	10	10	10	0	0	10	0	0	0	0	0	0	0	0	0
great learning	110000	Low	21	0.279912	2.5	246000	246000	301000	301000	301000	301000	246000	201000	201000	201000	201000	201000	201000	201000	246000	246000	301000	301000	246000	246000	201000	246000	246000	246000	246000	201000	201000	246000	246000	246000	246000	201000	201000	165000	165000	135000	135000	135000	135000	135000	165000	135000	135000	110000	90500	90500	110000	90500
great learning academy	18100	Medium	38	0.203714	2.33	18100	14800	27100	40500	33100	33100	40500	33100	33100	40500	60500	49500	49500	49500	60500	74000	74000	74000	60500	49500	49500	49500	74000	74000	60500	60500	60500	60500	74000	49500	40500	33100	27100	22200	22200	18100	18100	14800	18100	18100	22200	22200	22200	18100	18100	18100	22200	18100
great learning machine learning course	40	Low	17	0.323612	2.057895	20	10	10	20	20	20	40	30	30	50	50	30	40	30	50	30	40	30	30	20	30	30	40	20	50	20	20	50	30	10	30	30	30	20	20	40	30	20	50	40	10	20	30	30	20	50	20	90
great learning python fundamentals for beginners	70	Medium	49	0.226355	2.017222	70	30	30	30	90	50	30	30	50	90	70	40	30	50	50	40	110	110	70	30	50	40	40	50	90	50	90	90	70	70	50	50	40	70	40	40	70	40	50	50	110	90	70	50	70	20	50	50
hal daume a course in machine learning	20	Low	3			10	20	10	10	10	20	20	20	10	10	10	10	10	20	10	10	10	20	10	20	10	10	10	10	10	10	10	10	10	10	10	10	10	10	40	10	20	20	20	30	20	20	20	10	30	20	20	20
hands on machine learning course	30	Medium	49	0.438448	3.236162	20	20	20	20	20	30	30	20	20	20	20	20	20	20	20	20	20	20	20	30	30	30	40	40	30	40	70	30	20	40	30	40	30	30	30	50	30	20	40	40	50	20	20	20	30	20	30	30
hands on machine learning with scikit learn keras and tensorflow	8100	Medium	40	0.318069	2.12	2400	1900	2400	1900	1900	2400	2400	2900	2900	2900	3600	3600	4400	3600	3600	3600	3600	3600	3600	4400	3600	3600	5400	4400	5400	5400	6600	6600	5400	5400	6600	6600	5400	6600	6600	6600	6600	6600	8100	8100	9900	9900	9900	9900	8100	8100	9900	8100
hardware for machine learning course	10	Low				10	10	10	10	10	10	10	10	10	10	10	20	10	20	40	10	30	20	20	10	30	40	10	40	40	50	30	50	30	40	30	50	20	30	10	20	30	10	10	10	20	10	10	10	20	10	10	10
harvard cs50	27100	Low	19	0.466612	3.411243	22200	22200	27100	33100	33100	27100	27100	33100	40500	33100	40500	33100	33100	27100	33100	40500	60500	74000	49500	40500	33100	33100	40500	33100	33100	27100	33100	33100	27100	27100	27100	27100	22200	22200	27100	22200	27100	22200	27100	27100	27100	27100	27100	22200	22200	22200	27100	22200
harvard cs50 course	6600	Low	20	0.498859	4.183651	5400	5400	8100	8100	6600	6600	6600	6600	12100	8100	8100	6600	6600	5400	6600	6600	8100	9900	8100	6600	6600	6600	8100	6600	5400	4400	4400	4400	4400	4400	4400	3600	3600	4400	5400	4400	5400	4400	6600	6600	6600	6600	6600	5400	5400	5400	6600	6600
harvard cs50 python	2400	Low	17	0.384333	3.084478	260	320	320	480	720	720	720	720	880	880	880	720	880	720	1000	1300	1600	1900	1900	1900	1900	2400	2900	2400	2400	1900	2400	2400	2400	2400	2400	2400	1900	1900	2400	1900	2400	1900	2900	2900	3600	2900	2900	2400	1900	1900	2400	1900
harvard cs50ai	1000	Medium	34	0.83	4.0342	70	70	70	110	110	110	110	110	140	140	170	170	210	210	260	720	590	590	590	480	720	720	720	720	720	590	590	590	590	390	480	1600	1300	880	1000	1000	1000	880	880	1000	1000	880	2400	1600	1600	880	720	590
harvard cs50x	33100	Low	26	0.396549	2.8	40500	40500	40500	60500	60500	49500	49500	49500	49500	40500	49500	40500	40500	40500	40500	40500	49500	49500	49500	40500	40500	33100	49500	40500	40500	33100	33100	40500	33100	33100	33100	33100	27100	27100	40500	33100	33100	27100	33100	40500	40500	40500	33100	33100	27100	33100	40500	33100
harvard data science machine learning	90	Medium	51	1.233702	4.86	10	10	10	10	10	10	10	30	10	10	20	20	30	90	70	70	90	110	90	70	70	70	90	90	90	70	40	70	90	50	70	90	170	70	90	140	90	70	90	110	90	110	50	20	90	170	90	50
harvard introduction to artificial intelligence with python	260	Medium	43	0.73239	3.854597	10	10	20	20	20	30	20	20	20	30	40	50	40	90	90	90	110	170	90	90	90	260	140	170	480	210	110	170	210	140	320	390	390	390	480	320	260	210	320	320	480	320	210	210	260	260	210	170
harvard machine learning	390	Medium	35	0.854428	3.78	320	390	390	390	390	390	390	480	480	480	590	480	480	590	590	590	590	720	590	720	720	590	720	720	720	590	480	480	480	480	480	480	590	390	480	480	480	480	390	480	390	390	390	320	390	390	320	320
harvard machine learning course	260	Medium	42	0.86	4.13	70	90	90	110	110	110	140	110	140	170	170	140	170	170	170	210	210	210	170	170	210	210	260	320	320	320	260	260	210	210	260	260	320	260	260	210	210	260	260	320	260	320	260	260	210	320	320	260
harvard online coding classes	10	High	86	1.016232	4.595246	10	10	10	10	10	10	50	20	70	20	20	20	20	10	20	10	20	20	20	10	10	10	10	30	20	10	10	10	10	10	10	10	10	10	10	10	10	10	10	10	10	10	10	10	10	10	10	10
harvard online learning	1600	Medium	54	0.47	2.99931	1300	1300	1000	880	880	880	880	880	720	480	720	1000	1600	1900	1600	1600	1600	1900	1600	1600	1300	1300	1900	1900	1600	1300	1300	1300	1900	1600	1300	1300	1600	1300	1900	1600	1600	1300	1300	1000	1000	1000	2400	1300	880	2900	1600	1000
harvard python course	1900	Low	27	0.449597	2.57	1000	1000	880	1600	1900	1300	1900	1300	1900	1900	2400	1900	1900	1600	1900	1900	2900	2400	2400	2400	1600	1900	2400	2400	2900	2400	2400	1900	2400	1900	1900	1900	1900	1900	2400	1900	1900	1900	2400	2400	2400	1900	1900	1900	1600	1600	1600	1300
hidden technical debt in machine learning systems	590	Low	2	1.285122	36.49	1000	1000	1000	1000	880	880	1000	880	880	720	880	880	1000	720	720	720	590	590	720	720	720	590	720	720	720	720	720	590	590	590	590	590	720	480	590	590	590	480	590	480	480	480	590	590	720	720	720	720
hinton machine learning course	10					10	10	10	0	10	10	0	10	0	0	0	10	0	10	10	0	10	10	0	0	0	0	10	10	0	0	0	0	10	0	0	10	0	10	10	10	10	10	10	10	10	0	0	10	0	0	0	0
how do i create my own ai	140	Medium	64	1.17	7.805819	10	10	10	10	10	10	10	10	10	40	30	40	40	70	90	50	90	70	50	70	50	50	50	70	110	40	50	50	50	50	90	90	70	70	90	90	110	110	140	110	140	140	140	140	140	140	170	170
how does ai work	40500	Low	17	0.059801	2.602581	5400	4400	5400	5400	4400	5400	5400	6600	8100	9900	12100	14800	18100	22200	27100	22200	22200	18100	18100	22200	27100	18100	22200	22200	22200	22200	27100	22200	18100	18100	22200	27100	27100	22200	33100	33100	33100	33100	40500	33100	40500	33100	40500	40500	40500	33100	40500	40500
how to create an ai	14800	Medium	48	0.25	3.68591	4400	4400	4400	5400	4400	5400	5400	5400	6600	9900	12100	12100	12100	12100	14800	14800	14800	12100	12100	12100	12100	12100	14800	12100	12100	12100	12100	9900	9900	9900	9900	12100	9900	9900	14800	12100	14800	14800	12100	14800	14800	14800	18100	14800	12100	12100	14800	12100
how to create an ai agent	3600	High	68	1.17	9.160852	0	0	0	0	0	0	0	0	0	0	0	0	0	110	90	50	50	70	50	90	90	70	210	170	210	260	320	320	210	260	390	720	880	1900	3600	2900	2900	2900	3600	4400	4400	3600	3600	2900	2900	2900	3600	5400
how to get into machine learning	170	Medium	50	1.314156	6.940309	260	320	260	320	320	320	320	320	320	390	390	390	320	390	390	390	390	390	320	320	320	390	320	320	320	320	320	320	320	260	260	210	320	260	260	260	260	210	210	210	210	210	170	170	140	140	140	140
how to get started in machine learning	140	Medium	47	1.058827	6.07	320	260	390	320	390	390	320	260	260	320	390	390	480	390	390	320	320	260	260	260	260	320	260	260	260	210	320	210	260	210	210	210	210	210	260	210	210	210	210	170	140	110	110	110	90	110	90	70
how to learn ai	18100	Medium	66	0.280062	3.591172	2400	1900	2400	2400	2900	2900	2400	2400	2400	4400	8100	6600	6600	8100	9900	12100	12100	12100	8100	8100	9900	9900	12100	12100	14800	12100	12100	9900	8100	8100	8100	9900	8100	9900	18100	14800	18100	18100	18100	18100	27100	22200	18100	18100	18100	14800	22200	22200
how to learn coding	22200	Medium	45	0.181045	3.216139	27100	27100	27100	27100	33100	33100	33100	27100	27100	27100	27100	27100	27100	27100	27100	27100	27100	27100	27100	27100	22200	22200	22200	22200	22200	22200	22200	22200	22200	22200	18100	22200	22200	22200	22200	18100	22200	22200	27100	22200	22200	22200	18100	18100	18100	18100	18100	14800
how to learn machine learning	1900	Low	28	0.386148	4.187596	2400	1900	2400	2400	2400	2400	2400	2400	2400	2400	2900	2900	2900	2900	2900	2900	2400	2900	2400	2400	2400	2900	2900	2900	3600	2900	2900	2900	2400	2400	2400	2400	1900	2400	2900	2400	2400	1900	1900	1900	2400	1900	1600	1600	1600	1300	1900	2400
how to learn programming	22200	Medium	45	0.181045	3.216139	27100	27100	27100	27100	33100	33100	33100	27100	27100	27100	27100	27100	27100	27100	27100	27100	27100	27100	27100	27100	22200	22200	22200	22200	22200	22200	22200	22200	22200	22200	18100	22200	22200	22200	22200	18100	22200	22200	27100	22200	22200	22200	18100	18100	18100	18100	18100	14800
how to learn robotics	480	Medium	37	0.370926	4.03	480	590	480	590	590	590	590	480	590	390	590	480	590	590	590	480	590	590	480	590	480	480	590	590	720	720	720	880	880	590	590	480	480	480	590	590	590	480	480	480	590	590	480	390	480	390	480	480
how to make a machine learning model	210	Low	32	0.77	4.661287	70	50	70	90	70	90	70	90	90	90	110	110	170	140	110	140	110	110	170	140	140	140	210	210	210	210	170	170	170	170	210	210	170	140	210	210	210	170	170	170	170	170	210	210	210	140	210	170
how to make your own ai	2900	Medium	52	0.460527	3.9	320	260	320	320	390	390	390	390	480	880	1000	1300	1300	1900	1900	1900	1900	1900	1600	1900	1900	1900	2400	2400	2400	2400	2400	2400	1900	1900	1900	2400	2400	2400	2900	2900	2900	2900	2900	3600	3600	3600	2900	2900	2900	2900	3600	2900
how to start coding	5400	Medium	45	0.17	3.815169	8100	8100	8100	8100	9900	12100	9900	9900	8100	8100	8100	6600	8100	6600	8100	8100	8100	8100	8100	6600	6600	6600	8100	8100	8100	6600	8100	8100	8100	8100	6600	6600	5400	5400	6600	5400	6600	6600	6600	5400	5400	5400	5400	4400	3600	3600	4400	3600
how to start learning machine learning	480	Medium	41	0.337033	4.49	880	880	880	880	880	880	880	720	720	880	1000	880	880	880	880	1000	880	880	880	720	720	880	880	880	1000	880	880	720	720	720	590	590	590	590	720	590	590	480	480	480	480	480	390	320	390	390	390	320
how to start learning python	880	Medium	45	0.295813	3.098252	1000	1000	1000	1000	1300	1300	1000	1000	1000	1000	1000	1000	1000	1000	1000	1000	1000	1000	1000	1000	880	1000	1300	1000	1000	1000	1000	1000	1000	1000	1000	880	880	880	880	880	1000	1000	1000	1000	1000	880	880	880	720	720	880	720
how to use ai to make money	8100	Medium	57	0.439096	3.610543	40	30	40	50	50	90	90	110	110	720	2400	1900	2400	4400	6600	5400	9900	5400	4400	4400	4400	4400	5400	5400	5400	4400	4400	5400	4400	3600	3600	4400	4400	4400	6600	4400	4400	5400	6600	8100	9900	8100	6600	8100	8100	6600	9900	6600
https scratch mit edu	40500	Low	5	0.157468	0.73	27100	18100	22200	14800	14800	22200	27100	22200	27100	14800	27100	33100	33100	22200	33100	14800	14800	18100	33100	27100	27100	18100	33100	33100	49500	40500	40500	18100	18100	22200	27100	27100	33100	22200	40500	49500	33100	49500	49500	27100	27100	49500	33100	33100	33100	22200	40500	49500
hugging face spaces	27100	Low	10	0.537049	3.37	880	880	1000	1900	1000	1300	1600	1600	1900	1900	2400	2900	3600	4400	4400	4400	4400	4400	5400	6600	6600	5400	6600	8100	8100	8100	9900	9900	9900	12100	12100	14800	14800	14800	18100	40500	27100	27100	27100	27100	27100	27100	27100	27100	27100	27100	40500	33100
i neuron machine learning course review						10	10	10	10	10	10	10	10	20	0	0	10	0	0	0	0	0	0	0	0	0	0	0	0	0	0	0	0	0	0	0	0	0	0	0	0	0	0	0	0	0	0	0	0	0	0	0	0
ibm ai certification	1600	Medium	57	0.660022	6.17	170	170	170	170	210	140	260	210	170	210	390	320	480	590	590	590	590	590	590	590	590	880	1000	880	880	1000	880	1000	1300	1000	880	1000	880	1000	1300	1300	1300	1600	1300	1600	1900	1900	1900	1900	1600	1600	1600	2400
ibm course	12100	Medium	36	0.122897	1.90673	8100	6600	8100	8100	9900	9900	9900	8100	8100	8100	9900	8100	9900	8100	9900	9900	12100	14800	12100	9900	9900	9900	14800	14800	12100	12100	9900	12100	27100	22200	14800	12100	12100	12100	14800	14800	12100	12100	12100	14800	14800	14800	12100	12100	9900	9900	12100	12100
ibm data certificate	50	Medium	51	0.754006	4.22	90	90	70	70	70	90	70	70	70	70	70	70	90	70	70	50	90	70	70	50	50	70	70	70	90	70	50	70	50	90	70	110	90	40	70	90	70	50	50	40	50	50	50	50	40	40	40	40
ibm data science foundations	40	Low	33	0.192214	2.105983	30	20	20	20	20	20	20	20	30	20	10	20	30	20	30	10	30	20	20	10	10	10	20	10	20	10	20	20	20	10	20	10	20	20	210	140	70	50	30	30	50	40	30	30	70	40	30	20
ibm machine learning course	260	Medium	50	0.319842	2.075882	210	140	170	210	170	170	170	170	170	140	170	170	170	210	260	320	260	260	260	210	210	210	260	390	260	260	320	260	260	260	210	260	210	210	260	210	210	210	210	320	260	320	210	210	210	210	260	210
ibm machine learning professional certificate	1000	Low	30	0.365518	3.67739	390	480	480	480	590	590	480	480	390	390	480	590	590	590	590	720	880	1000	1000	1000	880	880	1000	1000	1000	1000	880	1600	1000	880	1300	1600	880	1000	1000	880	1000	880	880	880	1000	1000	1000	880	880	880	880	1000
ibm python 101 for data science	40	Medium	43	0.217911	1.51	20	20	10	20	20	10	30	20	10	10	10	20	10	20	10	30	50	40	40	20	20	30	40	40	30	20	10	20	30	20	20	20	20	20	20	30	30	40	30	70	90	90	40	20	30	30	30	20
ibm python course	590	Medium	50	0.194562	1.639883	170	140	140	210	260	320	260	210	170	210	390	320	320	320	390	390	880	590	590	480	480	390	1300	1600	1300	480	590	480	590	590	390	320	320	590	480	390	480	720	720	1300	1000	720	590	480	390	320	480	320
iiit bangalore machine learning course	10	Medium	57			10	10	10	10	10	10	0	10	10	10	10	10	10	0	0	10	10	10	10	0	10	0	10	10	10	10	10	10	10	10	10	10	10	10	10	0	10	10	10	0	0	10	10	10	10	10	10	10
iiit bangalore machine learning course fees	10	High	74	0.613633	2.19811	10	20	10	10	20	30	20	10	10	10	10	20	10	10	20	10	20	30	10	10	10	20	20	10	10	20	10	30	30	20	10	10	10	20	30	10	10	10	10	10	10	30	10	20	10	10	10	10
iiit bangalore machine learning course review	10	High	71	0.99465	2.182349	10	10	10	10	10	10	10	10	10	10	10	10	10	10	10	10	10	10	10	10	10	10	10	20	10	20	10	10	10	10	10	10	10	10	10	10	10	10	10	0	10	10	0	0	10	10	10	10
iiit hyderabad machine learning course	10	Medium	55	0.68329	2.463446	30	20	40	50	30	20	20	20	20	10	10	10	20	10	10	30	20	20	20	10	20	30	30	30	30	20	20	10	10	20	10	10	10	20	20	20	10	10	10	10	30	20	10	10	10	10	10	20
iiit hyderabad machine learning course fee	10	High	86			0	0	0	0	0	0	0	0	0	0	0	0	0	0	0	0	0	0	0	0	0	0	0	0	0	0	0	0	0	0	0	10	0	10	0	0	10	10	0	0	0	10	10	0	0	0	0	10
iiit hyderabad machine learning course review						10	0	10	10	10	0	10	0	0	0	0	0	0	0	0	0	0	0	0	10	0	0	0	0	0	0	0	0	0	0	10	0	10	0	10	10	0	0	0	0	0	0	0	0	0	0	0	0
iiit machine learning course	10	High	86	1.029158	3.46236	30	10	20	10	10	10	10	10	10	10	10	10	10	10	10	20	20	10	10	10	10	10	10	10	20	10	10	10	10	10	10	10	10	10	10	10	10	10	10	10	10	10	10	10	10	10	10	10
iiit machine learning course review						0	0	0	0	0	0	0	0	10	0	0	0	0	0	0	0	0	10	0	0	0	0	0	0	0	0	0	0	0	0	0	0	0	0	0	0	0	0	0	0	0	0	0	0	0	0	0	0
iim bangalore machine learning course	10					10	0	0	10	10	0	10	0	0	0	10	0	0	0	0	0	0	0	0	10	0	0	10	10	10	0	0	10	10	10	10	0	0	10	10	10	10	10	10	10	10	10	10	0	10	10	10	0
iim machine learning course	10	High	71	1.205847	2.716035	10	10	10	10	10	10	10	0	10	10	10	10	10	10	10	10	10	10	10	10	10	0	10	10	10	10	10	10	10	10	10	10	20	20	10	10	20	20	10	10	10	10	20	10	10	10	10	10
iirs machine learning course	10					10	10	10	50	30	10	10	0	10	10	10	10	10	0	90	40	20	10	10	10	10	10	10	10	10	0	10	0	10	50	10	10	30	10	10	30	10	10	10	10	0	10	10	0	10	10	10	0
iisc bangalore machine learning course	50	Medium	58	0.501985	2.344172	30	20	30	70	50	30	30	30	50	30	50	40	30	30	30	30	50	50	40	30	30	30	50	70	70	50	90	70	140	110	70	70	70	90	50	70	70	50	70	90	90	50	40	40	40	40	50	50
iisc machine learning course	50	Medium	58	0.501985	2.344172	30	20	30	70	50	30	30	30	50	30	50	40	30	30	30	30	50	50	40	30	30	30	50	70	70	50	90	70	140	110	70	70	70	90	50	70	70	50	70	90	90	50	40	40	40	40	50	50
iit bangalore machine learning course	10					0	0	0	0	10	0	0	0	0	0	0	0	0	0	10	0	0	0	0	0	10	0	10	0	0	0	10	0	0	0	0	0	0	0	0	0	0	0	10	0	0	0	0	10	10	10	0	0
iit bombay machine learning course	30	Medium	60	0.42709	1.924592	30	50	50	40	40	50	40	40	20	40	20	30	40	30	70	90	70	50	30	50	20	40	30	30	30	40	50	30	30	50	20	30	30	20	30	30	40	40	30	40	50	40	20	30	20	30	30	20
iit bombay machine learning online course	10					10	10	10	10	10	10	10	10	10	10	10	10	10	0	0	0	0	0	10	10	0	10	0	10	10	10	10	0	0	0	0	0	0	0	0	0	10	0	0	0	0	0	0	0	0	0	0	0
iit courses	9900	Low	20	0.232025	0.621553	12100	12100	14800	18100	14800	14800	12100	9900	9900	9900	9900	9900	14800	14800	18100	18100	14800	12100	12100	8100	8100	9900	12100	12100	14800	14800	18100	18100	12100	9900	8100	8100	8100	8100	9900	9900	12100	12100	14800	12100	12100	8100	8100	6600	6600	6600	8100	8100
iit delhi data science and machine learning course	90	High	73	0.49829	2.115259	10	20	140	30	10	20	30	20	40	40	20	10	10	30	40	50	70	40	20	20	30	50	20	30	30	70	30	30	40	40	40	50	70	90	40	20	10	110	170	320	140	90	90	50	40	40	20	20
iit delhi machine learning course	90	Medium	50	0.366443	2.287321	30	50	110	50	40	260	140	170	70	40	70	70	40	40	70	110	210	210	110	50	30	70	90	50	70	320	140	110	140	390	110	140	170	140	70	50	90	170	170	170	90	90	50	70	90	50	50	50
iit guwahati machine learning course	30	Medium	54	0.295101	1.118124	10	20	10	30	40	10	30	10	10	20	10	10	20	10	10	10	10	10	10	10	10	10	10	10	10	10	10	0	10	10	10	10	20	40	70	50	70	70	50	30	30	30	30	20	20	20	20	10
iit hyderabad machine learning course	10	Medium	66	0.408676	1.400849	10	10	10	10	10	10	10	0	10	10	10	10	10	10	10	10	10	10	10	10	10	20	10	10	10	10	10	10	10	10	10	10	10	10	10	10	10	10	10	10	30	20	20	10	10	10	10	10
iit kanpur machine learning course	30	Medium	59	0.506698	3.049715	20	30	30	40	30	30	50	40	50	30	40	30	40	50	70	50	70	70	70	50	50	70	50	40	70	70	70	90	50	50	90	50	70	40	50	30	40	50	40	40	40	40	30	20	20	10	20	10
iit kgp machine learning course	10	Medium	43			10	0	10	10	0	0	10	0	0	0	0	0	0	0	10	10	10	10	0	10	0	10	10	10	10	0	10	0	10	0	0	10	10	10	0	10	10	10	10	10	10	10	10	10	10	10	0	10
iit kharagpur machine learning 6 months course						10	10	10	10	0	10	10	0	10	0	10	10	0	0	0	0	0	0	0	0	0	0	0	0	0	0	0	0	0	0	0	0	0	0	0	0	0	0	0	0	0	0	0	0	0	0	0	0
iit kharagpur machine learning course	20	Medium	66	0.820048	3.061288	10	20	30	90	20	20	30	10	20	10	10	10	10	10	10	20	90	140	20	40	20	30	40	10	20	30	30	30	40	40	20	20	20	20	50	20	20	20	20	20	20	20	10	10	20	10	10	10
iit machine learning course	140	Medium	56	0.466994	2.682552	70	50	70	90	90	110	90	90	90	110	110	90	140	140	140	170	170	170	170	110	110	140	140	140	170	170	170	210	170	170	140	110	110	170	140	140	140	140	140	170	170	170	90	90	110	110	110	140
iit machine learning course online	10	High	80	0.574846	2.666073	40	20	30	90	50	50	50	40	50	50	30	50	50	50	50	70	70	50	50	10	20	40	70	40	30	70	70	50	40	50	10	20	20	10	10	10	20	10	10	10	10	10	10	10	10	10	10	10
iit madras machine learning course	70	Medium	66	0.56451	2.271688	30	30	40	70	50	40	30	30	110	50	40	40	30	30	30	50	70	50	50	40	40	40	50	50	30	70	70	70	70	70	50	50	50	40	70	50	50	70	210	90	40	40	30	50	140	70	90	50
iit madras machine learning course online	30	Medium	60	0.357901	0.75	10	10	20	30	20	20	20	20	30	20	20	20	10	30	10	20	20	40	10	10	10	10	20	10	10	10	10	10	10	20	30	30	40	30	20	20	20	10	50	20	30	20	20	20	70	40	20	10
iit online course for machine learning	10					10	10	10	10	10	10	10	10	10	10	10	10	10	10	10	0	0	0	0	0	0	0	0	0	0	0	0	10	10	0	0	0	10	0	0	0	10	0	0	10	10	0	0	0	0	0	10	0
iit roorkee machine learning course	10	High	77	0.242494	1.221521	10	10	10	10	10	10	10	10	10	10	10	10	10	0	0	10	10	10	10	10	10	10	10	10	10	10	10	10	10	10	10	10	10	10	10	10	10	10	10	10	10	10	10	10	20	10	30	70
iitb machine learning course	10	High	79			10	10	10	10	10	10	10	10	10	10	10	10	10	10	10	10	10	10	10	10	10	10	20	10	20	10	10	10	10	0	0	10	10	10	10	10	10	10	10	10	10	10	10	10	10	10	10	10
intel machine learning course	20	Medium	35			30	40	40	30	40	20	30	30	40	30	30	20	70	40	40	30	30	30	30	40	50	30	30	50	70	40	30	40	50	40	40	30	30	10	110	40	40	20	30	10	10	20	10	10	10	10	10	10
interactive code learning	110	Low	30	0.499725	3.857884	140	140	140	140	140	170	170	140	140	170	170	140	140	140	140	170	140	170	210	140	140	110	170	140	140	110	140	140	110	140	140	140	110	90	140	110	140	90	110	140	170	110	90	140	90	110	210	90
interactive machine learning course	10	Medium	62	1.220387	4.716836	20	20	10	10	20	20	30	20	20	10	10	20	20	30	20	10	20	10	20	30	30	20	30	30	40	30	30	20	10	20	10	10	20	10	20	20	10	10	10	10	10	10	10	20	10	10	10	10
internet of things edx	40	Low	20	0.088654	2.043427	70	50	70	110	70	70	50	90	50	70	50	70	50	50	50	40	40	40	50	40	70	40	90	50	70	40	50	50	50	70	50	50	50	40	70	50	70	50	50	40	30	20	30	30	20	20	30	20
internshala machine learning course	40	Medium	46	0.165956	1.069416	10	10	10	20	40	30	10	10	20	10	20	10	20	10	10	10	20	30	20	10	20	30	20	10	20	20	30	70	70	50	50	30	70	50	40	30	50	50	90	50	40	30	20	10	10	30	30	20
interpretable machine learning course	10	Medium	46			0	0	0	0	0	0	0	0	0	0	0	0	10	10	10	10	10	10	10	10	10	20	10	10	10	20	10	10	10	10	10	10	10	10	10	10	10	10	20	10	30	10	10	10	10	10	10	10
intro to deep learning mit	320	Low	28	0.866397	4.78	320	210	260	170	170	140	110	140	140	140	320	170	320	390	260	390	210	210	170	170	170	320	480	320	320	320	390	320	260	210	210	210	320	260	480	320	590	390	390	390	320	320	320	260	210	320	480	260
intro to machine learning course	210	Low	17	0.536055	4.085816	90	90	90	110	140	110	140	110	110	90	140	110	110	110	140	140	140	140	140	140	140	140	260	170	170	140	170	140	170	210	210	140	170	170	170	140	170	140	210	210	210	170	210	210	210	210	260	320
introduction to computational thinking and data science	170	Low	26	0.512603	3.85	320	260	320	320	260	260	260	260	260	210	260	170	480	390	320	320	320	260	320	390	320	320	480	320	320	210	260	260	320	260	210	320	210	170	210	170	210	170	170	170	140	170	140	140	110	210	140	110
introduction to computer science and programming using python	480	Low	20	0.330337	3.131172	1000	1000	1000	1000	1000	1000	880	880	880	720	1000	720	880	720	880	880	880	880	720	590	720	720	1000	1300	1000	720	1000	880	1300	1000	1000	720	590	590	720	480	590	590	720	590	590	720	720	590	390	320	390	320
introduction to llms	590	Low	27	0.722682	5.44	0	0	0	0	0	0	0	0	0	0	0	0	30	140	260	260	320	390	320	480	390	590	590	590	720	590	720	590	590	390	480	590	480	590	720	590	590	590	590	590	720	590	480	480	390	390	480	390
introduction to machine learning course	210	Low	17	0.536055	4.085816	90	90	90	110	140	110	140	110	110	90	140	110	110	110	140	140	140	140	140	140	140	140	260	170	170	140	170	140	170	210	210	140	170	170	170	140	170	140	210	210	210	170	210	210	210	210	260	320
introduction to machine learning for data science course	20	Low				10	10	10	10	10	50	10	10	20	10	10	70	50	20	20	10	20	10	90	90	30	10	10	10	10	10	10	10	20	10	10	10	0	10	10	20	10	20	20	30	10	10	20	20	30	40	10	40
introduction to machine learning for data science david valentine course	20	Low				0	10	0	10	10	10	0	0	10	0	10	30	30	10	10	10	20	10	90	90	30	10	10	10	10	10	10	10	10	20	10	10	10	10	20	30	20	20	20	10	10	10	20	20	20	30	10	30
introduction to machine learning for data science online course	20	Low				10	10	10	10	20	40	10	10	20	10	10	50	40	20	20	10	10	10	90	90	30	10	10	10	10	10	10	10	20	10	10	10	10	10	10	20	20	30	20	20	10	10	30	30	30	40	10	40
introduction to machine learning mit	140	Low	17	0.77	3.110906	140	110	110	90	140	140	140	140	90	110	170	140	110	140	140	140	110	140	210	140	110	140	210	170	170	140	210	170	170	140	170	170	140	140	170	170	140	140	170	140	140	170	210	140	110	110	140	140
introduction to machine learning online course	10	Medium	55	0.741826	2.65	10	10	10	10	10	10	10	10	10	10	10	10	10	10	10	10	10	10	20	10	10	10	10	30	10	10	10	20	20	10	10	10	10	10	10	30	10	10	10	10	10	10	10	10	10	10	10	10
introduction to python microsoft certification	140	Medium	37	0.137852	1.165329	20	10	30	50	10	20	10	10	10	10	20	20	10	10	20	30	20	10	10	10	10	10	10	10	10	10	10	10	10	10	10	10	10	10	20	30	20	70	40	70	70	70	170	170	210	320	320	140
iot and machine learning course	10					10	10	10	10	10	10	10	10	10	10	10	10	10	10	10	20	10	10	10	10	10	10	10	10	10	10	10	10	10	10	10	10	10	10	10	10	10	10	10	10	10	10	0	10	10	10	10	0
is andrew ng machine learning course worth it	10	Medium	37			10	10	10	20	10	10	10	10	10	0	10	0	10	10	10	10	10	0	10	10	10	10	10	10	10	10	10	10	10	10	10	10	10	10	10	10	10	10	10	10	10	10	10	10	10	10	10	10
is artificial intelligence and machine learning a good course	20	Medium	36			10	10	40	50	110	140	140	140	90	30	20	30	50	70	110	140	110	90	40	20	20	10	20	20	20	30	70	70	70	30	20	10	10	10	10	10	30	20	50	30	40	20	10	10	10	10	10	10
isro machine learning course	20	Low	20			30	90	40	390	90	20	20	20	10	10	10	20	10	10	590	70	30	20	20	10	20	20	20	70	10	10	10	10	10	480	70	30	9900	170	70	390	110	40	30	40	10	10	10	10	10	10	10	10
it courses online for beginners	480	Medium	61	0.70994	13.103837	1000	880	880	880	880	880	880	720	720	720	1000	880	880	590	720	590	590	590	590	480	590	590	590	590	590	390	480	480	720	720	1300	880	390	390	590	320	390	390	480	390	390	390	720	720	480	390	720	720
it online courses with certificates	140	High	77	0.676136	10.58	40	50	50	70	40	20	50	40	50	50	90	70	90	70	70	110	70	70	70	70	70	70	170	170	170	140	170	210	140	90	110	70	110	90	170	140	170	110	170	170	210	210	140	90	170	110	140	110
java machine learning course	10	Low	29			30	30	20	20	20	30	30	30	30	30	40	50	30	30	40	30	30	30	20	20	10	20	30	20	20	20	20	20	20	20	10	20	10	10	20	20	20	30	20	10	10	10	10	10	10	10	10	10
jigsaw academy machine learning course review	10					10	0	0	0	0	0	0	0	0	0	0	0	0	0	0	0	0	0	0	0	0	0	0	0	0	0	0	0	0	0	0	0	0	0	0	0	0	0	0	0	0	0	10	0	0	0	0	0
job guarantee machine learning course	10	High	67			10	10	10	10	10	10	10	30	10	10	20	10	10	10	10	10	10	10	10	10	10	10	10	10	10	10	10	10	10	10	10	10	10	10	10	10	10	10	10	10	10	0	10	0	0	0	0	10
john hopkins machine learning course	10					0	0	0	0	10	0	0	10	10	10	10	0	10	10	0	10	0	0	10	10	0	0	10	0	0	0	0	10	0	0	10	0	10	10	0	0	0	0	10	10	10	10	0	0	0	10	0	0
julia programming course	20	Low	33	0.910591	3.351672	30	30	40	30	70	30	30	20	50	70	30	40	30	20	40	70	30	50	40	40	50	30	50	40	50	30	40	50	40	30	40	40	40	30	20	50	20	20	30	40	20	20	20	10	10	30	20	10
kaggle data analysis course	30	Low	23	0.229688	2.408965	10	10	10	10	10	20	20	20	30	20	30	30	20	20	30	20	30	30	20	20	10	20	30	20	20	10	30	40	50	40	20	50	30	30	30	50	30	50	30	40	30	30	30	30	20	20	20	20
kaggle intermediate machine learning course	10	Low	6			10	10	10	10	10	10	10	10	10	10	10	10	10	0	10	10	0	0	0	10	10	10	10	10	10	10	10	10	10	10	10	10	10	10	10	10	10	10	10	10	10	10	10	20	10	10	10	10
kaggle learn	5400	Low	28	0.399954	3.545199	720	720	720	720	720	720	880	1300	1000	880	1000	1000	1000	1000	1000	1000	1300	1300	1000	1000	1000	1000	1300	1600	1300	1300	1600	1900	2400	2400	2900	2900	2900	3600	3600	3600	3600	4400	4400	4400	5400	5400	5400	5400	5400	5400	6600	5400
kaggle machine learning course	210	Low	18	0.357143	2.19	140	110	140	140	140	140	140	140	140	140	210	170	170	170	110	140	170	170	170	110	140	140	170	170	210	210	210	210	170	170	170	170	140	170	170	170	210	170	140	260	260	260	210	210	170	260	320	260
khan academy machine learning course	40	Low	19	0.985664	4.740455	10	10	10	10	10	10	10	10	10	10	10	10	10	20	30	10	10	20	10	10	10	10	10	10	10	10	20	10	10	10	10	10	10	10	20	10	10	10	10	50	70	30	70	40	70	50	30	30
krish naik machine learning course	70	Medium	40	0.16	0.596514	10	10	10	10	20	40	10	10	10	10	10	10	10	10	10	10	10	10	10	10	10	10	10	10	10	20	10	40	40	20	10	20	20	20	50	40	40	50	50	70	50	140	110	70	70	70	50	70
kth machine learning course	20	Low	7			10	10	10	10	0	10	10	10	10	10	10	10	10	10	10	10	10	10	10	10	10	10	10	10	10	10	10	10	10	10	10	30	30	20	30	30	20	20	20	10	10	30	20	30	30	20	20	10
large scale machine learning course	10	Low	12			20	30	30	20	20	50	30	20	20	20	10	10	20	20	20	10	10	10	10	10	20	20	30	10	30	30	30	30	20	20	20	20	10	20	10	20	30	10	10	10	20	10	20	10	10	10	10	10
last week in ai	720	Low	3	0.06	2.03	50	70	70	90	50	50	70	70	70	110	110	110	260	480	480	480	390	480	390	480	480	480	590	720	720	720	1000	880	720	590	720	720	590	590	880	590	720	720	720	720	880	880	720	720	720	720	720	720
learn anything	33100	Low	10	0.195256	1.73	12100	27100	14800	14800	18100	12100	18100	14800	22200	22200	22200	22200	22200	27100	18100	22200	22200	27100	18100	14800	12100	18100	14800	9900	22200	27100	33100	18100	18100	12100	9900	14800	8100	12100	49500	33100	27100	22200	14800	18100	22200	27100	60500	49500	33100	40500	33100	27100
learn anything xyz	60500	Low	9	0.132432	1.776618	49500	60500	40500	74000	60500	49500	74000	60500	40500	33100	33100	22200	27100	22200	18100	22200	18100	27100	14800	12100	6600	5400	5400	4400	22200	33100	33100	33100	40500	27100	18100	49500	33100	40500	74000	60500	60500	49500	33100	33100	40500	60500	110000	90500	60500	49500	49500	49500
learn coding online	2400	Low	18	0.495104	6.20616	14800	18100	14800	14800	18100	18100	14800	12100	12100	9900	12100	9900	9900	9900	9900	8100	8100	6600	6600	8100	6600	6600	6600	5400	5400	4400	5400	4400	4400	3600	2900	3600	2900	3600	3600	2400	2900	2400	2400	2400	2400	2400	2900	2400	2400	2900	2900	2900
learn how to code ai	590	Medium	65	0.66	6.891425	110	110	140	110	110	140	170	170	110	210	320	320	320	320	390	480	590	880	480	390	480	480	590	720	590	590	480	480	320	390	390	480	480	480	720	720	590	480	720	720	880	880	720	720	480	480	480	480
learn python	60500	Medium	44	0.42	3.414725	90500	74000	90500	90500	90500	110000	90500	90500	90500	90500	90500	74000	90500	74000	90500	90500	90500	90500	90500	90500	74000	74000	90500	90500	90500	74000	74000	74000	74000	74000	74000	74000	60500	60500	90500	74000	74000	74000	74000	60500	74000	74000	74000	60500	60500	60500	60500	60500
learn python for machine learning	18100	Low	23	0.349198	3.006273	27100	22200	27100	27100	27100	27100	22200	22200	22200	22200	27100	22200	22200	22200	22200	18100	22200	22200	22200	22200	22200	22200	27100	27100	22200	22200	22200	22200	22200	18100	18100	18100	18100	18100	22200	18100	18100	18100	18100	18100	18100	14800	18100	14800	14800	14800	18100	14800
learn seaborn	40	Low	18	0.495753	3.46	50	40	50	30	50	50	40	50	50	70	40	40	40	50	50	40	50	50	50	50	50	30	70	50	50	50	70	50	70	40	40	50	20	40	40	40	50	40	40	40	30	40	30	30	30	20	30	30
learning ai tools	2900	High	69	0.383795	3.595242	10	10	10	10	0	10	10	0	10	10	20	40	90	320	880	880	1000	1000	1000	1000	1000	1000	1300	1300	1600	1300	1300	1300	1000	1000	1000	1300	1300	2900	4400	4400	4400	2900	2900	2900	2900	3600	2900	2900	1900	1900	2400	2900
learning from data introductory machine learning course	10	Low	12			10	10	10	20	10	40	30	20	20	10	10	10	10	20	10	10	10	10	10	10	10	10	20	10	30	10	20	10	20	20	20	10	10	10	20	10	30	10	10	10	20	10	10	10	0	10	10	10
learning ict online	40	Medium	39	0.12	1.398436	90	40	70	50	50	90	50	70	70	40	50	40	70	50	50	30	40	70	70	40	30	40	40	50	50	50	50	50	30	30	40	40	30	30	30	40	20	20	30	70	40	30	40	40	30	40	40	40
libros de machine learning pdf	50	Low	10			10	10	20	10	10	20	20	20	40	30	30	20	30	30	40	40	20	30	30	40	40	30	30	50	40	30	50	50	30	20	40	50	30	40	30	50	70	30	40	50	70	50	70	90	40	30	30	20
linear algebra course for machine learning	90	Low	10	0.334646	2.56	50	40	40	50	40	50	40	40	30	30	70	70	70	50	50	50	50	50	70	70	30	50	50	50	90	50	50	70	90	50	90	140	50	170	70	40	90	50	50	70	90	110	110	90	140	110	140	110
linear algebra crash course for machine learning	10	Medium	34			10	10	10	10	10	10	10	10	10	10	20	10	10	10	10	10	10	10	10	10	10	10	10	10	10	10	10	10	10	10	10	10	10	10	10	10	10	10	10	10	10	10	10	10	10	10	10	10
linear algebra for machine learning	3600	Low	13	0.28188	2.554572	2900	2400	2900	2400	2400	2400	2900	2400	2400	2400	2400	2900	2400	2900	2900	2400	2400	2900	3600	2900	3600	2900	3600	2900	3600	2900	3600	4400	3600	2900	3600	2900	2900	2900	3600	2900	3600	2900	2900	3600	4400	4400	3600	3600	3600	3600	4400	3600
linear algebra for machine learning course	90	Low	10	0.334646	2.56	50	40	40	50	40	50	40	40	30	30	70	70	70	50	50	50	50	50	70	70	30	50	50	50	90	50	50	70	90	50	90	140	50	170	70	40	90	50	50	70	90	110	110	90	140	110	140	110
linear algebra for ml	210	Low	7	0.346134	3.756101	50	70	90	70	90	110	90	260	70	90	110	70	90	110	140	110	110	140	140	90	140	140	140	170	110	170	210	210	210	170	140	170	140	140	210	140	210	140	210	170	320	260	210	170	170	170	260	260
linear algebra machine learning course	10	Low	25			10	10	10	0	10	10	10	10	10	10	20	10	10	10	10	10	10	10	10	10	10	10	10	10	10	10	10	10	10	10	10	10	10	10	10	10	10	10	10	10	10	10	10	10	10	10	10	10
linkedin learning ai	720	Medium	34	1.532863	6.058101	50	50	70	40	40	50	50	70	70	70	140	90	170	260	320	320	480	480	390	590	480	480	590	590	720	590	720	590	590	480	590	590	480	480	720	720	720	720	720	720	880	880	720	720	590	480	590	720
linkedin machine learning course	30	Low	8			20	10	10	20	20	20	10	10	10	10	10	20	30	10	20	30	30	20	20	10	20	30	20	30	20	40	50	30	40	50	30	50	30	30	30	20	50	30	40	50	30	40	20	20	10	10	20	20
llm from scratch	4400	Low	23	0.424859	5.66	0	0	0	0	0	0	0	0	0	0	0	0	50	140	210	260	210	260	390	390	590	880	1000	1300	1900	1600	1900	2400	1900	1900	2400	2400	2900	2900	3600	3600	3600	3600	3600	3600	3600	4400	4400	4400	4400	3600	3600	3600
llm learning	590	Medium	40	0.468016	4.55	10	10	10	10	10	10	10	10	20	70	90	110	170	170	260	210	320	260	320	320	390	390	480	480	590	590	590	590	480	480	480	590	480	590	720	720	720	590	720	590	720	720	590	720	590	590	720	720
llm machine learning course	20	Low	19	0.845559	5.739128	0	0	0	0	0	0	0	0	0	0	0	0	0	0	90	70	70	90	50	50	70	50	70	70	70	50	70	90	110	50	140	110	90	70	90	50	50	40	20	20	20	20	20	10	10	10	10	40
london machine learning course	90	Medium	61	2.050823	3.924794	70	90	140	170	170	170	90	110	110	110	140	90	110	140	170	110	70	70	70	90	90	90	70	90	90	70	110	90	70	90	90	110	90	50	90	110	170	110	140	140	40	40	210	50	20	20	40	10
lse machine learning course	10	Medium	64	1.230303	6.48	10	10	10	10	10	10	10	10	10	10	10	10	10	10	20	20	10	10	10	10	0	10	10	10	10	10	10	10	10	10	10	10	10	10	10	10	10	10	10	10	10	10	10	10	10	10	10	10
lynda machine learning course						0	10	10	0	10	0	0	0	0	0	0	10	0	0	0	10	0	0	0	10	10	0	0	0	10	0	10	0	0	0	0	0	0	0	0	0	0	0	0	0	0	0	0	0	0	0	0	0
machine engineering course	320	Low	24	0.289354	1.105733	90	140	170	170	140	90	110	90	50	70	90	110	110	110	170	140	170	170	110	90	110	90	140	110	140	140	210	170	170	110	140	90	140	140	210	210	170	260	590	480	390	320	260	170	170	170	320	260
machine learning 101 course	10	Low	21			10	10	10	10	10	10	10	10	10	10	10	10	10	10	10	10	10	20	10	10	10	10	10	10	10	10	10	10	10	10	10	10	10	10	10	10	10	10	10	10	30	10	10	10	10	10	10	10
machine learning a first course for engineers and scientists	110	Low	16	0.447796	1.938409	110	110	170	110	110	170	210	210	210	170	260	170	140	140	170	140	210	170	110	140	170	210	210	170	170	210	140	110	110	140	110	140	110	110	170	140	140	90	90	90	110	110	90	140	140	140	110	110
machine learning algorithms course	30	Low	30	0.258796	1.428012	30	40	40	50	50	40	40	50	50	50	50	50	70	40	40	40	30	50	50	50	50	40	70	50	50	90	50	70	90	90	260	170	70	70	50	50	50	40	30	30	40	40	20	40	30	40	30	30
machine learning amazon course	20	Medium	53	0.64	2.5	10	10	10	30	10	10	10	10	10	20	10	10	20	20	20	50	40	50	30	20	20	30	20	20	20	10	10	10	20	10	10	10	140	70	50	30	30	10	10	10	10	10	10	40	20	10	20	20
machine learning and ai course	8100	Medium	35	0.453332	2.455562	1900	1900	2400	2900	2900	2900	2900	2400	1900	2400	2900	2900	2900	3600	5400	5400	5400	5400	3600	2900	2900	3600	4400	4400	5400	5400	8100	6600	6600	5400	4400	3600	3600	4400	6600	5400	8100	8100	8100	6600	6600	6600	8100	5400	6600	8100	9900	8100
machine learning and ai course india	10	Low	29			10	10	0	10	10	10	10	10	10	0	0	0	0	10	10	0	0	10	0	0	0	10	0	10	10	10	10	10	0	10	10	10	20	10	10	10	10	10	10	10	10	0	10	0	0	10	10	10
machine learning and ai course pune	10	High	100			10	10	10	0	0	10	10	0	0	0	10	0	0	0	10	0	0	0	0	0	10	0	0	0	0	0	0	0	10	10	0	0	10	0	10	10	10	10	10	10	0	0	0	0	0	0	10	10
machine learning and ai courses in bangalore	20	High	81	0.522216	2.154691	30	30	40	30	30	30	20	30	50	20	40	20	30	30	50	20	20	20	30	20	30	10	30	20	70	30	30	50	20	20	30	20	10	20	20	20	30	40	20	40	30	20	20	10	10	10	40	10
machine learning and ai courses in chennai	10	High	100	0.604695	1.289406	10	0	0	10	10	10	10	10	10	0	0	0	0	10	10	0	10	10	10	10	10	0	10	10	10	10	10	10	10	10	0	10	0	10	10	10	10	10	10	10	10	10	10	10	10	0	10	10
machine learning and ai courses in hyderabad	10	Low	32			10	10	20	10	40	10	10	10	20	10	20	10	10	20	30	10	30	20	10	20	10	10	10	30	30	20	30	40	10	10	10	20	10	10	10	20	30	20	20	20	20	10	10	10	10	10	10	10
machine learning and ai courses in india	20	Medium	61	0.507538	3.491835	50	30	50	30	50	30	30	30	20	30	30	20	30	30	40	20	40	30	50	30	30	30	40	30	50	50	70	70	30	30	50	20	20	30	40	40	30	50	10	20	30	20	20	10	10	10	10	10
machine learning and ai courses in mumbai	10					10	10	10	0	10	0	10	0	10	0	10	0	0	10	0	10	10	10	10	10	0	0	0	10	30	10	10	10	0	0	0	10	10	0	0	10	10	0	10	10	10	0	10	0	0	0	0	0
machine learning and ai courses online	20	Low	21	0.809192	2.77628	10	10	10	20	20	20	20	20	10	10	20	10	20	20	20	30	30	10	30	20	30	40	50	50	40	40	40	30	30	20	30	20	30	40	20	20	30	20	30	20	20	20	30	10	10	10	20	30
machine learning and ai online course	10	Medium	61	0.149098	2.277897	10	10	10	10	10	10	10	10	10	10	10	10	10	10	20	30	10	10	10	10	10	10	10	10	10	10	30	10	10	10	10	10	10	20	20	20	20	10	10	20	10	10	10	10	10	10	10	10
machine learning and ai with python	170	Medium	46	0.797347	5.37	10	10	20	20	20	10	20	10	10	20	10	10	10	10	10	10	10	10	20	10	20	40	70	110	90	110	110	90	110	110	110	140	210	170	210	170	140	140	170	210	210	170	140	110	170	170	210	170
machine learning and artificial intelligence courses in delhi						10	10	0	0	0	0	10	0	10	10	10	10	0	10	0	10	0	0	0	10	0	10	0	0	0	0	0	10	10	0	10	0	10	0	0	0	0	0	0	0	0	0	0	0	0	0	0	0
machine learning and artificial intelligence courses in gurgaon						0	0	0	0	0	0	0	0	0	0	0	0	0	10	0	0	0	0	0	0	0	0	0	0	0	0	0	0	0	0	0	0	0	0	0	0	0	0	0	0	0	0	0	0	0	0	0	0
machine learning and artificial intelligence courses in pune	10	High	71			10	10	10	10	10	10	10	10	10	20	10	10	10	10	10	10	10	10	10	10	10	10	10	10	10	10	10	10	10	10	10	10	10	10	10	10	10	10	10	10	10	10	10	0	0	0	10	10
machine learning and data science course	140	Low	19	0.533058	4.8	90	90	140	140	110	140	110	110	110	110	110	110	140	170	140	170	110	140	140	110	90	140	170	170	140	140	170	170	140	110	90	110	90	140	140	110	210	170	170	170	140	110	110	90	90	110	140	320
machine learning and data science course admissions						0	0	0	0	0	0	0	0	0	0	0	0	0	0	0	0	0	0	0	0	0	0	0	0	0	0	0	0	0	0	0	0	0	0	0	0	0	0	0	0	0	0	0	0	0	0	0	0
machine learning and deep learning course	90	Low	21	0.400319	1.678741	30	40	40	40	50	50	50	70	50	50	70	70	70	50	70	70	70	90	70	50	50	90	90	90	90	110	110	110	320	110	170	140	140	170	110	90	140	110	110	110	90	90	40	50	40	70	70	170
machine learning and deep learning courses	110	Low	9	0.538148	2.45	20	30	10	20	10	10	20	20	10	20	10	10	10	10	20	40	30	30	20	30	30	50	20	40	50	40	50	70	40	40	40	40	40	30	50	30	50	50	50	90	70	50	70	90	110	210	210	210
machine learning and econometrics	390	Low	19	0.710847	4.51	390	320	320	320	320	320	390	390	390	480	390	390	390	390	320	320	320	260	390	390	390	390	390	390	390	390	320	320	260	210	260	320	320	260	390	390	390	320	590	480	390	260	390	480	390	320	390	320
machine learning and predictive analytics course	10	Low	4			0	0	0	0	0	0	0	0	0	0	0	0	0	50	40	20	10	20	30	30	10	10	10	10	10	10	10	10	10	10	10	10	10	10	10	10	10	20	10	10	10	10	0	10	10	0	10	20
machine learning and python course	30	Low	11	0.797042	5.32	20	20	20	30	30	10	30	20	20	20	20	20	30	20	20	20	40	30	30	30	30	50	30	40	30	30	30	50	50	30	40	20	30	20	40	30	30	30	30	20	30	30	20	30	20	30	30	90
machine learning andrew ng	1600	Medium	44	0.34127	3.097049	1900	1900	2400	3600	2900	2400	2400	2400	1900	1900	2400	1900	2400	1900	2400	2400	1900	1900	1900	1900	1900	1900	2400	1900	1900	1900	1900	1900	1900	1600	1600	1900	1600	1600	1900	1900	1900	1600	1600	1900	1900	1900	1600	1600	1300	1300	1600	1300
machine learning andrew ng course	1300	Medium	37	0.345897	3.315514	1000	1600	1300	2400	2400	2400	1900	1600	1300	1300	1600	1300	1600	1300	1600	1300	1300	1300	1300	1000	1000	1600	1900	1600	1300	1000	1300	1600	1600	1300	1300	1300	1000	1300	1600	1300	1300	1300	1300	1600	1900	1600	1300	1300	1300	1300	1300	1300
machine learning applications	8100	Low	3	0.384633	3.592786	14800	14800	18100	12100	12100	12100	14800	14800	18100	14800	14800	14800	14800	12100	14800	12100	12100	14800	12100	14800	14800	14800	14800	14800	14800	14800	14800	12100	14800	12100	12100	9900	12100	12100	12100	12100	12100	12100	9900	9900	8100	8100	8100	6600	6600	6600	6600	6600
machine learning artificial intelligence course	20	Medium	46	0.824078	6.293545	20	30	20	30	30	20	30	30	20	30	30	20	30	30	30	70	50	30	30	30	30	30	30	30	40	20	40	40	20	30	50	70	20	20	20	30	20	40	40	20	20	20	40	20	10	10	20	10
machine learning basics	4400	Low	24	0.299123	3.180842	5400	4400	5400	4400	4400	5400	5400	4400	5400	4400	5400	4400	5400	4400	5400	4400	4400	5400	5400	4400	4400	4400	5400	5400	5400	5400	5400	5400	4400	4400	4400	4400	4400	4400	5400	4400	4400	4400	6600	5400	5400	5400	4400	3600	3600	3600	3600	3600
machine learning become kaggle master course	10					0	0	10	10	0	0	0	0	0	0	0	10	0	0	0	0	0	0	0	0	0	10	0	0	0	0	0	0	0	0	0	0	0	0	0	0	0	10	0	0	10	10	0	0	0	0	0	0
machine learning beginner pdf	20	Low	5			10	10	20	10	10	10	10	10	10	10	10	10	10	10	20	20	20	20	10	20	30	20	20	20	10	20	30	30	20	30	20	30	20	20	30	20	30	20	20	10	20	10	20	20	10	20	20	10
machine learning best course on coursera	10	Low	21			10	10	10	10	10	10	10	10	10	10	10	10	10	10	10	10	10	10	10	0	0	0	0	10	10	10	10	10	10	10	10	0	10	10	10	10	10	10	10	10	10	10	10	10	0	10	10	10
machine learning best course on udemy	10	Medium	33			10	10	10	10	20	20	10	20	10	30	20	10	10	10	10	10	10	20	20	10	10	20	40	20	20	20	20	10	20	20	10	10	10	10	10	10	10	10	10	10	10	10	10	10	10	0	10	10
machine learning best course online	390	Medium	36	0.558252	5.78828	880	720	720	880	720	880	720	720	1000	1600	1600	720	1000	1000	1000	1000	1000	880	720	590	720	720	880	720	720	720	720	720	590	590	720	590	590	590	720	480	590	590	590	590	480	390	390	260	320	320	320	320
machine learning big data course	20	Medium	54	0.447911	1.508189	50	50	70	50	70	50	40	50	50	20	50	20	30	40	40	30	40	30	40	40	40	20	20	40	30	320	70	40	30	40	70	40	20	10	20	30	70	30	40	40	10	10	10	20	10	10	10	10
machine learning bioinformatics	590	Low	19	0.616195	5.150171	1000	1000	1000	880	880	880	1000	1000	1000	1000	1000	880	1000	880	880	880	880	880	880	880	880	880	1000	1000	880	1000	1000	720	880	720	720	880	880	590	880	720	720	720	720	590	480	480	480	480	480	390	480	390
machine learning bioinformatics course	20	Medium	56	2.228568	7.091027	20	10	10	30	10	30	10	10	20	10	20	20	10	10	10	20	20	10	20	20	30	20	20	20	40	20	20	30	30	40	30	40	40	30	20	20	20	20	20	20	20	10	20	20	10	10	10	10
machine learning biology course	10	Low	30	1.283364	5.14046	10	10	20	10	10	10	10	10	10	10	10	10	10	10	20	10	10	20	10	20	10	10	10	10	20	30	10	20	10	10	10	10	20	10	30	20	20	10	10	10	10	10	10	10	10	10	10	10
machine learning book	9900	High	78	0.069657	3.01	9900	9900	9900	9900	9900	9900	9900	9900	9900	9900	12100	9900	12100	9900	12100	9900	9900	12100	12100	12100	12100	12100	12100	12100	12100	12100	14800	12100	14800	12100	14800	12100	12100	12100	12100	12100	12100	12100	12100	9900	12100	12100	9900	9900	9900	9900	9900	9900
machine learning certificate google	170	Low	24	0.449968	4.83	390	320	390	390	320	390	390	320	320	320	390	320	320	320	390	390	390	390	390	390	320	320	390	390	390	320	390	260	260	260	210	210	210	260	260	210	260	210	210	140	170	140	110	140	110	110	110	170
machine learning certification	3600	Medium	50	0.718322	7.49	3600	2900	3600	3600	3600	3600	3600	3600	2900	2900	4400	3600	4400	4400	4400	4400	4400	4400	4400	4400	4400	4400	5400	5400	5400	5400	5400	6600	8100	6600	9900	6600	4400	4400	5400	5400	5400	5400	4400	3600	3600	2900	6600	2900	2400	1900	2400	2400
machine learning certification course for beginners	20	Medium	37	0.110139	0.72287	20	10	10	10	10	10	10	10	10	10	10	10	10	10	20	10	10	10	10	10	10	10	10	20	20	20	20	10	10	10	10	20	10	10	10	10	10	10	10	10	20	20	30	10	30	10	20	10
machine learning certification course free	110	Low	17	0.064557	0.62	70	70	90	90	140	140	110	110	110	110	140	140	140	110	140	140	170	140	110	90	140	140	170	140	140	110	170	170	210	140	110	90	110	140	140	110	110	110	110	90	90	90	170	90	70	70	110	170
machine learning chemistry course	10	Medium	59	0.808134	2.58	20	10	20	10	10	20	30	10	10	20	10	10	20	10	10	10	40	30	40	30	20	10	30	20	30	10	10	10	10	10	10	10	10	10	10	10	30	10	10	10	10	10	10	10	10	20	10	10
machine learning classroom course	10	Low	6			0	0	10	10	10	0	0	0	10	10	10	10	0	10	10	10	0	0	10	0	0	10	10	0	0	0	10	10	10	0	0	10	0	10	0	0	10	0	0	0	0	10	0	10	0	0	10	20
machine learning complete course	90	Low	23	0.280172	3.21	40	50	70	70	70	90	70	50	70	50	70	50	90	70	90	70	90	90	90	110	70	90	90	110	110	110	110	140	110	140	110	90	70	70	110	110	90	70	90	110	140	90	90	70	40	90	50	140
machine learning course 2023	10					0	0	0	0	0	0	0	10	0	0	0	40	50	40	50	40	40	40	20	30	20	20	20	10	10	10	0	10	10	10	10	0	0	0	0	10	10	0	10	0	10	0	0	0	0	0	0	0
machine learning course amazon	10	Low	24	1.14	5.73	10	10	10	10	10	10	10	10	10	10	10	10	10	10	10	10	10	20	20	10	10	20	20	20	10	10	10	10	10	10	10	10	110	30	40	20	10	10	10	10	10	10	10	20	10	10	10	10
machine learning course ameerpet	10	High	82	0.428351	1.210196	0	0	0	10	0	0	0	0	10	10	10	0	10	10	10	10	10	20	10	10	10	10	10	10	10	20	10	10	10	10	10	0	10	10	20	10	10	10	20	20	10	20	10	10	10	10	10	10
machine learning course amsterdam	10	High	86			10	10	10	10	10	10	10	10	10	10	10	10	10	0	10	10	10	10	10	20	10	10	10	10	10	10	10	10	10	10	10	10	10	10	10	10	10	10	0	10	10	10	10	0	10	0	10	10
machine learning course answers	10	Low				10	10	20	20	20	10	10	10	10	10	10	10	10	10	10	10	10	10	10	10	0	10	10	0	0	10	10	10	10	10	10	10	10	10	10	10	10	0	0	0	10	0	0	0	0	10	0	10
machine learning course austin	10					0	0	0	0	0	0	0	0	0	0	10	0	0	0	0	10	0	0	0	0	10	0	10	10	0	0	0	10	0	10	0	10	10	0	0	0	0	0	0	10	0	0	10	0	0	0	0	0
machine learning course australia	30	Medium	64	1.777434	10.517072	20	20	20	30	40	40	30	30	30	30	50	40	30	50	40	40	50	50	50	50	40	20	30	50	40	30	30	30	30	20	20	20	110	70	30	30	40	30	30	30	50	20	30	10	20	20	20	20
machine learning course bangalore	260	Medium	52	0.506382	1.90305	390	320	390	480	320	390	320	320	320	390	320	390	320	390	480	480	590	390	480	480	320	390	480	590	590	480	590	480	480	390	390	210	320	320	390	390	480	390	320	320	320	260	170	140	260	140	170	110
machine learning course bangalore marathahalli						0	0	10	0	0	0	0	0	0	0	0	0	0	0	0	0	0	0	0	0	0	0	0	0	0	0	0	0	0	10	0	0	0	0	0	0	0	0	0	0	0	0	0	0	0	0	0	0
machine learning course bangalore quora	10					0	0	0	0	0	0	0	0	0	10	0	0	0	0	10	0	0	0	0	0	10	0	0	0	0	0	0	0	0	0	0	0	10	0	0	10	10	10	0	0	0	0	0	0	0	0	0	0
machine learning course beginners	20	High	82	0.810923	2.799142	20	10	10	20	20	10	30	10	10	10	20	20	20	20	20	10	30	20	10	30	20	30	20	30	20	10	40	20	20	20	20	20	20	20	20	30	10	20	20	20	30	10	10	10	20	10	10	10
machine learning course benefits	10	Low	17			20	10	10	10	30	10	10	10	10	10	10	20	10	10	10	20	20	10	10	10	10	10	10	10	10	20	20	20	10	10	10	10	10	10	10	10	20	20	10	10	10	10	20	10	20	10	10	10
machine learning course berkeley	10	Medium	53	0.822604	30.517126	10	10	10	10	10	20	10	10	10	10	20	10	10	20	20	10	10	10	20	10	10	20	30	20	20	20	10	10	10	10	20	10	30	20	10	20	10	10	10	20	10	10	10	20	10	10	10	10
machine learning course berlin	10	High	86			10	10	10	10	10	10	10	10	10	10	10	10	10	10	10	10	10	10	10	10	10	10	20	10	10	10	10	10	10	10	10	10	10	10	10	10	10	10	10	10	10	10	10	10	10	10	10	10
machine learning course best	20	Medium	57	0.458425	1.858908	20	10	10	20	20	20	20	20	20	20	30	20	30	10	30	10	20	30	40	20	30	30	30	20	20	40	40	30	20	30	30	30	10	10	30	20	20	30	20	30	30	20	20	20	10	20	20	10
machine learning course boston	10					0	10	0	10	0	10	10	0	10	0	10	10	10	0	10	0	0	0	0	10	0	0	10	0	0	10	10	10	10	0	10	10	0	0	0	10	10	0	10	10	10	10	0	10	0	0	0	0
machine learning course brisbane	10					10	10	10	0	0	0	0	10	10	0	10	10	10	10	0	10	10	10	10	10	10	0	0	10	10	10	0	0	0	10	10	10	10	0	10	0	0	10	0	10	10	0	0	10	10	10	0	0
machine learning course by google	1600	Low	25	0.29986	2.81	1600	1300	1600	1900	1900	1900	1900	1600	1600	1600	1900	1900	2400	1900	1900	2900	2900	2900	2400	1900	1900	2400	2400	2400	2900	2400	2400	2400	1900	2400	1900	2400	2400	5400	2400	2400	1900	1600	1600	1600	1600	1600	1600	1600	1600	1600	1300	1000
machine learning course by iit	10	High	71	0.195819	1.990607	10	10	10	20	20	20	30	30	30	10	10	20	20	10	20	30	30	30	10	10	20	10	30	10	10	10	10	10	10	20	10	10	10	10	10	10	10	10	10	10	10	10	10	10	10	10	10	10
machine learning course calgary	10	High	86			10	0	0	10	10	10	10	10	10	10	10	10	10	10	10	10	10	10	0	0	10	10	10	10	10	10	10	10	10	10	10	0	10	20	10	10	10	10	10	10	10	10	10	10	0	0	10	10
machine learning course canada	40	Medium	61	0.864184	5.295046	140	140	170	140	110	140	140	140	110	110	110	90	110	140	170	110	140	110	110	70	70	70	70	70	110	90	70	90	70	70	50	70	50	70	70	50	90	50	90	50	50	40	40	30	30	20	20	30
machine learning course carnegie mellon	170	Low	16	1.71	6.04	210	170	140	140	170	210	170	170	210	210	170	170	210	210	170	140	170	210	170	170	260	210	260	210	210	260	210	170	210	260	260	260	320	260	260	210	210	210	170	170	170	170	170	170	210	170	210	110
machine learning course chennai	210	Medium	53	0.572112	1.754005	320	210	320	880	320	390	590	480	260	210	320	390	320	320	390	320	390	320	320	320	210	260	390	320	320	320	480	320	260	210	210	170	170	170	210	320	390	320	260	210	170	170	110	90	210	90	110	140
machine learning course chicago	10					0	10	10	0	0	10	10	0	0	10	10	10	0	0	10	0	10	10	0	10	0	0	0	10	10	10	0	10	0	10	0	10	10	10	10	10	10	10	10	0	0	10	0	0	10	0	10	0
machine learning course coding blocks	10	Low				10	10	10	10	10	10	10	10	10	10	0	10	10	10	10	10	10	10	0	0	0	10	10	20	10	10	10	10	10	10	10	10	10	10	10	10	10	10	10	0	10	10	10	0	10	10	10	10
machine learning course coding ninjas	10	Medium	50	0.341182	1.661985	20	20	20	30	30	30	30	30	20	20	30	30	20	20	30	50	50	40	20	20	20	30	30	40	30	30	50	30	40	30	30	30	10	20	20	10	20	10	10	10	10	10	10	10	10	10	10	10
machine learning course content	70	Low	33	0.398363	1.50238	70	70	70	70	70	90	70	90	50	70	70	70	90	40	70	90	90	110	90	90	70	90	90	70	70	70	90	50	70	50	70	50	50	50	40	50	50	50	40	50	40	40	70	70	90	90	70	90
machine learning course cost	10	High	73	0.325584	1.582571	10	10	20	10	10	20	20	20	10	10	20	10	20	10	10	10	10	20	20	10	10	20	20	30	20	20	20	20	10	20	20	20	10	20	20	20	20	20	30	20	20	10	10	10	10	10	20	10
machine learning course curriculum	10	Medium	66	0.251387	3.119185	10	20	20	10	20	10	10	20	20	20	30	20	20	20	20	20	20	20	20	20	20	20	20	20	10	20	20	10	20	10	10	10	10	20	10	10	10	10	20	30	30	20	10	10	10	10	10	10
machine learning course datacamp	10	Medium	37	1.247155	3.907247	10	10	10	10	10	10	10	10	0	10	10	10	10	10	10	10	10	10	10	10	10	10	10	10	20	10	10	10	20	10	10	20	10	10	20	10	10	20	10	10	20	10	10	10	10	10	10	10
machine learning course delhi	10	High	71	0.502156	1.353751	10	10	10	10	10	10	10	10	10	20	10	10	10	30	10	10	20	10	20	20	20	10	10	20	20	10	10	20	40	10	10	10	10	10	10	10	20	20	20	10	10	10	10	10	10	10	10	10
machine learning course description	20	Low	20	0.429383	3.32	40	40	50	40	40	50	50	50	50	40	70	40	70	40	30	30	30	40	50	40	50	40	40	40	30	40	30	20	20	30	30	20	20	20	10	20	20	20	10	20	10	10	10	20	10	10	20	20
machine learning course details	50	Medium	39	0.220556	0.673443	40	40	50	30	50	70	70	50	40	40	40	40	50	50	70	70	90	90	30	40	40	30	40	70	70	70	90	70	90	70	50	40	30	50	50	50	70	70	70	50	50	50	20	20	40	30	40	40
machine learning course download	10	Low	5			10	30	10	20	10	20	20	20	20	30	20	20	20	20	10	20	20	20	20	20	20	20	10	30	20	30	10	20	20	20	10	10	10	20	10	20	10	30	10	10	10	10	10	20	10	10	10	10
machine learning course dubai	10	Medium	34	1.823018	4.9448	20	30	10	10	10	10	10	10	10	10	10	10	10	10	0	10	10	10	10	10	10	10	10	10	10	20	10	10	10	10	10	10	10	10	10	10	20	10	10	10	0	0	10	30	10	10	10	10
machine learning course dublin	10	High	71			10	10	10	10	10	10	10	10	10	10	10	10	10	10	10	10	10	10	0	10	10	10	10	10	10	10	10	10	10	10	10	10	0	10	0	10	10	10	10	10	10	10	0	10	0	10	10	10
machine learning course duration and fees	50	Medium	48	0.319602	1.061645	30	50	70	40	70	70	50	50	50	40	50	70	40	70	90	70	90	90	40	70	70	70	90	90	70	90	110	90	70	90	50	50	70	50	70	50	50	70	90	50	70	50	40	40	30	30	40	40
machine learning course edureka	10	High	79	0.336837	2.423166	10	10	10	20	20	20	10	10	10	20	10	20	10	10	10	10	10	10	10	10	10	10	10	10	10	10	10	10	10	10	10	20	10	10	10	10	10	10	10	10	10	10	10	10	10	10	10	10
machine learning course egypt	10	Low	24			10	10	10	10	20	10	10	10	10	10	20	10	10	10	10	0	10	10	10	10	20	10	0	10	10	10	10	10	10	10	10	10	10	10	10	10	10	10	10	10	10	10	10	10	0	10	10	10
machine learning course eligibility	40	Low	21	0.32278	0.656949	50	70	70	50	70	70	50	40	40	40	70	40	50	40	70	90	90	90	50	50	40	50	70	40	50	90	90	70	50	50	50	40	90	50	50	40	70	70	90	40	50	30	20	30	30	20	30	20
machine learning course europe	10	Medium	43			10	10	10	10	10	10	10	10	10	0	10	10	0	10	10	10	10	10	10	10	10	0	10	10	0	10	10	10	0	10	10	10	10	10	10	10	10	10	10	0	10	10	10	10	10	10	10	10
machine learning course fee	260	Medium	53	0.286166	0.974706	260	260	320	320	320	320	320	260	260	260	320	260	320	320	390	390	390	390	390	320	260	320	390	390	480	480	590	590	590	390	390	320	390	320	390	320	390	320	390	390	320	260	210	170	170	170	170	170
machine learning course fee in bangalore	20	Low	33	0.454172	1.043574	40	20	50	20	40	40	40	30	30	40	40	30	40	20	40	50	40	40	30	30	30	10	30	30	20	40	30	50	20	30	10	10	20	20	20	10	10	30	10	40	20	10	10	10	10	20	10	20
machine learning course fee in hyderabad	10	Medium	64	0.487656	0.932875	20	30	30	30	30	20	30	30	20	30	30	40	10	20	20	30	20	20	10	20	20	10	10	10	30	10	20	20	20	30	10	10	10	10	10	10	10	10	10	10	10	10	10	10	10	10	10	10
machine learning course fees in chennai	20	High	73	0.457558	1.009556	20	10	30	40	20	70	20	10	10	30	20	20	20	20	30	30	20	30	50	40	10	20	10	30	40	20	40	20	20	10	20	20	20	20	20	20	30	20	30	30	20	10	10	10	10	10	10	20
machine learning course fees in delhi	10	High	71			20	20	10	30	10	10	10	10	10	10	10	20	20	30	10	20	20	10	10	20	10	10	10	30	10	10	10	20	30	10	10	10	30	10	10	10	10	10	20	20	20	10	10	10	10	10	10	10
machine learning course fees in india	30	Medium	65	0.295692	0.82292	10	20	20	30	30	10	20	10	10	20	30	40	30	30	40	40	40	40	20	30	20	30	30	40	50	40	40	50	30	10	20	20	50	40	40	40	30	70	30	20	20	40	20	30	20	20	40	30
machine learning course fees in mumbai	10	Low	7			10	20	10	140	20	10	10	10	10	20	10	10	10	10	10	10	10	10	10	20	20	10	20	10	10	20	20	20	10	10	10	10	10	10	20	70	10	10	20	20	10	10	10	10	10	10	10	10
machine learning course fees in pune	20	High	69	0.324189	0.909962	40	50	30	50	90	40	50	40	40	50	50	30	30	50	50	50	40	30	50	20	10	30	20	20	20	30	30	30	40	20	30	50	20	50	20	20	30	30	50	70	20	20	10	10	10	10	20	10
machine learning course finland	10					10	10	10	10	0	10	10	10	10	10	10	10	10	10	10	10	10	10	10	10	10	10	10	10	10	10	10	10	0	10	10	10	10	10	10	10	10	10	10	0	10	10	0	10	10	10	10	0
machine learning course for business analyst	10	Low				10	10	10	10	10	10	10	10	10	10	10	10	0	10	10	10	10	10	10	10	10	10	10	10	10	10	10	10	10	10	10	10	10	10	20	10	10	10	10	10	10	10	10	10	10	10	10	10
machine learning course for mechanical engineers	20	Medium	57	0.384041	0.998263	40	40	40	40	50	40	30	20	30	20	30	20	30	10	30	20	40	20	30	20	30	40	30	40	30	30	40	50	40	30	20	30	30	20	40	30	30	10	30	30	30	20	20	20	20	20	30	20
machine learning course for non technical	10	High	76	0.703489	1.928858	10	10	10	10	10	10	10	10	10	10	10	10	10	10	10	10	20	10	30	10	10	10	20	10	10	10	10	10	10	20	10	10	10	10	20	20	10	10	10	10	10	20	10	10	10	10	10	10
machine learning course for product managers	10	High	86	1.321744	5.09	10	10	30	10	10	10	10	10	10	10	10	20	20	10	10	20	20	10	10	10	10	10	30	30	20	10	20	20	20	10	10	10	10	10	10	10	10	10	20	20	10	10	10	10	10	10	10	10
machine learning course for working professionals	30	High	81	0.635504	2.143242	20	20	30	20	20	20	10	20	20	10	30	30	20	20	30	20	20	20	30	20	20	20	20	40	30	30	30	20	30	20	20	20	20	10	20	20	30	20	20	40	20	30	10	20	20	10	40	20
machine learning course free online	590	Low	26	0.195628	3.500942	390	320	480	480	480	480	390	390	390	480	590	480	590	480	720	590	720	590	590	480	480	590	590	590	480	590	590	590	590	480	480	480	480	480	590	590	590	590	720	720	720	480	1900	320	320	390	390	390
machine learning course free with certificate	1000	Medium	39	0.087016	1.050209	210	260	320	320	480	480	390	390	260	320	390	480	590	480	720	720	880	880	720	720	720	720	880	880	1000	880	1000	1300	1300	1000	1000	1300	1000	1000	1000	1000	1000	1000	1300	1300	1600	1300	1000	880	880	720	880	880
machine learning course from iit	10	High	75	0.565215	3.888076	10	10	10	10	10	10	10	20	10	10	10	10	10	10	10	30	20	20	10	10	10	10	30	20	10	20	20	20	20	10	20	10	10	10	10	10	20	10	30	20	20	10	10	10	10	10	10	10
machine learning course from scratch	20	Medium	52	0.413466	1.610306	10	10	10	10	10	10	10	10	10	10	20	10	10	20	20	20	30	20	20	40	10	40	40	30	30	30	30	30	40	40	40	30	20	20	30	20	30	30	20	20	30	30	20	10	20	10	10	10
machine learning course georgia tech	10	Medium	51	1.255092	5.0829	10	10	0	10	10	10	0	10	10	10	0	10	10	10	10	10	10	10	10	10	10	10	20	10	10	10	10	10	10	10	10	10	10	10	10	10	10	10	10	10	10	10	10	10	10	10	10	10
machine learning course germany	20	Medium	38	0.75	2.445219	30	40	30	40	40	50	30	40	40	40	40	50	30	30	50	50	50	20	20	30	40	20	40	40	40	40	30	40	40	30	30	30	30	30	50	30	20	20	30	30	30	30	20	20	10	10	20	10
machine learning course gurgaon	50	Low	33	0.377985	1.437053	50	30	50	30	40	70	30	30	20	20	30	30	20	50	50	70	40	70	50	50	40	70	40	30	30	50	40	40	30	40	30	20	40	110	110	110	140	90	40	40	30	40	170	10	20	10	20	30
machine learning course harvard	260	Medium	42	0.86	4.13	70	90	90	110	110	110	140	110	140	170	170	140	170	170	170	210	210	210	170	170	210	210	260	320	320	320	260	260	210	210	260	260	320	260	260	210	210	260	260	320	260	320	260	260	210	320	320	260
machine learning course hk	10					10	10	10	10	10	10	10	10	10	10	10	10	10	20	10	20	10	0	10	10	10	10	10	10	10	10	10	10	0	10	10	10	10	20	10	10	20	10	10	10	10	10	10	10	10	10	10	0
machine learning course hong kong	10	High	86			10	20	20	10	10	10	10	10	10	10	10	20	10	20	20	10	10	10	10	10	10	10	10	10	10	30	20	10	10	10	10	10	20	10	10	20	30	10	10	10	10	10	10	10	10	10	10	10
machine learning course hyderabad	210	Medium	35	0.366452	1.34218	260	260	260	260	260	210	210	260	170	210	210	170	170	260	390	260	320	320	320	260	260	320	320	480	480	260	480	590	720	590	390	260	210	390	320	390	480	390	320	260	260	140	140	110	170	170	170	210
machine learning course iisc	10	High	88	0.350039	1.652487	10	10	10	10	10	10	10	10	10	10	10	10	10	10	10	10	10	10	10	10	10	10	10	10	10	10	20	10	20	10	10	30	10	10	10	10	10	10	10	10	10	10	10	10	10	10	10	10
machine learning course iit	40	Medium	62	0.272414	1.750099	50	30	40	40	40	40	30	30	30	20	40	30	30	40	40	50	50	70	30	50	30	40	70	40	40	50	50	50	50	40	30	30	40	30	30	50	40	40	50	30	40	40	30	50	30	40	40	20
machine learning course iit bombay	10	Medium	49	0.256111	1.276338	10	10	10	20	10	20	10	10	20	20	20	20	10	20	20	20	10	20	10	10	10	20	30	20	20	20	20	20	20	10	10	20	10	20	20	20	10	20	20	20	20	10	10	10	10	20	10	10
machine learning course iit delhi	10	High	79	0.282663	1.832929	10	10	10	10	20	20	20	20	20	20	10	10	10	10	10	10	20	30	20	10	10	20	20	20	20	30	10	20	20	30	10	10	20	20	20	20	20	20	10	20	20	10	10	10	10	10	10	10
machine learning course iit kharagpur	10	Medium	45	0.553797	1.725187	10	10	10	20	10	10	10	10	10	10	10	10	10	10	10	10	20	20	10	10	10	10	20	10	10	10	10	10	10	20	10	10	10	10	10	10	10	10	10	10	10	10	10	10	10	10	10	10
machine learning course iit madras	20	Medium	43	0.514446	2.242092	20	20	20	30	20	20	20	10	30	20	30	20	20	20	40	30	30	30	20	30	20	20	30	50	30	30	40	20	50	20	30	30	20	30	30	30	30	30	50	20	30	10	20	10	30	10	10	10
machine learning course in	10	Low				10	10	0	10	0	10	0	10	10	10	10	10	0	10	10	10	10	0	10	10	0	10	10	10	10	10	10	10	10	10	10	10	10	10	0	10	10	0	10	10	10	10	10	10	10	0	0	10
machine learning course in ahmedabad	70	Low	21	0.411557	0.896488	50	50	40	50	70	50	40	30	50	20	30	30	30	40	50	50	70	70	30	40	40	40	140	70	50	90	50	90	50	50	50	40	40	50	70	140	140	140	70	50	50	40	110	40	50	50	50	70
machine learning course in ameerpet	20	Medium	55	0.417811	1.039209	20	10	20	20	30	20	20	10	20	50	30	20	10	10	20	30	70	30	20	30	30	20	30	30	30	50	30	70	40	50	40	40	50	40	20	20	20	30	20	20	10	10	10	40	10	10	10	10
machine learning course in australia	20	High	73	0.435239	1.42	10	10	10	10	10	10	10	10	10	10	10	10	10	10	10	10	10	10	10	20	10	10	10	10	10	10	10	10	10	10	10	10	210	170	50	30	40	40	40	20	20	10	20	10	10	10	10	10
machine learning course in bangalore with placement	30	High	90	0.506382	1.769496	50	50	70	40	40	40	20	20	30	20	30	40	40	30	20	40	50	70	40	30	20	30	20	40	70	50	30	50	50	40	40	20	20	20	30	50	40	50	50	30	50	20	20	40	20	10	10	20
machine learning course in bangladesh	110	Low	4			70	50	70	70	50	70	90	70	70	50	90	70	90	70	50	70	110	90	110	90	70	70	90	70	110	110	110	70	70	70	90	110	90	140	170	110	70	110	170	110	140	140	140	110	140	90	110	90
machine learning course in banglore	260	Medium	52	0.506382	1.90305	390	320	390	480	320	390	320	320	320	390	320	390	320	390	480	480	590	390	480	480	320	390	480	590	590	480	590	480	480	390	390	210	320	320	390	390	480	390	320	320	320	260	170	140	260	140	170	110
machine learning course in bhopal	10	Medium	41	0.310815	0.685296	90	10	10	10	10	10	20	20	20	10	10	10	10	10	10	30	10	20	10	30	20	20	30	20	40	20	10	10	10	10	10	10	20	30	20	30	10	10	10	10	10	10	10	10	10	10	10	10
machine learning course in bhubaneswar	30	Medium	65	0.24696	0.741545	30	40	20	50	30	30	20	40	30	10	20	10	30	40	40	30	20	20	20	20	20	10	20	10	10	20	50	40	40	30	20	30	40	20	40	70	110	50	30	40	30	20	20	20	30	20	20	20
machine learning course in btm layout	10	High	86			10	10	0	0	0	0	0	0	0	0	0	0	0	0	10	0	0	0	0	0	0	0	0	0	0	0	0	10	0	10	10	10	10	0	0	0	0	0	0	0	0	10	0	10	10	0	0	10
machine learning course in canada	40	Medium	61	0.864184	5.295046	140	140	170	140	110	140	140	140	110	110	110	90	110	140	170	110	140	110	110	70	70	70	70	70	110	90	70	90	70	70	50	70	50	70	70	50	90	50	90	50	50	40	40	30	30	20	20	30
machine learning course in chandigarh	90	Low	29	0.311357	0.634268	40	30	40	50	20	10	10	20	30	30	30	30	30	40	90	70	70	140	70	70	70	50	70	50	90	110	90	90	70	40	20	20	30	70	110	210	210	210	170	50	110	50	50	30	50	50	40	30
machine learning course in chandigarh chandigarh						0	10	0	10	0	0	0	0	0	0	0	0	0	0	0	0	0	0	0	0	0	0	0	0	0	0	0	0	0	0	0	0	0	10	0	10	0	0	0	0	0	0	0	0	0	0	0	0
machine learning course in coimbatore	110	Low	32	0.410716	1.355319	50	50	70	90	90	70	50	70	90	50	70	50	50	90	140	70	90	90	90	70	90	90	140	110	170	90	90	110	170	170	70	40	50	50	70	210	170	170	320	260	140	110	90	40	40	30	30	50
machine learning course in dehradun	20	Low	13			10	10	10	10	10	10	10	10	10	10	10	10	10	10	10	10	10	10	10	10	10	10	10	10	10	10	30	30	10	10	10	10	10	20	10	10	40	50	10	20	30	30	30	10	10	20	30	10
machine learning course in delhi	170	Low	24	0.429422	1.005808	260	170	140	140	140	110	110	90	110	210	170	90	210	90	170	140	170	140	140	170	110	170	210	210	170	210	210	170	260	170	140	110	140	140	210	210	210	210	170	170	210	170	210	140	260	210	110	110
machine learning course in delhi fees structure	10	Low				10	0	10	10	0	10	10	10	0	0	0	10	10	0	0	0	0	0	10	10	0	0	0	0	0	10	0	10	10	0	0	0	10	10	10	10	10	10	10	10	0	10	0	0	0	0	10	10
machine learning course in delhi ncr	10	Low				10	10	10	10	10	10	10	10	10	10	10	10	10	10	10	10	10	0	0	10	10	10	10	0	0	10	0	10	10	10	10	10	10	10	10	10	10	20	10	10	0	0	10	10	0	10	0	10
machine learning course in dhaka	10	Low				10	10	10	10	10	0	10	20	10	10	10	10	20	10	10	20	10	10	10	10	10	20	10	10	10	10	10	10	10	10	10	0	10	20	10	10	10	10	10	10	10	10	0	10	10	10	10	10
machine learning course in dubai	20	Low	22			10	90	50	30	30	90	10	10	20	20	20	10	10	10	30	20	40	40	20	20	30	20	30	10	30	30	20	10	20	10	20	20	20	10	20	20	20	20	20	30	30	30	10	10	40	10	20	20
machine learning course in egypt	10	Low	17			10	20	30	30	20	20	20	10	10	10	10	20	20	10	40	20	30	20	10	20	20	20	20	20	20	20	40	50	40	20	30	20	10	10	10	10	10	20	30	20	10	20	10	10	20	10	10	10
machine learning course in ernakulam	10	Low	32			10	0	10	10	10	10	10	10	0	0	10	10	10	10	10	10	10	10	10	10	10	10	0	0	10	10	0	10	10	10	0	10	10	10	10	10	10	10	10	10	10	10	10	10	10	10	10	10
machine learning course in germany	20	Medium	38	0.75	2.445219	30	40	30	40	40	50	30	40	40	40	40	50	30	30	50	50	50	20	20	30	40	20	40	40	40	40	30	40	40	30	30	30	30	30	50	30	20	20	30	30	30	30	20	20	10	10	20	10
machine learning course in greater noida	10					10	10	10	10	10	0	10	0	0	30	10	0	10	10	10	10	10	0	10	10	10	0	0	10	10	10	0	0	0	10	10	10	0	10	0	0	10	10	10	0	10	0	10	10	0	0	10	0
machine learning course in hindi	50	Low	15	0.230705	0.551625	30	30	30	40	20	50	30	30	50	40	50	50	50	50	70	90	90	90	90	90	70	70	70	70	90	90	90	110	90	90	70	70	90	90	90	70	70	70	70	70	70	40	50	50	50	40	40	40
machine learning course in hyderabad ameerpet	20	High	94	1.311617	4.52854	20	10	20	20	10	10	10	10	10	20	20	20	10	20	40	50	70	50	30	20	40	40	50	30	50	50	40	50	70	30	30	20	20	20	30	20	20	50	10	40	10	10	10	10	10	20	10	10
machine learning course in hyderabad gachibowli						10	10	10	0	0	0	0	10	10	10	0	0	0	10	0	0	0	0	0	0	0	0	0	0	0	0	0	0	0	0	0	0	0	0	0	0	0	0	0	0	0	0	0	0	0	0	0	0
machine learning course in iiit hyderabad	10					10	10	0	0	0	0	0	10	0	10	0	0	10	0	0	10	0	0	0	0	0	10	0	0	0	0	10	0	10	10	10	0	0	0	0	0	10	10	10	0	0	10	0	0	0	10	10	0
machine learning course in iisc bangalore	50	Medium	58	0.501985	2.344172	30	20	30	70	50	30	30	30	50	30	50	40	30	30	30	30	50	50	40	30	30	30	50	70	70	50	90	70	140	110	70	70	70	90	50	70	70	50	70	90	90	50	40	40	40	40	50	50
machine learning course in iit	20	Medium	63	0.222213	0.998876	10	20	20	20	10	20	20	20	30	10	20	20	10	20	30	20	20	30	10	30	20	30	30	20	20	30	30	50	20	20	20	20	20	20	30	20	30	30	10	30	10	20	20	20	20	30	10	10
machine learning course in iit bombay	10					0	0	0	0	0	0	10	10	0	10	10	0	0	0	10	0	10	10	0	0	0	10	10	10	10	0	0	0	0	0	0	0	0	0	0	0	10	0	0	10	0	0	0	0	10	0	0	0
machine learning course in iit chennai	10					10	10	10	90	10	10	10	10	10	10	10	10	10	10	10	10	10	0	10	10	0	0	10	0	0	0	0	0	0	0	0	0	0	0	0	10	10	0	10	0	0	0	10	10	10	0	10	0
machine learning course in iit delhi	10	Low	29			10	10	10	10	10	10	10	0	10	10	10	10	10	0	0	0	10	10	10	0	0	0	0	10	0	10	0	10	10	0	0	0	10	0	10	10	10	0	0	0	10	0	10	0	10	0	0	10
machine learning course in iit hyderabad	10					10	10	10	10	10	10	10	10	10	10	10	10	0	10	0	10	0	0	10	10	10	10	0	10	0	10	10	0	0	10	0	0	0	0	10	0	0	0	10	0	0	0	10	0	0	10	0	0
machine learning course in indore	30	Medium	37	0.335225	1.073813	10	10	20	10	10	10	20	10	10	10	10	10	10	40	30	40	70	40	20	10	20	40	70	20	30	40	40	70	70	40	10	30	40	30	40	30	40	40	20	40	40	40	10	70	50	20	10	30
machine learning course in islamabad	10	Low	17			10	10	10	10	10	10	20	10	10	20	10	10	20	20	20	10	40	30	10	10	10	20	30	20	50	20	20	30	50	20	70	20	20	10	10	30	10	20	10	10	20	10	20	10	10	10	10	10
machine learning course in jaipur	90	Low	9			30	20	90	30	30	40	30	10	30	20	20	10	30	40	10	40	70	40	70	20	10	50	20	70	50	90	50	110	90	90	70	50	70	40	40	90	140	90	70	50	70	50	70	70	90	170	50	50
machine learning course in kanpur	10	Low	4			10	10	10	10	10	10	10	10	10	10	10	10	10	10	10	0	10	10	10	10	10	10	10	10	10	10	10	10	10	10	10	10	10	10	10	10	10	10	10	10	10	10	10	10	10	40	30	20
machine learning course in karachi	20	Low	30	0.08935	0.171329	30	10	10	10	20	20	10	20	10	10	10	10	30	20	20	40	20	30	30	30	10	40	20	10	40	30	20	30	30	30	30	50	50	20	20	10	10	20	40	20	20	20	20	20	10	20	30	10
machine learning course in kenya	30	Low	32	0.25	0.940621	10	20	30	40	10	20	20	30	20	30	30	20	10	20	30	20	20	20	20	30	20	20	30	50	30	30	30	30	20	10	10	30	20	10	90	30	40	30	30	20	30	20	20	30	30	30	50	20
machine learning course in kerala	90	Medium	58	0.268524	0.794301	50	40	70	70	40	50	50	40	40	40	50	40	170	90	110	110	90	70	70	70	70	70	70	70	70	110	210	140	110	70	70	70	70	70	140	90	110	140	170	110	90	50	50	50	40	50	50	50
machine learning course in kochi	20	Medium	50			10	10	10	10	20	20	20	20	20	40	10	30	20	10	20	30	40	20	40	40	10	10	10	10	10	20	40	50	20	20	40	50	20	20	30	30	20	30	50	40	20	20	20	10	10	20	10	10
machine learning course in kolkata	110	Medium	57	0.332169	0.94085	90	90	70	70	70	70	90	40	70	40	110	70	70	90	110	110	140	140	110	90	90	140	110	110	170	90	90	90	140	90	70	50	70	90	110	210	210	260	170	140	90	70	40	90	50	70	50	70
machine learning course in lucknow	40	Low	7	0.265087	0.791958	10	10	70	10	10	10	10	20	20	10	20	10	20	10	50	50	20	20	10	30	10	40	30	210	140	30	140	20	50	50	20	30	30	30	20	30	70	70	30	50	40	40	50	40	30	20	40	50
machine learning course in mangalore	10	Low				10	10	10	10	10	20	10	10	10	10	10	10	10	0	10	10	10	20	0	10	10	10	10	10	10	10	20	10	10	10	10	10	10	10	10	10	10	10	10	10	10	10	10	10	10	10	10	10
machine learning course in marathahalli	10	High	100			10	10	10	10	10	10	10	10	10	0	20	10	0	0	10	10	0	10	10	10	0	0	10	10	0	10	10	10	10	0	10	10	0	10	10	10	10	10	0	10	0	10	10	10	0	0	0	10
machine learning course in mohali	10	Low	16			10	10	0	10	10	0	10	10	10	10	10	10	10	10	10	10	10	0	10	10	0	0	0	10	10	10	0	30	10	10	10	0	0	0	0	10	0	10	10	10	10	10	10	10	10	10	0	10
machine learning course in mumbai	140	Medium	55	0.643935	1.392329	140	90	90	110	140	90	90	90	70	90	90	140	90	70	110	170	110	140	170	110	90	90	140	90	140	170	110	210	110	110	50	70	70	90	210	260	260	210	210	140	110	90	110	70	70	90	70	50
machine learning course in mysore	10	Medium	65	0.469912	1.268006	10	10	10	10	20	10	20	20	10	10	10	10	10	10	10	10	10	10	10	10	10	10	10	10	10	10	10	20	10	10	10	10	10	10	10	10	20	20	10	10	10	10	10	10	0	10	10	10
machine learning course in nagpur	30	Medium	58	0.454436	0.756411	10	10	10	10	10	70	90	30	10	10	10	10	10	10	20	10	30	20	30	20	40	30	20	10	30	30	40	70	30	50	30	20	10	20	20	50	50	40	40	50	20	30	20	30	20	10	10	10
machine learning course in navi mumbai	10	High	86			20	10	10	10	10	10	10	10	20	20	10	10	20	10	20	20	10	10	10	10	10	20	10	10	10	20	10	10	10	10	10	10	10	10	10	10	10	10	20	10	10	10	10	20	20	10	10	10
machine learning course in noida	70	Medium	38	0.38509	1.199675	50	90	110	70	50	40	40	50	50	50	50	70	70	110	70	50	70	50	70	110	140	90	90	140	260	260	260	210	320	110	50	50	50	70	170	140	210	140	50	50	70	30	110	30	50	30	30	40
machine learning course in nyc	10					10	10	10	10	10	0	10	0	0	0	0	0	0	0	0	0	10	0	10	0	0	0	0	10	0	10	0	0	10	0	0	0	0	0	0	0	0	10	0	0	0	0	0	0	0	0	0	0
machine learning course in pakistan	30	Low	11			0	0	0	0	0	0	0	0	0	0	0	0	50	40	30	30	50	50	20	30	20	10	30	30	50	40	50	40	30	40	30	30	20	30	40	30	40	40	30	30	40	40	20	30	20	10	20	20
machine learning course in patna	10	High	68	0.38184	1.083562	10	10	10	10	10	10	10	10	10	10	10	10	10	10	10	10	10	10	10	10	10	10	10	10	10	10	10	10	10	10	10	10	10	10	10	10	10	10	10	10	10	10	10	10	10	10	10	10
machine learning course in pimpri chinchwad	10	High	100			30	30	10	20	10	10	0	10	10	10	10	0	10	10	10	10	10	10	10	10	10	10	10	10	10	10	10	10	0	10	10	10	0	10	0	0	10	10	10	0	10	10	0	10	0	10	10	10
machine learning course in pune	390	Medium	50	0.306629	1.092982	1900	1900	1300	590	480	390	390	320	320	480	480	480	480	1300	720	720	590	480	390	480	480	590	590	590	720	590	720	880	880	720	720	720	480	590	590	590	480	590	480	480	320	320	390	210	320	170	210	210
machine learning course in pune university	10					10	10	10	10	10	0	10	10	10	10	10	170	10	0	0	10	10	0	10	0	0	0	10	0	0	0	10	10	0	0	10	10	10	0	0	0	0	0	10	0	0	0	0	0	0	10	0	0
machine learning course in python	1600	Low	17	0.388261	3.336951	1600	1600	1600	1600	1600	1600	1300	1300	1300	1300	1600	1600	1600	1600	1600	1600	1600	1600	1600	1600	1600	1300	1600	1600	1600	1300	1600	1600	1600	1300	1300	1300	1300	1300	1600	1300	1900	1600	1600	1600	1600	1300	1600	1000	1000	1000	1300	2400
machine learning course in r	90	Low	5	1.386561	5.48	110	110	110	90	90	70	90	110	110	110	140	110	140	110	110	110	90	90	90	110	90	110	90	110	90	110	90	110	140	110	210	70	50	110	50	50	70	70	70	50	50	50	40	40	40	50	50	390
machine learning course in ranchi	10	Medium	40			10	10	10	10	0	10	10	10	0	10	0	0	0	10	10	10	0	0	0	0	10	10	10	10	10	0	10	0	0	10	10	10	10	10	10	10	10	10	10	20	10	0	10	10	10	10	10	10
machine learning course in singapore	10	High	79			20	10	20	20	10	20	10	10	30	10	10	10	10	10	10	10	20	20	10	30	10	10	20	40	20	30	10	10	10	20	20	10	10	10	20	10	20	10	10	20	10	10	10	10	10	10	10	10
machine learning course in surat	20	Medium	35	0.236368	0.715838	10	10	20	10	10	10	10	10	10	10	20	10	10	20	20	20	50	20	20	20	10	10	20	10	30	20	30	20	10	10	10	10	20	20	20	40	70	40	30	20	20	10	10	10	10	20	10	20
machine learning course in tamil	20	Low	28	0.371248	0.617777	10	10	20	20	10	10	20	20	20	10	20	20	10	10	30	30	40	40	20	30	20	40	40	40	50	20	30	30	40	20	20	30	20	30	30	30	20	30	20	20	20	20	30	20	20	20	20	20
machine learning course in thane	30	Medium	33	0.325195	1.145345	20	20	20	50	30	20	20	20	20	40	20	10	20	10	20	20	40	40	20	10	30	20	40	30	30	50	50	30	30	20	20	10	20	10	30	110	140	110	50	20	10	20	20	10	10	10	10	20
machine learning course in trivandrum	20	High	78	0.2784	0.641532	10	10	20	30	10	10	20	10	20	10	40	20	10	20	20	30	30	40	30	30	30	20	20	20	50	20	70	40	40	30	30	40	20	10	30	20	30	20	40	20	40	30	10	10	10	10	20	10
machine learning course in urdu	10	High	71			10	0	0	10	10	10	10	10	10	10	10	10	0	10	10	10	10	10	10	10	0	10	10	0	10	0	10	10	10	10	0	10	10	10	10	10	10	10	10	10	20	10	10	10	0	10	10	10
machine learning course in usa	10	Low				30	20	20	30	40	30	20	10	10	10	30	30	20	20	20	20	20	50	20	10	20	30	20	30	30	20	40	20	40	50	20	40	20	30	20	20	10	10	10	10	10	10	10	10	10	10	10	10
machine learning course in vadodara	20	Low	13	0.332463	1.449402	10	10	10	20	10	10	10	10	20	10	10	10	10	10	10	20	10	10	10	10	10	20	20	20	10	10	10	20	20	10	10	10	10	10	10	10	20	10	10	40	30	40	30	20	20	10	10	40
machine learning course in vijayawada	10	High	75	0.265417	0.677943	30	20	20	20	10	20	10	10	10	10	10	10	10	10	10	10	10	10	10	20	10	10	10	10	0	10	10	10	10	10	10	10	10	10	10	10	10	30	10	10	10	10	10	10	10	10	10	10
machine learning course in vizag	10	Medium	43	0.470248	0.564292	10	10	0	10	10	10	10	10	10	10	10	10	10	10	10	20	10	10	10	10	10	10	10	10	10	10	10	10	10	10	10	10	10	10	10	10	10	10	10	20	10	10	10	10	10	10	10	10
machine learning course institute	10	Medium	41	0.360763	1.167129	10	10	10	10	10	10	10	0	0	10	10	10	10	10	10	10	10	10	10	10	10	10	0	10	10	10	20	20	10	10	10	10	10	10	10	10	30	10	10	10	20	20	10	10	10	10	20	20
machine learning course institute in pune	10					0	0	10	10	0	0	0	10	0	0	0	0	0	0	0	10	0	10	0	0	0	0	0	10	0	0	0	10	10	0	10	0	10	10	10	10	10	10	10	10	0	0	0	0	0	0	0	0
machine learning course io	10					0	10	0	10	10	10	10	0	0	0	0	0	0	0	0	0	0	0	10	10	0	0	0	10	0	0	0	0	0	0	0	0	10	0	0	0	0	0	0	10	10	0	0	10	0	10	0	0
machine learning course ireland	20	Medium	65	1.496034	4.186337	10	10	20	10	10	10	10	20	10	20	20	30	30	30	10	10	20	10	10	10	10	10	10	10	10	10	10	10	10	10	10	10	10	10	10	30	30	20	30	20	30	20	20	20	10	10	20	20
machine learning course kaggle	20	Low	9			20	10	10	20	10	20	20	20	20	10	20	30	10	10	20	20	30	20	20	30	20	20	20	20	20	20	30	20	30	20	30	20	20	20	20	10	20	20	10	20	20	20	10	10	20	20	20	10
machine learning course linkedin	20	Medium	40			10	10	10	10	10	20	20	10	10	10	20	10	20	20	10	20	20	10	10	10	10	20	20	10	20	20	20	20	20	20	20	10	10	10	20	20	20	30	10	30	20	20	10	10	10	10	10	10
machine learning course malaysia	30	Medium	35	0.427173	1.67	30	20	30	20	40	20	30	20	20	20	30	50	30	40	30	40	40	20	40	10	20	20	40	30	30	20	30	50	50	20	20	40	30	20	50	30	30	30	40	10	30	20	20	20	40	30	20	30
machine learning course material	30	Low	22	0.588276	2.161005	10	10	20	10	30	30	40	30	20	40	50	20	20	20	30	30	30	20	40	40	20	30	20	40	20	20	30	30	40	30	40	20	30	20	50	30	30	20	20	20	30	30	20	10	30	20	30	30
machine learning course matlab	70	Low	25	0.330832	2.303783	110	110	110	70	70	90	90	110	140	90	110	90	110	90	110	140	90	110	110	140	110	110	140	140	140	140	140	110	110	110	110	140	110	110	90	90	140	90	70	70	90	50	90	50	50	50	50	90
machine learning course mcgill	10	Low	5			10	10	10	10	10	10	10	10	10	10	10	10	10	10	10	10	10	10	20	10	10	10	10	10	10	10	10	10	10	10	10	10	10	10	10	10	10	10	10	10	10	10	10	10	10	10	10	10
machine learning course means	40	Low	13	0.07	0.54795	30	20	30	30	40	30	30	40	30	20	30	20	30	30	40	40	50	50	20	30	20	30	30	20	40	30	50	50	50	40	20	30	20	30	30	40	30	50	50	40	50	30	30	20	30	30	50	30
machine learning course melbourne	10	Low	12			10	10	10	20	10	10	10	10	10	10	20	10	20	20	30	20	20	10	30	30	10	10	20	30	30	20	20	20	10	10	10	20	10	10	30	20	30	30	20	30	10	10	20	10	10	0	10	10
machine learning course mohali	10	High	79			10	0	0	10	0	0	0	0	0	0	0	0	0	0	0	0	10	0	0	0	10	0	0	0	0	10	0	0	0	0	0	0	0	10	0	0	0	10	10	10	10	0	0	10	0	10	0	10
machine learning course montreal	10	High	86			10	10	20	10	20	10	10	10	10	10	10	10	10	10	10	10	10	10	10	10	0	10	10	10	10	10	10	10	0	0	10	10	10	10	10	10	10	10	10	10	10	10	10	10	10	0	10	10
machine learning course mumbai	140	Medium	55	0.643935	1.392329	140	90	90	110	140	90	90	90	70	90	90	140	90	70	110	170	110	140	170	110	90	90	140	90	140	170	110	210	110	110	50	70	70	90	210	260	260	210	210	140	110	90	110	70	70	90	70	50
machine learning course near me	390	Medium	58	0.420584	2.281113	210	260	320	390	320	320	260	210	210	210	260	390	320	390	390	480	480	590	480	480	390	480	720	480	590	590	880	720	480	480	320	390	260	320	480	480	480	480	390	390	480	320	320	320	260	320	260	210
machine learning course new york	10	High	95	3.36	4.87	10	0	10	10	10	10	10	10	10	10	10	10	10	10	10	10	10	10	10	10	10	10	10	10	10	10	10	10	10	10	10	10	10	10	10	10	10	10	10	10	10	10	10	0	10	10	10	10
machine learning course nus	10	High	71			10	10	10	10	10	10	10	10	10	10	10	10	10	10	10	10	10	10	10	0	10	10	10	10	10	10	10	10	10	10	10	10	10	0	10	10	10	10	10	10	10	10	10	10	10	10	10	10
machine learning course nyc	10	High	95	3.36	4.87	10	0	10	10	10	10	10	10	10	10	10	10	10	10	10	10	10	10	10	10	10	10	10	10	10	10	10	10	10	10	10	10	10	10	10	10	10	10	10	10	10	10	10	0	10	10	10	10
machine learning course nz	10	High	86			10	10	10	10	10	10	10	10	0	10	10	10	10	10	20	10	20	10	20	10	20	10	20	20	10	10	10	10	10	10	10	10	10	10	10	10	10	10	10	10	10	30	10	10	10	10	10	10
machine learning course objectives	10	Low	19			30	20	30	10	10	20	20	20	20	10	30	10	20	10	30	40	30	30	30	20	10	10	20	20	20	10	20	10	20	20	10	10	10	10	10	10	10	10	10	10	10	10	10	10	10	10	10	10
machine learning course objectives and outcomes	10	Low	19			50	20	40	20	20	20	30	10	20	20	20	10	40	10	20	10	10	10	10	10	10	10	10	10	0	10	10	10	10	10	10	0	0	10	0	0	10	0	10	0	0	0	10	10	0	0	0	10
machine learning course offline	40	High	75	0.399979	1.300816	10	10	20	20	20	20	20	10	20	20	20	20	10	30	20	20	50	40	30	40	20	40	20	10	40	30	40	50	50	20	40	30	30	50	40	30	40	20	50	50	50	30	30	50	40	30	20	20
machine learning course online	3600	Low	24	0.62263	6	2400	2400	2400	2900	2400	2900	2400	2400	2400	2400	2400	2400	2900	2400	2900	2900	2400	2900	2400	2400	2400	2400	2900	2900	2900	2900	2900	2900	2900	2400	2900	3600	5400	3600	5400	3600	4400	4400	4400	3600	3600	2900	6600	2900	4400	2900	2400	2900
machine learning course online best	10	Medium	33			10	10	10	10	10	10	10	10	10	10	10	10	10	10	10	10	10	0	10	10	10	10	0	10	10	0	10	10	10	0	0	10	0	0	0	0	10	0	0	10	10	0	10	0	0	0	0	10
machine learning course online india	10	Medium	57			10	10	10	20	10	20	10	20	10	10	10	20	10	10	20	20	10	20	20	50	20	10	10	10	20	10	10	20	20	10	10	10	10	20	20	10	10	20	10	20	20	10	10	10	10	10	10	10
machine learning course online quora	10					10	10	10	10	10	10	10	10	10	0	10	0	10	10	10	0	0	0	0	0	0	0	10	0	10	0	10	10	0	0	0	10	10	0	10	0	10	0	0	10	0	0	0	0	0	0	0	0
machine learning course online with placement	10	High	86			10	20	20	10	20	10	10	10	10	10	10	10	10	10	10	10	10	10	50	30	10	10	10	30	10	10	10	10	10	10	10	10	10	10	10	10	10	10	10	10	10	10	10	10	10	10	10	10
machine learning course outcomes	10	Low				50	30	70	30	40	50	50	30	40	50	40	50	40	30	50	40	70	50	30	40	30	30	30	40	40	30	50	20	40	20	20	10	10	20	20	20	10	30	20	10	10	10	10	10	10	10	10	10
machine learning course outline	1300	Low	15	0.260035	0.935418	1600	1300	1600	1600	1600	1900	1900	1600	1600	1600	1600	1600	1600	1600	1600	1600	1900	1600	1600	1600	1300	1600	1900	1600	1600	1600	1900	1900	1900	1900	1300	1300	1300	1300	1600	1300	1300	1300	1300	1300	1600	1300	1300	1000	1300	1300	1300	1300
machine learning course overview	10	Low	17			10	10	10	20	20	10	10	10	10	10	10	10	20	20	10	10	10	20	10	10	10	10	20	10	10	20	20	10	10	20	10	10	10	10	10	10	10	10	10	10	10	10	10	10	10	10	10	10
machine learning course oxford	40	Medium	49	1.325209	7.270586	50	30	50	30	50	40	40	50	40	40	50	50	40	40	50	30	40	40	50	70	30	50	70	50	70	40	50	40	40	50	40	70	50	30	50	50	40	40	30	40	40	30	40	70	40	40	50	40
machine learning course pdf	210	Low	12	0.337525	3.016733	140	110	90	90	90	90	140	110	110	110	170	170	90	90	170	140	140	210	210	210	210	210	260	320	320	320	260	260	260	260	320	320	260	260	320	260	260	260	260	260	210	260	260	260	170	210	170	210
machine learning course perth	10					10	10	10	10	0	10	10	10	10	0	10	0	0	10	10	10	0	10	10	10	10	10	10	10	0	10	10	0	0	10	0	10	10	10	0	10	10	10	10	10	10	10	10	10	10	10	0	0
machine learning course ppt	40	Low	4			50	30	30	40	40	50	70	70	90	50	30	50	30	20	40	40	20	40	30	40	50	50	90	70	90	40	50	30	50	50	70	40	40	50	50	50	30	20	50	30	70	50	40	40	20	20	40	40
machine learning course prerequisites	20	Low	25	0.504691	2.468501	30	30	20	20	20	10	30	20	10	20	20	20	20	10	30	20	30	30	10	20	10	20	20	30	20	10	20	20	20	10	20	10	20	20	30	20	20	20	20	20	30	20	10	10	10	10	10	10
machine learning course price	30	Medium	51	0.322915	1.39	20	20	30	20	20	10	20	20	10	10	30	20	20	20	20	30	20	30	40	20	20	20	20	40	30	40	40	30	30	20	30	30	30	20	30	40	40	50	40	50	50	30	20	10	20	20	20	20
machine learning course project	10	Low	24			30	20	10	20	20	20	30	50	20	20	20	20	20	10	20	10	20	20	30	50	20	40	20	30	50	20	20	10	20	50	30	40	20	20	20	20	30	30	10	10	10	20	10	20	10	10	10	10
machine learning course python	1600	Low	17	0.388261	3.336951	1600	1600	1600	1600	1600	1600	1300	1300	1300	1300	1600	1600	1600	1600	1600	1600	1600	1600	1600	1600	1600	1300	1600	1600	1600	1300	1600	1600	1600	1300	1300	1300	1300	1300	1600	1300	1900	1600	1600	1600	1600	1300	1600	1000	1000	1000	1300	2400
machine learning course quora	10	Medium	36			20	30	20	20	10	30	30	10	20	10	20	20	10	10	30	20	10	10	10	10	10	10	20	20	20	10	20	10	20	20	10	10	10	10	10	10	10	10	10	10	10	10	10	10	0	10	10	10
machine learning course r	90	Low	5	1.386561	5.48	110	110	110	90	90	70	90	110	110	110	140	110	140	110	110	110	90	90	90	110	90	110	90	110	90	110	90	110	140	110	210	70	50	110	50	50	70	70	70	50	50	50	40	40	40	50	50	390
machine learning course recommendation	10	Medium	54			10	20	10	10	10	10	10	20	20	10	10	20	20	10	10	10	10	10	10	10	10	10	10	10	10	10	10	10	20	10	10	10	10	10	10	10	10	10	10	10	20	10	10	10	10	10	10	10
machine learning course reddit	170	Low	8	0.816238	3.66	90	70	110	110	110	110	110	140	110	140	170	170	170	140	170	170	170	170	170	170	170	170	210	260	260	210	260	260	210	210	210	210	210	320	390	260	170	210	170	210	210	170	170	170	140	110	140	110
machine learning course requirements	10	Low	29	0.141598	1.578909	10	20	10	20	10	20	10	10	10	10	20	20	20	10	20	20	30	20	10	20	10	20	20	20	20	10	20	20	20	10	10	10	20	20	30	20	10	30	20	20	10	10	20	10	10	10	20	10
machine learning course review	10					10	10	10	20	10	10	10	10	20	20	10	10	10	10	10	10	10	10	20	10	10	10	10	10	10	10	10	10	10	10	10	10	10	10	10	10	10	10	10	10	10	10	10	10	10	10	10	0
machine learning course roadmap	30	Low	24	0.129382	0.716925	0	0	0	0	0	0	0	0	0	0	0	0	0	0	20	20	20	20	20	20	20	30	30	30	40	30	50	50	50	50	40	30	30	40	50	30	20	30	30	30	40	30	20	30	30	30	20	20
machine learning course san francisco	10					10	10	0	0	0	10	10	10	10	10	10	10	10	10	10	10	10	10	10	0	0	10	10	0	10	10	0	10	10	0	10	0	0	0	10	10	10	10	0	0	10	0	0	0	0	0	0	0
machine learning course simplilearn	20	Low	32	0.359208	2.77	20	20	20	20	10	20	20	10	20	30	30	30	20	20	30	20	20	20	20	10	10	10	20	20	20	20	20	30	10	20	20	10	20	20	30	20	30	30	30	30	30	20	20	20	10	30	10	20
machine learning course singapore	140	Medium	50	1.76006	5.036701	110	110	110	90	110	110	70	90	50	50	70	110	110	90	110	140	140	140	90	110	110	90	90	90	140	70	90	90	70	50	50	70	50	40	110	90	90	210	390	320	90	140	140	70	70	90	70	50
machine learning course slides	40	Low	11	0.447849	1.86	20	20	20	10	50	40	40	40	50	30	30	40	40	20	30	30	20	50	50	40	40	40	40	50	40	30	40	40	40	40	40	50	20	40	90	50	50	30	20	20	30	50	90	40	50	30	70	40
machine learning course solutions	10					10	10	10	10	10	10	10	10	10	10	10	0	0	10	0	0	10	0	0	10	0	10	0	10	0	0	0	0	10	0	10	0	0	0	10	0	10	0	0	10	0	10	0	0	10	0	10	0
machine learning course south africa	10	Medium	51	0.361863	1.043197	20	20	40	20	20	30	20	30	70	50	40	40	30	40	20	50	40	20	20	30	40	20	30	20	20	10	20	20	10	20	10	20	10	10	30	20	10	20	20	10	20	10	30	10	20	10	10	10
machine learning course stanford	1300	Medium	43	0.644297	4.22	720	720	880	880	880	880	720	720	720	720	880	880	880	880	880	880	880	880	880	880	880	880	1000	1000	880	880	1000	1000	1300	1000	1000	1000	880	1000	1300	1000	1000	880	1000	1000	1000	1300	1000	1300	1000	1000	1600	1300
machine learning course structure	10	Low	27	0.173817	7.74	10	20	10	20	30	10	10	10	10	10	20	20	20	10	20	20	20	10	20	20	10	10	20	10	10	10	10	10	10	20	10	10	10	10	10	10	20	20	20	40	30	10	10	10	10	10	10	10
machine learning course subjects	20	Low	19	0.202923	0.75	10	10	10	10	20	10	10	10	10	20	10	10	10	20	20	10	30	20	10	10	20	10	10	10	20	20	30	20	20	10	10	10	20	10	30	20	30	20	40	30	20	10	20	10	10	10	20	10
machine learning course sydney	10	Low				10	10	20	10	10	10	10	10	10	10	10	10	10	10	10	10	20	20	10	20	10	20	10	20	30	10	20	10	10	20	10	30	10	10	10	10	20	10	10	10	10	10	10	0	10	10	10	10
machine learning course topics	20	Medium	40	0.283047	1.225356	30	10	20	30	20	40	40	30	20	20	30	20	20	20	30	20	40	30	20	20	30	30	30	30	40	20	30	30	40	30	20	10	20	10	10	20	20	20	30	30	20	20	20	20	20	30	20	30
machine learning course toronto	10	Medium	64	1.621223	4.79	10	20	10	20	10	30	20	20	20	20	30	20	20	20	40	40	20	40	30	30	40	30	30	30	20	30	20	20	10	20	10	20	20	10	20	20	10	20	10	10	20	10	10	10	20	20	10	20
machine learning course torrent	10	Low	1			10	10	10	10	10	10	10	10	10	10	30	20	10	10	20	10	20	10	20	10	10	30	10	10	10	10	30	10	20	10	10	10	10	10	10	20	10	10	10	10	10	10	10	10	10	10	20	20
machine learning course uae	10	High	68	2.633544	4.382552	10	10	10	10	10	10	10	10	10	10	10	10	10	10	10	10	10	10	10	10	10	10	10	10	10	10	10	10	10	10	10	10	10	10	10	10	10	10	10	10	10	0	10	10	10	10	0	10
machine learning course udacity	70	Low	16	1.148577	5.26	110	90	90	90	110	110	110	90	70	90	110	90	90	90	70	90	70	50	70	50	70	70	90	50	90	50	70	70	30	50	70	50	40	40	70	70	90	70	70	70	50	40	170	30	50	50	90	40
machine learning course uk	70	Medium	39	1.345171	4.502865	90	90	110	210	140	210	170	170	140	170	210	140	170	140	210	140	110	90	140	140	110	110	140	110	90	110	90	90	70	70	90	70	90	70	70	90	110	90	90	90	90	50	90	90	30	30	40	30
machine learning course university	40	Medium	41	0.346524	2.089371	30	30	10	20	30	40	30	30	30	30	30	20	50	30	50	50	30	40	30	30	50	50	40	40	40	50	40	50	30	40	50	30	50	30	30	50	50	40	20	40	30	50	50	20	30	40	20	50
machine learning course university of washington	10	Low	14			10	10	10	10	10	10	10	10	10	10	10	10	10	10	10	10	10	10	10	10	10	10	10	10	10	10	10	10	0	10	10	10	10	10	10	10	10	10	10	10	10	0	10	10	10	0	0	10
machine learning course upgrad	10	Low	29			20	10	20	20	10	30	20	10	10	10	10	10	10	10	10	10	10	10	10	10	10	10	10	10	10	10	10	10	20	10	10	10	10	10	10	10	10	10	10	10	10	10	10	10	10	10	10	10
machine learning course using python	10	Medium	46	0.478133	1.806846	10	10	20	10	10	10	10	10	10	10	10	10	10	10	10	10	10	10	10	10	10	10	20	10	10	10	10	10	20	10	40	10	10	10	10	10	10	10	10	10	10	10	10	10	10	10	10	10
machine learning course vancouver	10	High	86			10	10	10	10	10	10	10	10	10	10	10	10	10	10	10	20	10	10	10	10	10	10	10	10	20	10	10	10	10	10	10	10	10	10	10	0	10	10	10	10	10	10	10	10	0	0	10	10
machine learning course video	20	Low	23	0.676492	6.19	20	10	30	20	10	30	10	30	20	10	90	10	10	30	10	10	10	10	10	20	10	30	30	40	20	20	20	30	30	20	20	10	30	30	30	10	30	20	40	10	10	20	10	20	20	30	20	20
machine learning course video lectures	10					10	0	0	10	10	0	0	0	10	0	0	0	0	0	0	0	10	0	0	10	10	10	0	0	0	0	0	0	10	0	10	10	0	0	10	0	0	0	0	0	10	0	0	0	10	0	0	0
machine learning course with certificate	210	Medium	47	0.373683	2.223029	50	50	90	110	90	70	90	110	90	90	170	110	140	140	140	210	210	170	170	170	140	170	210	210	260	260	260	260	260	210	260	260	260	260	260	260	320	260	320	260	210	210	170	170	140	110	210	260
machine learning course with certificate free	70	Low	30	0.189734	1.21807	10	10	20	10	20	20	30	20	10	20	20	30	20	30	40	50	50	50	70	40	50	50	50	50	50	70	70	70	90	90	70	70	40	70	70	70	90	50	90	70	50	50	140	50	20	40	50	40
machine learning course with internship	10	Medium	43			10	20	10	10	10	20	20	20	10	10	10	10	10	10	10	10	20	10	10	20	10	10	20	10	10	10	10	20	30	10	10	10	10	10	10	10	10	10	10	20	10	10	10	10	10	0	10	10
machine learning course with job guarantee	20	High	67	0.251829	1.589767	90	70	110	110	90	110	110	70	140	70	140	110	140	140	50	70	90	70	70	70	90	90	90	90	50	50	70	50	50	30	40	40	40	50	40	50	20	40	30	20	20	10	30	20	20	10	10	10
machine learning course with placement	90	Medium	65	0.430766	1.651742	110	110	90	90	90	90	70	90	110	70	90	70	50	70	90	170	90	110	110	110	110	110	110	140	110	140	170	140	140	110	90	70	90	90	90	90	90	110	90	140	140	90	50	50	70	50	90	70
machine learning course with placement in bangalore	10					20	20	20	20	20	20	40	10	10	10	10	10	20	10	10	30	30	30	40	30	10	30	10	40	40	30	40	30	20	10	10	10	10	20	20	10	10	20	10	10	10	10	10	0	10	0	10	0
machine learning course with placement in hyderabad	10	High	82	0.375441	1.03817	20	20	20	20	10	20	10	10	10	10	10	10	10	0	0	10	10	10	10	0	0	0	10	0	10	10	0	10	0	10	10	0	10	0	0	10	10	10	10	10	10	10	10	10	10	10	10	10
machine learning course with placement in mumbai	10					0	0	10	10	10	0	0	0	0	0	0	0	0	0	0	0	0	10	0	0	0	0	10	0	10	0	10	0	0	0	0	10	10	0	0	10	10	0	0	0	0	10	0	0	0	0	0	0
machine learning course with project	40	Low	33	0.239788	3.52	30	30	50	50	40	50	50	70	30	40	40	50	40	40	50	70	70	70	70	30	50	50	50	110	90	90	90	210	260	140	260	110	110	90	70	50	30	40	50	40	40	40	50	40	30	20	20	50
machine learning course zurich	10	High	86			0	10	10	0	0	10	10	10	10	0	10	10	10	0	10	10	10	10	10	10	10	0	0	10	10	10	0	0	10	10	10	0	10	0	10	10	10	10	0	10	0	10	10	0	10	10	10	10
machine learning coursera stanford university	10	High	86			10	10	10	20	10	10	10	10	10	20	10	10	10	10	10	10	10	10	10	20	10	10	10	10	10	10	10	10	10	10	10	10	10	10	10	10	10	10	10	10	10	10	10	10	10	10	10	10
machine learning courses bay area	10					10	10	10	10	10	10	10	0	0	0	10	10	20	10	10	10	10	10	10	10	10	10	10	10	10	0	10	0	0	0	0	0	10	10	10	10	0	10	10	10	0	10	0	0	0	0	10	0
machine learning courses best	10	High	81	2.027726	8.33	10	20	10	10	20	10	10	10	10	10	20	10	10	10	10	20	20	10	20	10	20	10	10	10	20	10	10	10	10	10	10	10	10	10	10	10	10	20	10	10	20	10	10	10	10	10	10	10
machine learning courses in canada colleges	10					30	10	10	20	30	10	10	10	10	20	20	10	10	10	10	10	10	10	20	10	10	10	10	10	10	10	0	0	10	0	10	0	10	10	10	10	10	0	0	10	0	0	0	10	0	0	0	0
machine learning courses in new zealand	10					10	0	10	10	10	10	10	10	10	10	10	0	0	0	0	10	0	0	10	10	10	10	0	0	0	0	0	10	0	0	10	10	10	0	0	0	10	0	0	0	10	10	10	0	0	10	0	0
machine learning courses in south africa	20	Medium	45	0.619221	1.773729	30	20	30	10	10	10	30	10	10	10	30	50	30	30	30	30	10	10	10	30	30	10	50	30	10	10	10	20	20	20	40	20	10	20	50	10	20	20	10	10	10	20	20	30	20	20	20	20
machine learning courses in sri lanka	70	Low	28	0.14	0.75	50	50	40	30	40	50	50	50	90	70	70	70	90	90	90	90	90	90	90	70	50	90	110	90	110	90	90	90	70	70	50	70	70	70	90	70	110	50	110	70	70	50	50	50	70	70	70	50
machine learning courses on experfy						10	10	10	0	0	0	0	0	10	0	0	0	0	0	0	0	0	0	0	0	0	0	0	0	0	0	0	0	0	0	0	0	0	0	0	0	0	0	0	0	0	0	0	0	0	0	0	0
machine learning crash course 2018	10					10	0	10	0	10	0	10	10	0	0	0	0	10	10	0	10	0	0	0	10	0	0	10	0	0	10	0	0	0	0	10	10	0	10	10	0	10	10	10	0	10	0	0	10	0	0	10	0
machine learning crash course bangalore						10	0	0	10	10	0	10	0	10	10	0	10	0	10	0	0	10	0	0	0	0	0	0	0	0	0	0	0	0	10	0	0	0	0	0	0	0	0	0	0	0	0	0	0	0	0	0	0
machine learning crash course berkeley	10					0	20	10	0	0	10	50	10	10	10	10	10	0	10	10	10	10	10	10	10	0	0	10	10	0	0	10	0	0	0	10	0	0	0	0	10	10	0	0	0	10	10	0	0	0	0	0	0
machine learning crash course by google	1600	Low	32	0.319714	1.703116	70	70	70	70	90	110	90	90	40	50	210	260	480	480	390	210	260	170	110	50	90	170	260	320	390	260	320	480	390	480	480	590	720	720	1000	1000	1300	1300	1000	1900	1900	1900	1600	2400	1900	1600	1300	1300
machine learning crash course certificate	30	Low	8			30	30	50	40	50	20	50	40	40	40	50	50	90	40	50	90	50	50	30	30	10	20	20	20	10	20	10	20	10	20	10	20	40	20	30	30	30	30	30	30	40	20	20	20	20	30	10	20
machine learning crash course download	10					0	0	10	10	10	0	0	10	0	0	10	0	10	0	10	0	0	10	0	0	0	0	0	0	0	0	0	0	10	0	10	0	0	0	10	10	0	0	10	0	0	0	10	0	0	0	0	0
machine learning crash course for beginners using python	10					10	10	10	10	10	10	20	10	10	10	10	0	10	10	10	10	10	0	10	10	10	0	10	10	10	10	10	0	10	0	0	0	10	0	0	0	10	0	10	10	0	0	0	0	0	0	0	0
machine learning crash course google	8100	Low	26	0.366434	3.22	1900	1600	1600	1900	1600	1900	1900	1600	1300	1900	2400	2400	2900	2400	2400	2400	2900	3600	2900	2400	2400	2900	2900	2900	2900	2400	2400	2400	2900	3600	3600	5400	6600	6600	8100	8100	8100	8100	6600	6600	8100	8100	6600	6600	8100	8100	6600	6600
machine learning crash course google ai	70	Medium	45	0.527314	3.77687	110	90	140	140	170	170	110	90	110	90	170	170	140	110	170	170	140	170	140	90	90	110	90	140	70	40	50	90	110	110	70	90	70	50	70	70	90	70	70	70	90	110	90	40	40	20	40	20
machine learning crash course google certificate	70	Low	20	0.309233	2.39	90	70	70	70	70	90	90	50	50	50	90	70	90	90	90	90	140	90	90	70	50	50	70	70	50	40	40	40	50	40	110	40	50	40	40	40	40	20	30	30	50	90	70	70	110	110	90	70
machine learning crash course google review	10	Low				10	10	10	10	10	10	10	10	10	10	20	10	10	10	10	10	20	10	10	30	10	10	10	10	0	10	10	10	10	10	10	10	10	10	10	10	10	10	10	10	10	10	0	10	0	0	10	10
machine learning crash course indonesia	10					0	10	10	0	0	0	0	10	0	0	0	0	0	0	0	0	0	0	0	0	0	0	0	0	0	0	0	0	0	0	10	0	0	0	0	0	10	0	0	0	10	10	0	0	0	0	0	0
machine learning crash course mlcc	30	Medium	56	0.540015	2.320629	10	10	10	10	10	10	10	10	10	10	10	10	10	10	10	10	10	10	10	10	10	10	10	10	10	10	20	20	20	20	20	30	20	30	50	30	20	30	10	10	40	50	30	30	40	50	40	20
machine learning crash course part 1	10					0	0	0	0	0	0	10	10	10	10	10	0	10	10	10	10	0	0	0	0	0	10	0	0	0	0	0	0	10	0	0	0	10	0	10	10	10	0	0	10	10	0	0	0	0	0	0	0
machine learning crash course part 2	10					0	0	0	0	0	0	0	10	0	0	0	0	0	0	0	0	10	0	0	0	0	0	10	0	0	0	0	0	0	0	10	10	10	0	0	0	10	0	10	0	0	0	0	0	0	0	0	0
machine learning crash course review	10	Medium	38			20	10	10	10	10	10	10	10	10	10	10	10	10	10	10	10	10	10	10	0	0	0	10	10	10	10	0	10	0	10	10	10	10	10	10	10	10	10	10	10	10	10	0	10	10	10	0	10
machine learning crash course tensorflow	10	High	79			10	10	10	10	10	10	10	10	10	10	10	10	10	10	10	10	10	10	10	10	0	10	0	10	10	10	10	10	10	10	10	10	10	10	10	10	10	10	10	10	10	10	10	10	10	10	10	10
machine learning crash course with tensorflow	10	Low	29			10	10	10	10	10	0	10	10	10	10	10	10	10	10	10	10	10	10	10	10	10	10	10	10	10	10	10	10	10	10	10	10	10	10	10	10	10	10	10	10	10	10	10	10	10	10	0	10
machine learning crash course with tensorflow apis	30	Medium	39			40	20	40	40	40	70	90	70	70	50	70	90	90	90	90	170	170	170	140	90	70	70	90	70	110	70	70	90	140	170	110	390	90	50	70	50	50	50	50	50	40	40	20	20	20	20	10	10
machine learning cs50	20	Low	12			20	20	20	10	10	30	30	10	20	20	20	20	30	30	40	20	30	40	40	30	40	40	30	30	40	30	30	40	30	30	20	30	20	20	40	20	30	10	20	10	30	30	20	10	10	10	20	20
machine learning data science course	70	Low	9	0.520995	2.530325	50	40	90	70	50	90	50	90	70	70	70	90	90	70	90	70	90	70	70	90	70	70	70	70	70	90	70	70	90	90	90	70	70	50	70	50	140	70	90	70	50	40	70	40	50	40	50	140
machine learning deep learning course	30	Medium	44	0.246184	1.65582	10	10	10	10	10	10	10	10	20	10	10	10	10	20	20	20	20	20	20	20	20	10	20	20	20	30	30	20	20	20	20	10	20	10	40	20	30	20	20	20	30	30	20	30	50	30	30	30
machine learning deep learning model deployment course	10					10	10	0	10	10	0	0	0	0	10	0	10	0	0	0	0	0	10	0	0	0	0	0	0	0	0	0	0	0	0	0	0	10	0	0	0	0	0	0	10	0	10	0	0	0	0	0	0
machine learning degree courses	10	Medium	48			20	10	30	20	20	20	10	20	30	20	30	20	30	20	30	20	10	10	10	10	10	10	10	10	20	20	10	20	10	10	10	10	10	10	10	10	20	10	10	10	10	10	10	10	10	10	10	10
machine learning degree courses in india	10					10	10	10	0	10	0	10	0	10	0	0	0	10	0	0	0	0	10	0	0	0	10	10	10	10	0	0	0	0	0	10	0	0	0	0	0	0	0	0	0	0	0	10	10	0	0	10	0
machine learning degree online	140	High	67	1.7	14.905	170	170	140	170	170	210	170	170	140	210	210	210	260	260	260	260	210	260	260	260	260	210	390	260	390	260	320	320	390	480	480	390	210	170	320	210	260	170	140	140	170	170	110	90	110	110	110	90
machine learning deployment course	30	Low	4	0.685591	3.598174	40	50	50	70	40	30	30	30	40	30	30	30	40	30	40	50	40	50	30	30	50	40	50	40	40	20	50	30	40	30	40	50	30	30	40	30	40	40	40	30	20	20	20	10	10	10	10	140
machine learning developer course	10	Medium	64			10	10	10	20	20	20	10	20	30	20	10	10	30	20	20	10	30	20	20	20	30	30	20	30	20	20	10	30	20	20	10	20	10	10	10	10	20	10	10	10	10	10	10	10	10	10	10	10
machine learning devops course	10	Low				10	10	20	10	20	20	20	10	10	10	10	10	10	10	10	20	20	20	10	20	10	10	20	40	10	10	20	10	10	10	10	10	50	20	10	10	10	10	10	10	10	10	10	10	10	10	10	10
machine learning diploma course	30	Medium	53	0.494225	2.340955	20	30	30	40	50	10	10	10	10	10	10	10	10	30	30	20	20	20	20	20	10	20	10	30	40	30	30	50	50	50	40	20	30	30	30	50	30	20	50	30	30	30	30	30	20	30	30	20
machine learning drug discovery course	10	Low	11	1.439682	8.42	30	20	20	20	10	20	30	20	10	30	10	20	20	20	20	10	40	20	10	30	20	20	30	30	30	10	40	10	10	10	20	10	10	10	20	20	20	10	10	10	10	10	0	10	10	10	10	20
machine learning engineer	27100	Low	23	0.763561	8.45338	22200	22200	22200	22200	22200	22200	22200	22200	22200	18100	27100	22200	27100	27100	27100	27100	27100	27100	27100	27100	27100	27100	33100	33100	33100	33100	33100	33100	33100	27100	33100	27100	27100	27100	33100	33100	33100	33100	33100	27100	27100	33100	33100	27100	27100	22200	27100	27100
machine learning engineer learning path	90	Medium	39	1.010656	3.683889	50	50	50	70	90	70	50	50	90	70	70	90	70	90	110	140	110	140	140	170	140	210	260	210	210	390	590	210	210	140	170	170	140	140	140	170	110	90	90	140	210	140	70	50	30	30	40	30
machine learning engineer nanodegree courses						0	0	0	0	0	0	0	0	0	0	0	0	0	0	0	0	0	0	0	0	0	0	0	0	0	0	0	0	0	0	0	0	10	0	0	0	0	0	0	0	0	0	0	0	0	0	0	0
machine learning engineer online course	30	Medium	61	0.504077	11.545139	10	20	20	20	20	20	30	20	20	20	20	20	30	20	40	50	40	30	40	50	30	30	30	30	50	40	40	40	170	110	20	20	20	70	10	10	30	20	30	10	20	170	20	10	20	10	30	20
machine learning engineer path	90	Medium	39	0.694124	4.999179	70	90	90	110	70	110	90	90	110	70	110	90	110	70	110	90	140	110	110	110	140	110	210	170	140	170	170	110	140	90	90	110	110	90	90	140	110	110	90	90	110	90	90	70	90	50	50	70
machine learning engineering bootcamp	170	Medium	57	1.448418	8.678533	140	170	210	170	140	140	170	210	170	210	260	210	260	260	260	260	260	320	260	260	260	320	260	320	320	320	390	320	1000	880	140	170	320	170	320	260	260	210	170	110	170	140	210	140	90	110	140	90
machine learning engineering course	1300	Low	27	0.484526	4.99073	590	720	720	720	590	590	590	590	590	590	880	720	880	880	880	720	1300	1000	1000	1000	1000	1000	1300	1600	1300	1600	1900	1300	2900	2400	1000	880	1300	1000	1300	1300	1300	1000	1600	1300	1300	1300	1600	1300	1300	1300	1600	1900
machine learning expert course	20	Low	1			40	40	70	50	90	50	50	50	70	90	70	70	90	140	140	90	70	50	30	70	30	40	40	30	30	20	40	40	30	30	50	20	10	20	20	30	30	20	30	20	10	10	10	10	30	10	10	20
machine learning explainability crash course from kaggle	10					10	0	10	10	0	10	10	0	0	10	0	0	0	0	10	0	0	0	0	0	0	0	0	0	0	0	0	0	0	0	0	0	0	0	10	10	10	10	0	0	0	0	0	0	0	0	0	0
machine learning finance course	50	Low	5	0.651868	2.924687	70	50	40	40	50	90	50	70	50	40	70	40	40	30	70	50	50	50	70	70	70	90	50	70	40	50	70	50	70	50	50	50	50	40	30	40	30	40	70	50	50	30	30	30	50	30	20	140
machine learning for bioinformatics course	20	Medium	44	1.002357	5.91059	10	10	20	20	10	10	40	20	20	20	20	10	20	30	10	30	30	40	30	30	30	20	40	30	20	30	10	30	20	20	10	30	20	20	20	20	20	10	20	10	10	20	10	20	10	20	10	10
machine learning for biologists course	20	Medium	43	0.679101	7.87402	30	30	30	30	40	40	30	30	20	20	30	30	10	30	20	30	30	20	40	30	30	30	30	20	40	20	30	20	10	40	30	50	40	10	30	30	30	20	20	20	20	10	20	20	10	10	20	20
machine learning for business course	20	Low	4	0.900947	4.816406	10	20	20	20	10	30	10	20	10	20	20	10	20	10	20	20	20	10	10	20	30	20	20	20	30	10	20	20	10	20	20	20	30	20	30	30	30	10	10	10	10	10	10	10	10	20	10	110
machine learning for cyber security course	20	Low	22	0.254301	2.4	40	30	40	30	40	30	50	20	40	30	50	40	70	40	30	40	70	40	70	50	40	40	50	50	50	30	50	50	20	40	30	20	20	20	30	40	30	20	20	10	10	10	50	20	10	20	10	20
machine learning for data science course	20	Medium	60	0.383496	1.156653	20	10	10	10	20	20	20	20	30	30	20	30	20	10	40	40	50	40	50	40	50	50	90	50	70	50	50	40	40	40	70	30	20	20	20	20	20	20	20	20	30	10	20	10	10	10	10	10
machine learning for developers	590	Low	17	0.673321	15.1	1000	880	1300	1600	1300	1300	1300	1300	1000	880	1000	1000	1000	1000	1000	880	880	880	1900	1300	1300	1000	1300	1600	1300	1000	1000	880	880	880	880	880	880	720	880	1000	1000	1000	880	590	590	480	1000	390	390	320	590	320
machine learning for economists course	10					10	10	10	10	10	10	10	10	10	10	10	10	10	10	0	10	0	0	10	10	0	10	10	10	10	10	10	0	10	10	10	10	10	10	10	10	10	10	10	10	10	10	10	10	10	10	10	0
machine learning for executives course	10					0	10	10	10	10	10	10	10	10	10	10	10	10	10	10	10	0	10	10	10	10	10	10	10	10	10	10	10	10	10	0	10	10	10	0	0	0	0	0	10	0	0	0	0	10	0	0	0
machine learning for finance course	70	Low	18	0.581471	6.024422	50	40	40	90	70	110	50	50	70	50	70	50	70	70	90	90	70	70	70	90	50	90	90	110	90	90	170	90	90	90	110	70	90	70	70	70	90	70	70	70	90	70	50	50	50	30	40	140
machine learning for healthcare course	20	Medium	44	0.294215	3.513252	20	30	20	20	30	10	20	10	10	20	20	20	20	30	30	50	40	30	30	20	20	30	30	50	40	20	40	50	70	30	30	10	10	20	40	30	20	30	30	20	20	20	30	10	10	10	20	10
machine learning for ios developers online courses						10	10	10	0	10	0	10	10	0	0	0	0	0	0	0	0	0	0	0	0	0	0	0	0	0	0	0	0	0	0	0	0	0	0	0	0	0	0	0	0	0	0	0	0	0	0	0	0
machine learning for managers course	10	High	86			20	10	10	10	10	10	20	10	10	10	20	10	10	20	10	10	10	10	10	20	20	10	20	20	10	10	10	10	10	10	10	10	10	10	10	10	10	10	10	10	10	10	10	10	10	10	10	10
machine learning for marketing course	10	Low	32	0.39413	4.35	30	10	20	10	10	10	10	20	10	10	10	10	10	10	10	10	20	10	10	10	10	10	20	10	10	10	10	10	30	30	20	10	20	10	20	10	20	20	20	20	10	20	10	10	10	10	20	10
machine learning for materials science course	20	Medium	65	1.448663	9.07	10	20	10	20	20	10	20	10	10	10	10	10	30	20	20	10	10	20	20	30	20	30	10	30	30	10	30	20	20	20	10	20	20	20	20	20	20	20	30	10	20	10	10	20	10	10	10	10
machine learning for mechanical engineers	480	Low	20	0.333649	3.09	880	880	1000	880	880	1000	1000	880	880	720	880	720	880	720	720	720	880	720	720	720	720	720	720	720	720	720	720	590	720	590	590	480	480	480	590	480	480	480	590	590	480	480	480	390	390	390	480	390
machine learning for mechanical engineers course	20	Medium	35	0.499814	3.235407	10	30	20	20	10	30	30	10	20	10	20	20	20	30	20	30	30	30	40	10	20	30	50	30	10	30	50	20	20	10	20	30	20	10	10	20	20	20	20	20	30	20	20	20	10	20	20	10
machine learning for physics	110	Low	11	0.699066	7.45	110	110	110	110	140	110	110	110	90	110	110	110	110	90	140	110	140	140	140	210	170	170	170	140	170	170	170	110	140	140	170	260	140	140	140	140	170	110	140	110	110	110	110	140	110	110	110	90
machine learning for robotics course	30	Low	20	0.386684	3.240847	30	20	20	30	30	40	20	30	20	10	20	20	20	40	40	30	30	30	50	30	30	40	50	40	50	30	50	70	70	40	70	40	30	30	30	10	40	40	40	20	40	20	20	10	20	20	30	20
machine learning for signal processing course	10	Low	13			10	10	10	20	20	10	20	10	20	20	10	10	10	10	10	10	10	10	10	10	10	10	10	10	20	10	10	10	10	10	10	10	10	10	10	10	10	10	10	10	10	10	10	50	30	10	10	10
machine learning for trading	1300	Low	29	0.59971	4.169143	1900	1900	1900	1600	1600	1900	1600	1600	1900	1900	2400	1900	1900	1900	1900	1900	1900	1900	1900	1900	2400	1900	2400	2400	2400	2400	2400	1900	1900	1900	1600	1900	1600	1600	1900	1900	1600	1600	1900	2400	1600	1300	1600	1000	1000	1000	1000	1000
machine learning for trading course	70	Low	11	0.551473	3.521404	50	40	40	40	40	40	50	70	40	70	50	70	50	90	50	50	70	50	90	90	50	90	90	70	90	90	90	90	70	70	70	90	50	90	70	90	70	90	90	90	90	70	50	50	50	40	50	110
machine learning for wireless communications course	10	Low	24	0.16	1.28	30	40	30	20	20	20	20	30	30	30	20	20	20	20	10	10	10	10	10	10	20	10	20	10	10	10	10	10	20	20	10	10	10	10	10	10	10	10	10	10	10	10	10	10	10	10	10	10
machine learning foundation course	30	Medium	35	0.551473	3.327769	10	10	10	10	10	10	10	10	10	10	10	10	10	10	10	10	10	10	20	10	10	10	10	10	10	10	10	10	10	70	40	20	20	20	10	20	20	20	30	30	30	70	20	20	30	30	30	20
machine learning free certificate course	110	Low	20	0.069394	1.03	30	50	70	50	90	90	90	70	70	70	90	140	140	140	170	170	210	170	210	90	90	110	110	110	90	110	110	140	170	110	110	90	70	110	110	90	110	110	70	90	170	110	90	90	70	90	90	110
machine learning free course online	590	Low	26	0.195628	3.500942	390	320	480	480	480	480	390	390	390	480	590	480	590	480	720	590	720	590	590	480	480	590	590	590	480	590	590	590	590	480	480	480	480	480	590	590	590	590	720	720	720	480	1900	320	320	390	390	390
machine learning free course with certificate	480	Low	33	0.050133	0.838471	170	170	210	210	260	140	210	210	260	260	320	390	320	260	170	210	320	320	320	260	260	260	480	390	480	480	480	480	590	590	480	390	390	390	480	480	480	480	590	480	390	390	480	480	390	390	390	390
machine learning free courses with certificate	50	Medium	50	0.050978	1.359754	10	10	10	20	10	30	50	30	20	40	50	30	20	20	20	30	50	70	40	50	30	50	30	50	50	70	50	90	110	70	50	90	110	70	70	110	70	40	70	40	70	70	140	30	50	40	40	20
machine learning free online course with certificate	10	Medium	36	0.020054	0.145698	20	10	20	10	10	10	10	10	0	10	10	10	10	20	10	10	20	30	10	10	10	10	10	10	10	10	10	10	10	10	10	10	10	10	10	10	10	10	10	10	20	20	10	10	20	10	20	10
machine learning free online courses with certificate	20	Low	9	0.098895	5.197669	50	20	40	70	70	70	90	70	50	50	70	70	70	50	50	50	40	40	40	50	20	30	20	30	20	10	40	40	10	20	20	10	20	10	20	30	20	10	10	10	20	20	20	10	10	10	10	70
machine learning from zero to hero	20	Medium	42	0.349585	2.596864	30	20	30	30	30	30	20	30	30	30	30	30	30	30	50	40	30	40	30	40	50	50	50	40	50	40	50	40	50	40	40	40	40	30	40	40	30	20	20	20	20	20	20	30	10	20	10	20
machine learning full course	720	Medium	45	0.29	1.242604	320	260	260	320	390	390	390	320	320	320	390	390	390	390	480	880	1300	720	720	590	590	720	880	880	720	720	720	720	880	720	720	590	590	720	720	720	720	590	720	590	880	720	720	590	590	590	590	720
machine learning full course for beginners	10	Medium	45	0.256695	1.050963	10	10	10	10	10	10	10	10	0	10	0	10	10	10	10	10	10	10	20	10	10	10	10	30	10	10	20	20	20	10	20	30	10	10	10	20	10	10	10	10	10	10	10	10	10	10	10	10
machine learning full course in hindi	20	Low	23	0.162791	0.628496	30	40	40	40	20	30	50	20	40	50	50	30	30	30	30	50	90	30	30	40	10	30	40	40	20	40	10	30	50	10	20	10	10	30	30	50	40	20	20	20	40	40	40	20	20	10	10	10
machine learning full course pdf	140	Low	14	0.269627	2.61	90	90	90	90	90	110	140	140	140	140	140	140	170	170	140	210	170	210	210	170	170	210	170	210	210	170	170	170	170	140	170	140	170	140	170	140	140	110	140	140	170	140	140	110	110	110	110	140
machine learning full time course	10					0	10	10	0	10	10	10	10	10	10	10	10	10	0	0	10	0	10	10	10	10	10	10	0	10	0	10	10	10	10	10	10	10	10	10	10	10	10	10	10	10	10	10	0	0	0	0	0
machine learning fundamentals	1600	Low	28	0.438009	4.159999	1300	1000	1000	1000	1300	1000	1000	1000	1600	1000	1600	1300	1300	1600	1300	1300	1300	1600	1600	1600	1600	1600	1900	1600	1600	1600	1900	1600	1600	1600	1900	1600	1600	1600	1600	1600	1600	1600	1300	1900	1900	1900	1600	1600	1600	1600	1600	1600
machine learning fundamentals course	90	Low	25	0.5549	4.769243	10	10	10	10	10	10	10	20	10	10	10	10	30	10	30	30	20	20	30	20	20	30	30	30	20	20	20	10	20	20	30	20	40	30	30	30	40	30	90	140	210	140	70	50	40	70	90	90
machine learning genomics course	10	Medium	43			10	10	10	20	10	10	20	10	10	10	10	10	10	10	10	10	20	10	10	10	10	10	10	10	10	0	10	10	10	10	10	10	10	10	10	10	10	10	10	10	10	10	0	10	10	10	20	10
machine learning geoscience course	10					10	10	10	10	10	10	10	10	10	10	10	10	10	10	0	10	0	10	10	0	0	0	10	10	10	10	0	10	0	0	10	0	0	0	10	10	10	10	0	10	0	10	10	0	10	0	10	0
machine learning graduate course	110	Low	11	1.356064	5.3022	10	10	20	10	10	10	10	10	10	10	10	10	10	10	10	10	10	10	10	10	10	10	20	10	10	10	10	10	10	10	10	10	10	10	10	10	10	10	10	10	10	10	40	110	210	210	260	390
machine learning graduate programs	110	Medium	56	2.969755	20.344304	210	210	170	210	170	210	210	260	210	210	260	210	260	260	210	210	260	390	480	480	590	480	590	390	590	480	480	320	260	210	390	320	210	170	170	170	170	140	140	110	140	110	90	90	90	90	90	50
machine learning hands on course	20	Low	3	0.683401	2.839196	20	10	20	10	20	10	20	20	10	20	10	20	10	20	10	20	20	10	20	10	10	30	10	30	30	20	40	20	30	20	10	20	20	10	20	30	20	10	10	20	10	10	10	10	10	10	10	90
machine learning harvard course	40	Medium	44	0.652876	3.06	10	10	10	20	10	40	20	10	10	20	10	20	20	20	20	30	20	30	30	20	30	30	50	40	50	40	30	30	40	30	30	40	50	30	40	40	30	30	30	50	40	50	40	40	40	40	50	50
machine learning healthcare	2400	Low	17	0.696095	6.201672	3600	3600	3600	2900	2900	3600	3600	3600	3600	2900	3600	3600	3600	3600	2900	2400	2400	2900	2900	3600	2900	2900	2900	2900	3600	2900	2900	2400	2400	2900	2900	2900	2900	2900	2900	3600	4400	4400	3600	2900	1900	1600	4400	1600	1300	1300	2900	1600
machine learning healthcare course	10	Medium	46	0.249274	5.53	10	20	30	10	20	10	20	20	20	10	20	10	20	20	20	30	20	10	20	20	20	20	20	30	20	10	30	20	20	10	20	20	20	30	20	10	30	10	10	20	10	10	10	10	10	10	10	10
machine learning iim course						0	0	10	0	0	0	0	0	0	0	0	0	0	0	0	0	0	0	0	0	0	0	10	0	0	0	10	0	0	0	0	0	0	0	0	0	0	0	0	0	0	0	0	0	0	0	0	0
machine learning image processing course	10	High	81	0.457912	1.679108	10	10	10	10	10	10	10	10	10	10	10	10	10	10	10	10	20	10	20	10	10	10	10	20	10	10	20	20	20	30	20	20	10	10	20	10	10	10	10	10	10	10	0	10	10	10	10	10
machine learning in bioinformatics course	20	Medium	60	0.108333	2.875115	10	10	10	20	10	20	10	10	10	10	20	10	20	10	20	10	10	20	10	10	10	20	10	10	10	10	10	10	20	20	20	20	10	10	20	20	20	30	20	20	10	20	10	30	20	20	30	20
machine learning in chemistry	480	Low	9	0.680868	4.895486	720	590	720	590	720	720	720	880	880	720	720	720	720	590	590	720	590	590	720	720	720	720	720	720	720	590	590	590	590	480	590	720	590	590	590	590	720	590	590	480	480	480	390	480	480	390	390	320
machine learning in cybersecurity course	10	Low	17			10	20	30	20	10	10	20	20	20	20	20	10	10	10	10	10	20	10	20	20	20	10	20	40	30	10	10	10	10	20	10	20	10	10	20	10	20	20	30	20	20	10	10	10	10	10	10	10
machine learning in drug discovery course	10	High	68	1.649425	6.02	10	10	10	10	20	20	30	20	20	30	20	20	30	20	40	40	20	30	10	20	20	20	50	40	20	30	30	20	40	10	30	20	10	10	20	20	30	10	10	10	20	10	10	10	10	10	10	10
machine learning in healthcare course	40	Medium	35	0.402052	4.544152	20	30	20	20	20	30	30	20	40	20	30	30	40	30	40	30	20	40	40	40	40	20	40	30	50	40	40	30	40	40	70	90	50	50	40	50	50	40	40	40	50	40	40	40	30	20	20	40
machine learning in hindi course	10	Low	7			10	10	10	10	10	10	10	10	30	10	20	20	20	30	20	20	10	30	30	20	10	10	20	10	10	30	40	10	20	10	10	10	10	10	10	10	10	10	10	10	20	20	10	10	10	10	10	10
machine learning in material science	320	Low	9	0.71	3.75	590	590	480	590	480	590	590	590	720	590	590	590	590	590	480	480	480	590	480	590	480	590	480	590	390	480	590	480	390	390	390	480	480	320	480	590	590	590	390	390	320	320	260	260	260	210	260	260
machine learning in medicine course	10	Medium	51	0.629928	4.93	10	10	20	10	10	20	10	10	20	10	30	10	10	10	20	40	10	20	20	10	10	10	20	20	10	20	20	20	10	10	10	10	10	20	10	20	10	10	10	20	10	10	10	10	10	10	10	10
machine learning in mobile applications online courses						10	10	10	0	0	0	10	10	0	0	0	0	0	0	0	0	0	0	0	0	0	0	0	0	0	0	0	0	0	0	0	0	0	0	0	0	0	0	0	0	0	0	0	0	0	0	0	0
machine learning in production course	40	Low	18	0.984819	3.54854	20	20	10	20	20	20	10	10	10	20	20	10	30	10	10	10	10	10	10	30	20	10	20	10	20	20	30	40	90	40	30	20	20	20	30	40	30	20	20	40	20	50	30	30	30	50	70	50
machine learning in python course	1600	Low	17	0.388261	3.336951	1600	1600	1600	1600	1600	1600	1300	1300	1300	1300	1600	1600	1600	1600	1600	1600	1600	1600	1600	1600	1600	1300	1600	1600	1600	1300	1600	1600	1600	1300	1300	1300	1300	1300	1600	1300	1900	1600	1600	1600	1600	1300	1600	1000	1000	1000	1300	2400
machine learning in r course	90	Low	5	1.386561	5.48	110	110	110	90	90	70	90	110	110	110	140	110	140	110	110	110	90	90	90	110	90	110	90	110	90	110	90	110	140	110	210	70	50	110	50	50	70	70	70	50	50	50	40	40	40	50	50	390
machine learning infrastructure course	10	High	79			10	10	10	10	10	10	10	10	10	10	10	10	20	20	10	10	20	10	20	20	20	10	20	20	40	10	10	20	20	10	30	10	20	10	10	30	10	20	20	10	10	10	10	10	10	10	10	10
machine learning intensive course	10					10	10	10	10	10	10	10	10	0	10	10	10	10	10	10	10	10	10	10	10	10	10	10	10	10	10	10	10	10	10	10	0	10	10	10	10	10	10	10	10	10	10	10	10	10	10	0	0
machine learning internships	6600	Low	10	0.14	2.525521	5400	4400	5400	5400	5400	5400	5400	5400	5400	5400	6600	6600	6600	6600	8100	6600	8100	8100	8100	8100	6600	8100	9900	8100	9900	9900	9900	8100	9900	9900	9900	9900	8100	8100	9900	8100	8100	8100	8100	6600	6600	6600	5400	5400	4400	4400	5400	5400
machine learning intro course	50	Medium	35	1.127651	6.06	50	50	50	30	50	50	40	40	40	40	50	40	40	40	50	50	50	50	50	50	50	40	70	50	70	70	50	70	50	50	50	40	50	70	50	50	90	50	50	70	50	40	30	30	30	50	40	30
machine learning iot course	10	Low	4			10	10	0	10	0	10	10	0	10	0	10	10	10	10	10	10	10	0	10	10	10	10	10	10	10	10	0	0	10	0	10	10	10	0	10	10	10	0	10	10	10	10	10	10	10	0	10	10
machine learning java course	10	Low	29			30	30	20	20	20	30	30	30	30	30	40	50	30	30	40	30	30	30	20	20	10	20	30	20	20	20	20	20	20	20	10	20	10	10	20	20	20	30	20	10	10	10	10	10	10	10	10	10
machine learning kth course	10	Low				10	10	10	10	0	10	10	10	10	10	0	10	10	10	10	0	10	10	0	10	10	10	10	10	10	10	10	10	10	10	10	10	10	10	10	10	10	10	10	10	10	10	10	10	10	10	10	10
machine learning live course india	10					10	0	0	0	0	10	0	0	0	0	0	10	10	0	0	0	0	0	0	0	0	0	10	0	10	0	0	0	0	0	0	10	0	10	0	0	0	0	0	0	0	10	0	0	10	10	10	0
machine learning master course	10	High	81	0.923203	2.373761	30	10	20	10	20	20	10	10	10	10	20	50	20	20	30	20	10	10	20	10	10	10	20	10	10	10	20	10	10	30	10	10	10	20	10	10	10	10	10	10	10	10	10	10	10	10	10	10
machine learning math course	70	Medium	43	0.27	2.889367	90	70	90	90	70	90	50	70	90	70	110	90	70	70	110	110	90	90	90	70	90	140	110	70	110	110	90	90	90	70	90	90	40	70	110	70	70	90	70	50	90	70	70	50	50	70	70	50
machine learning matlab course	70	Low	25	0.330832	2.303783	110	110	110	70	70	90	90	110	140	90	110	90	110	90	110	140	90	110	110	140	110	110	140	140	140	140	140	110	110	110	110	140	110	110	90	90	140	90	70	70	90	50	90	50	50	50	50	90
machine learning mcgill	70	Low	6	0.928936	6.02	110	110	140	140	110	170	140	110	110	140	170	140	140	110	140	90	110	110	140	110	140	140	140	140	110	140	140	90	90	90	110	110	140	140	90	90	90	50	90	50	70	90	90	90	70	70	70	50
machine learning medicine course	10	High	86			10	10	10	10	10	10	10	10	10	10	10	10	10	10	10	10	10	20	10	10	10	10	10	10	10	10	10	10	10	10	10	10	10	0	10	10	10	10	10	10	0	10	10	10	10	10	10	10
machine learning mit	1600	Low	21	0.835389	5.258753	1900	1600	1900	1600	1600	1600	1900	1600	1600	1600	1900	1600	1600	1900	1900	1900	1900	1900	1900	1900	1900	1900	2400	2400	1900	1900	2400	1900	27100	14800	1900	1900	1900	1900	1900	1600	1600	1600	1600	1600	1300	1600	1900	1600	1600	1600	1600	1900
machine learning mit course	720	Low	28	0.806849	4.98372	720	590	720	880	720	720	720	720	720	720	880	720	720	720	880	720	720	720	720	720	720	880	880	880	880	880	880	720	880	720	880	880	720	880	720	880	720	720	720	720	880	720	880	590	590	590	720	590
machine learning mit opencourseware	720	Low	28	0.806849	4.98372	720	590	720	880	720	720	720	720	720	720	880	720	720	720	880	720	720	720	720	720	720	880	880	880	880	880	880	720	880	720	880	880	720	880	720	880	720	720	720	720	880	720	880	590	590	590	720	590
machine learning model deployment course	10	Low	13			10	10	10	10	10	10	10	10	10	10	10	10	10	10	10	10	10	10	10	10	10	10	10	10	10	20	10	20	10	10	10	20	10	10	10	10	10	10	10	10	10	0	10	10	10	10	10	10
machine learning modeling and simulation	20	Medium	56	1.7	6.050128	20	20	10	20	10	30	10	10	10	10	10	10	20	10	10	10	20	10	10	10	10	10	10	10	20	10	10	10	20	10	10	20	20	10	30	70	90	50	10	10	10	10	10	10	10	10	30	20
machine learning modeling and simulation principles	10	Medium	35	0.693524	6.33	30	20	10	10	10	10	10	10	10	10	10	10	10	10	20	10	40	20	10	10	10	10	20	20	20	10	10	10	10	10	10	20	30	10	10	10	20	20	10	10	20	10	10	10	10	10	10	10
machine learning mooc courses	170	Medium	42	0.729647	2.934339	260	210	260	260	210	260	260	260	260	210	320	320	260	320	260	210	210	320	320	320	390	320	320	320	320	320	320	210	2900	1900	880	210	170	170	210	260	210	140	170	210	170	140	170	140	140	140	110	90
machine learning new course	10	High	71			0	10	10	40	10	10	10	10	10	0	10	0	0	0	10	10	10	10	0	10	10	10	0	10	10	0	0	10	0	0	0	10	0	0	0	0	0	10	0	0	0	10	0	10	10	10	10	10
machine learning nlp course	10	High	93			10	10	10	10	10	10	20	10	20	10	20	10	20	10	20	10	10	10	20	10	10	10	10	10	10	10	10	10	10	10	10	10	10	10	10	10	10	10	20	10	10	0	10	10	10	10	10	10
machine learning offline course	20	Medium	56	0.330364	0.988545	30	30	50	20	40	40	30	30	20	30	20	50	30	30	40	50	30	20	30	20	30	50	70	70	30	30	70	50	30	30	30	40	20	10	30	20	10	20	40	30	30	20	20	20	10	10	10	10
machine learning online	1000	Low	15	0.57347	5.78	1900	1600	1900	1900	1600	1900	1900	1900	1900	1900	1900	1900	1900	1600	1900	1600	1300	1600	1600	1600	1900	1600	1600	1600	1600	1600	1900	1600	1300	1300	1600	1300	1300	1300	1300	1300	1600	1300	1300	1000	1000	880	1000	880	880	720	720	880
machine learning online course certificate	10	Medium	39	2.035653	7.627551	10	20	20	30	40	30	30	40	20	20	30	30	30	30	30	30	20	30	40	20	40	20	30	30	20	30	30	20	30	30	20	10	20	20	20	20	20	10	20	10	10	20	10	20	10	10	10	10
machine learning online course for beginners	10	High	86			10	10	10	10	10	10	10	10	10	10	10	10	10	10	10	10	10	10	10	10	10	10	10	10	10	10	10	10	10	10	10	10	10	10	10	10	10	10	20	10	30	10	10	10	10	10	10	10
machine learning online course hyderabad	10					10	10	10	10	10	10	10	20	20	10	0	0	10	0	10	0	0	10	10	10	10	10	10	0	10	0	0	0	10	10	0	0	10	10	10	0	10	0	10	0	10	10	0	0	0	0	0	0
machine learning online course iit	10					10	10	10	10	10	10	10	10	10	10	0	10	10	10	10	10	10	10	10	0	10	10	10	0	10	10	0	10	10	10	0	10	0	10	10	10	10	10	10	0	10	10	10	0	10	10	0	0
machine learning online course india	10					10	10	10	10	10	10	10	10	10	10	10	10	10	10	10	10	10	10	10	0	10	10	10	20	10	10	10	10	10	0	10	10	10	10	10	10	10	10	10	10	10	10	10	10	0	10	10	0
machine learning online course python	70	Low	6	0.88104	4.474502	110	70	110	90	90	90	90	50	110	90	90	90	90	70	110	70	90	70	70	70	70	90	90	70	90	50	50	70	70	50	50	50	30	50	90	70	90	90	90	90	50	50	50	70	30	30	40	260
machine learning online course with certificate	50	Low	30	0.385482	2.102086	110	110	170	210	170	110	110	110	170	140	210	170	210	260	210	260	260	260	260	210	140	140	210	170	140	90	110	70	110	50	50	50	40	70	70	70	70	70	70	70	40	40	10	30	30	40	50	170
machine learning online course with certificate free	20	Medium	38	0.047235	0.753357	20	10	20	20	20	20	20	10	10	10	10	20	20	30	40	30	50	50	30	30	20	30	30	30	40	40	30	40	50	10	20	30	40	40	30	10	20	20	30	20	20	20	30	10	30	40	10	20
machine learning online program	20	Medium	57	0.57751	9.12	30	20	20	10	10	20	30	20	20	20	40	20	40	30	20	30	30	50	70	30	20	20	40	50	20	20	30	10	20	20	30	10	10	10	30	30	20	30	40	20	40	30	20	20	10	20	10	10
machine learning online training course	10					10	0	10	10	10	40	10	10	0	0	0	0	0	0	0	0	0	0	0	10	0	10	0	0	10	0	10	10	10	10	0	10	0	0	10	0	0	10	0	10	10	10	0	10	0	10	10	0
machine learning onramp course answers	10					20	20	20	10	10	40	90	30	10	10	10	10	10	10	10	10	10	10	10	10	10	10	10	0	0	10	0	10	0	0	10	0	10	0	0	10	0	10	0	0	0	0	0	0	10	0	0	0
machine learning open course	30	Medium	51	1.094356	6.99	30	40	50	40	50	20	50	70	30	30	40	50	40	50	40	30	50	50	50	40	50	40	50	50	40	40	40	70	30	30	50	50	50	40	50	50	40	50	30	30	20	30	30	20	30	50	20	20
machine learning operations course	40	Medium	48	0.347173	3.793237	50	50	70	70	90	50	40	50	30	40	70	50	50	70	70	70	70	70	70	50	70	40	90	70	50	90	50	70	110	90	70	70	50	40	50	70	50	50	50	40	50	50	30	40	30	20	40	40
machine learning oxford course	40	Medium	49	1.325209	7.270586	50	30	50	30	50	40	40	50	40	40	50	50	40	40	50	30	40	40	50	70	30	50	70	50	70	40	50	40	40	50	40	70	50	30	50	50	40	40	30	40	40	30	40	70	40	40	50	40
machine learning part time course	10	Medium	57			10	10	10	10	10	10	10	10	10	10	10	10	10	10	10	10	10	20	10	20	20	10	10	10	10	20	20	10	10	10	10	10	10	10	10	10	10	10	10	10	20	10	10	10	10	10	10	10
machine learning pdf	4400	Low	4	0.37	2.713184	4400	4400	5400	5400	4400	4400	4400	5400	5400	4400	5400	5400	5400	4400	5400	5400	5400	5400	5400	6600	6600	6600	6600	6600	6600	6600	6600	6600	5400	5400	5400	5400	5400	5400	5400	5400	5400	5400	5400	4400	4400	4400	4400	4400	4400	4400	4400	3600
machine learning pg course	20	High	69	0.650419	2.483608	40	50	50	90	70	70	70	40	50	50	70	50	70	70	70	40	70	50	40	40	50	50	90	70	50	70	50	70	50	30	50	30	30	30	40	30	40	20	20	30	30	20	20	30	10	20	10	10
machine learning practical applications online certificate course	10	Low	14			10	10	0	10	10	0	0	10	0	0	10	0	0	0	10	10	0	0	0	0	0	0	0	0	0	0	10	0	0	0	10	0	0	10	0	10	10	10	10	10	10	10	0	10	0	10	10	10
machine learning practical course	70	Low	12	0.587813	3.206019	50	50	70	50	90	70	50	40	50	50	50	70	50	50	50	70	70	90	50	70	50	70	70	110	90	50	90	50	70	70	70	50	50	70	90	50	50	50	50	70	70	70	40	70	30	40	40	140
machine learning professional course	10	High	86	0.998291	8.86	40	30	20	10	10	10	10	10	10	10	20	10	10	10	20	10	10	10	20	10	10	30	10	10	20	10	20	20	10	10	10	20	10	10	10	10	10	10	10	10	10	10	10	10	10	10	10	10
machine learning project course	30	Medium	38	0.280273	1.63	30	30	50	40	30	50	30	40	30	40	50	40	50	40	30	40	40	40	50	50	40	50	40	90	50	40	50	40	30	50	20	40	20	30	50	30	30	40	40	30	40	40	30	20	10	10	20	10
machine learning python course in bangalore	10	Low				10	0	10	0	10	10	10	10	10	10	10	10	10	10	0	10	10	0	0	10	10	10	10	10	10	10	10	0	0	0	10	10	10	10	0	10	10	10	10	0	10	0	10	10	0	0	10	10
machine learning python course online	70	Low	6	0.88104	4.474502	110	70	110	90	90	90	90	50	110	90	90	90	90	70	110	70	90	70	70	70	70	90	90	70	90	50	50	70	70	50	50	50	30	50	90	70	90	90	90	90	50	50	50	70	30	30	40	260
machine learning python course uk	10	Low				10	0	0	0	0	10	0	0	0	0	10	0	0	0	10	0	0	0	0	0	0	0	0	10	0	0	0	0	0	0	10	0	0	0	0	0	0	0	0	0	0	10	0	0	0	0	0	10
machine learning python crash course	10	Low	29			10	10	10	10	10	10	10	10	10	10	10	10	10	10	10	10	10	10	10	10	10	10	10	10	10	10	10	10	10	10	10	10	10	10	0	10	10	10	10	10	10	10	10	10	10	10	10	10
machine learning python online course	70	Low	6	0.88104	4.474502	110	70	110	90	90	90	90	50	110	90	90	90	90	70	110	70	90	70	70	70	70	90	90	70	90	50	50	70	70	50	50	50	30	50	90	70	90	90	90	90	50	50	50	70	30	30	40	260
machine learning r course	90	Low	5	1.386561	5.48	110	110	110	90	90	70	90	110	110	110	140	110	140	110	110	110	90	90	90	110	90	110	90	110	90	110	90	110	140	110	210	70	50	110	50	50	70	70	70	50	50	50	40	40	40	50	50	390
machine learning regression course	10	Low				10	10	10	10	10	10	10	10	10	10	10	10	10	0	10	10	10	10	10	10	10	10	10	10	10	10	10	10	10	10	10	10	10	10	10	10	10	10	10	10	10	10	10	10	10	10	10	10
machine learning remote sensing course	10	Low	14			20	10	10	10	10	10	20	10	10	10	10	40	10	10	10	10	0	10	10	10	10	10	10	10	10	10	10	10	10	10	10	10	10	10	10	10	10	10	10	10	10	10	10	10	0	10	10	10
machine learning research	720	Low	7	0.834188	5.03	880	880	880	880	880	880	1000	880	1000	880	1000	880	880	880	880	720	880	880	880	880	880	880	1000	1000	1000	1000	1000	880	880	880	880	880	880	720	880	880	720	720	720	880	880	590	880	720	880	590	720	720
machine learning roadmap	5400	Low	21	0.265744	2.503202	3600	3600	3600	4400	4400	5400	5400	5400	5400	5400	8100	6600	8100	6600	8100	8100	8100	8100	8100	8100	6600	8100	9900	9900	12100	9900	9900	9900	9900	9900	9900	8100	6600	8100	8100	8100	6600	6600	6600	5400	6600	5400	4400	4400	3600	3600	3600	3600
machine learning robotics course	10	High	71			10	10	10	30	10	20	10	10	10	20	10	10	10	10	10	10	20	10	10	10	10	10	20	20	10	10	10	10	10	20	10	10	10	10	10	10	10	10	10	10	10	10	10	0	10	10	10	10
machine learning scientists courses	10					10	10	10	10	10	10	10	10	10	10	10	10	10	10	10	0	10	10	10	10	10	10	10	10	10	10	10	10	10	10	10	10	10	10	10	10	10	10	10	10	10	10	0	10	0	0	0	0
machine learning short course	90	Medium	64	0.694134	4.194939	90	70	90	70	90	70	90	70	90	70	110	110	140	110	90	90	110	90	110	170	170	90	140	110	140	140	110	110	110	110	110	110	110	90	140	140	110	110	110	140	110	90	50	110	50	30	70	70
machine learning short course london	10	Low	29			10	10	10	10	10	20	10	10	10	10	0	10	0	10	10	10	10	10	0	10	10	10	10	10	10	10	10	10	10	0	10	10	10	10	10	10	10	0	10	10	10	10	10	10	0	10	10	10
machine learning short course uk	10	Low	17			10	10	10	10	10	10	20	20	10	10	20	10	10	10	10	10	10	10	10	10	10	10	20	10	20	30	10	20	10	10	20	10	10	10	10	10	10	10	10	20	10	10	10	10	10	10	10	10
machine learning short term course	10	Medium	44	0.779575	2.412315	10	10	10	10	10	10	10	10	10	10	10	10	10	10	10	10	10	10	10	10	10	10	10	10	10	10	10	10	10	0	10	20	30	10	30	20	10	20	10	10	10	10	10	10	10	10	10	10
machine learning singapore course	10					0	10	10	0	10	10	0	10	10	0	10	0	10	0	10	0	0	0	0	10	0	10	10	10	0	0	10	0	10	10	0	10	0	0	10	0	0	0	0	0	10	0	0	10	0	0	0	0
machine learning specialization	3600	Medium	45	0.478552	4.481749	260	590	880	2900	2400	1900	1600	1600	1600	1600	2400	1900	1900	1900	1900	1900	2900	2400	2400	2400	2400	3600	3600	3600	3600	2900	3600	3600	4400	3600	3600	3600	2900	2900	4400	2900	2900	2900	2900	3600	3600	4400	4400	3600	2900	2900	3600	3600
machine learning specialization by andrew ng	480	Low	33	0.298638	2.497107	10	10	10	70	50	40	30	30	40	50	50	30	50	70	70	110	140	90	90	110	90	320	260	210	170	170	170	260	210	170	210	210	210	210	210	170	320	320	210	320	390	480	480	480	590	590	590	880
machine learning specialization course	110	Low	13	0.481306	2.450626	10	10	10	20	20	10	10	10	10	20	20	20	20	10	20	40	20	30	20	40	30	70	90	70	70	70	70	70	70	50	70	70	50	50	70	70	70	50	70	70	140	170	110	140	90	90	70	260
machine learning specialization course 2	20	Low	26	0.293962	1.660206	0	0	0	0	0	0	0	0	0	0	0	0	0	0	0	30	10	10	10	20	10	20	40	50	20	40	30	20	20	20	20	20	20	30	20	10	20	10	20	10	20	10	10	20	20	20	20	10
machine learning stanford	2400	Medium	40	0.556328	3.51	3600	4400	4400	4400	3600	3600	2900	2900	2900	2900	3600	2900	3600	3600	3600	2900	2900	3600	3600	3600	2900	2900	4400	3600	3600	3600	3600	3600	3600	2900	4400	4400	2900	3600	3600	3600	2900	2400	2900	2900	2900	2900	2900	2400	1900	1900	2400	1900
machine learning stanford online	40	Medium	52	0.644054	4.369415	70	90	90	70	70	70	50	40	40	40	50	40	40	40	40	50	70	70	40	40	30	50	50	50	40	50	40	50	40	40	50	50	40	50	40	50	50	30	40	70	50	50	30	40	30	50	40	50
machine learning statistics course	90	Medium	41	0.745712	7.920205	110	140	170	140	170	140	140	110	140	140	110	110	140	140	140	140	140	170	170	140	110	140	140	170	170	140	140	140	140	140	110	140	140	110	140	90	90	140	110	110	90	90	90	90	90	90	90	90
machine learning summer course	590	Low	27	0.892983	3.913318	1000	1000	1000	1000	720	480	390	390	480	480	880	1000	1300	1000	880	720	590	480	590	390	590	590	1000	1000	1300	1000	880	880	880	390	320	390	390	480	720	880	1000	880	590	590	590	590	320	260	320	320	480	590
machine learning summer course 2018						0	0	0	0	0	0	0	0	0	0	0	0	0	0	0	0	0	0	0	0	0	0	0	0	0	0	0	0	0	0	0	0	0	0	0	0	0	0	0	0	0	0	0	0	0	0	0	0
machine learning tensorflow course	10	Medium	51	0.854723	5.89	20	30	40	50	30	30	20	30	30	30	20	20	30	20	10	30	30	110	50	30	20	30	30	40	20	10	20	20	30	20	20	30	20	10	20	20	20	10	20	10	10	20	10	10	10	10	10	10
machine learning tensorflow course uk						0	10	0	0	0	10	0	0	0	0	0	0	0	0	0	0	0	0	0	0	0	0	0	0	0	0	0	0	0	0	0	0	0	0	0	0	0	0	0	0	0	0	0	0	0	0	0	0
machine learning testing course	10	Medium	43	0.302573	1.864182	10	10	10	10	10	10	0	10	10	10	10	10	20	10	20	20	10	20	10	10	20	10	20	20	10	10	10	10	10	10	20	10	10	10	20	10	10	10	10	10	10	10	10	10	10	10	10	10
machine learning textbook	9900	High	78	0.069657	3.01	9900	9900	9900	9900	9900	9900	9900	9900	9900	9900	12100	9900	12100	9900	12100	9900	9900	12100	12100	12100	12100	12100	12100	12100	12100	12100	14800	12100	14800	12100	14800	12100	12100	12100	12100	12100	12100	12100	12100	9900	12100	12100	9900	9900	9900	9900	9900	9900
machine learning theory course	30	Low	20	0.414149	3.633705	40	40	30	30	40	40	50	30	30	50	50	70	40	50	40	30	40	40	40	50	50	50	50	30	50	30	30	50	40	20	30	40	30	40	20	40	30	50	20	20	20	30	30	20	30	40	20	30
machine learning tom mitchell course	10					10	10	10	10	10	10	10	0	10	10	0	10	10	0	10	10	0	10	10	10	10	10	10	10	10	0	10	0	10	10	10	0	10	0	10	0	10	10	0	0	0	0	0	0	10	10	10	0
machine learning top courses	10	High	86			10	10	10	20	10	10	10	10	10	10	20	10	20	20	10	10	20	10	20	10	10	10	10	20	20	10	20	10	10	10	10	10	20	20	20	10	10	10	10	10	10	20	10	10	10	10	10	10
machine learning training course	70	Low	26	0.956825	3.241776	40	70	50	50	50	110	40	70	50	50	40	40	70	70	70	40	50	50	70	70	50	50	40	50	50	40	50	40	30	40	40	70	70	40	70	90	140	140	90	70	20	20	210	40	10	20	20	10
machine learning trend	210	Low	5	1.801695	8.856579	390	320	320	320	320	480	480	390	390	320	390	320	390	320	320	260	320	320	320	260	320	260	320	260	320	260	320	210	210	210	210	170	260	170	210	170	210	720	140	170	170	110	90	90	70	90	90	480
machine learning tutorial	8100	Low	12	0.357	3.45	9900	9900	12100	12100	9900	12100	12100	9900	9900	9900	12100	9900	12100	9900	12100	9900	12100	12100	12100	12100	9900	12100	12100	12100	12100	9900	12100	12100	9900	9900	9900	8100	8100	8100	9900	8100	8100	8100	6600	6600	6600	6600	6600	5400	5400	18100	5400	5400
machine learning tutorial python for beginners pdf	10	Medium	36			10	10	10	10	10	10	10	0	10	10	10	10	10	10	10	10	10	10	10	10	10	10	10	10	10	10	10	20	10	10	10	10	10	10	10	10	10	10	10	10	10	10	10	10	10	10	10	10
machine learning undergraduate course	10	Medium	46	0.453852	20	10	20	30	10	10	20	10	20	10	10	20	10	20	20	10	10	20	30	10	10	10	10	30	10	20	20	30	10	10	30	10	10	10	10	10	10	10	10	10	10	10	20	10	10	10	20	20	10
machine learning university course	40	Medium	40	0.671194	4.84	30	30	40	30	30	50	40	40	40	30	50	40	30	40	40	50	50	40	50	70	30	50	70	50	70	50	40	50	70	50	50	40	90	40	70	50	40	40	40	30	50	50	30	30	20	40	30	30
machine learning using matlab course	10					10	10	10	10	10	10	10	10	10	10	10	10	10	10	10	10	10	10	10	10	10	10	10	10	10	10	10	10	10	10	10	10	10	10	10	10	10	0	10	0	0	0	10	10	10	10	10	0
machine learning using python course	50	Low	9	0.311494	0.954943	70	70	70	90	70	40	50	30	50	50	50	50	40	70	50	50	70	50	70	40	50	50	50	70	50	40	30	70	90	50	90	90	40	40	50	70	70	30	50	40	40	40	30	20	20	30	40	140
machine learning using python online course	10					10	10	10	10	10	10	10	10	0	0	10	10	0	10	10	10	10	0	0	0	10	10	0	10	0	10	10	10	10	10	0	0	10	0	10	10	10	10	10	10	0	0	0	0	0	0	0	0
machine learning weekend course	10	High	81			10	10	10	10	10	10	10	10	10	10	10	10	10	10	10	0	10	10	10	10	10	0	10	10	0	10	10	10	10	10	10	10	10	10	10	10	20	10	10	10	10	10	10	10	10	0	10	10
machine learning weekly	110	Low	7			110	110	140	260	50	70	90	90	50	50	70	90	170	170	170	320	90	90	110	140	260	70	140	140	170	170	260	210	90	90	110	140	170	70	140	140	140	170	170	170	110	70	70	70	140	40	50	50
machine learning with graphs course	10	Medium	64	0.998769	4.285903	20	10	10	10	10	20	10	20	10	10	20	10	10	10	10	10	10	10	10	20	20	10	10	10	10	10	10	10	10	10	10	10	10	10	10	10	10	10	10	10	10	10	10	20	10	10	10	10
machine learning with matlab course	70	Low	25	0.330832	2.303783	110	110	110	70	70	90	90	110	140	90	110	90	110	90	110	140	90	110	110	140	110	110	140	140	140	140	140	110	110	110	110	140	110	110	90	90	140	90	70	70	90	50	90	50	50	50	50	90
machine learning with matlab free course	10	Low	21			20	10	10	10	10	20	10	10	30	10	10	10	10	10	10	10	10	10	20	20	10	10	10	20	20	10	20	90	50	390	4400	2900	110	20	20	10	30	10	10	10	10	10	20	10	10	10	10	10
machine learning with python certification course	10	Low	3	0.462526	1.614343	30	30	30	30	20	10	10	10	10	10	10	10	10	10	10	10	10	20	10	10	10	10	30	10	10	10	10	20	10	10	20	10	10	10	10	10	20	10	10	10	10	10	10	10	10	10	10	90
machine learning with python complete course for beginners	10	Low	20	0.237365	1.191164	0	0	0	0	0	0	0	0	0	0	0	0	0	50	20	20	20	10	10	10	10	10	10	10	30	10	10	10	10	10	10	20	10	10	10	10	10	10	10	10	10	10	10	10	10	10	10	50
machine learning with python course in bangalore	10					10	10	10	10	10	10	0	0	0	10	0	0	0	0	10	0	0	0	0	0	0	10	10	10	0	0	0	0	0	0	10	10	10	10	0	10	0	10	0	10	0	10	0	0	0	0	0	0
machine learning with python course in chennai	20	High	93			0	0	0	0	10	10	10	10	0	10	10	10	0	0	0	10	0	0	0	10	10	0	10	10	10	0	0	0	0	0	0	10	0	0	0	0	0	0	0	10	10	10	0	90	90	30	0	10
machine learning with python course in hyderabad	10	High	76			0	0	0	10	0	10	0	10	0	0	10	0	0	0	0	0	0	0	0	0	0	0	0	0	0	10	10	0	10	0	10	0	0	0	10	0	0	0	0	0	0	0	0	0	10	0	0	10
machine learning with python course in pune	10					10	0	0	10	0	10	0	0	0	10	10	0	10	0	0	0	10	0	0	10	0	0	0	10	0	0	10	0	0	0	0	0	0	0	0	10	10	0	0	0	0	0	0	0	0	10	0	0
machine learning with python free certification course	40	Low	26	0.158266	0.991201	50	40	70	40	30	40	40	40	40	40	50	90	70	70	70	110	140	140	110	110	90	90	110	110	110	90	110	170	140	140	90	90	50	90	70	50	50	40	70	70	70	70	30	20	10	10	20	10
machine learning with python from linear models to deep learning	320	Low	31	0.265323	2.767107	320	390	720	320	260	320	260	260	260	390	720	590	390	320	390	320	320	590	720	390	320	320	320	480	320	390	720	390	390	320	320	260	210	320	590	390	320	320	390	320	390	390	590	210	170	170	260	590
machine learning with python full course	10	Medium	52	0.680621	5.75	10	10	10	10	10	10	10	10	10	20	10	10	10	10	30	30	20	20	20	20	20	20	30	10	30	20	10	20	20	10	30	20	10	20	20	10	10	10	10	10	20	20	20	20	10	10	10	10
machine learning with python training course	10					10	10	10	0	10	10	10	0	0	0	10	0	0	0	10	0	0	0	0	10	10	10	10	10	0	0	0	0	10	0	10	10	0	10	0	0	10	0	0	0	0	10	0	0	0	0	0	0
machine learning with python training course london						10	10	10	0	10	10	0	0	0	0	0	0	0	0	0	0	0	10	10	10	0	10	10	0	0	0	0	0	0	0	0	0	0	0	0	0	0	0	0	0	0	0	0	0	0	0	0	0
machine learning with python training course uk						0	0	0	0	0	10	0	0	0	0	0	0	0	10	0	10	10	0	0	0	0	0	0	0	0	0	0	0	0	0	0	0	0	0	0	0	0	0	0	0	0	0	0	0	0	0	0	0
machine learning with r online course	10	High	86			10	10	10	10	10	10	10	10	10	10	10	10	10	10	10	10	10	0	10	10	10	10	10	10	0	10	10	10	10	0	10	10	0	10	10	10	0	0	10	0	10	10	10	0	0	0	10	10
machine learning with tensorflow training course						0	0	0	0	0	10	0	10	10	0	0	0	0	10	0	0	0	10	10	10	0	0	0	10	0	0	0	0	0	0	0	0	0	0	0	0	0	0	0	0	0	0	0	0	0	0	0	0
machine learning with tensorflow training course uk						0	10	0	10	10	10	0	0	0	0	0	0	0	0	0	0	0	0	10	0	0	0	0	0	0	0	0	0	0	0	0	0	0	0	0	0	0	0	0	0	0	0	0	0	0	0	0	0
make money with machine learning course	10					0	10	10	10	10	10	10	10	0	10	0	0	10	0	0	0	0	0	0	0	0	0	0	0	0	0	0	0	0	0	10	10	10	10	10	0	10	10	10	10	10	0	10	0	0	10	0	0
massachusetts institute of technology	246000	Low	8	0.363535	2.38142	165000	165000	165000	165000	165000	201000	201000	165000	165000	165000	165000	135000	165000	165000	165000	165000	165000	165000	165000	201000	201000	201000	201000	201000	246000	246000	301000	246000	301000	301000	246000	301000	246000	201000	201000	201000	246000	246000	246000	246000	246000	246000	246000	246000	201000	201000	201000	165000
massachusetts institute of technology admissions	27100	Low	14	0.47911	2.86	18100	9900	12100	9900	12100	14800	14800	14800	12100	14800	12100	9900	14800	9900	12100	14800	14800	18100	14800	18100	18100	22200	18100	18100	27100	22200	27100	27100	33100	40500	33100	33100	27100	27100	27100	18100	33100	33100	33100	33100	33100	33100	22200	27100	22200	22200	18100	14800
masters in machine learning	2900	Medium	60	1.54	12.309891	3600	3600	4400	4400	4400	4400	3600	3600	3600	3600	4400	4400	4400	4400	5400	4400	5400	5400	5400	4400	5400	5400	5400	5400	5400	5400	5400	5400	4400	4400	4400	4400	4400	4400	5400	3600	3600	3600	3600	3600	3600	3600	2900	2900	2400	2400	2400	1900
math course for machine learning	40	Medium	60	0.621512	2.905152	30	30	40	30	40	90	40	40	70	90	110	50	50	70	90	50	70	70	90	50	40	50	70	50	90	70	70	50	70	50	70	50	50	50	50	40	70	40	40	50	50	50	40	40	40	20	30	20
math for machine learning	1900	Medium	35	0.40895	3.290662	1600	1300	1600	1900	1600	1600	1600	1600	1600	1600	1900	1900	1900	1900	1900	1900	1900	1900	1900	1900	1900	2400	2400	2400	2400	1900	2400	1900	1900	1900	2400	1900	1900	1900	2400	1900	1900	1900	1900	1900	2400	2900	2400	1900	1600	1600	1600	1600
math for machine learning course	90	Low	33	0.3	4.602694	40	40	50	70	40	30	40	50	50	40	50	50	40	50	70	30	70	90	40	50	50	70	90	90	110	90	110	90	140	70	90	90	50	70	90	90	70	90	70	70	110	140	90	90	70	70	70	70
math for machine learning online course	10					10	10	10	0	10	10	10	0	10	10	10	10	0	10	0	10	10	10	10	0	0	10	10	10	0	10	10	10	10	0	10	10	10	10	10	10	10	10	10	10	10	10	10	10	10	10	0	0
math for ml	1600	Low	16	0.232394	2.73	480	480	480	480	480	590	590	480	480	480	720	590	590	590	590	590	720	720	880	720	720	880	880	880	880	880	1000	1000	1000	1000	1000	1000	880	1000	1300	1000	1000	1000	1300	1300	1900	1900	1600	1600	1300	1300	1600	1600
mathematical modeling course online	30	Low	17	0.201256	2.896369	50	50	40	30	30	30	20	40	20	40	40	70	50	40	40	30	50	50	40	40	20	70	40	40	50	70	50	30	50	40	20	20	30	50	40	50	30	30	50	20	20	30	30	30	30	30	20	20
mathematics for machine learning course	260	Medium	40	0.319413	2.78	210	140	170	170	210	170	170	110	110	170	170	170	110	210	140	210	170	170	170	210	210	260	260	260	260	260	320	260	390	260	480	320	210	210	480	260	260	210	260	320	320	390	320	210	210	210	210	170
mathematics for machine learning deeplearning ai	90	Low	16	0.206916	4.096738	0	0	0	0	0	0	0	0	10	70	320	90	90	30	40	40	40	70	50	20	50	40	70	40	50	50	70	40	50	40	50	50	70	40	70	70	70	50	70	90	110	90	90	70	70	90	90	70
mathematics for machine learning full course	10	Low	30	0.436922	1.399298	10	10	10	10	10	10	10	10	10	10	10	10	10	10	10	10	10	10	10	10	10	10	10	10	10	10	10	10	10	10	10	10	10	10	10	20	10	10	10	10	10	10	10	10	10	10	10	10
mathematics for machine learning online course	10	Medium	46	0.190685	1.22	10	20	10	30	10	10	10	10	10	10	20	10	20	10	10	20	30	20	20	20	10	10	10	20	20	20	20	20	10	10	20	10	10	20	10	10	20	30	10	10	10	10	10	10	10	10	10	10
mathematics for machine learning specialization	320	Low	23	0.365921	2.321206	110	140	210	170	170	170	170	210	210	260	260	210	170	170	170	170	170	260	320	260	260	260	390	390	390	320	390	320	390	320	390	320	260	260	320	320	320	260	390	320	390	480	390	320	320	320	320	260
mathematics of machine learning course	10	Medium	33	0.266369	5.541405	10	10	10	10	10	10	10	20	20	10	30	10	10	10	10	10	10	10	10	10	20	10	10	20	20	10	10	10	10	10	10	10	10	10	10	20	10	10	20	10	20	10	20	10	10	10	20	10
mathworks machine learning course	10	Low	17			10	10	10	10	10	10	10	10	10	10	10	10	10	10	10	10	10	10	10	10	10	10	10	10	10	10	10	10	10	10	10	10	10	10	10	10	10	0	10	10	10	10	10	10	10	10	10	10
matlab course with certificate	390	Medium	34	0.06235	1.356257	110	170	260	320	320	210	170	170	210	210	320	320	320	170	210	260	210	260	260	260	390	390	480	390	320	260	260	320	880	720	1300	880	480	390	390	390	260	260	260	480	590	480	480	320	320	320	390	390
matlab machine learning course	70	Low	25	0.330832	2.303783	110	110	110	70	70	90	90	110	140	90	110	90	110	90	110	140	90	110	110	140	110	110	140	140	140	140	140	110	110	110	110	140	110	110	90	90	140	90	70	70	90	50	90	50	50	50	50	90
mcgill machine learning course	10	Low	13			10	10	10	10	10	10	10	10	10	10	10	10	10	10	10	10	10	10	20	10	20	10	20	10	10	20	10	10	10	20	10	10	10	10	10	10	10	10	10	10	10	10	10	10	10	10	10	10
mcmc machine learning	30	Low				110	90	110	110	110	110	110	110	170	140	110	90	110	110	110	90	90	50	90	70	90	90	70	70	50	70	70	50	50	30	50	70	70	50	70	40	40	40	40	50	30	30	30	40	30	30	20	20
mechanical engineering course	22200	Low	25	0.384668	2.67	18100	18100	22200	22200	22200	22200	22200	18100	18100	14800	27100	18100	22200	18100	22200	22200	22200	22200	22200	18100	18100	18100	33100	27100	22200	27100	33100	27100	40500	33100	22200	22200	22200	18100	33100	22200	27100	22200	27100	22200	22200	22200	18100	18100	14800	14800	22200	18100
medical imaging machine learning course	10	Low				10	10	0	0	10	10	10	10	10	10	10	10	10	0	10	10	0	10	0	0	10	10	10	10	10	0	10	10	10	0	0	10	10	0	10	10	10	10	10	10	10	0	10	10	0	10	10	30
meta ai course	320	Medium	57	0.39111	2.074919	0	0	0	0	0	0	0	0	0	0	0	0	0	0	0	40	50	50	50	30	50	40	50	170	170	260	210	12100	1000	3600	27100	5400	210	210	260	210	210	260	390	320	590	480	390	260	210	320	390	320
micromaster mit	1000	Medium	36	0.66	3.048177	1600	1300	1600	1600	1300	1600	1300	1300	1000	1000	1600	1300	1300	1300	1600	1300	1300	1300	1600	1300	1300	1300	1600	1300	1300	1300	1600	1300	1300	1300	1600	1300	1300	1300	1600	1300	1300	1000	1300	1000	1000	1000	1000	1000	880	1000	1000	880
micromasters machine learning	10	Medium	57			10	10	20	10	10	10	10	20	10	40	10	10	20	10	20	20	10	30	10	20	20	10	30	10	20	10	10	20	10	10	10	10	10	10	10	10	10	10	10	20	10	10	10	10	10	10	10	10
microsoft azure ai engineer associate	880	Medium	41	0.482889	3.686808	30	30	30	20	20	30	30	20	40	50	30	70	30	70	70	90	90	50	70	50	50	50	140	110	90	140	170	140	210	140	170	170	210	210	480	480	480	590	720	720	880	1000	1000	1300	880	1000	1300	1000
microsoft learn python for beginners	110	Medium	40	0.234435	2.70591	0	0	0	0	0	0	0	0	0	0	0	0	0	30	50	30	40	70	90	70	70	30	50	40	30	20	20	20	10	30	30	30	30	30	50	40	30	30	40	50	110	110	90	110	210	210	260	110
mind luster	165000	Low	19	0.199086	1.130362	320	480	720	1000	590	590	590	720	1000	1600	1300	1600	6600	90500	301000	450000	246000	301000	246000	301000	246000	246000	165000	135000	90500	74000	90500	60500	74000	74000	165000	110000	135000	165000	201000	246000	201000	135000	135000	135000	165000	246000	201000	201000	165000	135000	165000	110000
mind luster certificate	1600	Medium	36	0.362832	9.07	30	70	110	90	70	50	50	50	70	170	90	140	880	320	590	5400	4400	5400	4400	4400	3600	2900	1600	2400	1900	2400	2400	1600	1300	1000	1900	1900	2400	1600	1300	1600	1900	1300	1900	1900	1900	1600	1000	2400	1900	1600	1300	1000
mind luster com	22200	Medium	48	0.20267	1.046985	20	30	20	20	10	10	10	10	30	50	50	50	720	1000	6600	33100	18100	27100	27100	18100	12100	12100	8100	6600	4400	3600	2900	1900	1900	3600	18100	12100	8100	9900	12100	12100	14800	9900	9900	6600	14800	49500	22200	27100	40500	27100	22200	12100
mind luster come	22200	Medium	48	0.20267	1.046985	20	30	20	20	10	10	10	10	30	50	50	50	720	1000	6600	33100	18100	27100	27100	18100	12100	12100	8100	6600	4400	3600	2900	1900	1900	3600	18100	12100	8100	9900	12100	12100	14800	9900	9900	6600	14800	49500	22200	27100	40500	27100	22200	12100
mindcluster com	260	Medium	47	0.129999	1.795	0	0	0	0	0	0	0	0	0	0	0	0	0	0	0	170	320	1900	1600	1300	210	140	1000	480	140	70	5400	2900	1000	720	210	110	140	210	140	210	260	320	210	110	70	210	210	390	320	320	390	260
mindluster	110000	Low	9	0.12	2.476828	1000	1000	1600	1300	1000	1000	1000	880	1600	2400	1900	2400	9900	22200	90500	135000	110000	135000	110000	246000	135000	135000	90500	90500	74000	60500	60500	60500	74000	60500	74000	49500	74000	90500	110000	110000	110000	110000	110000	74000	110000	135000	110000	135000	110000	90500	110000	74000
mindluster com	74000	Medium	45	0.15	1.341077	70	70	140	110	50	70	40	50	90	210	170	480	5400	14800	40500	301000	135000	201000	90500	90500	60500	60500	49500	40500	27100	12100	18100	14800	14800	33100	49500	27100	27100	60500	74000	60500	49500	49500	40500	33100	60500	165000	74000	110000	110000	110000	90500	60500
mindluster come	4400	Medium	60	0.19	0.817561	0	0	0	0	0	0	0	0	0	0	0	0	0	0	0	2900	1900	2400	1300	1300	2400	1900	1300	1000	880	880	1300	1300	1900	2400	1900	1900	2400	3600	6600	5400	5400	5400	4400	3600	4400	6600	3600	5400	6600	4400	4400	1000
mistakes to avoid in machine learning online courses						10	10	10	10	10	10	0	10	0	0	0	0	0	0	0	0	0	0	0	0	0	0	0	0	0	0	0	0	0	0	0	0	0	0	0	0	0	0	0	0	0	0	0	0	0	0	0	0
mit 6 s191	590	Medium	39	0.88	4.243652	480	480	590	320	320	320	260	210	260	260	390	260	480	880	590	480	390	320	390	320	320	590	590	480	480	480	720	480	390	320	320	320	320	480	590	480	880	720	720	590	720	720	590	590	480	720	720	480
mit 6s191	70	Medium	38	0.91	6.007713	90	90	110	50	50	50	30	50	70	50	70	70	110	90	70	70	70	50	50	40	70	40	70	70	50	50	90	50	50	40	50	40	30	30	40	50	90	90	70	70	70	50	50	70	50	50	110	40
mit admission	1900	Low	21	0.36	1.512742	2400	1600	1600	1600	1900	2400	2400	2400	1900	2400	2400	1600	2900	2400	2400	2900	2900	2400	2400	2900	2400	2900	2400	1900	2900	1900	2400	2400	1900	2400	1900	2400	1900	2900	1900	2400	3600	1900	2400	1900	1600	1900	1600	1900	1600	1900	1600	1300
mit aerospace engineering	3600	Low	8	0.42	1.45	2900	2900	2900	3600	3600	3600	3600	3600	2900	2900	2900	2900	2900	2900	2900	2900	3600	3600	2900	3600	2900	2900	3600	2900	2900	2900	3600	3600	3600	3600	3600	3600	3600	2900	3600	2900	3600	3600	3600	3600	2900	3600	3600	3600	2900	2900	2900	2900
mit ai and machine learning	70	Medium	64	1.27	11.284002	20	10	20	20	20	20	20	10	10	10	10	20	20	50	50	70	50	70	70	40	50	70	50	70	50	70	50	40	40	50	50	70	50	40	90	70	70	70	70	50	90	50	70	70	50	40	50	70
mit ai certification	1600	High	67	5.457938	21.320668	170	170	140	110	90	110	110	110	90	110	170	210	320	390	480	590	720	720	720	590	720	590	1300	1000	1000	1000	1300	1300	2400	1000	880	880	880	880	1300	1300	1300	1300	1300	1600	1600	1900	1600	1600	1300	1300	1600	1900
mit ai online course	480	High	76	3.011213	20.541794	30	30	30	30	40	30	40	50	30	40	90	70	90	110	170	210	210	210	170	170	210	170	320	320	320	320	320	320	260	320	1000	720	390	260	480	390	390	320	390	480	480	590	480	480	390	390	480	480
mit artificial intelligence certificate	1600	High	67	5.457938	21.320668	170	170	140	110	90	110	110	110	90	110	170	210	320	390	480	590	720	720	720	590	720	590	1300	1000	1000	1000	1300	1300	2400	1000	880	880	880	880	1300	1300	1300	1300	1300	1600	1600	1900	1600	1600	1300	1300	1600	1900
mit beaver works summer institute	1600	Low	19	1.086343	3.934805	480	390	320	170	170	170	170	260	210	260	480	320	390	260	320	170	260	260	260	260	320	390	720	590	720	390	590	390	320	390	480	720	720	1000	1600	1300	1600	1000	1600	1600	1000	880	1000	1300	1300	1600	2900	2900
mit brain course	10	High	86			10	10	10	10	10	10	10	0	10	10	10	10	10	10	10	10	10	10	10	10	10	10	10	10	10	10	10	10	10	10	10	10	10	10	0	0	10	10	0	10	10	10	10	0	10	10	10	10
mit certificate	1900	Low	27	1.05	6.040785	1900	1900	1900	1900	2900	3600	2900	1900	1900	1900	2400	1900	1900	1900	1900	1900	2900	3600	2900	2400	1900	1900	2400	2400	1900	1900	2400	1900	2400	2400	2400	2400	2400	2400	2400	1900	1900	1900	1900	1900	1900	2400	2400	1600	1600	1300	1900	1900
mit class	18100	Low	30	0.597989	3.15	14800	14800	14800	18100	18100	22200	18100	18100	18100	14800	18100	18100	18100	18100	18100	22200	22200	22200	22200	22200	18100	18100	27100	27100	22200	22200	27100	40500	49500	33100	40500	27100	18100	18100	22200	18100	18100	18100	22200	18100	18100	18100	18100	14800	14800	14800	14800	14800
mit com	390	Low	17	0.32	2.741719	590	480	480	480	480	590	590	480	480	390	480	390	480	480	590	590	480	590	480	480	390	390	480	720	390	480	590	480	390	480	390	390	320	320	390	390	390	320	480	390	390	390	390	390	320	320	390	320
mit course	18100	Low	30	0.597989	3.15	14800	14800	14800	18100	18100	22200	18100	18100	18100	14800	18100	18100	18100	18100	18100	22200	22200	22200	22200	22200	18100	18100	27100	27100	22200	22200	27100	40500	49500	33100	40500	27100	18100	18100	22200	18100	18100	18100	22200	18100	18100	18100	18100	14800	14800	14800	14800	14800
mit course catalog	6600	Low	2	0.66	3.793414	4400	5400	5400	4400	4400	9900	12100	6600	8100	9900	12100	12100	5400	6600	6600	5400	5400	12100	14800	8100	9900	12100	12100	9900	5400	6600	6600	5400	5400	9900	12100	6600	8100	9900	12100	9900	5400	8100	6600	5400	5400	9900	12100	5400	6600	6600	9900	8100
mit courses online	1300	Medium	48	0.822326	4.854854	1000	1000	1300	1300	1000	1300	1300	1000	1000	1000	1300	1000	1000	1000	1300	1300	1300	1300	1300	1300	880	1000	1600	1600	1300	1000	1300	1000	1000	1000	1000	1900	4400	1000	3600	880	1000	1000	1300	1300	1600	1600	1600	1300	1000	1000	1300	1300
mit courses with certificate	170	Medium	53	0.973623	5.615744	50	70	70	90	90	110	90	70	70	50	90	110	110	110	140	170	170	210	170	210	210	210	320	390	390	260	210	320	260	390	1300	880	320	260	260	170	170	140	170	170	170	170	170	110	140	140	140	170
mit cs courses	1000	Low	18	0.41	2.424211	1300	1300	1300	1600	1300	1600	1600	1600	1600	1600	1600	1300	1600	1600	1600	1600	1600	1600	1600	1300	1600	1600	1600	1300	1600	1300	1300	1300	2400	1600	1600	1900	1300	1300	1300	1000	1000	1000	1300	1000	1300	1300	1000	1000	880	720	1000	880
mit cursos gratis	1600	Medium	38	0.18747	0.99	720	720	720	720	880	880	880	720	590	720	880	1000	1000	1900	1300	1000	1000	1000	1000	1300	1000	1300	1900	1900	1900	1600	1600	1900	1900	1600	1300	1300	1000	1300	1600	1300	1600	1300	2900	1600	1300	1300	1300	1000	1300	1000	1600	1000
mit data analytics	210	Medium	41	1.975986	12.120094	390	390	390	480	390	480	390	480	390	390	480	390	480	390	480	390	480	480	390	390	390	390	390	390	480	320	320	260	320	320	320	390	320	320	260	320	260	210	210	210	210	210	210	170	170	170	170	210
mit data science	1900	Low	26	1.048805	7.975156	2900	2900	2900	3600	3600	3600	3600	3600	2900	2900	3600	2900	2900	2900	2900	2900	3600	3600	3600	2900	2900	2900	3600	2900	2900	2900	2900	2900	2900	2900	2900	2900	2900	2400	2400	2400	2400	1900	1900	1600	1900	1900	1900	1900	1600	1900	1900	1900
mit data science certificate	320	Medium	37	2.89	15.325619	880	1000	880	880	880	1000	880	880	880	720	1000	720	880	880	1000	880	880	880	880	720	720	720	880	720	720	720	880	720	720	720	720	880	480	390	590	390	390	390	390	320	320	320	320	390	260	210	320	390
mit data science course	480	Medium	53	0.631556	6.243643	720	720	880	880	880	1000	1000	880	880	880	880	880	880	880	1000	1000	1000	1000	1000	880	720	880	1000	1000	880	880	880	880	880	720	720	720	590	480	720	590	590	590	590	480	590	590	480	480	390	320	390	390
mit deep learning	2400	Low	23	0.84256	3.8	2400	1900	1900	1900	1900	1600	1600	1600	1600	1600	2400	1900	2900	2900	2900	2900	2400	2400	2400	2400	2400	2400	2900	2400	2400	2400	2900	2400	1900	1900	2400	1900	2400	1900	2900	2400	3600	2900	2900	1900	1900	2400	2900	2400	1900	1600	1900	1900
mit edu	4400	Low	8	0.400271	2.829254	4400	4400	4400	3600	3600	4400	4400	4400	4400	3600	4400	4400	5400	4400	5400	4400	4400	4400	4400	5400	4400	4400	5400	5400	5400	5400	4400	4400	3600	3600	4400	4400	4400	3600	4400	4400	4400	5400	5400	3600	3600	3600	4400	4400	3600	4400	4400	4400
mit edx	1900	Medium	34	0.32	2.42	2400	2400	2400	2400	2400	2400	2400	2400	1900	1900	2400	1900	2400	2400	2400	2400	2400	2400	2400	2400	1900	1900	2400	3600	2900	2400	2400	2400	14800	12100	5400	6600	4400	1900	2400	1900	2400	1900	2400	1900	1900	2400	1900	1600	1600	1600	1600	1300
mit enrollment	720	Low	11	0.565029	4.802363	720	720	590	480	590	590	590	720	590	590	590	590	720	720	590	590	480	590	720	720	720	590	590	590	720	720	590	590	480	1300	880	720	880	880	720	590	720	720	880	590	590	880	880	720	590	590	590	590
mit fly in program	210	Low	9	2.56	4.955309	40	70	140	210	480	590	90	40	20	50	40	50	70	70	140	320	1000	590	260	110	40	40	50	50	50	90	170	390	590	480	110	90	30	50	40	30	50	140	260	480	880	480	140	110	70	70	70	70
mit free coding courses	140	Low	18	0.628501	4.732778	170	170	140	170	170	170	170	170	210	170	210	140	260	170	170	170	210	170	170	170	140	140	210	260	260	170	170	170	210	170	260	170	170	170	140	140	140	170	170	140	170	170	110	140	90	90	110	70
mit free courses	14800	Low	10	0.433199	2.710004	5400	4400	5400	5400	5400	6600	5400	5400	5400	5400	6600	5400	12100	9900	8100	14800	9900	8100	8100	8100	8100	8100	12100	33100	18100	9900	12100	9900	22200	12100	18100	9900	9900	9900	12100	8100	8100	9900	14800	14800	18100	33100	14800	18100	12100	9900	18100	12100
mit graduate certificate	260	Low	13	2.27	7.564317	260	320	260	320	260	320	260	210	260	260	320	260	320	320	320	320	260	320	260	260	260	260	320	320	320	320	320	320	720	590	1000	390	390	260	480	210	260	260	260	210	210	260	260	210	210	170	210	390
mit ia	480	Medium	54	1.236811	11.323341	50	40	40	50	30	70	70	50	50	40	70	70	90	140	170	170	140	110	170	210	260	140	210	210	260	260	320	210	210	210	260	260	210	210	320	320	260	320	320	880	590	880	590	590	590	480	590	390
mit internship	720	Low	7	0.492004	3.22	590	590	590	590	590	720	720	590	720	590	720	720	720	720	720	720	880	880	720	720	880	880	1000	1000	1000	880	1000	880	880	1000	880	1000	880	880	1000	1000	880	880	880	880	720	720	720	720	720	720	880	720
mit intro to computer science	320	Low	17	1.69756	9.507311	210	170	210	260	210	210	210	170	170	170	170	140	210	210	170	480	170	210	170	170	170	210	210	390	210	140	260	170	210	170	170	110	90	90	110	90	90	110	210	260	320	590	590	480	260	210	210	140
mit intro to computer science with python	10	Medium	54			0	0	0	0	0	0	0	0	0	0	0	0	0	20	10	10	10	10	10	10	10	10	10	10	10	10	10	10	10	10	10	10	10	10	10	10	10	10	10	10	10	10	10	10	10	10	10	10
mit introduction to computational thinking and data science	40	Medium	44	0.76	4.725621	30	30	30	20	10	30	50	20	30	20	30	20	140	90	50	30	40	50	40	50	70	70	70	70	40	30	30	40	70	30	30	50	30	40	40	40	40	30	40	50	30	40	20	20	30	90	50	20
mit introduction to computer science	720	Low	21	0.853821	5.75	260	210	210	260	390	390	390	320	320	320	320	260	320	260	320	880	320	260	260	260	170	320	320	720	320	210	260	260	480	320	390	170	140	140	170	140	140	140	590	720	880	1600	1000	880	590	390	590	320
mit introduction to computer science and programming using python	260	Low	19	0.579108	3.26	260	140	140	210	390	390	480	320	390	390	260	170	210	170	170	260	140	170	140	140	110	140	260	590	390	210	390	320	480	390	480	260	170	210	210	170	170	260	390	390	480	320	320	210	170	110	140	140
mit introduction to deep learning	720	Low	33	0.92	4.399182	480	320	480	320	320	260	260	260	320	390	590	390	880	880	880	1000	720	590	590	590	480	720	880	590	590	590	720	590	480	480	390	480	590	480	720	590	1000	1000	720	720	880	880	590	720	590	590	720	590
mit introduction to deep learning 6 s191	90	Low	28	0.96	4.131172	70	70	70	50	50	30	50	20	40	30	30	30	110	110	90	110	70	40	70	40	40	50	70	50	70	70	90	70	50	50	50	70	70	50	70	70	140	90	90	90	110	110	90	90	110	90	90	50
mit introduction to deep learning 6 s191 slides	10	Low	27	0.65	4.81	30	20	20	10	10	10	10	10	10	20	20	20	40	30	30	10	10	20	20	10	10	30	30	10	20	30	20	10	20	10	10	10	10	20	10	10	10	10	10	10	10	10	10	20	10	30	10	10
mit labs	3600	Low	3	0.146006	2.582243	2900	2900	2900	2400	2400	2900	2900	2900	2900	2400	2900	2900	2900	2900	2900	2900	2900	2900	2900	3600	3600	2400	3600	3600	3600	3600	3600	2900	2900	2400	3600	3600	3600	2400	2900	2900	3600	3600	3600	2900	2900	2900	3600	3600	3600	2900	3600	2900
mit learning	5400	Low	17	0.603932	4.332978	320	320	260	320	260	320	390	480	390	260	390	320	320	260	390	590	880	720	880	880	590	880	880	1000	880	720	720	5400	1600	1000	4400	880	590	590	720	590	590	480	720	590	12100	27100	8100	5400	4400	2900	2900	2400
mit machine learning course	720	Medium	49	0.5	4.47	720	720	720	720	720	720	720	720	720	720	1000	880	880	590	590	590	590	590	590	480	480	590	720	880	720	590	720	590	880	720	590	590	720	720	880	720	880	880	880	720	880	880	720	720	590	590	590	1000
mit machine learning course cost	10	Medium	43			10	10	10	10	10	10	10	10	10	10	10	10	10	10	10	10	10	20	10	10	10	10	10	10	10	10	10	10	10	10	0	10	10	10	10	10	10	10	10	10	10	10	10	10	10	10	10	10
mit machine learning course price	10	Low	17			10	10	10	10	10	10	0	10	10	10	0	10	0	0	10	10	0	0	0	0	0	0	10	10	10	10	10	10	10	10	10	10	0	10	10	10	10	10	10	10	10	10	10	10	10	10	10	10
mit machine learning course review	10	Medium	46			10	10	10	10	10	10	10	10	0	10	10	10	10	0	10	10	10	10	0	10	0	10	10	0	10	10	10	10	10	10	10	0	10	10	0	10	10	10	10	10	10	0	0	10	0	0	10	10
mit machine learning program	10	High	81	0.57729	10.508915	10	10	10	20	20	10	10	10	10	20	10	20	20	20	20	20	20	10	20	20	20	20	20	30	20	30	20	20	20	10	20	20	10	20	10	20	20	20	10	30	20	10	10	10	10	10	10	20
mit mites	2900	Low	13	0.922006	4.077326	880	720	590	720	880	720	880	880	1600	1900	3600	1900	1600	1900	1000	1300	1600	1600	1300	1600	2400	2400	3600	1900	1900	2400	1300	1600	2400	1600	1900	1900	2400	2900	4400	1900	1900	2400	1900	1900	2400	1900	1900	2400	3600	4400	8100	2900
mit mites summer program	590	Low	32	1.133248	4.13161	10	10	10	10	10	10	10	10	30	50	210	210	170	260	140	170	210	210	210	260	320	320	720	390	590	590	210	480	480	260	260	320	390	590	1300	480	390	480	390	390	320	210	170	320	590	880	2400	720
mit mostec	90	Low	16	1.513481	5.697989	320	590	210	210	260	590	210	210	320	320	320	170	110	260	90	170	110	110	90	70	90	110	110	50	70	70	140	390	390	170	110	110	110	140	170	110	110	90	70	50	50	50	40	50	170	210	140	70
mit nanotechnology lab	10	Low	3			0	10	10	10	10	10	10	10	10	10	10	10	10	10	10	10	10	10	10	10	10	10	10	10	10	10	20	10	10	10	10	10	10	10	10	10	10	10	10	10	10	10	10	10	10	10	10	20
mit ocw machine learning	720	Low	28	0.806849	4.98372	720	590	720	880	720	720	720	720	720	720	880	720	720	720	880	720	720	720	720	720	720	880	880	880	880	880	880	720	880	720	880	880	720	880	720	880	720	720	720	720	880	720	880	590	590	590	720	590
mit online application	40	Low	28	0.738972	6.33	50	50	40	70	50	70	50	70	40	40	70	40	50	50	70	40	50	50	40	50	70	70	50	40	50	70	70	70	50	50	30	40	30	50	40	40	40	50	70	30	50	30	30	30	30	50	50	30
mit online artificial intelligence	40	High	74	2.806126	20.654554	10	10	10	10	10	10	10	10	10	10	10	30	20	30	40	50	50	70	40	50	50	40	70	50	70	50	70	50	40	40	30	30	50	30	50	50	40	40	40	30	50	40	40	40	30	20	40	40
mit online course ai	110	High	76	2.45	14.776724	20	10	20	10	20	20	10	30	20	30	40	50	40	70	70	90	110	90	110	90	110	110	170	170	140	140	140	140	720	880	90	110	260	110	140	140	140	110	110	140	110	170	110	110	90	70	90	90
mit online courses with certificate	590	Low	30	0.615876	4.600209	880	880	880	1000	1000	1300	1000	1000	1000	880	1300	1000	1300	1000	1300	1600	1600	1300	1300	1300	1300	1000	1600	1900	1300	1300	1000	1300	2900	2400	1600	1000	1000	880	1600	880	880	720	720	880	720	720	720	480	480	390	390	590
mit online programs	1300	Medium	47	1.2	7.508431	2400	2400	2400	2400	2400	2400	2400	2400	1900	1900	2400	1900	2400	2400	2400	2400	2900	2400	2400	2400	2400	2400	2400	2400	2400	1900	2400	2900	2400	1900	4400	9900	3600	2400	2400	1900	2400	1900	1600	1300	1600	1600	1300	1000	1000	1000	1000	1000
mit open course	6600	Low	11	0.346571	2.435371	8100	8100	8100	8100	6600	8100	8100	8100	8100	8100	8100	6600	8100	8100	8100	8100	6600	6600	8100	6600	6600	6600	8100	8100	8100	6600	8100	6600	8100	8100	8100	8100	6600	6600	8100	6600	6600	6600	6600	6600	8100	8100	8100	8100	6600	6600	6600	6600
mit open learning library	590	Low	4	0.73312	6.487058	480	590	390	480	480	590	480	480	590	480	590	590	720	590	720	720	720	880	880	720	590	720	2400	880	880	720	720	720	720	590	480	480	480	590	590	480	480	720	720	720	590	720	590	590	480	590	480	590
mit open source courseware	90	Low	20	0.833072	5.67	90	50	70	70	50	70	50	70	70	70	70	70	50	50	50	70	50	70	50	40	50	50	70	70	70	70	50	50	50	50	70	50	70	50	90	70	90	70	90	70	90	90	70	110	90	90	90	90
mit opencourseware aerospace engineering	90	Low	10	0.628587	5.04	30	30	30	30	30	50	20	20	10	30	10	20	20	40	30	20	40	20	20	20	30	30	30	40	30	30	40	40	50	70	70	90	50	50	50	70	110	70	90	110	90	90	70	70	70	70	110	140
mit opencourseware civil engineering	40	Low	13	0.199565	3.23	20	20	40	20	30	40	30	50	40	40	40	30	40	30	30	30	40	30	30	30	40	50	20	30	40	30	40	20	50	50	40	40	30	20	30	70	50	40	40	40	40	40	50	30	40	40	40	40
mit opencourseware materials science	50	Low	11	0.451422	3.8	30	20	30	20	20	30	40	30	30	20	30	30	30	20	20	30	30	40	30	30	30	50	40	40	30	30	40	30	40	40	50	70	110	40	50	50	70	50	50	50	50	50	50	90	40	50	70	40
mit opencourseware mathematics for computer science	320	Low	8	0.5	10.415239	140	210	210	170	170	210	170	170	170	140	140	170	210	140	170	170	170	170	210	170	140	170	210	170	170	140	210	210	260	260	260	320	260	210	260	320	320	260	260	260	320	390	320	320	260	320	390	320
mit opencourseware statistics	390	Low	5	0.31	2.14	480	480	480	480	480	590	590	590	590	480	480	480	480	480	480	480	480	480	480	480	590	590	720	590	590	590	720	590	590	480	590	480	590	480	590	480	480	480	390	480	480	390	480	390	390	390	480	390
mit opencourseware website	110000	Low	10	0.350783	4.282879	74000	74000	74000	74000	74000	90500	90500	90500	90500	74000	90500	74000	90500	90500	90500	90500	90500	90500	90500	90500	90500	90500	90500	90500	90500	74000	90500	90500	90500	90500	110000	110000	110000	110000	110000	90500	90500	90500	90500	90500	110000	135000	135000	110000	90500	110000	110000	90500
mit pro	880	Medium	37	1.07	10.98	880	720	720	720	720	880	880	880	720	590	720	720	880	880	720	720	720	720	720	720	720	590	880	880	880	880	880	720	880	720	720	880	720	590	880	720	720	720	720	590	720	720	720	880	880	1000	880	1000
mit prox	70	Medium	61	1.79	11.18696	110	90	110	70	70	70	70	90	90	90	140	90	90	110	110	90	90	90	90	70	70	70	110	90	90	70	70	50	70	70	90	90	70	50	70	70	70	70	70	50	70	70	70	170	70	50	90	70
mit reinforcement learning	320	Low	11	0.573091	2.96	260	260	210	210	210	210	210	260	260	260	260	260	260	260	320	260	260	320	320	320	390	390	320	260	390	320	320	260	260	260	320	480	390	320	320	320	390	320	320	260	260	390	590	320	320	320	260	210
mit research science institute	5400	Low	16	1.064671	4.06	2400	1600	1300	1600	1900	1900	1600	2400	4400	2900	2400	2400	1900	1900	1900	2400	2900	2900	2900	3600	5400	6600	4400	3600	2900	2900	2400	2400	3600	2900	2900	4400	6600	8100	4400	3600	4400	4400	4400	5400	4400	3600	4400	6600	8100	12100	8100	6600
mit rsi application	480	Low	9	1.017369	5.35	210	90	70	70	110	170	110	260	590	390	260	170	170	110	140	90	170	210	320	320	720	880	320	320	210	210	170	170	260	260	320	480	880	1000	480	390	390	260	260	320	260	260	390	590	1000	1300	480	480
mit rsi summer program	480	Low	18	1.12	4.266261	110	70	90	70	70	70	50	70	170	110	110	110	90	70	50	70	110	40	50	70	110	140	110	70	70	70	70	90	170	110	140	170	260	260	210	170	140	140	140	210	170	210	210	390	880	1300	1000	1000
mit summer	390	Low	11	0.733754	4.310011	480	480	480	480	480	390	320	390	390	390	480	480	480	390	390	480	390	320	260	390	390	390	590	480	480	480	390	480	390	320	320	320	390	390	480	390	480	390	390	480	390	320	320	320	320	390	480	590
mit summer courses	1000	Low	31	0.7	3.225434	1900	1900	1900	1300	1000	880	720	880	1300	1300	1900	1900	1900	1900	1900	1300	1300	1000	880	1000	1300	1300	1900	1900	1900	1900	1900	1300	1000	880	880	1000	1300	1300	1600	1600	1900	1600	1600	1000	880	720	590	720	880	880	1000	1000
mit summer program	2400	Medium	48	1.05328	5.21	3600	3600	2900	2400	2400	1600	1600	1900	2400	2900	5400	4400	4400	3600	2900	2400	2900	1900	1600	2400	2900	3600	5400	3600	3600	3600	2400	2400	2400	1900	1900	2400	2900	3600	5400	3600	3600	2900	2400	2400	1900	1600	1300	1600	2400	2900	3600	2400
mit summer research program	2400	Low	16	0.488055	2.320328	880	590	480	480	480	590	590	880	1000	1600	1600	1000	1000	720	590	720	720	720	880	1000	1300	1600	2400	1300	1000	880	720	720	720	720	880	1300	1600	1900	2900	1600	1300	1000	880	720	720	720	880	1300	4400	5400	6600	1900
mit think	1600	Low	2	1	4	260	260	210	260	480	480	480	590	1300	2400	2900	720	590	480	390	480	720	720	720	880	1600	2900	2900	880	480	480	480	590	590	720	720	1300	1600	3600	4400	880	720	590	1000	880	720	720	720	1000	3600	4400	3600	1300
mit think scholars program	1000	Low	15	0.776297	3.864937	140	170	140	170	210	260	260	260	390	590	590	320	320	320	210	260	260	260	260	260	480	880	590	390	320	390	320	320	480	480	390	720	880	1300	1300	590	720	720	1000	880	880	880	720	720	1600	1900	1600	880
mit university application	880	Low	17	0.45	5.682769	720	590	590	480	590	880	1000	1300	880	1000	880	720	880	720	720	720	720	1000	1000	1300	880	880	1000	590	590	590	590	480	590	720	720	720	720	880	880	480	880	720	590	480	480	720	880	1000	1000	1300	1300	1000
mit university online courses	8100	Medium	48	0.92	5.339584	9900	9900	9900	9900	9900	9900	9900	9900	9900	8100	12100	9900	9900	9900	12100	12100	12100	12100	9900	9900	9900	9900	14800	14800	12100	9900	14800	22200	33100	18100	18100	9900	49500	22200	22200	9900	8100	8100	9900	9900	9900	9900	8100	8100	6600	6600	6600	6600
mit x	720	Low	13	0.787813	4.588178	590	590	590	590	720	590	720	590	590	720	590	590	590	590	590	590	590	720	880	720	720	720	880	880	720	590	720	590	880	720	1000	880	720	720	880	720	720	720	590	720	590	720	880	720	590	720	720	590
mit x pro	110	Medium	60	1.74165	10.325738	1300	1000	1000	880	880	880	880	1000	880	720	880	1000	1000	880	880	880	880	880	880	880	480	140	170	170	140	110	110	110	110	140	110	140	70	70	110	110	110	90	90	90	70	50	50	30	140	210	260	210
mit xpro	5400	Medium	48	1.343869	11.10941	5400	4400	4400	3600	4400	4400	4400	4400	4400	3600	5400	4400	5400	5400	5400	4400	4400	5400	4400	4400	4400	4400	5400	5400	5400	5400	5400	4400	5400	6600	22200	6600	5400	3600	5400	4400	5400	5400	5400	5400	5400	5400	5400	5400	4400	3600	4400	4400
mit xpro courses	480	Medium	55	1.2382	11.745465	90	70	70	50	50	70	70	70	90	70	70	50	70	90	70	70	90	90	90	140	140	140	210	260	260	320	260	320	390	1000	2400	390	590	320	720	390	480	390	390	480	480	480	480	390	390	320	480	480
mit xpro deep learning	10	Medium	58	5.650141	12.828319	0	0	0	0	0	0	0	0	0	0	0	0	20	10	30	20	20	20	30	30	20	10	20	30	50	20	30	10	10	20	20	10	40	30	10	20	10	10	20	10	20	20	10	10	10	20	10	10
mit xpro login	110	Low	21	0.14	5.617746	70	70	90	70	50	70	70	110	90	70	70	90	110	110	110	70	50	110	90	140	140	140	210	320	390	320	320	260	170	170	140	210	140	90	110	170	140	170	110	110	110	90	90	170	140	70	110	170
mit xpro machine learning	20	High	71	1.38366	8.469013	40	50	40	30	70	40	30	20	10	10	30	40	40	20	30	40	40	20	20	30	20	20	30	20	40	20	20	30	30	30	210	140	70	10	50	20	20	30	20	10	20	20	20	20	20	10	10	10
mit xpro review	140	Low	30	1.797045	12.827887	480	480	480	480	480	590	590	480	390	320	590	480	480	390	390	320	390	390	320	320	320	320	480	320	320	320	320	210	320	320	210	210	260	170	320	170	170	210	170	170	210	170	140	110	90	90	90	90
mit zoom classes	10					10	0	0	10	0	10	10	0	10	0	0	0	0	0	10	0	0	10	0	0	10	10	0	0	0	0	0	0	0	10	0	0	0	0	0	0	0	0	0	0	0	0	0	0	0	10	0	0
mites program	1300	Low	18	1.555697	5.33	320	390	260	260	320	320	210	320	320	590	1000	590	480	720	390	480	590	720	480	390	590	720	1000	720	590	1000	480	590	880	590	590	720	880	1000	1600	880	1000	1600	1000	1000	1000	880	880	1000	1300	1600	2400	1600
mites program mit	390	Low	22	1.274429	5.674808	90	70	50	70	90	110	140	140	210	260	720	260	110	170	90	90	110	90	90	140	260	210	480	260	140	170	90	170	170	170	110	170	260	260	590	260	210	210	170	170	210	210	260	480	480	590	880	480
mites summer	880	Low	19	0.99	4.25	20	40	20	20	170	170	30	20	70	170	390	320	210	390	170	170	170	210	170	390	480	480	1000	880	590	720	320	320	480	260	210	320	480	720	1000	590	390	720	590	590	480	390	480	590	1000	1300	2900	1300
mites summer program	4400	Low	22	1.08605	4.159999	590	480	320	320	320	390	320	390	720	1000	4400	1900	1300	1600	880	880	880	880	720	1000	1900	2400	5400	2900	2400	2900	1300	1600	1600	1300	1300	1600	2400	3600	6600	2900	2900	4400	1900	1900	2400	1600	1600	2400	3600	6600	14800	8100
mitlearn	5400	Low	17	0.603932	4.332978	320	320	260	320	260	320	390	480	390	260	390	320	320	260	390	590	880	720	880	880	590	880	880	1000	880	720	720	5400	1600	1000	4400	880	590	590	720	590	590	480	720	590	12100	27100	8100	5400	4400	2900	2900	2400
mitx courses	880	Medium	34	0.57	3.99	480	480	390	390	390	590	480	390	590	590	880	720	880	880	880	880	1000	1000	1000	880	880	880	1000	1600	880	880	880	720	880	720	1600	880	590	590	720	590	720	1300	1300	1000	880	880	880	720	590	720	720	720
mitx edx	480	Medium	37	0.68	3.56	390	390	390	320	320	390	390	390	210	210	320	170	260	260	260	260	210	210	210	210	210	210	260	320	260	260	320	260	320	320	320	320	260	260	390	260	320	390	320	390	480	590	480	390	320	390	480	480
mitx micromasters	1600	Low	33	0.77	4.501532	1600	1600	1900	1900	1900	1900	1900	1600	1300	1300	1900	1600	1600	1600	1900	1900	1600	1900	2400	1600	1300	1900	2400	1600	1600	1600	1900	1600	1600	1900	1900	1300	1000	1600	1600	1300	1300	1600	1900	1600	1600	1900	1900	1600	1300	1600	1900	1300
mitx on edx	480	Medium	37	0.68	3.56	390	390	390	320	320	390	390	390	210	210	320	170	260	260	260	260	210	210	210	210	210	210	260	320	260	260	320	260	320	320	320	320	260	260	390	260	320	390	320	390	480	590	480	390	320	390	480	480
mitx supply chain	320	Medium	52	0.83	7.186761	210	170	170	170	170	210	170	170	170	170	260	210	170	210	260	210	210	210	260	210	140	210	320	390	210	260	260	170	260	260	1000	210	210	210	320	320	320	390	320	390	390	320	320	260	260	260	260	260
ml certification	480	Medium	56	0.553822	5.52	320	320	320	320	320	320	320	260	320	260	390	320	390	390	390	390	480	480	480	480	480	480	590	590	590	590	590	590	590	480	480	480	590	590	590	590	480	480	480	480	480	480	480	390	480	390	480	390
ml course	2900	Medium	52	0.30275	2.125389	1000	1300	1300	1600	1600	1300	1600	1300	1300	1300	1600	1300	1900	1600	1900	1900	1900	2400	1900	1900	1600	1900	2400	2400	2400	2400	2900	2900	2900	2400	2900	2400	2400	2900	2900	2900	2900	2900	3600	2900	3600	3600	3600	2400	2400	2400	2900	2400
ml engineer roadmap	1600	Low	27	0.252205	1.781047	260	320	320	390	480	480	480	480	480	590	720	590	720	720	880	720	880	880	1000	880	880	1000	1300	1300	1600	1600	1600	1600	1600	1300	1300	1300	1300	1300	1600	1600	1600	1300	1600	1600	1900	1600	1300	1300	1300	1300	1600	1600
ml engineering	14800	Low	14	0.48	6.321262	6600	6600	6600	8100	8100	8100	8100	8100	8100	6600	8100	8100	9900	9900	9900	9900	9900	9900	9900	9900	9900	9900	12100	12100	12100	12100	14800	12100	12100	12100	12100	12100	12100	12100	12100	14800	14800	14800	14800	14800	14800	14800	14800	14800	14800	14800	14800	14800
ml from scratch github	210	Low	1	0.551892	1.65	70	50	50	40	30	50	40	50	70	30	40	30	20	20	20	40	20	30	20	30	30	30	40	50	40	50	70	40	40	50	30	40	50	70	30	50	30	40	20	140	90	140	90	70	480	590	390	260
ml in engineering	110	Low	5			40	30	30	50	50	50	40	50	40	30	40	30	40	30	70	90	50	70	50	30	40	20	40	40	70	50	110	90	70	70	70	40	40	40	50	40	140	170	140	110	110	50	320	70	20	40	50	50
ml models	12100	Low	4	0.250225	4.33	14800	12100	12100	12100	12100	12100	12100	14800	14800	12100	14800	27100	14800	14800	14800	12100	12100	12100	14800	14800	14800	14800	14800	14800	18100	18100	18100	14800	14800	12100	14800	14800	14800	12100	14800	14800	14800	14800	14800	12100	12100	12100	14800	12100	12100	12100	12100	14800
mlcc machine learning crash course	10	Medium	38			0	0	0	0	0	0	0	0	0	0	10	10	0	0	10	10	10	10	10	0	10	10	0	0	0	10	10	0	0	10	10	0	0	0	10	10	0	0	10	0	0	0	0	0	0	10	0	10
mlops	60500	Low	15	0.420453	5.15	49500	49500	49500	49500	49500	49500	49500	49500	49500	40500	60500	60500	60500	60500	60500	60500	60500	60500	60500	60500	60500	49500	74000	60500	74000	60500	60500	60500	60500	49500	60500	60500	49500	40500	49500	49500	60500	60500	49500	49500	60500	60500	60500	60500	60500	49500	60500	49500
modeling and simulation	8100	Low	1	0.519999	5.09	12100	9900	12100	9900	8100	9900	12100	12100	12100	9900	12100	9900	12100	9900	12100	9900	8100	8100	9900	9900	9900	9900	9900	9900	9900	9900	9900	9900	9900	12100	9900	9900	8100	8100	9900	8100	9900	8100	8100	9900	6600	6600	8100	6600	6600	5400	6600	6600
modeling and simulation course	90	Low	15	0.429148	4.67	170	170	170	170	170	140	170	140	140	140	170	170	210	110	170	170	140	170	170	210	260	140	260	210	210	140	140	170	110	140	140	140	140	110	140	170	110	90	90	90	90	110	110	90	70	90	90	70
models in machine learning	480	Low	3	0.031357	1.51	880	880	880	1000	720	880	1000	1000	1000	880	880	720	880	880	880	720	720	880	880	880	880	720	720	880	880	880	880	720	590	720	720	590	720	590	590	590	720	720	720	590	480	480	390	390	480	390	480	480
mooc courses machine learning	10	Medium	48			10	10	0	0	10	0	0	10	10	0	0	10	10	10	10	0	0	10	0	0	10	10	10	10	10	10	10	10	10	10	0	10	0	0	10	10	10	0	0	10	0	10	10	0	10	10	10	10
mooc engineering courses	10	Medium	57	0.215328	2.600191	10	10	10	10	10	10	10	10	10	10	10	10	10	10	10	10	10	0	10	10	10	0	0	10	0	0	10	10	10	10	0	10	10	0	10	0	10	10	0	10	0	10	10	10	10	10	10	10
mostec summer program	70	Low	30	1.788877	4.262867	260	590	170	40	70	90	90	70	170	210	170	90	90	70	70	70	170	110	170	110	110	210	210	110	90	110	40	40	30	40	30	30	90	140	210	110	110	110	50	70	70	30	30	40	70	110	140	50
multimodal machine learning course	20	Medium	35	0.498963	3.650305	0	0	0	0	0	0	0	0	0	0	0	0	0	0	30	20	30	40	30	40	50	70	70	30	30	30	30	20	30	70	40	40	30	20	20	30	30	40	20	30	30	20	20	20	20	10	10	20
my great learning courses	30	Medium	59	0.280642	2.868602	10	10	10	10	20	20	20	70	20	10	30	20	10	20	30	30	40	50	30	30	20	20	70	30	30	40	10	20	30	20	30	20	10	20	20	20	30	10	10	10	20	20	10	20	20	40	50	40
mygreatlearning com	590	Medium	53	0.356417	3.19981	480	590	3600	2900	2900	1900	1600	1600	4400	1900	2400	1300	1300	1300	880	3600	5400	1900	1600	1600	9900	2900	2400	2400	1900	1300	1000	880	3600	2900	2400	1000	720	880	720	590	480	390	390	390	480	1900	590	480	590	480	720	480
natural language processing	60500	Low	5	0.260643	5.23	74000	74000	74000	74000	60500	74000	74000	74000	90500	74000	90500	90500	90500	90500	90500	90500	74000	74000	90500	90500	90500	74000	90500	90500	90500	90500	90500	74000	74000	60500	74000	74000	74000	74000	74000	74000	74000	74000	60500	60500	60500	60500	60500	60500	49500	40500	40500	33100
natural language processing online course	1600	Low	30	0.380474	3.789046	1300	1300	1300	1600	1600	1900	1300	1300	1300	1300	1600	1300	1600	1300	1600	1300	1600	1600	1600	1300	1300	1300	1600	1600	1600	1600	1600	1600	1600	1300	1300	1300	2400	1900	2400	1600	1900	1900	1900	1600	1000	1300	1900	1000	1300	1000	1300	1900
neural nets for dummies	210	Medium	36	0.270554	4.02	320	260	320	320	260	390	320	390	390	320	390	390	480	390	480	390	390	390	320	480	390	390	390	390	480	390	480	390	260	320	260	390	320	260	320	320	320	260	210	210	210	170	210	210	210	140	140	170
neural network	135000	Low	2	0.137728	4.964378	165000	165000	165000	165000	135000	135000	135000	165000	165000	165000	165000	165000	201000	165000	201000	165000	135000	135000	165000	165000	165000	165000	165000	165000	201000	201000	201000	165000	135000	135000	165000	201000	165000	165000	165000	165000	165000	165000	165000	135000	135000	135000	135000	165000	165000	135000	135000	135000
neural network course	480	Medium	38	0.416124	2.937505	480	590	590	480	590	590	590	590	480	480	590	720	590	720	720	590	590	720	720	720	720	720	880	880	880	720	720	720	1900	1300	720	720	1300	1300	1000	720	590	590	590	480	480	480	480	390	480	390	390	480
new machine learning course	10	Medium	43			10	10	20	40	10	10	10	10	10	10	0	10	10	10	20	10	10	10	10	10	10	10	10	10	10	10	0	10	10	10	10	10	10	10	0	0	10	10	0	10	10	10	10	10	10	10	10	10
ng machine learning course	20	Medium	56	1.57	10.13	10	10	10	10	10	10	10	10	10	10	10	10	10	10	10	10	10	10	10	10	10	10	10	10	10	10	10	10	10	10	10	20	20	10	20	20	20	10	20	20	20	20	20	20	20	20	20	10
niit machine learning course	10	High	67	0.37044	1.127421	10	10	20	20	20	20	10	10	10	20	10	10	20	20	10	20	30	20	20	10	10	10	10	10	10	10	10	10	10	10	10	10	10	10	10	10	10	10	10	10	10	10	10	10	10	10	10	10
nit warangal machine learning course	10					10	10	10	10	10	10	10	10	10	0	10	10	10	10	10	10	10	10	10	10	0	0	10	0	0	10	10	0	10	10	0	0	10	0	0	0	0	0	10	0	0	0	10	10	10	10	0	0
nlp machine learning course	10	Low	32	0.949839	6.1824	20	30	30	40	30	20	40	20	30	30	30	30	20	20	20	20	40	40	30	30	20	40	30	30	20	30	20	20	1600	1300	20	20	30	10	30	30	20	10	20	10	10	20	10	10	20	10	20	10
nlp with python for machine learning essential training online courses						10	10	10	10	10	0	10	10	0	0	0	0	0	0	0	0	0	0	0	0	0	0	0	0	0	0	0	0	0	0	0	0	0	0	0	0	0	0	0	0	0	0	0	0	0	0	0	0
no code ai and machine learning course	20	Medium	36	1.031532	6.111209	0	0	0	0	0	0	0	0	0	0	0	0	0	30	50	50	50	50	70	70	40	50	50	20	30	10	20	20	30	30	40	30	30	20	20	30	40	20	10	10	10	20	10	10	10	10	10	30
no code ai and machine learning mit	70	Medium	64	1.026899	9.031067	0	0	0	0	0	0	0	0	0	0	0	30	30	40	40	50	70	40	20	50	20	50	40	40	70	50	50	70	50	30	40	50	50	50	70	50	70	50	70	70	50	70	70	70	90	70	110	110
no code machine learning course	140	Low	15	1.582536	6.78	0	0	0	0	0	0	0	0	0	0	0	0	0	0	10	20	20	20	20	40	20	30	20	30	20	30	30	30	30	30	30	10	50	30	70	210	210	210	140	30	20	20	720	30	10	10	50	20
nptel machine learning courses	260	Low	16	0.277646	1.002261	210	140	140	170	170	170	170	140	170	170	210	210	170	170	140	210	320	260	170	110	140	210	320	170	140	170	210	210	260	210	140	140	140	170	260	210	170	170	170	210	390	320	210	170	210	320	480	390
ntu machine learning course	10	Medium	38	0.49841	1.338319	10	10	10	10	10	10	10	10	10	10	20	10	10	10	20	20	20	10	10	10	20	10	20	20	20	20	30	10	10	20	20	20	20	10	20	20	10	10	10	10	10	10	10	10	10	20	20	10
ntu online courses	110	Low	33	0.607547	3.85	90	110	110	140	110	210	140	140	90	110	140	110	110	110	110	90	140	170	140	90	110	90	170	140	140	110	110	480	390	320	880	590	140	140	170	140	140	90	110	110	140	210	170	90	70	90	140	90
nus machine learning course	10	Medium	44	0.567322	13.09	20	10	50	40	20	30	20	20	20	20	50	50	50	40	20	10	10	30	20	20	20	20	40	30	20	20	20	20	40	20	30	30	20	20	30	30	20	10	20	20	10	10	10	10	10	10	20	10
nvidia ai course	6600	Medium	43	0.356793	3.747619	70	50	50	70	70	70	70	40	40	50	50	70	90	70	90	90	110	90	170	140	140	140	260	320	9900	9900	4400	4400	9900	18100	22200	8100	5400	9900	22200	14800	14800	9900	8100	8100	8100	6600	4400	5400	3600	4400	3600	4400
nvidia deep learning institute	5400	Low	26	0.43417	3.994054	1300	1000	1000	1000	1300	880	1300	880	1000	880	1000	880	1300	1000	1000	880	1000	1000	1300	1300	1600	1300	1900	1900	2900	3600	2400	2400	2900	2900	3600	4400	3600	3600	12100	5400	4400	4400	5400	5400	6600	8100	5400	5400	5400	4400	4400	5400
nvidia machine learning course	390	Medium	35	0.254025	2.208223	30	20	30	30	20	30	20	30	20	30	20	30	30	30	30	30	20	30	30	20	30	20	50	30	90	110	90	140	140	140	170	170	140	140	320	260	210	320	260	390	720	720	320	320	480	260	170	90
nvidia training courses	390	Low	31	0.660543	4.755855	30	20	30	20	10	10	20	20	10	10	20	10	20	10	10	10	20	20	10	30	20	30	50	70	110	110	70	110	90	140	210	260	260	320	720	390	390	320	320	320	320	720	320	320	320	320	320	320
objective of machine learning course	10					10	10	10	10	10	10	20	10	10	20	10	20	10	20	10	10	20	10	10	10	10	10	10	10	10	10	10	10	10	10	10	10	10	10	10	10	10	10	10	10	10	10	0	10	10	0	0	0
ocw	49500	Low	1	0.39	4.008412	74000	60500	49500	60500	22200	40500	49500	60500	60500	40500	27100	40500	49500	40500	49500	33100	22200	49500	90500	110000	74000	74000	33100	49500	49500	40500	40500	33100	33100	33100	49500	60500	49500	40500	22200	40500	60500	49500	49500	40500	22200	40500	74000	60500	49500	40500	27100	40500
ocw mit edu courses	1300	Low	29	0.444834	3.673862	880	880	590	880	1600	8100	8100	12100	6600	4400	2900	2400	4400	2400	4400	3600	2400	2400	2400	2400	2400	1600	1600	1600	1000	1000	880	1000	1900	1600	2400	2400	2400	1300	1600	1300	1000	1300	1000	1900	1300	1600	1600	880	1000	880	720	1000
omscs machine learning course plan	10					10	10	20	10	10	20	10	10	10	10	20	10	10	10	10	10	20	40	10	10	10	10	10	0	10	10	10	10	10	20	10	10	10	10	10	10	0	10	10	10	10	10	10	0	10	0	10	0
online ai and machine learning courses	30	Low	28	0.971046	4.927668	20	20	20	20	20	30	20	20	10	10	20	10	10	20	40	20	40	30	30	10	20	20	20	20	30	50	50	50	30	30	30	20	10	20	30	30	20	40	40	30	50	30	30	20	10	10	20	30
online certificate course in machine learning	10	High	71			10	10	20	10	10	20	10	10	10	10	10	20	10	20	10	10	10	10	10	20	10	10	10	0	10	10	0	10	0	20	10	10	10	10	10	10	10	10	10	20	10	10	10	10	10	10	10	10
online class engineer	5400	Medium	44	0.602045	8.801682	3600	2900	2900	3600	3600	4400	3600	3600	3600	2900	4400	3600	4400	3600	4400	3600	3600	4400	4400	4400	4400	4400	5400	5400	5400	4400	5400	5400	4400	4400	4400	5400	5400	5400	5400	4400	6600	5400	5400	5400	5400	5400	5400	4400	3600	3600	5400	4400
online coding course with certificate	720	Low	29	0.503573	11.31	1000	1000	1600	1600	1900	1900	1000	1000	1300	1300	1000	590	880	1000	1000	1000	880	880	590	590	390	480	720	590	720	880	880	720	720	480	720	880	720	880	880	880	1900	1000	720	590	720	480	480	390	320	320	390	480
online coding courses	22200	Medium	36	0.442673	10.338339	18100	18100	22200	22200	22200	22200	22200	18100	18100	18100	22200	18100	22200	22200	22200	22200	22200	18100	18100	18100	14800	18100	18100	14800	18100	18100	22200	22200	22200	18100	18100	14800	22200	22200	22200	18100	33100	27100	27100	22200	22200	18100	18100	14800	14800	14800	18100	14800
online coding courses for beginners	880	Medium	49	0.350163	6.365367	590	480	720	720	720	720	880	720	590	590	720	590	720	720	880	880	720	590	590	590	480	480	590	590	720	880	880	880	880	880	880	720	720	1000	720	720	1000	1000	1300	1300	1000	1000	880	720	590	480	720	880
online computer science courses	9900	Low	12	0.567026	13.48	3600	3600	4400	4400	4400	4400	4400	3600	3600	3600	4400	3600	4400	4400	4400	4400	4400	4400	4400	4400	3600	3600	6600	5400	6600	14800	5400	4400	4400	4400	4400	4400	5400	5400	5400	4400	6600	5400	6600	6600	12100	8100	12100	6600	8100	6600	22200	12100
online course machine learning python	10					10	0	10	10	0	10	10	10	0	0	10	0	10	0	0	0	0	0	10	0	0	0	10	0	10	0	10	0	0	10	10	10	0	10	10	10	0	10	10	10	10	10	10	10	10	0	10	0
online course machine learning with python	10	Low	28	0.521085	3.89	20	10	10	10	20	10	10	10	10	10	20	10	20	20	20	10	20	20	20	10	10	10	20	20	20	20	20	10	10	10	10	10	10	10	20	10	20	20	10	10	10	10	10	10	10	10	10	10
online course on ai and machine learning	70	High	70	0.612455	2.17749	20	10	20	10	10	20	10	10	10	10	10	10	10	10	10	30	20	10	10	10	10	10	10	10	20	20	20	20	30	30	20	10	20	30	50	50	90	40	50	70	50	170	70	140	20	90	40	40
online courses for ai and machine learning	140	Medium	36	0.920644	3.963365	20	20	30	20	20	40	20	20	10	10	10	20	20	20	70	50	70	30	30	30	20	20	40	30	40	50	50	50	50	50	50	50	50	50	70	70	90	110	140	170	170	320	70	140	140	140	140	140
online courses for machine learning and ai	20	Medium	53	0.9283	7.24	10	10	10	20	20	10	10	10	10	20	10	20	30	20	30	20	30	20	20	10	10	20	10	30	20	20	50	30	30	20	20	20	10	20	10	20	20	20	30	30	20	20	30	10	20	30	20	10
online introduction to machine learning for data science course	20	Low				0	10	0	10	10	10	0	0	0	0	10	20	50	10	10	10	10	10	90	90	30	10	10	10	10	10	10	10	20	10	10	10	10	10	10	20	10	20	10	20	10	10	30	10	30	30	10	40
online it courses with certificate	1300	Medium	41	0.421609	8.535002	1000	1000	1000	1300	1600	1600	1000	1000	1300	1000	1600	1300	1600	1000	1600	1600	1600	1300	1000	1300	1300	1300	1600	1000	1000	1000	1300	1600	1600	1300	720	720	720	1000	2400	1000	1300	1600	1000	1000	1000	1000	2900	1000	1000	1000	1300	1600
online machine learning certification course	20	Low	2	0.782767	2.095403	10	10	10	10	10	10	10	10	10	10	10	10	10	10	10	20	10	10	10	10	10	10	10	10	10	10	10	10	10	10	10	0	10	10	10	10	10	10	10	10	10	10	10	10	10	10	10	140
online machine learning course free	10	Medium	49	0.05	1.357625	10	10	10	10	20	20	10	10	10	10	10	10	20	20	20	20	30	30	10	10	10	20	20	20	20	10	20	20	30	20	20	10	10	20	10	20	20	10	20	20	10	10	10	10	10	10	10	10
online machine learning course in india	10	Low				10	10	10	0	10	10	0	10	10	0	10	0	10	10	0	10	0	10	10	10	0	10	10	0	0	10	10	10	10	10	0	20	0	0	0	0	0	0	0	10	10	10	10	0	0	10	0	10
online machine learning course with certificate	30	Medium	43	0.583923	1.649783	10	20	10	20	20	30	30	20	40	30	30	40	30	30	40	40	30	50	40	30	30	20	20	30	10	30	40	20	40	30	30	40	20	40	30	30	30	20	20	50	30	30	30	30	30	20	10	20
online python for data science and machine learning bootcamp course	20	Low	1			0	10	0	0	10	10	0	0	0	0	10	30	50	10	20	10	10	10	90	90	40	10	10	20	10	10	10	10	20	10	10	10	10	10	10	20	20	10	20	20	10	20	30	20	40	40	10	30
online python machine learning course	10	Medium	43			10	10	10	0	10	0	10	0	10	0	10	10	10	10	10	10	10	0	10	10	10	10	10	10	10	10	10	10	10	10	10	10	10	10	10	10	10	0	10	10	10	10	10	10	10	10	10	10
open learning mit	170	Low	17	0.96	4.032632	110	110	90	90	90	1600	720	320	720	210	210	390	210	140	140	140	110	90	170	110	110	110	140	170	140	140	210	260	170	170	140	210	140	90	140	140	140	210	170	210	170	260	140	170	170	210	170	140
open machine learning course	10	Low	9			20	10	20	20	10	10	20	20	10	30	20	20	20	10	10	10	10	20	30	10	20	10	20	10	20	20	10	20	20	10	20	20	10	20	20	20	30	20	10	10	20	20	10	10	10	10	10	10
open machine learning course medium						0	0	10	10	0	0	0	10	0	10	0	0	0	0	10	0	0	0	0	0	0	0	0	0	0	10	0	0	0	0	0	0	0	0	0	0	0	0	0	0	0	0	0	0	0	0	0	0
open machine learning course topic 1	10					0	10	10	10	10	0	10	0	10	10	10	10	0	0	0	0	0	10	0	0	0	0	0	0	0	10	0	10	0	0	0	0	0	0	0	0	0	10	10	0	0	0	0	0	0	0	0	0
optimization course for machine learning	10	Low	3			10	10	10	10	20	20	10	10	10	10	20	20	10	10	20	20	10	10	20	10	10	10	20	10	10	10	10	10	10	10	10	0	10	10	10	10	10	10	10	10	10	10	10	10	10	10	10	70
optimization for machine learning course	30	Low	30	0.390454	2.001271	20	30	30	20	20	30	40	30	50	20	50	30	40	20	30	70	20	30	30	40	30	40	40	20	30	40	70	20	20	20	20	20	20	40	30	40	30	30	30	20	20	50	30	20	30	30	40	20
optimization machine learning course	30	Low	30	0.390454	2.001271	20	30	30	20	20	30	40	30	50	20	50	30	40	20	30	70	20	30	30	40	30	40	40	20	30	40	70	20	20	20	20	20	20	40	30	40	30	30	30	20	20	50	30	20	30	30	40	20
ossu	14800	Low	3	0.44628	5.075339	14800	14800	14800	14800	14800	18100	14800	18100	14800	14800	14800	14800	14800	14800	14800	14800	14800	18100	14800	14800	14800	14800	18100	14800	18100	18100	18100	18100	18100	18100	14800	18100	14800	18100	18100	14800	14800	14800	18100	14800	18100	18100	18100	14800	14800	14800	14800	14800
ossu computer science	1000	Low	24	0.44	6.33	1300	1000	1000	1000	1300	1300	1600	1300	1300	1300	1300	1300	1000	1600	1300	1300	1900	1600	1300	1000	1300	1300	2400	1000	1000	1000	1300	1000	1300	1000	1300	1000	880	880	1000	720	720	720	880	1000	720	1000	1300	1300	1600	1000	1000	880
oxford ai	880	Medium	44	1.324521	13.919354	210	260	260	210	170	210	260	260	260	260	480	320	390	390	480	480	590	590	590	720	720	590	880	880	880	720	720	590	590	590	590	720	590	480	880	720	880	720	720	720	880	880	1000	1000	880	720	880	720
paper with code	18100	Low	1	1.189759	8.89	27100	22200	22200	22200	22200	22200	27100	27100	33100	22200	22200	27100	33100	27100	33100	27100	27100	27100	27100	33100	33100	27100	33100	27100	40500	40500	27100	22200	27100	22200	27100	33100	33100	27100	22200	22200	27100	27100	22200	22200	33100	22200	18100	14800	9900	8100	8100	5400
pattern recognition and machine learning course	20	Low	17	0.323797	1.130161	20	20	10	20	20	30	30	20	40	40	50	20	20	30	30	20	20	30	30	20	10	30	20	20	20	20	30	30	10	10	30	30	20	20	10	20	10	10	20	10	10	20	20	10	10	10	30	30
pedro domingos machine learning course	10	Low	29			0	0	10	10	10	10	10	10	10	10	0	10	0	10	0	10	10	10	0	10	10	10	10	0	10	0	10	10	10	0	10	10	10	10	10	10	10	10	10	0	10	10	10	10	10	10	10	10
pelajaran ai	3600	Low	21	0.134889	0.454868	20	10	10	10	10	50	20	20	20	20	10	20	30	20	110	110	140	140	170	260	260	110	320	320	170	140	210	260	210	320	320	210	480	260	170	210	210	260	880	480	590	390	320	260	210	6600	12100	22200
penn state machine learning course	10	Medium	36			10	10	10	10	10	10	10	10	10	10	10	10	10	10	10	10	10	10	10	10	10	10	10	10	10	10	10	10	10	10	10	10	10	10	10	10	10	10	10	10	0	10	0	10	0	10	10	10
pg course in machine learning	10	High	71			20	20	10	20	10	10	10	20	10	10	10	10	10	20	10	10	10	10	10	10	20	10	10	10	10	10	10	10	10	10	10	10	10	10	20	20	10	20	10	10	10	10	0	10	10	10	10	10
pg courses in ai and machine learning	20	High	85	1.02422	3.491811	10	10	10	10	0	10	10	0	10	0	10	10	0	10	0	0	10	0	0	0	0	0	0	10	10	40	50	30	30	30	20	30	20	30	10	20	30	20	20	20	50	20	20	10	10	10	10	10
pg machine learning courses in india						0	10	10	0	0	0	0	0	10	0	0	0	0	0	0	0	0	0	0	0	0	0	0	0	10	0	0	0	0	0	0	0	0	10	0	0	0	0	0	0	0	0	0	0	0	0	0	0
phd in ai	6600	Low	33	1.156054	6.908172	2900	2900	2900	2900	3600	3600	2900	2900	2900	3600	3600	3600	4400	5400	5400	5400	6600	6600	6600	5400	6600	6600	6600	6600	8100	8100	8100	8100	6600	5400	6600	6600	6600	6600	8100	6600	6600	6600	8100	6600	8100	8100	6600	6600	6600	5400	5400	5400
physics informed machine learning course	70	Low	29	0.676175	4.24	0	0	0	0	0	0	0	0	0	0	0	0	0	30	50	50	50	40	30	50	70	30	70	140	110	90	70	110	110	70	70	170	320	40	110	50	70	90	90	70	70	70	40	70	50	50	50	90
pluralsight machine learning	50	Low	32	1.042788	5.481207	110	110	90	110	140	170	140	110	90	90	110	110	110	90	110	110	140	90	90	50	90	90	90	90	90	70	90	70	70	70	50	70	50	50	70	90	90	90	70	70	50	30	40	40	40	20	20	20
post graduate program in ai and machine learning	390	High	75	2.337814	19.67	170	210	210	170	210	170	110	90	90	70	140	110	140	140	320	260	320	320	390	260	320	320	480	480	590	480	480	720	320	170	320	320	260	480	590	590	480	480	390	320	390	390	480	260	260	210	260	260
practical machine learning course	70	Low	12	0.587813	3.206019	50	50	70	50	90	70	50	40	50	50	50	70	50	50	50	70	70	90	50	70	50	70	70	110	90	50	90	50	70	70	70	50	50	70	90	50	50	50	50	70	70	70	40	70	30	40	40	140
practical machine learning course fast ai	10					0	0	10	0	0	10	0	0	0	0	0	10	10	0	0	0	0	0	0	0	0	0	0	0	0	0	0	0	0	10	10	0	0	0	0	0	10	0	0	10	0	0	0	0	10	0	10	0
practical machine learning course project	10	Low				20	10	10	10	10	10	20	40	10	10	10	10	10	10	0	10	10	10	10	10	10	10	10	0	0	10	10	0	10	10	10	10	10	10	10	10	10	10	10	10	10	0	10	10	0	10	0	10
practical machine learning course project prediction quiz	10	Low				10	10	10	10	10	10	10	50	10	10	10	10	10	10	10	20	10	20	10	40	20	10	10	10	10	10	10	10	10	10	10	10	20	10	10	10	10	10	10	10	10	0	10	10	10	10	0	10
practical machine learning week 4 course project prediction quiz						10	10	10	10	10	10	10	50	10	10	10	0	10	10	0	10	10	10	10	30	10	0	10	10	10	10	10	0	0	0	0	10	0	0	0	0	0	0	0	0	0	0	0	0	0	0	0	0
prerequisite for machine learning course	10	Medium	43			10	10	10	20	10	10	10	10	10	20	10	10	10	10	10	10	10	10	0	10	10	10	10	10	10	10	10	10	10	10	10	10	10	10	10	10	10	10	10	0	10	0	10	0	10	0	0	10
princeton machine learning course	10	Low	19			10	10	30	10	10	10	10	10	10	10	10	10	10	10	10	10	10	10	20	20	10	20	20	10	10	20	10	10	10	10	10	10	20	20	30	10	10	10	10	10	10	10	10	10	10	10	10	10
probabilistic machine learning course	40	Low	24	0.709052	4.589857	40	30	20	30	30	30	50	30	50	40	50	50	50	50	30	30	40	70	40	50	40	50	90	90	70	50	70	50	40	40	50	40	50	40	50	40	50	40	40	30	40	30	50	30	40	20	20	30
probability and statistics for machine learning course	10	Low	20			10	10	10	10	20	20	20	10	20	30	40	20	30	30	10	20	10	20	20	20	10	10	10	20	10	10	10	10	10	10	10	10	10	10	10	10	10	10	20	10	10	10	10	10	10	20	10	10
probability course for machine learning	10	Medium	43			10	10	10	10	20	10	20	20	10	10	10	10	10	10	10	10	10	10	10	10	10	10	10	10	10	10	10	10	10	20	10	10	10	10	10	10	10	10	10	10	10	10	10	10	10	10	10	10
probability for machine learning course	10	Low	13			10	10	10	10	20	10	20	20	20	30	40	40	30	30	20	30	30	20	10	10	10	10	10	20	20	10	10	10	10	10	10	10	10	10	20	10	10	10	10	10	10	10	10	10	20	10	10	10
professional certificate in data engineering	40	Medium	43	0.75	3.47	110	110	90	110	90	90	110	90	90	50	90	70	70	70	90	70	50	70	50	70	70	40	70	70	70	50	40	50	50	70	70	50	50	70	50	40	20	50	50	30	30	40	40	50	40	30	40	20
professional certificate in machine learning and artificial intelligence	260	Medium	46	2.89	15.460532	90	90	90	40	90	90	90	90	90	70	70	90	140	90	110	110	110	170	170	140	170	110	260	260	170	170	260	210	390	390	210	260	210	210	320	260	260	210	260	260	260	390	320	260	260	210	260	260
professional machine learning engineer course	20	High	74	0.33544	2.169111	30	20	30	30	20	20	20	20	20	20	20	20	20	20	20	10	10	20	10	20	10	10	30	10	20	20	30	10	20	10	30	10	10	10	10	10	10	10	20	10	10	20	20	20	10	20	10	10
programming	201000	Low	7	0.232566	3.315573	301000	246000	301000	246000	246000	301000	301000	301000	301000	246000	246000	246000	301000	246000	246000	246000	246000	246000	301000	301000	246000	246000	301000	246000	246000	246000	246000	246000	246000	246000	246000	246000	246000	201000	246000	201000	246000	201000	201000	201000	201000	201000	246000	201000	201000	165000	246000	201000
programming course	2400	Medium	37	0.341854	2.97	3600	3600	3600	3600	4400	4400	3600	3600	3600	2900	3600	3600	4400	3600	4400	4400	4400	4400	3600	2900	2900	2900	4400	4400	4400	3600	3600	4400	4400	3600	3600	3600	3600	3600	3600	3600	4400	3600	2400	2400	2400	1900	1900	1600	1600	1300	1900	1600
project based machine learning course	20	Medium	39	0.618404	3.90305	20	10	20	30	20	20	20	20	10	20	20	30	20	30	20	30	30	30	20	10	20	20	30	20	20	40	40	20	30	20	30	20	30	20	10	10	20	10	20	10	20	20	30	20	10	10	10	20
prompt engineering	201000	Low	27	0.227989	2.90554	1600	1300	2400	2900	3600	6600	12100	9900	8100	18100	60500	110000	246000	368000	301000	246000	368000	301000	246000	201000	201000	165000	201000	246000	246000	246000	201000	201000	201000	165000	165000	246000	165000	165000	201000	201000	201000	246000	246000	246000	246000	201000	201000	201000	165000	165000	165000	165000
prompt engineering certificate course	210	Medium	64	0.286591	2.32	0	0	0	0	0	0	0	0	0	0	0	0	0	0	90	170	170	210	210	170	110	140	110	140	140	140	110	140	110	90	110	110	90	110	140	90	140	210	210	260	260	260	170	210	170	170	210	210
python and machine learning course	170	Medium	39	0.653867	4.016346	170	140	170	170	210	170	170	110	170	140	140	170	140	210	210	260	210	210	210	170	140	140	170	170	170	170	210	210	170	170	110	110	140	140	170	210	210	210	210	140	170	170	210	90	110	110	140	210
python and machine learning course in bangalore	10					10	0	0	0	0	10	10	10	0	0	0	0	0	10	10	0	10	10	20	10	0	0	10	10	10	0	0	0	10	0	10	0	0	0	0	0	10	0	0	10	10	0	0	10	0	0	10	0
python and machine learning course in delhi	10					0	0	0	0	0	10	0	0	0	0	0	0	0	0	0	0	0	0	0	0	0	0	0	0	0	0	10	0	0	0	0	0	0	0	0	0	0	0	0	10	0	0	0	0	0	0	0	0
python and machine learning course in kolkata	10					0	10	10	0	0	0	10	10	10	0	0	0	0	0	0	0	0	0	0	0	0	0	0	0	0	0	0	0	0	0	10	0	0	10	0	10	10	10	0	0	0	10	0	0	0	0	0	0
python and machine learning course in mumbai						0	0	0	0	0	0	0	0	0	0	0	0	0	0	0	0	10	0	0	0	0	0	0	0	0	0	10	10	0	0	0	0	0	0	0	0	0	0	0	0	0	0	0	0	0	0	0	0
python and machine learning course near me	20	Medium	66			30	10	30	10	10	30	30	20	10	10	20	10	10	30	20	20	10	10	20	10	10	10	10	10	10	10	10	10	30	20	10	10	10	10	10	10	20	20	20	20	50	20	30	10	20	10	20	10
python bootcamp	4400	Medium	44	0.466982	4.976183	8100	8100	8100	8100	8100	8100	8100	8100	8100	6600	8100	8100	8100	6600	6600	6600	6600	6600	6600	6600	6600	6600	8100	8100	6600	6600	6600	6600	6600	5400	6600	6600	6600	5400	6600	5400	6600	5400	5400	4400	4400	4400	3600	3600	3600	2900	3600	4400
python certificate	2900	Medium	42	0.556597	4.012157	3600	2900	3600	3600	3600	3600	3600	3600	3600	3600	4400	3600	3600	3600	3600	3600	3600	3600	3600	3600	3600	3600	4400	4400	3600	3600	4400	4400	3600	3600	3600	3600	2900	3600	3600	3600	3600	3600	2900	2900	2900	2900	2400	2400	2400	2400	2400	2400
python classes	40500	Low	11	0.479268	4.960103	110000	90500	90500	90500	90500	90500	90500	110000	110000	90500	90500	90500	90500	74000	74000	74000	74000	74000	74000	90500	74000	74000	74000	74000	74000	74000	74000	60500	60500	60500	60500	74000	60500	49500	60500	49500	60500	49500	49500	40500	40500	33100	40500	40500	40500	33100	33100	33100
python coding classes	60500	Low	1	0.455946	4.190662	5400	5400	5400	6600	6600	6600	6600	5400	5400	5400	5400	4400	5400	5400	5400	5400	6600	6600	5400	5400	5400	5400	6600	5400	5400	5400	6600	6600	6600	5400	8100	6600	6600	6600	9900	8100	18100	14800	22200	27100	27100	18100	27100	27100	22200	90500	40500	450000
python coding for beginners	6600	Low	19	0.265087	2.78	8100	6600	6600	8100	8100	9900	9900	9900	9900	9900	9900	8100	9900	8100	8100	8100	9900	9900	9900	8100	8100	8100	8100	8100	8100	6600	6600	6600	8100	8100	8100	6600	5400	6600	6600	6600	6600	5400	6600	6600	8100	6600	6600	5400	5400	5400	5400	6600
python course	49500	Medium	52	0.278358	2.596203	40500	40500	49500	49500	60500	49500	49500	49500	49500	49500	49500	49500	49500	49500	60500	60500	60500	60500	60500	60500	49500	49500	60500	60500	60500	60500	60500	60500	60500	49500	49500	60500	49500	49500	49500	49500	49500	49500	60500	60500	60500	49500	49500	40500	33100	33100	40500	33100
python course for beginners	6600	Medium	49	0.311476	2.995691	4400	5400	5400	5400	6600	6600	5400	6600	6600	5400	6600	5400	5400	5400	6600	6600	6600	6600	6600	6600	5400	6600	6600	6600	6600	6600	6600	8100	6600	6600	5400	5400	5400	5400	6600	5400	6600	6600	8100	8100	8100	5400	5400	5400	5400	5400	5400	5400
python course for machine learning	1600	Low	17	0.388261	3.336951	1600	1600	1600	1600	1600	1600	1300	1300	1300	1300	1600	1600	1600	1600	1600	1600	1600	1600	1600	1600	1600	1300	1600	1600	1600	1300	1600	1600	1600	1300	1300	1300	1300	1300	1600	1300	1900	1600	1600	1600	1600	1300	1600	1000	1000	1000	1300	2400
python course machine learning	20	Low	12	0.695565	4.65	20	10	30	20	40	30	20	40	10	20	30	30	30	40	30	30	30	20	20	20	20	20	30	20	20	20	20	20	40	20	20	20	20	10	20	30	20	10	10	10	10	20	10	20	10	10	10	90
python for data science	90500	Low	1	0.300529	2.465365	14800	12100	12100	14800	14800	18100	14800	14800	14800	14800	14800	14800	14800	12100	14800	14800	18100	18100	14800	14800	12100	14800	18100	14800	14800	14800	14800	14800	14800	14800	14800	12100	12100	12100	18100	14800	18100	18100	18100	18100	18100	22200	18100	22200	18100	49500	27100	823000
python for data science and machine learning	390	Low	21	0.538943	4.03	320	320	390	390	390	390	320	320	390	260	390	260	260	320	320	320	260	260	260	260	260	260	260	320	320	320	320	320	320	320	260	320	260	320	590	480	480	390	390	480	390	320	260	320	260	210	210	480
python for data science and machine learning bootcamp course	20	Low	3			10	10	10	10	30	50	10	10	20	10	20	70	50	40	50	20	20	10	110	170	70	30	20	20	10	10	20	10	30	10	10	20	10	10	20	30	20	20	10	20	10	20	30	20	20	30	20	40
python for data science and machine learning bootcamp online course	30	Low				10	10	10	10	30	40	10	10	30	10	20	90	50	40	20	20	20	10	110	140	70	30	20	10	10	10	10	10	30	10	10	10	10	10	10	20	20	50	50	20	10	20	30	20	20	30	0	40
python for machine learning	18100	Low	23	0.349198	3.006273	27100	22200	27100	27100	27100	27100	22200	22200	22200	22200	27100	22200	22200	22200	22200	18100	22200	22200	22200	22200	22200	22200	27100	27100	22200	22200	22200	22200	22200	18100	18100	18100	18100	18100	22200	18100	18100	18100	18100	18100	18100	14800	18100	14800	14800	14800	18100	14800
python for machine learning online course	10					10	10	10	10	0	10	10	10	10	10	10	10	0	10	10	10	10	10	10	10	10	10	10	10	10	10	10	0	10	10	10	10	10	0	10	10	10	10	10	10	0	0	10	10	10	10	0	0
python freecodecamp	480	Low	10	0.302883	2.65593	720	590	720	720	720	880	880	880	720	720	880	720	720	590	720	720	880	720	880	720	720	720	880	720	720	590	720	590	590	590	590	590	480	480	590	480	590	480	480	590	590	480	480	590	480	480	590	590
python in machine learning course	10	Medium	43	0.30098	6.71	20	30	20	20	20	20	30	30	40	30	20	10	10	20	20	10	10	20	30	10	10	20	10	20	10	20	10	10	20	20	20	20	10	10	10	20	10	10	10	10	10	10	10	10	10	10	10	10
python machine learning course bangalore	10					0	0	10	10	0	10	10	0	0	10	10	0	0	10	10	10	0	0	0	0	0	0	0	0	0	0	0	10	0	10	0	0	0	0	10	0	0	0	0	10	0	0	0	0	0	10	10	0
python machine learning course online	70	Low	6	0.88104	4.474502	110	70	110	90	90	90	90	50	110	90	90	90	90	70	110	70	90	70	70	70	70	90	90	70	90	50	50	70	70	50	50	50	30	50	90	70	90	90	90	90	50	50	50	70	30	30	40	260
python machine learning crash course	10	Low	32			10	10	10	10	10	10	10	10	10	10	10	20	10	10	20	10	10	10	10	10	10	10	10	10	10	20	10	10	10	10	10	10	10	10	10	10	20	10	10	10	10	10	10	10	10	10	10	10
python machine learning full course	10	Low	29	0.18229	0.789477	10	10	10	10	10	10	10	10	10	10	10	10	10	10	10	10	10	10	10	10	10	10	10	10	10	10	10	10	10	10	10	10	10	10	10	10	10	10	10	10	10	10	10	10	10	10	10	10
python programming	301000	Low	2	0.22	2.97	246000	201000	201000	201000	246000	246000	246000	246000	246000	246000	246000	246000	246000	201000	201000	201000	246000	246000	246000	246000	201000	201000	246000	301000	201000	246000	201000	201000	246000	246000	246000	201000	201000	201000	246000	201000	201000	201000	201000	201000	201000	201000	201000	165000	165000	301000	165000	1830000
python programming examples	33100	Low	4	0.014222	1.587237	60500	49500	60500	60500	60500	74000	74000	60500	74000	60500	60500	60500	60500	49500	49500	49500	60500	60500	60500	60500	49500	49500	49500	60500	49500	40500	49500	40500	49500	49500	49500	40500	40500	33100	40500	40500	40500	33100	33100	33100	40500	33100	33100	33100	27100	27100	33100	33100
python tutorial with certificate free	30	Medium	48	0.018959	0.36	20	20	10	20	20	10	10	10	20	20	20	20	30	30	30	40	40	30	30	40	20	40	40	30	40	30	40	40	30	20	40	30	10	30	40	40	40	30	40	20	20	20	20	20	30	30	40	20
python tutorialspoint	2400	Low	1	0.28	2.446966	9900	8100	8100	9900	9900	8100	8100	6600	8100	6600	6600	6600	6600	5400	5400	5400	5400	5400	4400	5400	4400	4400	5400	4400	4400	3600	3600	3600	4400	3600	3600	2900	2900	2400	2900	2900	2900	2900	2400	2400	2900	2400	2400	1900	1900	1900	2400	2400
python with machine learning course	70	Low	22	0.32	1.634042	110	110	140	140	140	110	140	90	90	110	90	110	140	110	140	140	170	210	170	70	90	70	110	110	110	70	140	170	110	170	110	90	70	90	90	110	90	90	70	90	110	70	50	40	50	70	70	170
pytorch fundamentals	210	Low	11	0.443582	3.191246	30	30	20	20	30	40	40	50	50	40	70	70	110	110	140	110	140	140	110	140	90	140	260	140	210	170	140	210	210	170	170	260	170	170	210	170	170	170	210	170	260	170	170	260	210	210	260	170
qiskit quantum machine learning	70	Low	9	0.355219	3.8	90	90	70	70	70	90	90	110	90	70	110	90	140	110	110	140	110	110	110	140	110	110	140	140	140	140	110	140	90	70	90	110	70	50	50	70	70	90	110	110	70	70	90	70	50	50	50	40
quantum machine learning courses	320	Medium	34	0.286888	1.85878	170	170	260	210	210	210	260	210	260	210	260	210	210	260	320	320	390	390	390	390	390	390	480	480	480	480	390	480	320	390	390	390	320	390	480	320	320	320	320	320	320	390	320	390	320	320	260	390
quantum machine learning online course	20	Medium	56	0.243156	4.392306	10	10	20	10	10	10	10	30	20	10	10	10	10	10	30	30	20	10	10	20	20	30	30	30	20	10	10	10	20	10	10	20	20	30	10	10	10	10	30	10	10	20	50	10	10	10	10	20
quora best machine learning course	10					10	10	10	10	10	10	0	10	10	10	10	10	10	0	0	10	0	10	10	0	10	0	0	0	10	0	0	10	10	0	0	0	0	0	10	0	0	0	0	10	0	0	0	0	0	0	0	0
r course machine learning	10	Medium	36			10	10	10	0	0	0	10	10	10	0	10	10	0	0	0	0	10	10	10	0	0	0	10	10	10	0	0	10	10	10	0	0	0	0	10	0	10	10	0	0	0	10	10	10	10	0	0	10
random forest machine learning course	10					10	10	10	10	10	10	10	10	10	10	10	10	10	10	10	10	10	10	10	0	10	10	10	10	0	10	10	10	10	10	10	10	0	10	10	10	0	0	10	0	0	10	10	0	0	10	10	0
ravindra babu ravula machine learning course	10					0	0	0	0	0	0	10	10	10	0	0	0	0	0	0	10	10	0	0	10	0	0	10	0	10	10	0	0	0	0	10	10	0	0	10	0	0	10	0	0	0	10	0	0	0	0	0	0
reddit best machine learning course	30	Low	13			30	30	30	50	50	40	40	50	50	70	50	70	50	70	40	40	50	40	50	70	70	70	50	50	50	70	50	50	50	30	40	30	50	40	50	50	30	40	30	40	40	20	20	30	20	30	20	20
reddit machine learning course	30	Low	14	1.897264	4.273497	20	10	30	30	40	30	30	40	30	30	40	40	30	40	40	40	40	30	40	40	50	50	50	50	70	50	40	30	40	40	30	50	40	40	40	30	40	30	40	40	40	30	30	20	20	30	30	20
reinforcement learning	90500	Low	3	0.288659	3.55	90500	90500	110000	90500	74000	74000	90500	90500	110000	110000	110000	90500	110000	90500	110000	90500	90500	90500	90500	110000	110000	110000	110000	110000	110000	110000	110000	110000	90500	90500	90500	110000	110000	90500	110000	110000	110000	90500	110000	90500	90500	74000	90500	110000	90500	90500	90500	74000
requirements for machine learning course	10					10	10	10	10	10	10	10	10	10	0	10	10	0	0	0	0	0	10	0	0	10	10	10	10	10	10	10	0	0	10	0	0	10	10	10	0	10	10	10	10	10	10	10	0	0	10	0	0
research science institute rsi at mit	390	Low	27	1.41	4.37165	10	10	10	10	10	10	10	10	20	20	20	20	10	20	10	20	10	10	10	10	20	10	10	30	20	20	20	20	40	40	30	70	70	70	170	110	140	170	170	170	170	210	260	390	480	720	1000	720
roadmap ai engineer	590	Medium	38	0.303036	2.336892	50	40	50	40	50	50	50	50	50	110	90	110	110	90	140	140	170	110	140	140	210	210	260	260	320	260	320	260	260	260	320	320	320	320	590	480	480	480	480	480	590	590	480	480	480	590	720	720
roadmap for python learning	30	Low	18	0.18375	0.672977	70	40	50	10	10	20	20	30	50	50	70	30	40	40	40	30	50	50	70	50	50	70	90	70	30	20	20	10	40	30	20	20	10	30	20	20	20	10	40	70	70	20	10	10	10	20	30	20
roadmap machine learning	5400	Low	21	0.265744	2.503202	3600	3600	3600	4400	4400	5400	5400	5400	5400	5400	8100	6600	8100	6600	8100	8100	8100	8100	8100	8100	6600	8100	9900	9900	12100	9900	9900	9900	9900	9900	9900	8100	6600	8100	8100	8100	6600	6600	6600	5400	6600	5400	4400	4400	3600	3600	3600	3600
roadmap machine learning engineer	70	Low	29	0.253127	1.58	30	40	50	50	70	50	70	50	50	50	70	70	110	90	110	90	90	90	90	110	110	90	140	90	110	90	110	90	110	70	70	70	90	110	110	90	90	70	70	90	70	70	50	50	70	40	70	50
robotic course	2400	Medium	35	0.282281	2.19	1900	1900	2400	2900	2400	2900	2400	2400	1900	2400	2400	2400	2900	2400	2900	2900	2400	2900	2900	2400	2400	2400	2900	2900	2900	2900	3600	2900	4400	3600	2900	2400	2400	2400	2900	2400	2900	2900	2900	2900	2900	2400	2400	2400	2400	2400	2400	2400
robotics certification	590	Low	23	1.65	9.249503	390	390	480	390	320	480	390	480	390	390	480	480	590	590	720	480	590	590	590	590	480	480	590	590	720	590	720	590	720	720	590	720	880	720	880	590	720	720	590	590	480	590	480	480	480	390	480	720
robotics certification programs	40	High	68	3.123912	11.06	10	30	30	20	20	40	20	20	20	20	30	10	20	10	30	40	20	10	20	20	10	20	40	10	10	10	10	10	10	10	10	10	70	70	30	30	30	30	40	70	50	20	20	30	30	40	40	50
robotics graduate programs	90	Medium	43	3.599217	13.1	140	110	110	140	140	140	140	210	170	140	170	140	210	170	140	140	140	140	140	170	170	140	170	170	170	170	140	140	140	110	210	210	140	170	140	110	140	110	140	70	110	110	90	110	90	70	70	70
robotics in mit	1900	Low	7	1.26	7.11	2400	2400	1900	1900	1900	1900	2400	2400	2400	2400	2900	2400	2900	2400	2400	2400	1900	2400	2400	2400	2400	2400	2900	2400	2400	2400	2400	2400	2400	1900	2400	2900	2900	1900	2400	2400	2400	2400	2400	1900	1900	1900	1900	1900	2400	1900	1900	1900
robotics machine learning course	10	Medium	39	0.419728	1.45	10	10	10	10	10	20	10	10	10	10	10	10	10	10	10	10	10	10	10	10	10	0	10	10	10	10	0	10	10	10	10	10	10	10	10	10	10	10	10	10	10	10	10	10	10	10	10	10
robotics online course	1900	Low	32	0.319553	4.72	1000	1000	1300	1300	1300	1300	1000	880	880	1000	1000	1000	1300	1300	1300	1000	1000	1300	1000	1300	1000	1000	1300	1300	1300	1300	1300	1000	1300	1000	1000	1000	1300	1600	1900	1300	2400	2400	1900	1600	1900	1900	1900	2400	1900	1900	1900	1900
robotics short courses	70	Medium	35	0.258114	2.069999	40	20	30	40	20	40	40	30	40	40	50	40	50	50	70	70	40	40	50	40	50	30	90	70	50	70	90	90	90	50	50	70	50	50	90	90	70	50	50	70	70	40	70	50	90	70	90	90
rsi at mit	5400	Low	16	1.064671	4.06	2400	1600	1300	1600	1900	1900	1600	2400	4400	2900	2400	2400	1900	1900	1900	2400	2900	2900	2900	3600	5400	6600	4400	3600	2900	2900	2400	2400	3600	2900	2900	4400	6600	8100	4400	3600	4400	4400	4400	5400	4400	3600	4400	6600	8100	12100	8100	6600
rutgers machine learning course	10	Medium	46			10	10	10	10	10	10	0	0	10	10	10	10	10	10	10	10	10	10	10	10	10	10	10	0	10	10	10	10	10	10	10	10	10	10	10	10	10	10	10	10	10	10	10	10	10	0	10	10
ryerson machine learning course	10					10	0	10	0	10	10	10	10	0	10	10	0	10	10	0	0	0	0	10	10	0	0	10	0	10	10	0	10	0	10	0	0	0	0	0	10	0	0	10	0	0	10	10	0	0	0	10	0
sap machine learning course	10	Medium	43			10	10	10	10	10	10	10	10	10	10	10	10	10	10	10	10	10	10	10	10	10	10	10	10	10	20	10	20	10	20	10	10	10	10	10	10	10	10	10	10	10	10	10	10	10	10	0	10
sas machine learning course	10	Low	6			10	10	10	10	10	10	10	10	10	0	10	10	10	10	10	10	10	10	10	10	10	10	10	10	10	10	10	10	10	10	10	10	10	10	10	10	10	10	10	10	10	10	10	10	10	10	10	10
scala and spark for big data and machine learning course						10	10	0	0	0	0	0	0	0	0	0	0	0	0	0	0	0	0	0	0	0	0	0	0	0	0	0	0	0	0	0	0	0	0	0	0	0	0	0	0	0	0	0	0	0	0	0	0
scaler machine learning course	40	Medium	53	0.661619	4.704506	10	50	30	20	40	40	30	20	30	20	30	30	20	20	30	50	70	70	70	50	50	70	70	70	50	50	30	40	30	40	40	40	20	40	30	20	40	40	40	50	20	50	40	50	30	30	40	20
scaler machine learning course review	10					10	10	10	0	10	10	30	10	20	20	20	10	10	10	10	30	30	20	10	30	20	20	20	40	20	20	10	10	20	10	10	10	10	10	10	10	10	10	10	10	10	10	10	10	10	10	0	0
scholarship for machine learning	10					10	20	10	10	20	10	20	10	10	10	10	10	10	10	10	30	10	30	20	10	10	10	10	10	10	10	10	10	0	10	10	0	10	10	10	10	10	10	10	10	10	10	10	10	10	10	10	0
sertifikasi machine learning	30	Medium	48	0.077568	0.6	20	10	20	40	20	10	30	40	20	20	30	30	30	20	40	40	40	30	40	40	40	20	40	30	20	10	70	50	30	30	50	30	20	30	40	30	30	20	40	50	30	40	40	20	30	20	30	20
short term course on machine learning 2019						0	0	0	0	0	0	0	0	0	0	0	0	0	0	0	0	0	0	0	0	0	0	0	0	0	0	0	0	0	0	0	0	0	0	0	0	0	0	0	0	0	0	0	0	0	0	0	0
simplilearn	201000	Low	32	0.457642	2.53	301000	246000	301000	246000	301000	301000	301000	301000	301000	246000	301000	246000	246000	201000	201000	201000	201000	201000	201000	201000	165000	165000	201000	201000	201000	165000	165000	165000	201000	201000	201000	165000	165000	165000	201000	165000	201000	201000	201000	201000	246000	201000	201000	201000	201000	165000	165000	165000
simplilearn machine learning course	70	Low	20	0.444308	2.001748	10	10	10	10	10	20	10	40	70	50	40	50	70	50	90	20	50	30	30	30	50	50	70	70	70	50	70	30	70	30	30	40	90	70	70	90	70	70	50	70	70	50	40	50	40	110	70	70
simplilearn machine learning course review	10					20	30	20	20	20	10	10	10	10	10	10	10	10	10	10	10	10	10	10	10	10	10	0	10	10	10	0	0	0	10	0	0	0	0	10	0	0	10	10	0	10	10	0	10	0	10	0	0
simulation argument	1300	Low				12100	8100	8100	4400	9900	9900	9900	8100	2400	4400	3600	1600	1900	2900	3600	1600	4400	1600	1600	6600	1900	1600	2400	1300	1300	1600	2900	1000	1300	880	880	880	720	720	1300	880	3600	1600	1300	1300	880	720	590	590	590	880	880	3600
simulation principles	50	Low				110	70	90	90	90	70	90	70	90	110	110	70	70	70	90	70	90	140	70	70	90	110	90	110	90	90	110	110	90	90	70	50	70	110	70	70	70	110	70	50	70	30	30	30	40	50	30	50
simulink online course	10	Medium	34	0.022561	0.649737	20	30	30	20	20	30	20	30	20	20	20	10	20	20	20	20	20	20	20	10	10	10	10	20	20	30	30	40	30	20	10	20	30	20	20	20	30	30	10	10	10	10	20	10	10	10	10	10
siraj machine learning course	10					0	0	0	10	0	0	0	0	10	0	10	0	0	0	0	0	0	0	0	0	0	0	0	0	0	0	0	0	10	0	0	0	0	0	0	0	0	0	0	0	0	10	0	0	0	0	0	0
siraj raval machine learning course	10					10	10	0	0	0	10	10	0	10	10	10	0	10	10	10	10	0	0	0	10	10	10	0	10	0	0	0	10	10	0	0	0	0	0	0	10	10	10	10	10	10	0	0	10	0	0	0	0
smu machine learning course	10	Medium	60	2.81	15.612914	10	10	10	10	10	10	10	10	10	10	10	10	10	10	10	0	10	10	10	10	10	10	10	10	10	10	10	10	10	10	10	10	10	10	10	10	10	10	10	10	10	10	10	10	10	10	20	10
sololearn machine learning course	10					10	10	10	10	0	10	10	10	10	10	0	10	10	10	10	10	10	30	20	10	10	10	10	10	10	10	10	10	10	10	0	10	10	10	0	10	10	0	10	10	10	10	10	0	0	10	10	0
sop for machine learning course						10	10	10	10	10	0	0	0	0	0	0	10	0	0	10	0	10	10	10	0	10	10	10	10	0	10	0	0	0	0	0	0	0	0	0	0	0	0	0	0	0	0	0	0	0	0	0	0
spark machine learning course	10	High	86			20	20	10	20	10	20	10	10	10	20	10	10	10	20	10	10	20	20	10	10	10	10	10	10	10	10	10	10	10	10	10	10	10	10	10	20	10	10	10	10	0	10	10	10	10	10	10	10
springboard machine learning course	10					0	0	0	10	10	10	10	0	0	0	0	10	10	0	0	0	10	10	0	10	10	10	10	10	10	10	10	0	0	10	10	0	10	10	0	0	0	10	10	10	0	10	10	10	10	10	10	0
stanford ai online	50	Medium	64	1.591955	13.674718	10	20	20	10	10	10	10	10	10	10	20	10	30	30	20	10	30	20	20	50	20	30	40	40	30	30	40	30	40	30	30	30	30	40	50	40	90	50	40	50	50	50	30	50	30	40	30	50
stanford andrew ng machine learning course	10	Medium	46	0.79	6.969395	10	10	10	10	10	10	10	10	10	10	10	10	10	10	10	10	10	10	20	10	10	10	10	10	10	10	10	10	10	10	10	10	10	10	20	10	10	10	10	10	10	10	10	10	10	10	10	20
stanford computer science course	1000	Low	8	0.424445	3.423276	1300	1000	1000	1000	1300	1300	1600	1300	1300	1300	1600	1300	1300	1300	1000	1000	1300	1600	1300	1300	1300	1300	1600	1000	1300	1300	1300	1000	1300	1300	1600	1600	1300	1600	1300	1000	1300	1300	1000	880	1000	1000	1000	1000	1000	1000	1000	1000
stanford cs224n natural language processing with deep learning	110	Low	8	0.743916	3.325893	10	10	10	10	10	10	10	10	10	10	20	10	20	20	30	20	10	20	10	20	20	30	20	30	30	30	40	40	20	30	40	50	50	50	70	70	70	70	70	70	70	140	170	90	90	90	140	320
stanford cs229 machine learning	480	Low	31	0.593456	3.06	110	140	110	110	110	90	140	70	90	110	90	170	140	170	110	140	140	210	140	140	140	140	260	210	170	170	140	170	110	170	210	320	210	170	320	260	260	210	390	590	480	480	480	590	590	480	480	390
stanford cs231n	1900	Low	10	0.696584	3.289134	1600	1600	1300	1300	1000	1300	1300	1300	1300	1000	1300	1300	1600	1900	1600	1000	1000	1000	1000	1300	1300	1300	1600	1600	1900	2400	1900	1300	1000	1000	1300	1300	1600	1900	1600	1600	1900	1900	1600	1600	1600	1300	2400	1900	1900	1900	2400	1900
stanford machine learning course review	10	Low				10	10	10	10	10	10	10	10	10	10	10	0	10	10	10	10	10	10	10	10	10	0	10	10	10	10	10	10	10	10	10	10	10	10	10	10	10	10	10	10	10	0	10	10	0	10	10	10
stanford machine learning online course	390	Medium	38	0.524398	3.604694	210	210	210	260	210	210	210	210	170	210	260	260	260	260	260	260	260	260	320	260	260	320	480	390	390	320	390	390	390	320	320	480	590	390	480	320	390	320	390	390	480	480	390	390	320	320	390	320
stanford machine learning specialization	390	Medium	53	0.677344	4.69	10	10	10	40	30	20	20	30	20	20	30	40	50	40	50	50	90	110	170	140	140	260	320	260	320	390	260	320	390	320	320	480	320	320	480	320	320	320	320	480	720	720	590	480	480	260	260	210
stanford online certificate	390	Low	17	0.886454	4.406498	590	590	590	590	720	720	590	590	590	480	720	590	720	720	720	720	720	720	590	590	590	590	590	590	590	480	590	590	590	480	590	590	480	3600	1900	390	480	390	390	480	480	480	390	390	320	320	320	480
stanford online courses	6600	Medium	34	0.488222	3.613818	8100	6600	6600	6600	6600	8100	6600	6600	6600	5400	8100	8100	8100	8100	6600	8100	8100	8100	8100	6600	6600	6600	9900	8100	6600	6600	8100	8100	9900	8100	8100	8100	14800	9900	8100	6600	6600	6600	6600	6600	6600	6600	6600	6600	5400	5400	6600	5400
stanford programming courses	110	Low	32	1.071602	3.982379	70	50	70	90	50	90	70	320	170	170	210	140	170	260	140	210	140	170	140	110	110	110	140	110	210	210	110	110	140	110	140	110	70	70	140	140	210	210	140	110	90	70	70	70	70	140	90	90
stanford university machine learning course	1300	Medium	43	0.644297	4.22	720	720	880	880	880	880	720	720	720	720	880	880	880	880	880	880	880	880	880	880	880	880	1000	1000	880	880	1000	1000	1300	1000	1000	1000	880	1000	1300	1000	1000	880	1000	1000	1000	1300	1000	1300	1000	1000	1600	1300
statistical machine learning course	90	Medium	41	0.745712	7.920205	110	140	170	140	170	140	140	110	140	140	110	110	140	140	140	140	140	170	170	140	110	140	140	170	170	140	140	140	140	140	110	140	140	110	140	90	90	140	110	110	90	90	90	90	90	90	90	90
statistics crash course for machine learning	10					10	10	10	10	10	10	20	10	10	10	10	10	10	0	10	10	10	0	10	0	0	0	0	0	0	0	10	10	10	0	10	10	10	0	0	10	10	10	0	0	0	0	0	10	10	10	10	0
statistics for machine learning online course	10	Low				10	10	10	10	10	0	10	10	0	10	0	0	10	0	0	0	10	10	10	0	10	0	0	10	10	0	10	10	0	10	10	0	10	0	10	10	0	0	10	10	10	10	0	0	0	0	10	10
study iitm ac in ds	3600	Low	17	0.370589	1.293253	0	0	0	0	0	0	0	0	0	0	0	90	210	1600	2400	8100	3600	2400	2400	3600	1900	1900	1300	1000	1600	1600	12100	9900	6600	3600	4400	2900	2400	2900	2400	1900	1900	2900	6600	8100	5400	2900	3600	3600	2400	2400	1300	2900
supervised fine tuning llm	210	Low	11	0.951048	5.35906	0	0	0	0	0	0	0	0	0	0	0	0	0	0	70	140	170	260	170	260	140	110	210	170	170	210	210	260	140	110	110	110	140	90	210	260	260	260	170	170	170	140	170	210	170	170	170	140
supervised learning	33100	Low	2	0.147053	3.74	49500	49500	60500	49500	40500	40500	49500	49500	60500	49500	49500	49500	49500	49500	60500	40500	40500	40500	49500	49500	60500	60500	49500	49500	60500	49500	60500	49500	40500	40500	49500	40500	49500	40500	40500	40500	40500	40500	40500	33100	33100	33100	40500	33100	40500	33100	33100	33100
supervised machine learning	33100	Low	2	0.147053	3.74	49500	49500	60500	49500	40500	40500	49500	49500	60500	49500	49500	49500	49500	49500	60500	40500	40500	40500	49500	49500	60500	60500	49500	49500	60500	49500	60500	49500	40500	40500	49500	40500	49500	40500	40500	40500	40500	40500	40500	33100	33100	33100	40500	33100	40500	33100	33100	33100
supervised machine learning course	20	Medium	55	0.27	2.110268	10	10	10	10	20	10	10	10	10	20	20	20	20	20	10	20	20	20	20	10	10	20	30	20	20	30	30	30	30	30	20	30	20	20	30	30	30	30	10	20	20	20	20	20	10	10	30	20
supervised machine learning regression and classification	720	Low	32	0.323675	4.542216	10	10	10	390	720	880	880	880	880	720	1000	880	1000	1000	1000	880	1000	1000	1000	1300	1000	1000	1000	1000	1000	1000	1000	1000	1000	1000	1000	1600	1300	880	1000	880	880	720	880	880	880	880	720	720	590	590	590	480
teachable machine	201000	Low	6	0.165377	1.39277	49500	49500	60500	60500	49500	49500	60500	74000	74000	49500	74000	74000	90500	74000	90500	74000	74000	74000	74000	90500	90500	74000	90500	90500	90500	90500	110000	110000	165000	90500	110000	135000	135000	135000	135000	135000	135000	165000	201000	165000	201000	201000	301000	301000	246000	201000	201000	246000
teachable machine google	27100	Low	10	0.265406	2.062169	5400	4400	5400	4400	4400	4400	5400	5400	5400	5400	5400	6600	6600	5400	8100	6600	6600	8100	6600	9900	9900	8100	8100	9900	9900	9900	12100	12100	14800	9900	12100	14800	18100	12100	14800	18100	18100	18100	22200	18100	22200	22200	27100	33100	33100	27100	33100	33100
technical online courses	1300	Medium	48	0.432819	5.938613	1300	1300	1300	1600	1600	1600	1300	1300	1300	1300	1600	1300	1600	1300	1600	1300	1300	1600	1300	1300	1300	1600	1600	1600	1600	1300	1900	1600	1300	1300	1300	1300	1600	1300	2400	1300	1900	1600	1000	1000	1000	1000	2400	1600	1600	1000	1300	880
tensorflow lite	12100	Low	3	0.242903	4.795143	12100	12100	12100	12100	9900	9900	9900	9900	12100	9900	9900	12100	12100	12100	12100	9900	9900	9900	9900	12100	12100	12100	12100	12100	14800	14800	14800	12100	12100	9900	12100	14800	14800	12100	14800	14800	14800	14800	12100	12100	12100	9900	12100	12100	12100	8100	8100	8100
tensorflow machine learning course	10	Medium	51	0.854723	5.89	20	30	40	50	30	30	20	30	30	30	20	20	30	20	10	30	30	110	50	30	20	30	30	40	20	10	20	20	30	20	20	30	20	10	20	20	20	10	20	10	10	20	10	10	10	10	10	10
tensorflow machine learning crash course	10					10	20	10	10	10	10	10	10	10	10	10	10	10	10	10	10	10	10	10	10	10	10	10	10	10	10	10	0	10	10	0	0	10	10	10	10	10	0	0	10	10	0	0	0	10	0	0	0
the best machine learning course	50	Low	23	1.12	6.55	50	50	40	50	40	50	70	50	70	70	70	70	90	70	90	70	70	70	70	70	70	70	50	70	50	90	90	70	70	70	70	50	50	50	50	50	70	50	90	40	30	50	50	20	50	50	70	40
the best machine learning course online	10					10	10	10	10	10	10	0	10	10	0	10	0	10	0	10	10	10	10	0	0	10	10	0	0	10	10	10	0	10	10	10	10	10	10	10	0	10	10	10	0	10	0	0	10	0	0	0	0
the complete 2021 android machine learning course	10					10	10	10	10	10	10	10	10	10	10	10	10	10	10	10	10	10	0	10	10	10	10	10	10	10	10	10	10	10	10	10	0	0	0	10	0	0	0	0	0	0	0	0	10	0	10	0	0
the complete machine learning course from zero to expert	20	Medium	56	0.612992	3.80126	0	0	0	0	0	0	0	0	0	0	0	320	170	70	50	50	40	30	20	30	40	20	50	30	20	20	20	30	40	20	20	20	30	20	20	10	20	10	20	20	20	20	20	20	10	10	10	10
the complete machine learning course with python	30	Low	6	0.958617	4.023883	70	50	70	40	30	50	50	50	40	40	50	30	50	30	40	50	40	50	110	210	140	70	40	40	30	30	30	20	40	30	30	40	30	20	20	30	20	30	20	20	30	30	20	30	20	20	20	140
the complete machine learning course with python download	10					20	10	10	10	10	20	10	10	10	10	10	0	10	10	10	10	10	10	10	30	50	10	10	10	10	0	0	0	10	0	10	10	10	0	10	10	0	0	10	10	10	10	0	0	0	0	0	0
the complete machine learning data science course in python	10					10	0	0	0	0	10	10	10	10	10	0	10	0	0	0	10	10	0	0	0	0	0	0	0	0	0	0	0	0	0	0	0	0	0	0	0	0	0	0	0	0	0	10	0	0	0	0	0
the complete machine learning data science course in python updated						0	0	0	0	0	0	0	0	0	0	0	0	0	0	0	0	0	0	0	0	0	0	0	0	0	0	0	0	0	0	0	0	0	0	0	0	0	0	0	0	0	0	0	0	0	0	0	0
the complete python course for machine learning engineers	10					10	0	0	10	10	0	10	0	20	10	10	0	10	10	0	0	0	0	0	10	0	10	10	0	10	0	0	0	10	0	0	10	10	0	0	0	0	0	10	0	0	10	0	0	0	10	0	0
the deep learning book	210	Low	21			320	260	320	260	260	260	320	260	320	260	320	320	390	210	390	320	320	260	320	390	320	390	390	390	390	480	480	320	320	260	320	320	260	260	320	320	320	260	260	260	260	260	210	210	210	210	210	170
the great courses machine learning	10	Low	31			10	10	10	10	10	10	10	10	10	10	20	10	10	30	20	10	10	20	20	10	10	20	20	10	10	10	10	10	10	10	10	10	10	10	10	10	10	10	10	10	10	10	10	10	10	10	10	10
theoretical machine learning course	10	Low	16			10	10	10	10	10	10	20	10	20	10	30	10	10	10	20	10	10	10	20	10	10	20	20	10	10	10	10	10	10	30	10	10	10	10	10	10	10	10	10	10	10	10	10	0	10	10	10	10
time series machine learning course	20	Low	3	0.542859	3.97	20	20	30	20	20	30	20	20	10	20	20	10	10	20	20	10	30	20	30	20	20	20	30	50	10	70	30	20	70	40	40	40	20	20	40	30	20	30	20	10	20	20	10	10	10	10	10	110
tiny machine learning course	10	Medium	45	0.50498	4.747687	10	10	10	10	10	10	10	10	10	10	10	10	10	10	10	10	10	10	20	10	10	10	10	10	10	0	10	10	10	10	10	10	10	10	10	10	10	10	10	10	10	10	10	10	10	10	10	10
tom mitchell machine learning course	10	Low				10	10	10	10	10	10	10	10	20	20	10	10	10	10	10	10	10	10	10	10	10	20	20	10	10	20	10	10	10	10	10	10	10	10	10	10	10	10	10	20	10	10	10	10	10	10	10	10
top 10 machine learning courses	10					20	20	20	30	30	10	10	20	10	20	20	20	10	20	20	20	30	30	20	20	10	20	20	20	30	10	10	10	10	20	10	10	10	10	10	10	10	10	10	10	10	10	10	10	10	10	10	0
top 10 machine learning courses in india	10					10	10	10	10	10	10	10	10	10	10	10	10	0	10	10	10	10	0	0	0	10	10	0	10	0	0	0	0	0	0	10	0	0	0	0	0	0	0	0	0	10	0	10	0	0	0	0	0
top 5 machine learning courses	10	Medium	39			10	10	10	10	10	20	10	10	10	10	10	10	10	10	10	10	10	10	10	10	10	10	10	10	10	10	10	10	10	10	10	10	10	10	10	10	10	10	0	10	10	10	10	10	10	10	10	10
top books on machine learning	110	High	78	0.069782	2.128533	210	210	210	210	260	210	210	260	260	210	260	210	210	210	260	260	210	210	210	170	170	210	260	260	210	210	210	210	170	210	210	140	140	170	170	170	170	140	140	110	170	140	110	90	90	110	90	90
top courses for machine learning	10	High	79			10	10	20	10	10	10	10	10	10	10	10	10	10	10	10	10	20	10	10	10	20	10	10	10	10	10	10	10	10	10	10	10	10	10	10	10	10	10	10	10	10	10	10	10	10	10	10	10
top free machine learning courses	10	Medium	43			10	10	10	10	20	20	10	20	20	20	20	20	20	10	20	10	30	20	20	10	10	20	10	10	20	10	30	20	10	20	10	10	10	10	20	10	10	10	10	20	20	10	10	10	10	10	10	10
top machine learning course	90	Medium	41	0.52047	2.52	170	140	140	170	170	170	140	170	110	140	170	110	170	140	170	140	170	170	210	170	140	170	170	170	170	140	170	170	170	140	170	140	110	90	110	110	110	90	110	90	110	70	70	70	50	90	70	70
top machine learning courses in india	10					10	10	10	10	20	10	10	10	10	10	10	10	10	10	10	10	10	0	10	10	10	10	10	0	10	10	10	10	10	10	0	10	10	10	0	10	10	0	10	10	0	0	0	0	0	0	0	0
top machine learning courses on coursera	10	Low	14			20	10	10	20	10	10	20	10	10	10	20	10	10	10	10	10	10	20	10	10	20	10	20	10	10	10	10	20	10	10	10	10	10	10	10	10	10	30	20	10	10	10	10	10	10	0	10	10
top machine learning courses online	40	Low	21			10	10	10	10	10	10	10	10	10	10	10	10	10	10	20	10	10	10	10	10	10	10	10	10	10	10	10	10	10	10	10	10	10	10	10	10	10	10	10	50	20	10	10	10	10	10	320	10
top machine learning online courses	10	Low				10	10	10	10	10	10	10	10	10	10	10	10	10	10	10	10	10	10	10	10	10	10	10	10	10	10	10	10	10	10	10	10	10	10	10	10	10	10	10	10	10	10	10	10	10	10	10	10
top online courses for machine learning	10	High	86			0	10	10	10	0	0	0	10	0	0	0	0	10	10	10	10	10	10	10	0	0	0	10	0	10	10	10	10	10	10	10	10	10	10	10	0	10	0	10	10	10	10	0	10	0	0	0	10
top online machine learning courses	10	Low	29			10	10	10	10	10	10	10	10	10	10	10	10	10	10	10	10	10	10	20	10	10	10	10	10	10	10	10	10	10	10	10	10	10	10	10	10	10	10	10	10	50	10	10	10	10	10	0	10
transformers course stanford	10	Low	2			0	10	0	0	40	20	30	10	10	10	20	20	20	20	20	20	10	20	20	20	20	20	10	20	20	30	20	10	10	10	20	10	10	10	10	10	10	10	10	10	10	10	10	10	10	20	20	10
types of ai	60500	Low	5	0.300004	5.068934	12100	12100	12100	12100	12100	9900	12100	12100	14800	18100	18100	22200	27100	33100	40500	40500	33100	40500	40500	49500	40500	40500	49500	49500	49500	49500	49500	49500	40500	40500	49500	49500	49500	40500	49500	49500	60500	49500	60500	60500	60500	49500	60500	60500	60500	60500	74000	74000
ubc machine learning course	20	Low	29	1.520661	5.797749	20	20	10	20	10	30	20	30	40	20	30	30	20	20	20	30	20	20	30	20	20	30	30	30	20	30	20	40	30	20	40	30	20	20	20	20	30	20	20	10	20	30	30	20	20	20	20	20
uc berkeley machine learning course	90	Medium	37	3.928056	47.43	110	110	90	70	90	90	140	90	90	90	110	110	140	480	90	50	50	70	90	70	70	90	140	140	140	140	140	110	90	110	140	170	170	140	390	110	110	110	90	110	110	110	90	90	70	90	90	90
uc berkeley machine learning online course	10					0	10	10	10	0	0	10	10	10	0	10	10	10	0	0	10	0	0	0	0	10	0	10	10	10	10	0	10	10	0	10	0	10	10	10	10	0	10	0	0	0	10	10	10	10	0	0	0
uc berkeley machine learning online short course						0	0	0	0	0	0	0	0	0	0	0	0	0	0	0	0	0	0	0	0	0	0	0	0	0	0	0	10	0	0	0	0	0	0	0	0	0	0	0	0	0	0	0	0	0	0	0	0
uc irvine machine learning repository	18100	Low	4	0.760914	3.059933	18100	14800	14800	12100	12100	12100	14800	14800	18100	14800	18100	18100	22200	22200	22200	18100	18100	18100	18100	22200	22200	18100	27100	27100	27100	27100	22200	18100	18100	18100	22200	27100	27100	18100	22200	22200	22200	22200	18100	14800	14800	14800	18100	18100	18100	14800	14800	18100
uci machine learning course	10	Low	10			20	20	10	10	10	10	30	20	30	30	30	30	30	20	20	20	20	10	20	20	20	20	20	20	20	20	30	20	20	20	30	20	20	10	20	10	10	10	20	10	10	20	10	10	10	20	10	10
uci machine learning repository	18100	Low	4	0.760914	3.059933	18100	14800	14800	12100	12100	12100	14800	14800	18100	14800	18100	18100	22200	22200	22200	18100	18100	18100	18100	22200	22200	18100	27100	27100	27100	27100	22200	18100	18100	18100	22200	27100	27100	18100	22200	22200	22200	22200	18100	14800	14800	14800	18100	18100	18100	14800	14800	18100
ucl machine learning course	10	Medium	57	1.359655	3.403908	10	10	10	10	10	10	20	20	10	10	20	10	20	10	10	10	10	10	10	10	20	20	10	10	10	10	20	20	10	10	10	10	10	10	20	10	10	10	10	10	10	10	20	10	10	10	10	10
ucla machine learning course	20	Medium	43	1.24	4.552718	40	20	10	20	10	20	20	30	20	20	20	20	20	30	20	20	10	20	20	20	30	20	30	20	30	30	20	30	30	20	30	20	20	40	30	20	10	20	20	20	20	10	20	20	10	10	10	10
ucsd machine learning course	10	Low	5			20	10	30	20	10	10	10	10	10	10	10	10	10	10	10	10	10	10	10	10	10	10	20	10	10	10	10	10	10	10	10	10	10	10	10	10	10	10	10	10	10	10	10	10	10	10	10	10
udacity machine learning course download	10					0	0	0	10	0	0	0	0	10	0	10	10	10	0	0	0	0	0	0	10	0	0	10	0	0	10	10	10	0	0	0	10	0	0	0	0	0	0	0	0	0	0	0	10	0	0	0	0
udacity machine learning course review	10	Low	29			10	0	10	10	10	0	0	10	10	10	10	10	10	10	10	10	10	0	10	10	10	10	10	10	10	10	10	0	0	0	0	0	10	0	10	0	10	0	0	0	0	0	0	0	10	0	0	10
udacity machine learning nanodegree courses						0	0	0	10	0	0	10	0	10	0	0	0	0	0	0	0	0	0	0	0	0	10	0	0	0	0	0	0	0	0	0	0	0	0	0	0	0	0	0	0	0	0	0	0	0	0	0	0
udemy best machine learning course	260	Low	5	0.107318	0.899245	260	260	320	320	320	390	260	260	320	320	390	320	390	320	320	320	320	390	320	320	320	260	390	320	320	260	320	260	320	320	210	210	260	260	260	260	260	210	260	210	210	260	210	210	170	140	140	590
udemy courses machine learning	590	Low	24	0.062873	1.249766	720	720	720	590	590	590	480	480	390	480	590	480	480	590	590	590	590	590	480	480	390	480	720	590	590	590	720	720	720	590	590	480	480	480	590	590	590	480	590	590	590	720	720	590	590	480	480	880
udemy machine learning course free coupon	10					0	10	0	0	0	0	10	10	10	10	10	10	10	0	0	0	10	0	0	10	0	0	0	10	0	10	0	0	0	10	0	0	0	10	10	0	10	0	0	0	0	0	0	0	10	0	0	0
udemy machine learning course review	10					10	10	10	10	10	10	10	10	10	10	10	10	10	10	10	10	10	10	10	10	10	10	0	10	0	10	10	10	0	10	10	10	10	10	10	10	10	10	10	10	10	10	10	0	10	10	0	0
uiuc machine learning course	10	Low	7			10	20	10	20	10	20	30	30	10	10	20	10	10	10	10	10	10	10	20	10	10	10	20	10	10	20	20	10	20	20	10	10	10	10	10	10	10	10	10	10	10	10	10	10	10	10	10	10
umich machine learning course	20	Low	27			20	20	20	10	10	20	20	20	20	10	20	10	10	10	10	10	10	10	10	10	10	20	40	30	50	20	30	20	20	20	70	170	50	10	20	10	10	10	10	10	10	20	10	20	20	10	20	10
unacademy machine learning course	10	High	71	0.274433	0.949681	10	0	10	10	10	10	10	10	0	10	0	10	0	10	10	10	10	10	0	0	0	10	10	0	10	10	0	10	10	10	10	10	10	10	10	10	10	10	10	10	10	10	10	10	10	10	10	10
understanding the world through data	20	Medium	39	0.59468	3.577332	0	0	0	0	0	0	0	0	0	0	0	0	0	0	50	210	20	20	40	50	30	50	40	170	110	90	40	20	40	10	50	20	10	10	20	20	40	20	20	20	20	20	10	20	20	20	20	20
understanding transformer	260	Low	6	0.179985	6.29	210	210	320	320	210	260	260	260	260	260	320	390	390	390	390	390	390	390	480	480	480	390	480	480	480	480	480	480	390	320	390	320	320	320	390	390	390	260	260	210	260	260	260	260	260	170	210	210
unity machine learning course	10	Low	4			10	0	10	10	10	10	10	10	10	10	20	10	10	10	10	10	10	10	10	10	10	10	0	10	10	10	10	10	10	10	0	10	10	0	10	10	10	10	10	10	10	0	10	10	10	0	10	40
universidad de massachusetts cursos gratis	10	Medium	46			10	10	10	10	10	10	10	10	10	10	10	10	10	10	10	10	10	10	10	10	10	10	10	10	10	10	10	10	10	0	10	10	10	10	10	10	0	10	0	10	10	10	10	10	10	10	10	10
university of toronto machine learning course	10	Medium	45	0.719737	6.03	10	10	10	10	20	10	10	10	10	10	10	10	10	10	10	10	10	10	20	20	10	10	20	20	30	10	30	10	10	20	20	10	10	10	10	10	10	10	20	10	10	20	10	10	10	10	10	10
university of washington machine learning course	10	High	67	0.680138	5.28	10	10	10	10	10	10	10	10	10	10	10	10	10	10	10	10	10	10	10	10	10	10	20	20	20	10	10	10	10	10	50	110	30	10	10	10	20	20	10	10	10	20	10	10	10	10	10	10
unsupervised machine learning course	10	Medium	36	0.984013	1.754587	20	10	10	10	20	10	10	10	20	20	20	20	20	10	10	20	10	10	20	10	20	20	20	20	10	10	20	10	10	10	10	10	20	10	20	10	20	20	20	10	10	20	10	10	10	10	10	10
uoft machine learning courses	20	Medium	38	1.555142	3.561062	0	10	10	10	10	10	10	10	10	10	10	10	10	10	10	10	10	10	20	10	10	10	20	10	30	20	20	20	20	10	20	30	10	10	20	20	20	20	20	10	20	30	20	20	20	10	20	10
upgrad machine learning course	30	Low	25	0.253041	1.390642	10	20	30	20	20	10	10	10	20	10	10	10	20	10	10	20	10	10	10	10	10	30	10	10	10	10	10	10	10	10	10	10	10	10	20	210	110	50	50	30	20	20	20	10	10	10	10	10
upgrad machine learning course fees	10					50	40	30	20	30	50	40	30	40	40	20	30	30	20	30	20	30	20	20	20	20	10	10	20	30	20	30	40	30	40	20	20	10	10	20	10	10	10	10	10	10	10	10	10	10	10	10	0
upgrad machine learning course review	10					10	20	20	20	20	10	10	10	20	10	20	20	20	20	40	30	30	20	30	20	30	20	10	20	10	20	10	10	10	10	10	10	10	10	10	10	10	10	10	10	10	10	10	0	10	0	10	0
usc machine learning course	10	Low	22			20	10	20	10	10	10	10	10	10	10	10	10	10	10	10	10	10	10	10	10	10	20	10	10	10	10	10	10	10	10	30	10	10	10	10	10	10	10	10	10	10	10	10	10	10	10	10	10
ut austin machine learning	140	Medium	35	3.066775	11.680134	170	170	140	170	140	170	170	210	210	210	170	170	140	170	170	140	170	210	140	170	210	210	210	210	210	260	210	210	170	170	210	210	210	260	260	210	170	170	140	110	110	140	110	140	110	110	140	110
ut austin machine learning course	30	Medium	55	3.009236	18.409276	20	30	20	20	10	20	20	20	10	20	10	20	20	20	10	10	20	20	10	20	10	10	50	50	20	50	30	20	20	40	40	30	20	20	20	30	30	30	20	30	30	30	30	20	20	20	20	20
uw machine learning course	10	Low	27			10	20	10	10	10	10	10	10	20	10	30	10	20	20	20	20	20	10	10	20	10	10	10	20	20	10	10	10	10	10	10	10	10	20	10	10	10	10	10	10	10	10	10	10	10	10	10	10
uwaterloo machine learning course	10	Low	14			10	10	10	10	10	10	10	10	10	10	10	10	10	10	10	10	10	10	10	10	10	10	10	10	10	10	10	10	10	10	10	10	10	0	10	10	10	10	10	10	10	10	10	10	10	10	10	10
visual studio machine learning tutorial	10	Low	21			20	20	20	20	20	20	30	20	40	30	30	30	30	20	40	40	20	20	40	20	40	10	30	30	20	20	30	20	20	10	10	10	10	10	20	10	10	10	10	10	10	10	10	10	10	10	10	10
watch introduction to machine learning for data science course	20	Low				0	10	0	10	10	20	0	10	10	0	10	30	30	20	10	10	10	10	90	90	20	20	10	10	10	10	10	10	10	10	10	10	10	10	20	20	10	20	20	20	10	10	30	30	20	30	20	30
watch python for data science and machine learning bootcamp course	20	Low				0	10	0	10	10	10	0	0	10	0	10	30	40	10	20	10	10	10	70	90	40	10	10	10	10	10	10	10	10	10	10	10	10	0	10	20	20	20	20	20	10	20	30	20	20	30	20	20
waterloo machine learning course	10	Low	22			10	10	10	10	10	10	10	10	10	10	10	10	10	10	10	10	10	10	10	10	10	10	20	10	10	10	10	10	10	10	10	10	10	10	10	10	10	10	10	10	10	10	10	10	10	10	10	10
webinar machine learning	170	Low	3	0.393115	2.892048	140	110	140	170	140	90	90	140	110	90	170	140	210	170	140	90	90	110	140	110	110	110	140	110	110	110	90	140	110	90	110	110	90	70	90	90	90	90	110	90	50	110	210	210	210	170	210	320
weekend machine learning course	10					0	0	10	0	10	0	0	10	10	10	10	10	0	10	10	0	10	10	10	0	0	10	0	10	10	10	0	0	0	0	0	10	10	0	0	10	10	0	10	10	10	0	0	0	0	10	10	0
what is ann in deep learning	110	Low	1			70	70	110	90	90	70	90	110	170	140	110	110	90	90	110	90	90	90	110	170	210	210	90	110	140	140	170	90	90	70	90	90	140	90	90	50	70	90	90	70	70	70	70	110	170	140	110	140
what is machine learning	135000	Low	1	0.022453	1.856506	90500	74000	90500	90500	74000	74000	90500	90500	90500	90500	90500	90500	90500	74000	90500	74000	90500	90500	90500	90500	90500	90500	90500	110000	110000	90500	110000	90500	90500	90500	90500	90500	90500	74000	90500	74000	90500	74000	74000	74000	74000	60500	74000	201000	201000	135000	165000	368000
what is the best course for machine learning	10	Medium	61	0.185889	1.107867	10	10	10	10	20	10	10	10	10	10	10	10	10	20	10	10	20	10	20	10	10	10	30	20	20	20	10	20	20	10	20	10	10	10	10	10	10	10	10	10	20	10	10	10	10	10	10	10
what is the best machine learning course	20	Medium	53	0.238956	1.274244	20	20	10	20	20	20	10	10	30	20	20	10	20	30	30	40	30	30	20	20	30	20	40	20	20	30	30	30	30	20	30	30	20	30	30	20	20	10	20	20	20	10	20	10	30	10	20	10
what is the best machine learning course on coursera	10	Low	21			10	10	10	10	10	0	10	10	0	0	10	10	10	10	10	10	10	10	10	10	0	10	10	10	10	10	10	10	10	10	10	10	10	10	20	10	10	10	10	10	10	10	10	10	10	10	10	10
what is the best machine learning course on udemy	10	Low	2			0	0	0	0	0	0	0	0	0	0	0	0	0	30	10	10	10	30	20	10	10	10	30	20	10	10	10	20	20	10	20	10	10	10	10	10	10	10	10	10	10	10	10	10	10	10	10	50
what is the best online course for machine learning	10					10	0	10	0	0	0	10	0	0	0	10	10	10	10	0	10	0	0	0	10	10	10	0	10	10	0	10	10	10	10	0	0	10	0	0	10	10	10	10	10	0	10	0	10	10	10	0	0
where to learn java	390	Medium	34	0.346337	2.522657	1600	4400	5400	12100	590	720	590	480	480	480	590	480	480	480	480	480	480	590	480	720	590	590	720	720	590	390	480	590	480	480	480	390	320	390	480	390	390	390	390	390	390	390	390	320	320	260	390	320
which are the best online courses for machine learning	10					10	10	10	10	10	10	10	10	10	10	10	10	10	10	10	10	10	10	10	10	10	10	10	10	0	0	10	10	10	0	10	10	0	10	10	10	0	10	0	10	0	10	10	0	0	10	10	0
which course is best for machine learning	40	Medium	46	0.312733	2.544365	30	30	40	40	70	70	70	50	50	50	70	70	70	90	90	70	70	90	70	90	40	70	90	70	90	70	90	70	110	70	50	40	30	50	50	70	70	50	50	50	50	40	30	30	30	20	40	30
which is best machine learning course	10	Low	29			10	10	10	10	10	20	10	10	10	10	20	10	10	10	10	10	10	10	10	10	10	10	10	10	10	10	20	20	20	10	10	10	10	10	10	10	10	10	10	10	20	20	10	10	10	10	10	10
which is the best course for machine learning	10	Medium	57			10	10	10	20	20	10	20	10	10	30	20	10	10	10	20	10	30	20	20	10	10	10	10	20	10	10	10	20	20	10	10	10	20	10	20	10	10	10	10	10	10	10	10	10	10	10	10	10
which is the best machine learning course	20	High	70	0.46	3.974496	10	10	10	20	20	20	10	10	10	10	10	20	10	10	20	20	10	20	10	10	10	20	20	20	20	20	20	20	10	10	10	10	10	20	20	20	20	20	30	20	30	40	10	10	10	10	20	10
which is the best machine learning course online	10					0	10	10	10	10	0	0	0	0	10	0	10	0	0	10	10	10	0	10	0	10	10	0	10	0	10	0	10	10	0	10	0	10	10	10	0	0	0	10	10	0	0	0	0	10	0	0	0
which machine learning course is best	20	Medium	56	0.590093	6.262278	20	10	10	20	20	20	30	20	10	30	20	30	20	30	50	40	50	40	40	30	30	40	40	50	40	40	30	30	40	30	40	30	30	40	140	50	20	40	40	30	40	30	20	10	10	10	20	20
which machine learning course is best on coursera	10	Low	32			10	10	10	10	10	10	10	10	10	10	10	10	10	10	20	10	10	20	10	10	10	10	0	0	0	10	10	0	10	10	10	10	10	10	10	10	10	10	10	10	10	10	10	10	10	10	10	10
which online course is best for machine learning	10					50	10	10	10	10	10	10	10	0	0	10	10	10	0	10	10	0	10	10	0	0	10	10	10	0	10	0	10	10	10	10	10	10	10	10	0	10	10	10	10	10	10	10	0	0	10	10	0
www mindluster com	3600	Medium	44	0.22	3.084391	20	30	50	110	40	20	20	10	40	90	50	30	50	140	1600	3600	2900	4400	2400	4400	2400	1900	1900	1900	1600	1300	1300	1000	1900	1600	1600	1600	1900	6600	3600	3600	2900	3600	2900	2400	5400	4400	4400	4400	4400	4400	4400	720
www ocw mit edu	40	Low	27	0.273078	0.8	40	50	30	20	30	90	90	110	140	50	30	40	40	40	50	50	40	20	20	10	30	20	20	40	20	20	30	20	30	40	50	70	30	30	20	30	20	20	70	70	50	70	40	30	40	30	40	30
xpro mit	5400	Medium	48	1.343869	11.10941	5400	4400	4400	3600	4400	4400	4400	4400	4400	3600	5400	4400	5400	5400	5400	4400	4400	5400	4400	4400	4400	4400	5400	5400	5400	5400	5400	4400	5400	6600	22200	6600	5400	3600	5400	4400	5400	5400	5400	5400	5400	5400	5400	5400	4400	3600	4400	4400
xpro mit edu	20	Medium	45	0.56276	6.373928	50	30	30	20	30	30	30	40	40	40	50	10	30	30	20	20	30	30	30	10	30	10	30	30	10	30	10	10	10	20	20	20	20	10	20	10	20	20	10	20	20	20	20	20	20	20	30	20
yandex machine learning course	10	Medium	38			10	10	10	10	10	10	10	10	10	20	20	10	10	10	10	10	10	10	10	10	20	20	20	10	20	10	10	10	10	10	10	10	10	10	10	10	10	10	10	10	10	10	20	10	10	10	10	10
zero shot prompting	6600	Low	1	0.081504	3.23	10	10	10	20	10	10	10	10	20	30	70	90	260	480	720	1000	1300	1600	1300	1600	1900	2400	1900	2900	2900	2900	3600	3600	3600	2900	3600	3600	3600	2900	3600	3600	4400	5400	5400	6600	6600	5400	6600	6600	6600	5400	5400	6600
1 year course machine learning						0	0	0	0	0	0	0	0	0	0	0	0	0	0	0	0	0	0	0	0	0	0	0	0	0	0	0	0	0	0	0	0	0	0	0	0	0	0	0	0	0	0	0	0	0	0	0	0
15 hour r machine learning course r bloggers						0	0	0	0	0	0	0	0	0	0	0	0	0	0	0	0	0	0	0	0	0	0	0	0	0	0	0	0	0	0	0	0	0	0	0	0	0	0	0	0	0	0	0	0	0	0	0	0
184 applied machine learning course description						0	0	0	0	0	0	0	0	0	0	0	0	0	0	0	0	0	0	0	0	0	0	0	0	0	0	0	0	0	0	0	0	0	0	0	0	0	0	0	0	0	0	0	0	0	0	0	0
22 courses in 1 become a superhuman learning machine						0	0	0	0	0	0	0	0	0	0	0	0	0	0	0	0	0	0	0	0	0	0	0	0	0	0	0	0	0	0	0	0	0	0	0	0	0	0	0	0	0	0	0	0	0	0	0	0
3 day training course machine learning november 23						0	0	0	0	0	0	0	0	0	0	0	0	0	0	0	0	0	0	0	0	0	0	0	0	0	0	0	0	0	0	0	0	0	0	0	0	0	0	0	0	0	0	0	0	0	0	0	0
4geeks academy data science and machine learning course	10	High	86			0	0	0	0	0	0	0	0	0	0	0	0	0	0	0	0	0	0	0	0	0	0	0	0	0	0	0	0	50	30	20	10	10	10	10	10	10	10	10	10	10	10	10	10	0	10	10	10
8 course machine learning						0	0	0	0	0	0	0	0	0	0	0	0	0	0	0	0	0	0	0	0	0	0	0	0	0	0	0	0	0	0	0	0	0	0	0	0	0	0	0	0	0	0	0	0	0	0	0	0
a basic course in machine learning for all	20	Low	31	0.38752	0.993964	0	0	0	0	0	0	0	0	0	0	0	0	0	0	0	0	0	0	0	0	0	0	0	0	0	0	0	0	0	20	10	10	10	40	30	70	10	10	10	20	50	50	10	10	10	20	30	20
a basic course on machine learning						0	0	0	0	0	0	0	0	0	0	0	0	0	0	0	0	0	0	0	0	0	0	0	0	0	0	0	0	0	0	0	0	0	0	0	0	0	0	0	0	0	0	0	0	0	0	0	0
a course in machine learning by daume						0	0	0	0	0	0	0	0	0	0	0	0	0	0	0	0	0	0	0	0	0	0	0	0	0	0	0	0	0	0	0	0	0	0	0	0	0	0	0	0	0	0	0	0	0	0	0	0
a course in machine learning ciml						0	0	0	0	0	0	0	0	0	0	0	0	0	0	0	0	0	0	0	0	0	0	0	0	0	0	0	0	0	0	0	0	0	0	0	0	0	0	0	0	0	0	0	0	0	0	0	0
a course in machine learning ciml info						0	0	0	0	0	0	0	0	0	0	0	0	0	0	0	0	0	0	0	0	0	0	0	0	0	0	0	0	0	0	0	0	0	0	0	0	0	0	0	0	0	0	0	0	0	0	0	0
a course in machine learning duame						0	0	0	0	0	0	0	0	0	0	0	0	0	0	0	0	0	0	0	0	0	0	0	0	0	0	0	0	0	0	0	0	0	0	0	0	0	0	0	0	0	0	0	0	0	0	0	0
a course in machine learning hal						0	0	0	0	0	0	0	0	0	0	0	0	0	0	0	0	0	0	0	0	0	0	0	0	0	0	0	0	0	0	0	0	0	0	0	0	0	0	0	0	0	0	0	0	0	0	0	0
a course in machine learning hal dume						0	0	0	0	0	0	0	0	0	0	0	0	0	0	0	0	0	0	0	0	0	0	0	0	0	0	0	0	0	0	0	0	0	0	0	0	0	0	0	0	0	0	0	0	0	0	0	0
a course in machine learning review						0	0	0	0	0	0	0	0	0	0	0	0	0	0	0	0	0	0	0	0	0	0	0	0	0	0	0	0	0	0	0	0	0	0	0	0	0	0	0	0	0	0	0	0	0	0	0	0
a first course in machine learning 2nd ed						0	0	0	0	0	0	0	0	0	0	0	0	0	0	0	0	0	0	0	0	0	0	0	0	0	0	0	0	0	0	0	0	0	0	0	0	0	0	0	0	0	0	0	0	0	0	0	0
a first course in machine learning amazon						0	0	0	0	0	0	0	0	0	0	0	0	0	0	0	0	0	0	0	0	0	0	0	0	0	0	0	0	0	0	0	0	0	0	0	0	0	0	0	0	0	0	0	0	0	0	0	0
a first course in machine learning by simon rogers						0	0	0	0	0	0	0	0	0	0	0	0	0	0	0	0	0	0	0	0	0	0	0	0	0	0	0	0	0	0	0	0	0	0	0	0	0	0	0	0	0	0	0	0	0	0	0	0
a first course in machine learning code						0	0	0	0	0	0	0	0	0	0	0	0	0	0	0	0	0	0	0	0	0	0	0	0	0	0	0	0	0	0	0	0	0	0	0	0	0	0	0	0	0	0	0	0	0	0	0	0
a first course in machine learning crc						0	0	0	0	0	0	0	0	0	0	0	0	0	0	0	0	0	0	0	0	0	0	0	0	0	0	0	0	0	0	0	0	0	0	0	0	0	0	0	0	0	0	0	0	0	0	0	0
a first course in machine learning download						0	0	0	0	0	0	0	0	0	0	0	0	0	0	0	0	0	0	0	0	0	0	0	0	0	0	0	0	0	0	0	0	0	0	0	0	0	0	0	0	0	0	0	0	0	0	0	0
a first course in machine learning errata						0	0	0	0	0	0	0	0	0	0	0	0	0	0	0	0	0	0	0	0	0	0	0	0	0	0	0	0	0	0	0	0	0	0	0	0	0	0	0	0	0	0	0	0	0	0	0	0
a first course in machine learning exercises						0	0	0	0	0	0	0	0	0	0	0	0	0	0	0	0	0	0	0	0	0	0	0	0	0	0	0	0	0	0	0	0	0	0	0	0	0	0	0	0	0	0	0	0	0	0	0	0
a first course in machine learning girolami						0	0	0	0	0	0	0	0	0	0	0	0	0	0	0	0	0	0	0	0	0	0	0	0	0	0	0	0	0	0	0	0	0	0	0	0	0	0	0	0	0	0	0	0	0	0	0	0
a first course in machine learning matlab code						0	0	0	0	0	0	0	0	0	0	0	0	0	0	0	0	0	0	0	0	0	0	0	0	0	0	0	0	0	0	0	0	0	0	0	0	0	0	0	0	0	0	0	0	0	0	0	0
a first course in machine learning review						0	0	0	0	0	0	0	0	0	0	0	0	0	0	0	0	0	0	0	0	0	0	0	0	0	0	0	0	0	0	0	0	0	0	0	0	0	0	0	0	0	0	0	0	0	0	0	0
a first course in machine learning rogers						0	0	0	0	0	0	0	0	0	0	0	0	0	0	0	0	0	0	0	0	0	0	0	0	0	0	0	0	0	0	0	0	0	0	0	0	0	0	0	0	0	0	0	0	0	0	0	0
a first course in machine learning second edition amazon						0	0	0	0	0	0	0	0	0	0	0	0	0	0	0	0	0	0	0	0	0	0	0	0	0	0	0	0	0	0	0	0	0	0	0	0	0	0	0	0	0	0	0	0	0	0	0	0
a first course in machine learning second edition download						0	0	0	0	0	0	0	0	0	0	0	0	0	0	0	0	0	0	0	0	0	0	0	0	0	0	0	0	0	0	0	0	0	0	0	0	0	0	0	0	0	0	0	0	0	0	0	0
a first course in machine learning second edition scripts						0	0	0	0	0	0	0	0	0	0	0	0	0	0	0	0	0	0	0	0	0	0	0	0	0	0	0	0	0	0	0	0	0	0	0	0	0	0	0	0	0	0	0	0	0	0	0	0
a first course in machine learning second edition torrent						0	0	0	0	0	0	0	0	0	0	0	0	0	0	0	0	0	0	0	0	0	0	0	0	0	0	0	0	0	0	0	0	0	0	0	0	0	0	0	0	0	0	0	0	0	0	0	0
a first course in machine learning second editionscripts						0	0	0	0	0	0	0	0	0	0	0	0	0	0	0	0	0	0	0	0	0	0	0	0	0	0	0	0	0	0	0	0	0	0	0	0	0	0	0	0	0	0	0	0	0	0	0	0
a first course in machine learning website						0	0	0	0	0	0	0	0	0	0	0	0	0	0	0	0	0	0	0	0	0	0	0	0	0	0	0	0	0	0	0	0	0	0	0	0	0	0	0	0	0	0	0	0	0	0	0	0
a to z machine learning course						0	0	0	0	0	0	0	0	0	0	0	0	0	0	0	0	0	0	0	0	0	0	0	0	0	0	0	0	0	0	0	0	0	0	0	0	0	0	0	0	0	0	0	0	0	0	0	0
a1wizard	480	Low	6	0.28667	2.915212	0	0	0	0	0	0	0	0	0	0	0	0	0	0	0	0	0	0	0	0	0	0	0	0	0	0	0	0	0	0	0	0	0	0	0	0	0	0	210	390	720	1000	590	590	260	480	480	1300
aalto machine learning courses						0	0	0	0	0	0	0	0	0	0	0	0	0	0	0	0	0	0	0	0	0	0	0	0	0	0	0	0	0	0	0	0	0	0	0	0	0	0	0	0	0	0	0	0	0	0	0	0
abu mostafa machine learning course						0	0	0	0	0	0	0	0	0	0	0	0	0	0	0	0	0	0	0	0	0	0	0	0	0	0	0	0	0	0	0	0	0	0	0	0	0	0	0	0	0	0	0	0	0	0	0	0
academic course in college for machine learning						0	0	0	0	0	0	0	0	0	0	0	0	0	0	0	0	0	0	0	0	0	0	0	0	0	0	0	0	0	0	0	0	0	0	0	0	0	0	0	0	0	0	0	0	0	0	0	0
academy openai con	110	Medium	40	0.360614	3.119434	0	0	0	0	0	0	0	0	0	0	0	0	0	0	0	0	0	0	0	0	0	0	0	0	0	0	0	0	0	0	0	0	0	0	0	0	0	210	70	20	30	50	140	320	260	70	50	30
active learning machine learning course						0	0	0	0	0	0	0	0	0	0	0	0	0	0	0	0	0	0	0	0	0	0	0	0	0	0	0	0	0	0	0	0	0	0	0	0	0	0	0	0	0	0	0	0	0	0	0	0
advance machine learning course dall 2025 hamidian gwu						0	0	0	0	0	0	0	0	0	0	0	0	0	0	0	0	0	0	0	0	0	0	0	0	0	0	0	0	0	0	0	0	0	0	0	0	0	0	0	0	0	0	0	0	0	0	0	0
advance machine learning course fall 2025 hamidian gwu						0	0	0	0	0	0	0	0	0	0	0	0	0	0	0	0	0	0	0	0	0	0	0	0	0	0	0	0	0	0	0	0	0	0	0	0	0	0	0	0	0	0	0	0	0	0	0	0
advanced ai and machine learning course	10	Low	23	0.306526	1.435446	0	0	0	0	0	0	0	0	0	0	0	0	0	0	0	0	0	0	0	0	0	0	0	0	0	0	0	0	0	0	0	0	0	0	0	0	0	0	0	0	20	20	20	10	20	10	10	20
advanced machine learning course by hse						0	0	0	0	0	0	0	0	0	0	0	0	0	0	0	0	0	0	0	0	0	0	0	0	0	0	0	0	0	0	0	0	0	0	0	0	0	0	0	0	0	0	0	0	0	0	0	0
advanced machine learning course eth						0	0	0	0	0	0	0	0	0	0	0	0	0	0	0	0	0	0	0	0	0	0	0	0	0	0	0	0	0	0	0	0	0	0	0	0	0	0	0	0	0	0	0	0	0	0	0	0
advanced machine learning course fall 2025 hamidian gwu						0	0	0	0	0	0	0	0	0	0	0	0	0	0	0	0	0	0	0	0	0	0	0	0	0	0	0	0	0	0	0	0	0	0	0	0	0	0	0	0	0	0	0	0	0	0	0	0
advanced machine learning course online						0	0	0	0	0	0	0	0	0	0	0	0	0	0	0	0	0	0	0	0	0	0	0	0	0	0	0	0	0	0	0	0	0	0	0	0	0	0	0	0	0	0	0	0	0	0	0	0
advanced machine learning course review						0	0	0	0	0	0	0	0	0	0	0	0	0	0	0	0	0	0	0	0	0	0	0	0	0	0	0	0	0	0	0	0	0	0	0	0	0	0	0	0	0	0	0	0	0	0	0	0
advanced machine learning course website						0	0	0	0	0	0	0	0	0	0	0	0	0	0	0	0	0	0	0	0	0	0	0	0	0	0	0	0	0	0	0	0	0	0	0	0	0	0	0	0	0	0	0	0	0	0	0	0
advanced machine learning course website virginia tech filebox						0	0	0	0	0	0	0	0	0	0	0	0	0	0	0	0	0	0	0	0	0	0	0	0	0	0	0	0	0	0	0	0	0	0	0	0	0	0	0	0	0	0	0	0	0	0	0	0
advanced machine learning online courses						0	0	0	0	0	0	0	0	0	0	0	0	0	0	0	0	0	0	0	0	0	0	0	0	0	0	0	0	0	0	0	0	0	0	0	0	0	0	0	0	0	0	0	0	0	0	0	0
advanced machine learning with python course						0	0	0	0	0	0	0	0	0	0	0	0	0	0	0	0	0	0	0	0	0	0	0	0	0	0	0	0	0	0	0	0	0	0	0	0	0	0	0	0	0	0	0	0	0	0	0	0
affordable ai and machine learning courses are good for beginners						0	0	0	0	0	0	0	0	0	0	0	0	0	0	0	0	0	0	0	0	0	0	0	0	0	0	0	0	0	0	0	0	0	0	0	0	0	0	0	0	0	0	0	0	0	0	0	0
ai agent certification	720	Medium	64	0.833271	8.319999	0	0	0	0	0	0	0	0	0	0	0	0	0	0	0	0	0	0	0	0	0	0	0	0	0	0	0	0	0	0	20	90	110	320	880	880	720	720	720	720	880	880	880	720	590	590	590	880
ai and machine learning bootcamps vs traditional courses						0	0	0	0	0	0	0	0	0	0	0	0	0	0	0	0	0	0	0	0	0	0	0	0	0	0	0	0	0	0	0	0	0	0	0	0	0	0	0	0	0	0	0	0	0	0	0	0
ai and machine learning certificate courses	10	High	70	0.491279	1.988481	0	0	0	0	0	0	0	0	0	0	0	0	0	0	0	0	0	0	0	0	0	0	0	0	0	0	0	0	0	0	0	0	0	0	0	0	0	0	0	0	30	40	20	10	20	10	10	10
ai and machine learning certification course online						0	0	0	0	0	0	0	0	0	0	0	0	0	0	0	0	0	0	0	0	0	0	0	0	0	0	0	0	0	0	0	0	0	0	0	0	0	0	0	0	0	0	0	0	0	0	0	0
ai and machine learning concepts course australia						0	0	0	0	0	0	0	0	0	0	0	0	0	0	0	0	0	0	0	0	0	0	0	0	0	0	0	0	0	0	0	0	0	0	0	0	0	0	0	0	0	0	0	0	0	0	0	0
ai and machine learning course college						0	0	0	0	0	0	0	0	0	0	0	0	0	0	0	0	0	0	0	0	0	0	0	0	0	0	0	0	0	0	0	0	0	0	0	0	0	0	0	0	0	0	0	0	0	0	0	0
ai and machine learning course free with certificate	70	Medium	57	0.107283	0.675736	0	0	0	0	0	0	0	0	0	0	0	0	0	0	0	0	0	0	0	0	0	0	0	0	0	0	0	0	0	0	0	0	0	0	20	30	50	40	50	70	90	90	50	70	50	70	110	90
ai and machine learning course in mumbai						0	0	0	0	0	0	0	0	0	0	0	0	0	0	0	0	0	0	0	0	0	0	0	0	0	0	0	0	0	0	0	0	0	0	0	0	0	0	0	0	0	0	0	0	0	0	0	0
ai and machine learning course in united states						0	0	0	0	0	0	0	0	0	0	0	0	0	0	0	0	0	0	0	0	0	0	0	0	0	0	0	0	0	0	0	0	0	0	0	0	0	0	0	0	0	0	0	0	0	0	0	0
ai and machine learning course lessons for engineers						0	0	0	0	0	0	0	0	0	0	0	0	0	0	0	0	0	0	0	0	0	0	0	0	0	0	0	0	0	0	0	0	0	0	0	0	0	0	0	0	0	0	0	0	0	0	0	0
ai and machine learning courses after 12th	110	Medium	34	0.256729	0.857763	0	0	0	0	0	0	0	0	0	0	0	0	0	0	0	0	0	0	0	0	0	0	0	0	0	0	0	0	0	50	50	50	50	70	70	90	110	170	210	140	90	40	40	70	70	110	110	110
ai and machine learning courses college						0	0	0	0	0	0	0	0	0	0	0	0	0	0	0	0	0	0	0	0	0	0	0	0	0	0	0	0	0	0	0	0	0	0	0	0	0	0	0	0	0	0	0	0	0	0	0	0
ai and machine learning courses dubai						0	0	0	0	0	0	0	0	0	0	0	0	0	0	0	0	0	0	0	0	0	0	0	0	0	0	0	0	0	0	0	0	0	0	0	0	0	0	0	0	0	0	0	0	0	0	0	0
ai and machine learning courses fees	390	Medium	47	0.304137	1.00004	140	170	210	320	320	260	260	210	210	140	210	260	320	390	720	590	590	590	390	260	210	260	260	320	480	590	590	480	720	170	140	140	170	260	320	260	390	480	720	720	590	390	390	260	260	320	320	390
ai and machine learning courses for beginners	110	Low	24	0.611004	6.738162	110	90	90	110	90	90	70	70	70	50	50	90	90	70	110	110	110	110	90	70	70	50	90	110	70	90	90	110	90	90	70	70	70	90	90	90	90	170	170	170	140	140	110	110	50	40	70	170
ai and machine learning courses for beginners online						0	0	0	0	0	0	0	0	0	0	0	0	0	0	0	0	0	0	0	0	0	0	0	0	0	0	0	0	0	0	0	0	0	0	0	0	0	0	0	0	0	0	0	0	0	0	0	0
ai and machine learning courses for working professionals online						0	0	0	0	0	0	0	0	0	0	0	0	0	0	0	0	0	0	0	0	0	0	0	0	0	0	0	0	0	0	0	0	0	0	0	0	0	0	0	0	0	0	0	0	0	0	0	0
ai and machine learning courses iit						0	0	0	0	0	0	0	0	0	0	0	0	0	0	0	0	0	0	0	0	0	0	0	0	0	0	0	0	0	0	0	0	0	0	0	0	0	0	0	0	0	0	0	0	0	0	0	0
ai and machine learning courses in delhi ncr						0	0	0	0	0	0	0	0	0	0	0	0	0	0	0	0	0	0	0	0	0	0	0	0	0	0	0	0	0	0	0	0	0	0	0	0	0	0	0	0	0	0	0	0	0	0	0	0
ai and machine learning courses in dubai	30	Medium	64	1.099903	5.480184	0	0	0	0	0	0	0	0	0	0	0	0	0	0	0	0	0	0	0	0	0	0	0	0	0	0	0	0	0	0	0	20	10	20	20	30	30	20	40	30	40	20	10	20	20	20	40	30
ai and machine learning courses in germany	20	Medium	64	0.631528	4.211601	0	0	0	0	0	0	0	0	0	0	0	0	0	0	0	0	0	0	0	0	0	0	0	0	0	0	0	0	30	20	10	10	20	20	20	10	20	20	20	20	20	10	20	10	10	20	20	10
ai and machine learning courses in kolkata	30	High	78	0.21243	0.854291	0	0	0	0	0	0	0	0	0	0	0	0	0	0	0	0	0	0	0	0	0	0	0	0	0	0	0	0	0	0	0	0	0	0	0	30	50	50	70	30	50	40	10	30	20	30	20	20
ai and machine learning courses in london						0	0	0	0	0	0	0	0	0	0	0	0	0	0	0	0	0	0	0	0	0	0	0	0	0	0	0	0	0	0	0	0	0	0	0	0	0	0	0	0	0	0	0	0	0	0	0	0
ai and machine learning courses in navi mumbai						0	0	0	0	0	0	0	0	0	0	0	0	0	0	0	0	0	0	0	0	0	0	0	0	0	0	0	0	0	0	0	0	0	0	0	0	0	0	0	0	0	0	0	0	0	0	0	0
ai and machine learning courses in noida						0	0	0	0	0	0	0	0	0	0	0	0	0	0	0	0	0	0	0	0	0	0	0	0	0	0	0	0	0	0	0	0	0	0	0	0	0	0	0	0	0	0	0	0	0	0	0	0
ai and machine learning courses in sri lanka	30	Medium	37	0.149725	0.574241	0	0	0	0	0	0	0	0	0	0	0	0	0	0	0	0	0	0	0	0	0	0	0	0	0	0	0	0	0	0	0	0	0	0	40	30	40	30	30	20	20	40	50	30	30	20	30	20
ai and machine learning courses offline	30	High	78	0.48864	1.530053	0	0	0	0	0	0	0	0	0	0	0	0	0	0	0	0	0	0	0	0	0	0	0	0	0	0	0	0	0	0	0	0	0	0	0	0	20	10	40	50	70	40	40	20	40	10	20	30
ai and machine learning courses online for beginners						0	0	0	0	0	0	0	0	0	0	0	0	0	0	0	0	0	0	0	0	0	0	0	0	0	0	0	0	0	0	0	0	0	0	0	0	0	0	0	0	0	0	0	0	0	0	0	0
ai and machine learning courses salary	40	Low	1			0	0	0	0	0	0	0	0	0	0	0	0	0	0	0	0	0	0	0	0	0	0	0	0	0	0	0	0	0	0	0	0	0	0	20	20	30	40	90	40	50	30	20	20	30	10	30	20
ai and machine learning courses uk						0	0	0	0	0	0	0	0	0	0	0	0	0	0	0	0	0	0	0	0	0	0	0	0	0	0	0	0	0	0	0	0	0	0	0	0	0	0	0	0	0	0	0	0	0	0	0	0
ai and machine learning degree courses in connecticut						0	0	0	0	0	0	0	0	0	0	0	0	0	0	0	0	0	0	0	0	0	0	0	0	0	0	0	0	0	0	0	0	0	0	0	0	0	0	0	0	0	0	0	0	0	0	0	0
ai and machine learning engineer course	170	Medium	45	0.40471	1.926146	0	0	0	0	0	0	0	0	0	0	0	0	0	0	0	0	0	0	0	0	0	0	0	0	0	0	0	0	0	0	0	0	0	0	0	0	30	90	170	140	210	210	140	170	210	260	260	320
ai and machine learning engineering course	170	Medium	45	0.40471	1.926146	0	0	0	0	0	0	0	0	0	0	0	0	0	0	0	0	0	0	0	0	0	0	0	0	0	0	0	0	0	0	0	0	0	0	0	0	30	90	170	140	210	210	140	170	210	260	260	320
ai and machine learning for engineering design	10	Medium	55	1.421021	6.646064	0	0	0	0	0	0	0	0	0	0	0	0	0	0	0	0	0	0	0	0	0	0	0	0	0	0	0	0	0	0	0	0	0	0	0	0	0	0	0	0	0	0	70	30	20	10	10	10
ai and machine learning free course with certificate	30	Medium	66	0.042347	6.35	0	0	0	0	0	0	0	0	0	0	0	0	0	0	0	0	0	0	0	0	0	0	0	0	0	0	0	0	0	0	0	0	0	0	40	20	30	30	50	70	40	30	20	20	20	30	30	10
ai and machine learning in finance course	10	High	82	0.33	9.19	0	0	0	0	0	0	0	0	0	0	0	0	0	0	0	0	0	0	0	0	0	0	0	0	0	0	0	0	0	0	0	0	0	0	0	0	0	0	30	10	10	20	10	10	10	10	10	10
ai and machine learning in semiconductor design and testing courses						0	0	0	0	0	0	0	0	0	0	0	0	0	0	0	0	0	0	0	0	0	0	0	0	0	0	0	0	0	0	0	0	0	0	0	0	0	0	0	0	0	0	0	0	0	0	0	0
ai and machine learning specialist course	140	Low	16	0.423772	4.887683	0	0	0	0	0	0	0	0	0	0	0	0	0	0	0	0	0	0	0	0	0	0	0	0	0	0	0	0	0	30	10	10	20	20	70	50	50	110	140	90	110	170	140	390	260	40	140	70
ai certification for engineers						0	0	0	0	0	0	0	0	0	0	0	0	0	0	0	0	0	0	0	0	0	0	0	0	0	0	0	0	0	0	0	0	0	0	0	0	0	0	0	0	0	0	0	0	0	0	0	0
ai course machine learning	30	High	79	0.599052	4.057672	0	0	0	0	0	0	0	0	0	0	0	0	0	0	0	0	0	0	0	0	0	0	0	0	0	0	0	0	0	0	0	0	0	0	0	0	0	50	40	30	50	30	20	20	30	40	20	30
ai courses online free google	140	Medium	48	0.117959	2.838725	0	0	0	0	0	0	0	0	0	0	0	0	0	0	0	0	0	40	50	50	50	70	110	90	110	90	110	140	110	50	50	50	50	90	110	90	140	110	110	140	140	170	90	110	140	140	140	140
ai driven computational design	30	Medium	47	1.808817	7.58	0	0	0	0	0	0	0	0	0	0	0	0	0	0	0	0	0	0	0	0	0	0	0	0	0	0	0	0	110	50	40	40	30	10	20	40	40	20	30	30	30	30	40	40	20	20	30	20
ai engineering certifications	1900	Medium	66	0.808697	7.829628	140	170	210	210	170	170	170	140	140	170	260	260	390	480	590	480	590	590	590	590	720	720	880	880	1000	1000	1300	1300	1300	1300	1600	1900	1300	1000	2400	1600	1600	1600	1600	1900	2400	2400	2400	1900	1900	1900	2400	2900
ai for everyone deeplearning ai coursera	390	Low	20	0.656661	5.821988	0	0	0	0	0	0	0	0	0	0	0	0	0	0	0	0	0	0	0	0	0	0	0	0	0	0	0	0	0	0	0	0	0	0	0	0	30	50	110	260	210	170	170	210	260	390	720	1900
ai hackathon 2025	1000	Low	2	0.56	3.263708	0	0	0	0	0	0	0	0	0	0	0	0	0	0	0	0	0	0	0	0	0	0	0	0	0	0	0	0	0	0	0	20	70	210	590	880	880	1000	1000	1000	1000	1600	1300	1600	1900	720	480	320
ai in machine learning course	40	Medium	66	0.400475	1.172889	0	0	0	0	0	0	0	0	0	0	0	0	0	0	0	0	0	0	0	0	0	0	0	0	0	0	0	0	0	0	0	0	0	0	0	30	40	70	90	70	50	40	20	10	20	20	20	30
ai logic tutor	260	Medium	54	0.094392	0.394692	0	0	0	0	0	0	0	0	0	0	0	0	0	0	0	0	0	0	0	0	0	0	0	0	0	0	0	0	0	0	0	0	0	0	0	0	0	0	0	0	0	0	0	0	0	1600	1000	480
ai machine learning course dfor highschoolers						0	0	0	0	0	0	0	0	0	0	0	0	0	0	0	0	0	0	0	0	0	0	0	0	0	0	0	0	0	0	0	0	0	0	0	0	0	0	0	0	0	0	0	0	0	0	0	0
ai machine learning course fees	140	Medium	59	0.273657	1.161225	0	0	0	0	0	0	0	0	0	0	0	0	0	0	0	0	0	0	0	0	0	0	0	0	0	0	0	0	0	0	0	0	0	0	30	30	70	110	140	140	140	110	90	110	140	140	170	140
ai machine learning course online						0	0	0	0	0	0	0	0	0	0	0	0	0	0	0	0	0	0	0	0	0	0	0	0	0	0	0	0	0	0	0	0	0	0	0	0	0	0	0	0	0	0	0	0	0	0	0	0
ai machine learning course simplilearn						0	0	0	0	0	0	0	0	0	0	0	0	0	0	0	0	0	0	0	0	0	0	0	0	0	0	0	0	0	0	0	0	0	0	0	0	0	0	0	0	0	0	0	0	0	0	0	0
ai machine learning courses 2025						0	0	0	0	0	0	0	0	0	0	0	0	0	0	0	0	0	0	0	0	0	0	0	0	0	0	0	0	0	0	0	0	0	0	0	0	0	0	0	0	0	0	0	0	0	0	0	0
ai machine learning courses fees	140	Medium	59	0.273657	1.161225	0	0	0	0	0	0	0	0	0	0	0	0	0	0	0	0	0	0	0	0	0	0	0	0	0	0	0	0	0	0	0	0	0	0	30	30	70	110	140	140	140	110	90	110	140	140	170	140
ai machine learning courses flexible schedule 2025						0	0	0	0	0	0	0	0	0	0	0	0	0	0	0	0	0	0	0	0	0	0	0	0	0	0	0	0	0	0	0	0	0	0	0	0	0	0	0	0	0	0	0	0	0	0	0	0
ai machine learning courses in pune	20	High	80	0.386804	0.935538	0	0	0	0	0	0	0	0	0	0	0	0	0	0	0	0	0	0	0	0	0	0	0	0	0	0	0	0	0	0	0	0	0	0	0	0	0	30	40	70	40	40	20	10	10	10	10	10
ai machine learning courses near me	70	High	68	0.386207	1.480573	0	0	0	0	0	0	0	0	0	0	0	0	0	0	0	0	0	0	0	0	0	0	0	0	0	0	0	0	0	50	70	30	20	30	40	50	70	90	70	90	90	90	50	50	70	70	90	70
ai machine learning courses on datacamp reddit						0	0	0	0	0	0	0	0	0	0	0	0	0	0	0	0	0	0	0	0	0	0	0	0	0	0	0	0	0	0	0	0	0	0	0	0	0	0	0	0	0	0	0	0	0	0	0	0
ai machine learning courses with job placement assistance 2025						0	0	0	0	0	0	0	0	0	0	0	0	0	0	0	0	0	0	0	0	0	0	0	0	0	0	0	0	0	0	0	0	0	0	0	0	0	0	0	0	0	0	0	0	0	0	0	0
ai machine learning data science course						0	0	0	0	0	0	0	0	0	0	0	0	0	0	0	0	0	0	0	0	0	0	0	0	0	0	0	0	0	0	0	0	0	0	0	0	0	0	0	0	0	0	0	0	0	0	0	0
ai machine learning data science courses plant sciences 2025						0	0	0	0	0	0	0	0	0	0	0	0	0	0	0	0	0	0	0	0	0	0	0	0	0	0	0	0	0	0	0	0	0	0	0	0	0	0	0	0	0	0	0	0	0	0	0	0
ai machine learning deep learning course						0	0	0	0	0	0	0	0	0	0	0	0	0	0	0	0	0	0	0	0	0	0	0	0	0	0	0	0	0	0	0	0	0	0	0	0	0	0	0	0	0	0	0	0	0	0	0	0
ai machine learning engineer course	110	Medium	63	0.41	2.87	0	0	0	0	0	0	0	0	0	0	0	0	0	0	0	0	0	0	0	0	0	0	0	0	0	0	0	0	0	0	0	0	0	0	0	30	30	40	70	90	90	70	90	140	170	110	140	260
ai machine learning online course reddit						0	0	0	0	0	0	0	0	0	0	0	0	0	0	0	0	0	0	0	0	0	0	0	0	0	0	0	0	0	0	0	0	0	0	0	0	0	0	0	0	0	0	0	0	0	0	0	0
ai machine learning specialist course	20	Medium	60	0.366534	2.459983	0	0	0	0	0	0	0	0	0	0	0	0	0	0	0	0	0	0	0	0	0	0	0	0	0	0	0	0	0	0	0	0	0	0	0	0	0	0	0	0	0	0	20	40	50	70	40	40
ai ml basic course	30	Medium	58	0.214885	1.3474	0	0	0	0	0	0	0	0	0	0	0	0	0	0	0	0	30	20	20	20	10	10	30	40	30	30	40	40	20	20	30	10	20	20	40	30	20	30	50	40	40	40	40	20	40	20	20	30
ai or machine learning courses	20	High	74	0.435282	1.637415	0	0	0	0	0	0	0	0	0	0	0	0	0	0	0	0	0	0	0	0	0	0	0	0	0	0	0	0	0	0	0	0	0	0	0	0	0	0	0	0	20	20	10	30	40	20	20	30
ai with machine learning course	90	High	75	0.457757	2.07698	0	0	0	0	0	0	0	0	0	0	0	0	0	0	0	0	0	0	0	0	0	0	0	0	0	0	0	0	0	0	20	30	40	50	50	50	90	110	210	140	140	90	50	40	40	50	50	70
ai wizard com	880	Medium	40	0.11	0.700675	0	0	0	0	0	0	0	0	0	0	0	0	0	0	0	0	0	0	0	0	0	0	0	0	0	0	0	0	0	0	0	0	0	0	0	0	0	0	70	720	1600	1900	1000	1000	390	880	1300	1000
albany machine learning course description						0	0	0	0	0	0	0	0	0	0	0	0	0	0	0	0	0	0	0	0	0	0	0	0	0	0	0	0	0	0	0	0	0	0	0	0	0	0	0	0	0	0	0	0	0	0	0	0
alex ihler machine learning course						0	0	0	0	0	0	0	0	0	0	0	0	0	0	0	0	0	0	0	0	0	0	0	0	0	0	0	0	0	0	0	0	0	0	0	0	0	0	0	0	0	0	0	0	0	0	0	0
algorithms course for machine learning						0	0	0	0	0	0	0	0	0	0	0	0	0	0	0	0	0	0	0	0	0	0	0	0	0	0	0	0	0	0	0	0	0	0	0	0	0	0	0	0	0	0	0	0	0	0	0	0
algoverse ai research	1000	Low	23	1.117156	5.512066	0	0	0	0	0	0	0	0	0	0	0	0	0	0	0	0	0	0	0	0	0	0	0	0	0	0	0	0	0	260	390	1300	260	170	1000	390	1300	480	2400	1600	1900	880	720	880	880	880	720	1000
ali ghodsi machine learning course						0	0	0	0	0	0	0	0	0	0	0	0	0	0	0	0	0	0	0	0	0	0	0	0	0	0	0	0	0	0	0	0	0	0	0	0	0	0	0	0	0	0	0	0	0	0	0	0
amazon courses on machine learning reddit						0	0	0	0	0	0	0	0	0	0	0	0	0	0	0	0	0	0	0	0	0	0	0	0	0	0	0	0	0	0	0	0	0	0	0	0	0	0	0	0	0	0	0	0	0	0	0	0
amazon courses on machine learning review						0	0	0	0	0	0	0	0	0	0	0	0	0	0	0	0	0	0	0	0	0	0	0	0	0	0	0	0	0	0	0	0	0	0	0	0	0	0	0	0	0	0	0	0	0	0	0	0
amazon machine learning course cyber monday						0	0	0	0	0	0	0	0	0	0	0	0	0	0	0	0	0	0	0	0	0	0	0	0	0	0	0	0	0	0	0	0	0	0	0	0	0	0	0	0	0	0	0	0	0	0	0	0
amazon machine learning course online						0	0	0	0	0	0	0	0	0	0	0	0	0	0	0	0	0	0	0	0	0	0	0	0	0	0	0	0	0	0	0	0	0	0	0	0	0	0	0	0	0	0	0	0	0	0	0	0
amazon machine learning course review						0	0	0	0	0	0	0	0	0	0	0	0	0	0	0	0	0	0	0	0	0	0	0	0	0	0	0	0	0	0	0	0	0	0	0	0	0	0	0	0	0	0	0	0	0	0	0	0
amazon machine learning engineer certification course						0	0	0	0	0	0	0	0	0	0	0	0	0	0	0	0	0	0	0	0	0	0	0	0	0	0	0	0	0	0	0	0	0	0	0	0	0	0	0	0	0	0	0	0	0	0	0	0
amazon opens machine learning courses						0	0	0	0	0	0	0	0	0	0	0	0	0	0	0	0	0	0	0	0	0	0	0	0	0	0	0	0	0	0	0	0	0	0	0	0	0	0	0	0	0	0	0	0	0	0	0	0
amity machine learning course review						0	0	0	0	0	0	0	0	0	0	0	0	0	0	0	0	0	0	0	0	0	0	0	0	0	0	0	0	0	0	0	0	0	0	0	0	0	0	0	0	0	0	0	0	0	0	0	0
analytics vidhya machine learning course review						0	0	0	0	0	0	0	0	0	0	0	0	0	0	0	0	0	0	0	0	0	0	0	0	0	0	0	0	0	0	0	0	0	0	0	0	0	0	0	0	0	0	0	0	0	0	0	0
andrew nd machine learning course dated						0	0	0	0	0	0	0	0	0	0	0	0	0	0	0	0	0	0	0	0	0	0	0	0	0	0	0	0	0	0	0	0	0	0	0	0	0	0	0	0	0	0	0	0	0	0	0	0
andrew ng machine learning course cost						0	0	0	0	0	0	0	0	0	0	0	0	0	0	0	0	0	0	0	0	0	0	0	0	0	0	0	0	0	0	0	0	0	0	0	0	0	0	0	0	0	0	0	0	0	0	0	0
andrew ng machine learning course upgrade to certificate						0	0	0	0	0	0	0	0	0	0	0	0	0	0	0	0	0	0	0	0	0	0	0	0	0	0	0	0	0	0	0	0	0	0	0	0	0	0	0	0	0	0	0	0	0	0	0	0
andrew ng machine learning coursera course						0	0	0	0	0	0	0	0	0	0	0	0	0	0	0	0	0	0	0	0	0	0	0	0	0	0	0	0	0	0	0	0	0	0	0	0	0	0	0	0	0	0	0	0	0	0	0	0
andrew ngs machine learning course	10	High	86	3.136285	9.500476	0	0	0	0	0	0	0	0	0	0	0	0	0	0	0	0	0	0	0	0	0	0	0	0	0	0	0	0	0	0	0	0	0	0	0	20	10	10	10	10	10	10	10	10	10	10	10	10
andrew ngs machine learning course on coursera						0	0	0	0	0	0	0	0	0	0	0	0	0	0	0	0	0	0	0	0	0	0	0	0	0	0	0	0	0	0	0	0	0	0	0	0	0	0	0	0	0	0	0	0	0	0	0	0
andrew ngs machine learning coursera						0	0	0	0	0	0	0	0	0	0	0	0	0	0	0	0	0	0	0	0	0	0	0	0	0	0	0	0	0	0	0	0	0	0	0	0	0	0	0	0	0	0	0	0	0	0	0	0
andrew ngs machine learning specialization on coursera						0	0	0	0	0	0	0	0	0	0	0	0	0	0	0	0	0	0	0	0	0	0	0	0	0	0	0	0	0	0	0	0	0	0	0	0	0	0	0	0	0	0	0	0	0	0	0	0
anomaly detection machine learning course						0	0	0	0	0	0	0	0	0	0	0	0	0	0	0	0	0	0	0	0	0	0	0	0	0	0	0	0	0	0	0	0	0	0	0	0	0	0	0	0	0	0	0	0	0	0	0	0
anytech https one google com join ai student	170	Low	7			0	0	0	0	0	0	0	0	0	0	0	0	0	0	0	0	0	0	0	0	0	0	0	0	0	0	0	0	0	0	0	0	0	0	0	0	0	0	1000	720	210	50	10	20	10	20	10	10
apache spark machine learning course						0	0	0	0	0	0	0	0	0	0	0	0	0	0	0	0	0	0	0	0	0	0	0	0	0	0	0	0	0	0	0	0	0	0	0	0	0	0	0	0	0	0	0	0	0	0	0	0
app you learn ai	2900	Low	25	0.1	1.98	0	0	0	0	0	0	0	0	0	0	0	0	0	0	0	0	0	0	0	0	210	50	110	210	390	590	720	480	170	140	320	590	1000	880	1000	1900	1600	1600	1900	1300	1300	2400	2900	3600	8100	5400	5400	2400
applied ai machine learning online course						0	0	0	0	0	0	0	0	0	0	0	0	0	0	0	0	0	0	0	0	0	0	0	0	0	0	0	0	0	0	0	0	0	0	0	0	0	0	0	0	0	0	0	0	0	0	0	0
applied machine learning course by emeritus						0	0	0	0	0	0	0	0	0	0	0	0	0	0	0	0	0	0	0	0	0	0	0	0	0	0	0	0	0	0	0	0	0	0	0	0	0	0	0	0	0	0	0	0	0	0	0	0
applied machine learning course by emeritus review						0	0	0	0	0	0	0	0	0	0	0	0	0	0	0	0	0	0	0	0	0	0	0	0	0	0	0	0	0	0	0	0	0	0	0	0	0	0	0	0	0	0	0	0	0	0	0	0
applied machine learning course by emeritusreview						0	0	0	0	0	0	0	0	0	0	0	0	0	0	0	0	0	0	0	0	0	0	0	0	0	0	0	0	0	0	0	0	0	0	0	0	0	0	0	0	0	0	0	0	0	0	0	0
applied machine learning course fco						0	0	0	0	0	0	0	0	0	0	0	0	0	0	0	0	0	0	0	0	0	0	0	0	0	0	0	0	0	0	0	0	0	0	0	0	0	0	0	0	0	0	0	0	0	0	0	0
applied machine learning course malaysia						0	0	0	0	0	0	0	0	0	0	0	0	0	0	0	0	0	0	0	0	0	0	0	0	0	0	0	0	0	0	0	0	0	0	0	0	0	0	0	0	0	0	0	0	0	0	0	0
applied machine learning course michael grossberg data science						0	0	0	0	0	0	0	0	0	0	0	0	0	0	0	0	0	0	0	0	0	0	0	0	0	0	0	0	0	0	0	0	0	0	0	0	0	0	0	0	0	0	0	0	0	0	0	0
applied machine learning course review						0	0	0	0	0	0	0	0	0	0	0	0	0	0	0	0	0	0	0	0	0	0	0	0	0	0	0	0	0	0	0	0	0	0	0	0	0	0	0	0	0	0	0	0	0	0	0	0
applied machine learning course srikanth varma						0	0	0	0	0	0	0	0	0	0	0	0	0	0	0	0	0	0	0	0	0	0	0	0	0	0	0	0	0	0	0	0	0	0	0	0	0	0	0	0	0	0	0	0	0	0	0	0
applied machine learning edinburgh course catalog						0	0	0	0	0	0	0	0	0	0	0	0	0	0	0	0	0	0	0	0	0	0	0	0	0	0	0	0	0	0	0	0	0	0	0	0	0	0	0	0	0	0	0	0	0	0	0	0
applied machine learning edinburgh course catalog 2019						0	0	0	0	0	0	0	0	0	0	0	0	0	0	0	0	0	0	0	0	0	0	0	0	0	0	0	0	0	0	0	0	0	0	0	0	0	0	0	0	0	0	0	0	0	0	0	0
applied machine learning for everyone course						0	0	0	0	0	0	0	0	0	0	0	0	0	0	0	0	0	0	0	0	0	0	0	0	0	0	0	0	0	0	0	0	0	0	0	0	0	0	0	0	0	0	0	0	0	0	0	0
applied machine learning for healthcare course						0	0	0	0	0	0	0	0	0	0	0	0	0	0	0	0	0	0	0	0	0	0	0	0	0	0	0	0	0	0	0	0	0	0	0	0	0	0	0	0	0	0	0	0	0	0	0	0
applied machine learning in python course central						0	0	0	0	0	0	0	0	0	0	0	0	0	0	0	0	0	0	0	0	0	0	0	0	0	0	0	0	0	0	0	0	0	0	0	0	0	0	0	0	0	0	0	0	0	0	0	0
applied machine learning perception course						0	0	0	0	0	0	0	0	0	0	0	0	0	0	0	0	0	0	0	0	0	0	0	0	0	0	0	0	0	0	0	0	0	0	0	0	0	0	0	0	0	0	0	0	0	0	0	0
applying for machine learning course						0	0	0	0	0	0	0	0	0	0	0	0	0	0	0	0	0	0	0	0	0	0	0	0	0	0	0	0	0	0	0	0	0	0	0	0	0	0	0	0	0	0	0	0	0	0	0	0
apps to learn data analysis	20	High	69	0.539733	4.120869	0	0	0	0	0	0	0	0	0	0	0	0	0	0	0	0	0	0	0	0	0	0	0	20	20	10	30	10	30	20	20	20	20	20	10	10	10	20	20	30	30	10	20	20	20	10	20	10
are online machine learning courses enough						0	0	0	0	0	0	0	0	0	0	0	0	0	0	0	0	0	0	0	0	0	0	0	0	0	0	0	0	0	0	0	0	0	0	0	0	0	0	0	0	0	0	0	0	0	0	0	0
arizona state university machine learning course						0	0	0	0	0	0	0	0	0	0	0	0	0	0	0	0	0	0	0	0	0	0	0	0	0	0	0	0	0	0	0	0	0	0	0	0	0	0	0	0	0	0	0	0	0	0	0	0
artificial intelligence and machine learning are two different courses						0	0	0	0	0	0	0	0	0	0	0	0	0	0	0	0	0	0	0	0	0	0	0	0	0	0	0	0	0	0	0	0	0	0	0	0	0	0	0	0	0	0	0	0	0	0	0	0
artificial intelligence and machine learning course as a doctor						0	0	0	0	0	0	0	0	0	0	0	0	0	0	0	0	0	0	0	0	0	0	0	0	0	0	0	0	0	0	0	0	0	0	0	0	0	0	0	0	0	0	0	0	0	0	0	0
artificial intelligence and machine learning course for beginners						0	0	0	0	0	0	0	0	0	0	0	0	0	0	0	0	0	0	0	0	0	0	0	0	0	0	0	0	0	0	0	0	0	0	0	0	0	0	0	0	0	0	0	0	0	0	0	0
artificial intelligence and machine learning course iit						0	0	0	0	0	0	0	0	0	0	0	0	0	0	0	0	0	0	0	0	0	0	0	0	0	0	0	0	0	0	0	0	0	0	0	0	0	0	0	0	0	0	0	0	0	0	0	0
artificial intelligence and machine learning course in kerala	40	Medium	48	0.337898	0.661485	20	110	50	110	110	70	50	50	30	40	20	50	70	70	110	50	30	20	10	20	10	30	40	50	70	70	110	90	50	20	20	20	20	10	10	10	30	50	110	70	40	30	40	20	30	10	20	30
artificial intelligence and machine learning course in usa						0	0	0	0	0	0	0	0	0	0	0	0	0	0	0	0	0	0	0	0	0	0	0	0	0	0	0	0	0	0	0	0	0	0	0	0	0	0	0	0	0	0	0	0	0	0	0	0
artificial intelligence and machine learning course job opportunities	30	Low	7			0	0	0	0	0	0	0	0	0	0	0	0	0	0	0	0	0	0	0	0	0	0	0	0	0	0	0	0	10	10	10	10	10	10	10	10	20	30	90	50	30	20	10	10	10	20	10	10
artificial intelligence and machine learning course texas university						0	0	0	0	0	0	0	0	0	0	0	0	0	0	0	0	0	0	0	0	0	0	0	0	0	0	0	0	0	0	0	0	0	0	0	0	0	0	0	0	0	0	0	0	0	0	0	0
artificial intelligence and machine learning courses ahmedabad						0	0	0	0	0	0	0	0	0	0	0	0	0	0	0	0	0	0	0	0	0	0	0	0	0	0	0	0	0	0	0	0	0	0	0	0	0	0	0	0	0	0	0	0	0	0	0	0
artificial intelligence and machine learning courses for beginners						0	0	0	0	0	0	0	0	0	0	0	0	0	0	0	0	0	0	0	0	0	0	0	0	0	0	0	0	0	0	0	0	0	0	0	0	0	0	0	0	0	0	0	0	0	0	0	0
artificial intelligence and machine learning courses for beginners online						0	0	0	0	0	0	0	0	0	0	0	0	0	0	0	0	0	0	0	0	0	0	0	0	0	0	0	0	0	0	0	0	0	0	0	0	0	0	0	0	0	0	0	0	0	0	0	0
artificial intelligence and machine learning courses in ahmedabad	10	Medium	57			0	0	0	0	0	0	0	0	0	0	0	0	0	0	0	0	0	0	0	0	0	0	0	0	0	0	0	0	0	10	0	0	0	10	0	0	0	0	0	0	10	0	0	0	0	0	0	10
artificial intelligence and machine learning courses singapore						0	0	0	0	0	0	0	0	0	0	0	0	0	0	0	0	0	0	0	0	0	0	0	0	0	0	0	0	0	0	0	0	0	0	0	0	0	0	0	0	0	0	0	0	0	0	0	0
artificial intelligence and machine learning for business courses						0	0	0	0	0	0	0	0	0	0	0	0	0	0	0	0	0	0	0	0	0	0	0	0	0	0	0	0	0	0	0	0	0	0	0	0	0	0	0	0	0	0	0	0	0	0	0	0
artificial intelligence and machine learning free course with certificate	50	Medium	48	0.105036	0.948892	0	0	0	0	0	0	0	0	0	0	0	0	0	0	0	0	0	0	0	0	0	0	0	0	0	0	0	0	0	70	90	70	70	70	70	50	50	40	70	70	90	40	50	40	30	40	30	70
artificial intelligence and machine learning in banking course						0	0	0	0	0	0	0	0	0	0	0	0	0	0	0	0	0	0	0	0	0	0	0	0	0	0	0	0	0	0	0	0	0	0	0	0	0	0	0	0	0	0	0	0	0	0	0	0
artificial intelligence machine learning business course						0	0	0	0	0	0	0	0	0	0	0	0	0	0	0	0	0	0	0	0	0	0	0	0	0	0	0	0	0	0	0	0	0	0	0	0	0	0	0	0	0	0	0	0	0	0	0	0
artificial intelligence machine learning deep learning course hyderabad in india						0	0	0	0	0	0	0	0	0	0	0	0	0	0	0	0	0	0	0	0	0	0	0	0	0	0	0	0	0	0	0	0	0	0	0	0	0	0	0	0	0	0	0	0	0	0	0	0
artificial intelligence machine learning mechanical engineering course						0	0	0	0	0	0	0	0	0	0	0	0	0	0	0	0	0	0	0	0	0	0	0	0	0	0	0	0	0	0	0	0	0	0	0	0	0	0	0	0	0	0	0	0	0	0	0	0
artificial intelligence or machine learning course						0	0	0	0	0	0	0	0	0	0	0	0	0	0	0	0	0	0	0	0	0	0	0	0	0	0	0	0	0	0	0	0	0	0	0	0	0	0	0	0	0	0	0	0	0	0	0	0
artificial intelligence with python mit	70	High	69	2.032057	9.559189	0	0	0	0	0	0	0	0	0	0	0	0	0	0	0	0	0	0	0	0	0	0	0	0	0	0	0	0	0	0	0	0	0	0	0	0	0	0	0	0	110	260	50	140	90	30	140	70
asu cse 575 statistical machine learning course description						0	0	0	0	0	0	0	0	0	0	0	0	0	0	0	0	0	0	0	0	0	0	0	0	0	0	0	0	0	0	0	0	0	0	0	0	0	0	0	0	0	0	0	0	0	0	0	0
asu machine learning courses						0	0	0	0	0	0	0	0	0	0	0	0	0	0	0	0	0	0	0	0	0	0	0	0	0	0	0	0	0	0	0	0	0	0	0	0	0	0	0	0	0	0	0	0	0	0	0	0
audio processing machine learning courses						0	0	0	0	0	0	0	0	0	0	0	0	0	0	0	0	0	0	0	0	0	0	0	0	0	0	0	0	0	0	0	0	0	0	0	0	0	0	0	0	0	0	0	0	0	0	0	0
automated machine learning course						0	0	0	0	0	0	0	0	0	0	0	0	0	0	0	0	0	0	0	0	0	0	0	0	0	0	0	0	0	0	0	0	0	0	0	0	0	0	0	0	0	0	0	0	0	0	0	0
automated machine learning pipeline with mesos course						0	0	0	0	0	0	0	0	0	0	0	0	0	0	0	0	0	0	0	0	0	0	0	0	0	0	0	0	0	0	0	0	0	0	0	0	0	0	0	0	0	0	0	0	0	0	0	0
automation and machine learning courses						0	0	0	0	0	0	0	0	0	0	0	0	0	0	0	0	0	0	0	0	0	0	0	0	0	0	0	0	0	0	0	0	0	0	0	0	0	0	0	0	0	0	0	0	0	0	0	0
autonomous vehicle machine learning courses						0	0	0	0	0	0	0	0	0	0	0	0	0	0	0	0	0	0	0	0	0	0	0	0	0	0	0	0	0	0	0	0	0	0	0	0	0	0	0	0	0	0	0	0	0	0	0	0
average cost of machine learning courses 2025						0	0	0	0	0	0	0	0	0	0	0	0	0	0	0	0	0	0	0	0	0	0	0	0	0	0	0	0	0	0	0	0	0	0	0	0	0	0	0	0	0	0	0	0	0	0	0	0
awesome machine learning courses						0	0	0	0	0	0	0	0	0	0	0	0	0	0	0	0	0	0	0	0	0	0	0	0	0	0	0	0	0	0	0	0	0	0	0	0	0	0	0	0	0	0	0	0	0	0	0	0
aws certification course on machine learning						0	0	0	0	0	0	0	0	0	0	0	0	0	0	0	0	0	0	0	0	0	0	0	0	0	0	0	0	0	0	0	0	0	0	0	0	0	0	0	0	0	0	0	0	0	0	0	0
aws certified machine learning course cost						0	0	0	0	0	0	0	0	0	0	0	0	0	0	0	0	0	0	0	0	0	0	0	0	0	0	0	0	0	0	0	0	0	0	0	0	0	0	0	0	0	0	0	0	0	0	0	0
aws certified machine learning engineer associate course cost						0	0	0	0	0	0	0	0	0	0	0	0	0	0	0	0	0	0	0	0	0	0	0	0	0	0	0	0	0	0	0	0	0	0	0	0	0	0	0	0	0	0	0	0	0	0	0	0
aws certified machine learning specialty course cost						0	0	0	0	0	0	0	0	0	0	0	0	0	0	0	0	0	0	0	0	0	0	0	0	0	0	0	0	0	0	0	0	0	0	0	0	0	0	0	0	0	0	0	0	0	0	0	0
aws machine learning certification course cost						0	0	0	0	0	0	0	0	0	0	0	0	0	0	0	0	0	0	0	0	0	0	0	0	0	0	0	0	0	0	0	0	0	0	0	0	0	0	0	0	0	0	0	0	0	0	0	0
aws machine learning course cost						0	0	0	0	0	0	0	0	0	0	0	0	0	0	0	0	0	0	0	0	0	0	0	0	0	0	0	0	0	0	0	0	0	0	0	0	0	0	0	0	0	0	0	0	0	0	0	0
basic courses for machine learning						0	0	0	0	0	0	0	0	0	0	0	0	0	0	0	0	0	0	0	0	0	0	0	0	0	0	0	0	0	0	0	0	0	0	0	0	0	0	0	0	0	0	0	0	0	0	0	0
bayesian machine learning courses						0	0	0	0	0	0	0	0	0	0	0	0	0	0	0	0	0	0	0	0	0	0	0	0	0	0	0	0	0	0	0	0	0	0	0	0	0	0	0	0	0	0	0	0	0	0	0	0
bayesian machine learning in python ab testing course						0	0	0	0	0	0	0	0	0	0	0	0	0	0	0	0	0	0	0	0	0	0	0	0	0	0	0	0	0	0	0	0	0	0	0	0	0	0	0	0	0	0	0	0	0	0	0	0
bayesian reasoning and machine learning course						0	0	0	0	0	0	0	0	0	0	0	0	0	0	0	0	0	0	0	0	0	0	0	0	0	0	0	0	0	0	0	0	0	0	0	0	0	0	0	0	0	0	0	0	0	0	0	0
beginner machine learning courses						0	0	0	0	0	0	0	0	0	0	0	0	0	0	0	0	0	0	0	0	0	0	0	0	0	0	0	0	0	0	0	0	0	0	0	0	0	0	0	0	0	0	0	0	0	0	0	0
beginners course in machine learning						0	0	0	0	0	0	0	0	0	0	0	0	0	0	0	0	0	0	0	0	0	0	0	0	0	0	0	0	0	0	0	0	0	0	0	0	0	0	0	0	0	0	0	0	0	0	0	0
berkeley eecs masters machine learning courses						0	0	0	0	0	0	0	0	0	0	0	0	0	0	0	0	0	0	0	0	0	0	0	0	0	0	0	0	0	0	0	0	0	0	0	0	0	0	0	0	0	0	0	0	0	0	0	0
berkeley introduction to machine learning open course						0	0	0	0	0	0	0	0	0	0	0	0	0	0	0	0	0	0	0	0	0	0	0	0	0	0	0	0	0	0	0	0	0	0	0	0	0	0	0	0	0	0	0	0	0	0	0	0
berkeley john canny machine learning course						0	0	0	0	0	0	0	0	0	0	0	0	0	0	0	0	0	0	0	0	0	0	0	0	0	0	0	0	0	0	0	0	0	0	0	0	0	0	0	0	0	0	0	0	0	0	0	0
berkeley machine learning course online						0	0	0	0	0	0	0	0	0	0	0	0	0	0	0	0	0	0	0	0	0	0	0	0	0	0	0	0	0	0	0	0	0	0	0	0	0	0	0	0	0	0	0	0	0	0	0	0
berkeley machine learning course spring 2020						0	0	0	0	0	0	0	0	0	0	0	0	0	0	0	0	0	0	0	0	0	0	0	0	0	0	0	0	0	0	0	0	0	0	0	0	0	0	0	0	0	0	0	0	0	0	0	0
berkley machine learning course						0	0	0	0	0	0	0	0	0	0	0	0	0	0	0	0	0	0	0	0	0	0	0	0	0	0	0	0	0	0	0	0	0	0	0	0	0	0	0	0	0	0	0	0	0	0	0	0
best advanced machine learning course online						0	0	0	0	0	0	0	0	0	0	0	0	0	0	0	0	0	0	0	0	0	0	0	0	0	0	0	0	0	0	0	0	0	0	0	0	0	0	0	0	0	0	0	0	0	0	0	0
best advanced online machine learning course						0	0	0	0	0	0	0	0	0	0	0	0	0	0	0	0	0	0	0	0	0	0	0	0	0	0	0	0	0	0	0	0	0	0	0	0	0	0	0	0	0	0	0	0	0	0	0	0
best ai and machine learning courses 2025						0	0	0	0	0	0	0	0	0	0	0	0	0	0	0	0	0	0	0	0	0	0	0	0	0	0	0	0	0	0	0	0	0	0	0	0	0	0	0	0	0	0	0	0	0	0	0	0
best ai and machine learning courses for beginners						0	0	0	0	0	0	0	0	0	0	0	0	0	0	0	0	0	0	0	0	0	0	0	0	0	0	0	0	0	0	0	0	0	0	0	0	0	0	0	0	0	0	0	0	0	0	0	0
best ai and machine learning courses for career growth						0	0	0	0	0	0	0	0	0	0	0	0	0	0	0	0	0	0	0	0	0	0	0	0	0	0	0	0	0	0	0	0	0	0	0	0	0	0	0	0	0	0	0	0	0	0	0	0
best ai and machine learning courses for career growth 2025						0	0	0	0	0	0	0	0	0	0	0	0	0	0	0	0	0	0	0	0	0	0	0	0	0	0	0	0	0	0	0	0	0	0	0	0	0	0	0	0	0	0	0	0	0	0	0	0
best ai and machine learning courses in pune						0	0	0	0	0	0	0	0	0	0	0	0	0	0	0	0	0	0	0	0	0	0	0	0	0	0	0	0	0	0	0	0	0	0	0	0	0	0	0	0	0	0	0	0	0	0	0	0
best ai and machine learning courses in us						0	0	0	0	0	0	0	0	0	0	0	0	0	0	0	0	0	0	0	0	0	0	0	0	0	0	0	0	0	0	0	0	0	0	0	0	0	0	0	0	0	0	0	0	0	0	0	0
best ai and machine learning courses online						0	0	0	0	0	0	0	0	0	0	0	0	0	0	0	0	0	0	0	0	0	0	0	0	0	0	0	0	0	0	0	0	0	0	0	0	0	0	0	0	0	0	0	0	0	0	0	0
best ai courses certification	50	High	73	1.254131	10.996191	0	0	0	0	0	0	0	0	0	0	0	0	0	0	0	0	0	0	0	0	0	0	0	20	20	20	10	40	20	40	20	20	10	20	50	50	50	40	50	70	70	70	70	50	50	40	40	70
best ai machine learning course online						0	0	0	0	0	0	0	0	0	0	0	0	0	0	0	0	0	0	0	0	0	0	0	0	0	0	0	0	0	0	0	0	0	0	0	0	0	0	0	0	0	0	0	0	0	0	0	0
best ai machine learning courses 2025						0	0	0	0	0	0	0	0	0	0	0	0	0	0	0	0	0	0	0	0	0	0	0	0	0	0	0	0	0	0	0	0	0	0	0	0	0	0	0	0	0	0	0	0	0	0	0	0
best and cheap machin learning course						0	0	0	0	0	0	0	0	0	0	0	0	0	0	0	0	0	0	0	0	0	0	0	0	0	0	0	0	0	0	0	0	0	0	0	0	0	0	0	0	0	0	0	0	0	0	0	0
best applied machine learning online courses						0	0	0	0	0	0	0	0	0	0	0	0	0	0	0	0	0	0	0	0	0	0	0	0	0	0	0	0	0	0	0	0	0	0	0	0	0	0	0	0	0	0	0	0	0	0	0	0
best artafitial inteligence and machine learning courses						0	0	0	0	0	0	0	0	0	0	0	0	0	0	0	0	0	0	0	0	0	0	0	0	0	0	0	0	0	0	0	0	0	0	0	0	0	0	0	0	0	0	0	0	0	0	0	0
best artificial intelligence and machine learning courses						0	0	0	0	0	0	0	0	0	0	0	0	0	0	0	0	0	0	0	0	0	0	0	0	0	0	0	0	0	0	0	0	0	0	0	0	0	0	0	0	0	0	0	0	0	0	0	0
best artificial intelligence machine learning courses 2025						0	0	0	0	0	0	0	0	0	0	0	0	0	0	0	0	0	0	0	0	0	0	0	0	0	0	0	0	0	0	0	0	0	0	0	0	0	0	0	0	0	0	0	0	0	0	0	0
best azure machine learning courses udemy						0	0	0	0	0	0	0	0	0	0	0	0	0	0	0	0	0	0	0	0	0	0	0	0	0	0	0	0	0	0	0	0	0	0	0	0	0	0	0	0	0	0	0	0	0	0	0	0
best bayesian machine learning course						0	0	0	0	0	0	0	0	0	0	0	0	0	0	0	0	0	0	0	0	0	0	0	0	0	0	0	0	0	0	0	0	0	0	0	0	0	0	0	0	0	0	0	0	0	0	0	0
best beginning machine learning course						0	0	0	0	0	0	0	0	0	0	0	0	0	0	0	0	0	0	0	0	0	0	0	0	0	0	0	0	0	0	0	0	0	0	0	0	0	0	0	0	0	0	0	0	0	0	0	0
best big data and machine learning course on udemy						0	0	0	0	0	0	0	0	0	0	0	0	0	0	0	0	0	0	0	0	0	0	0	0	0	0	0	0	0	0	0	0	0	0	0	0	0	0	0	0	0	0	0	0	0	0	0	0
best big data and machine learning courses in india						0	0	0	0	0	0	0	0	0	0	0	0	0	0	0	0	0	0	0	0	0	0	0	0	0	0	0	0	0	0	0	0	0	0	0	0	0	0	0	0	0	0	0	0	0	0	0	0
best college course for machine learning						0	0	0	0	0	0	0	0	0	0	0	0	0	0	0	0	0	0	0	0	0	0	0	0	0	0	0	0	0	0	0	0	0	0	0	0	0	0	0	0	0	0	0	0	0	0	0	0
best college for machine learning and robotics course						0	0	0	0	0	0	0	0	0	0	0	0	0	0	0	0	0	0	0	0	0	0	0	0	0	0	0	0	0	0	0	0	0	0	0	0	0	0	0	0	0	0	0	0	0	0	0	0
best college level machine learning course						0	0	0	0	0	0	0	0	0	0	0	0	0	0	0	0	0	0	0	0	0	0	0	0	0	0	0	0	0	0	0	0	0	0	0	0	0	0	0	0	0	0	0	0	0	0	0	0
best college level machine learning course reddit						0	0	0	0	0	0	0	0	0	0	0	0	0	0	0	0	0	0	0	0	0	0	0	0	0	0	0	0	0	0	0	0	0	0	0	0	0	0	0	0	0	0	0	0	0	0	0	0
best course for artificial intelligence and machine learning	10	High	86	1.81966	6.194279	0	0	0	0	0	0	0	0	0	0	0	0	0	0	0	0	0	0	0	0	0	0	0	0	0	0	0	0	0	0	0	0	0	0	0	0	40	20	20	30	20	20	10	10	10	0	10	10
best course for big data machine learning with spark						0	0	0	0	0	0	0	0	0	0	0	0	0	0	0	0	0	0	0	0	0	0	0	0	0	0	0	0	0	0	0	0	0	0	0	0	0	0	0	0	0	0	0	0	0	0	0	0
best course for machine learning deployment						0	0	0	0	0	0	0	0	0	0	0	0	0	0	0	0	0	0	0	0	0	0	0	0	0	0	0	0	0	0	0	0	0	0	0	0	0	0	0	0	0	0	0	0	0	0	0	0
best course for machine learning for beginners						0	0	0	0	0	0	0	0	0	0	0	0	0	0	0	0	0	0	0	0	0	0	0	0	0	0	0	0	0	0	0	0	0	0	0	0	0	0	0	0	0	0	0	0	0	0	0	0
best course for machine learning in python quora						0	0	0	0	0	0	0	0	0	0	0	0	0	0	0	0	0	0	0	0	0	0	0	0	0	0	0	0	0	0	0	0	0	0	0	0	0	0	0	0	0	0	0	0	0	0	0	0
best course for machine learning in us						0	0	0	0	0	0	0	0	0	0	0	0	0	0	0	0	0	0	0	0	0	0	0	0	0	0	0	0	0	0	0	0	0	0	0	0	0	0	0	0	0	0	0	0	0	0	0	0
best course for machine learning lynda						0	0	0	0	0	0	0	0	0	0	0	0	0	0	0	0	0	0	0	0	0	0	0	0	0	0	0	0	0	0	0	0	0	0	0	0	0	0	0	0	0	0	0	0	0	0	0	0
best course for mathematics for machine learning	10	Low	29			0	0	0	0	0	0	0	0	0	0	0	0	0	0	0	0	0	0	0	0	0	0	0	20	30	20	40	20	20	20	20	20	10	10	10	10	10	10	10	10	10	20	10	10	10	10	20	10
best course in lynda to lear machine learning						0	0	0	0	0	0	0	0	0	0	0	0	0	0	0	0	0	0	0	0	0	0	0	0	0	0	0	0	0	0	0	0	0	0	0	0	0	0	0	0	0	0	0	0	0	0	0	0
best course machine learning ai						0	0	0	0	0	0	0	0	0	0	0	0	0	0	0	0	0	0	0	0	0	0	0	0	0	0	0	0	0	0	0	0	0	0	0	0	0	0	0	0	0	0	0	0	0	0	0	0
best course machine learning ai reddit						0	0	0	0	0	0	0	0	0	0	0	0	0	0	0	0	0	0	0	0	0	0	0	0	0	0	0	0	0	0	0	0	0	0	0	0	0	0	0	0	0	0	0	0	0	0	0	0
best course machine learning in python						0	0	0	0	0	0	0	0	0	0	0	0	0	0	0	0	0	0	0	0	0	0	0	0	0	0	0	0	0	0	0	0	0	0	0	0	0	0	0	0	0	0	0	0	0	0	0	0
best course machine learning mit						0	0	0	0	0	0	0	0	0	0	0	0	0	0	0	0	0	0	0	0	0	0	0	0	0	0	0	0	0	0	0	0	0	0	0	0	0	0	0	0	0	0	0	0	0	0	0	0
best course of study for machine learning						0	0	0	0	0	0	0	0	0	0	0	0	0	0	0	0	0	0	0	0	0	0	0	0	0	0	0	0	0	0	0	0	0	0	0	0	0	0	0	0	0	0	0	0	0	0	0	0
best course on machine learning and artificial intelligence in india						0	0	0	0	0	0	0	0	0	0	0	0	0	0	0	0	0	0	0	0	0	0	0	0	0	0	0	0	0	0	0	0	0	0	0	0	0	0	0	0	0	0	0	0	0	0	0	0
best course on machine learning in finance						0	0	0	0	0	0	0	0	0	0	0	0	0	0	0	0	0	0	0	0	0	0	0	0	0	0	0	0	0	0	0	0	0	0	0	0	0	0	0	0	0	0	0	0	0	0	0	0
best course on machine learning with python quora						0	0	0	0	0	0	0	0	0	0	0	0	0	0	0	0	0	0	0	0	0	0	0	0	0	0	0	0	0	0	0	0	0	0	0	0	0	0	0	0	0	0	0	0	0	0	0	0
best course python machine learning						0	0	0	0	0	0	0	0	0	0	0	0	0	0	0	0	0	0	0	0	0	0	0	0	0	0	0	0	0	0	0	0	0	0	0	0	0	0	0	0	0	0	0	0	0	0	0	0
best course to learn python for machine learning						0	0	0	0	0	0	0	0	0	0	0	0	0	0	0	0	0	0	0	0	0	0	0	0	0	0	0	0	0	0	0	0	0	0	0	0	0	0	0	0	0	0	0	0	0	0	0	0
best course work masters in machine learning						0	0	0	0	0	0	0	0	0	0	0	0	0	0	0	0	0	0	0	0	0	0	0	0	0	0	0	0	0	0	0	0	0	0	0	0	0	0	0	0	0	0	0	0	0	0	0	0
best coursera courses on machine learning						0	0	0	0	0	0	0	0	0	0	0	0	0	0	0	0	0	0	0	0	0	0	0	0	0	0	0	0	0	0	0	0	0	0	0	0	0	0	0	0	0	0	0	0	0	0	0	0
best coursera python machine learning course						0	0	0	0	0	0	0	0	0	0	0	0	0	0	0	0	0	0	0	0	0	0	0	0	0	0	0	0	0	0	0	0	0	0	0	0	0	0	0	0	0	0	0	0	0	0	0	0
best courses for artificial intelligence and machine learning						0	0	0	0	0	0	0	0	0	0	0	0	0	0	0	0	0	0	0	0	0	0	0	0	0	0	0	0	0	0	0	0	0	0	0	0	0	0	0	0	0	0	0	0	0	0	0	0
best courses for machine learning college						0	0	0	0	0	0	0	0	0	0	0	0	0	0	0	0	0	0	0	0	0	0	0	0	0	0	0	0	0	0	0	0	0	0	0	0	0	0	0	0	0	0	0	0	0	0	0	0
best courses for machine learning engineer						0	0	0	0	0	0	0	0	0	0	0	0	0	0	0	0	0	0	0	0	0	0	0	0	0	0	0	0	0	0	0	0	0	0	0	0	0	0	0	0	0	0	0	0	0	0	0	0
best courses in ai and machine learning	30	Low	12	0.823162	7.721261	0	0	0	0	0	0	0	0	0	0	0	0	0	40	40	70	70	50	40	40	20	40	30	40	40	40	50	30	10	90	10	20	20	10	20	20	20	20	20	10	30	30	10	20	20	10	10	140
best courses machine learning and ai						0	0	0	0	0	0	0	0	0	0	0	0	0	0	0	0	0	0	0	0	0	0	0	0	0	0	0	0	0	0	0	0	0	0	0	0	0	0	0	0	0	0	0	0	0	0	0	0
best courses on artificial intelligence and machine learning	10	High	79			0	0	0	0	0	0	0	0	0	0	0	0	0	0	0	0	0	20	30	10	10	20	20	10	10	10	10	10	10	0	10	10	10	10	10	10	10	10	10	10	10	10	10	10	10	10	10	10
best courses on udemay for machine learning						0	0	0	0	0	0	0	0	0	0	0	0	0	0	0	0	0	0	0	0	0	0	0	0	0	0	0	0	0	0	0	0	0	0	0	0	0	0	0	0	0	0	0	0	0	0	0	0
best courses to learn ai and machine learning 2025						0	0	0	0	0	0	0	0	0	0	0	0	0	0	0	0	0	0	0	0	0	0	0	0	0	0	0	0	0	0	0	0	0	0	0	0	0	0	0	0	0	0	0	0	0	0	0	0
best courses to learn cnc machine programming for beginners						0	0	0	0	0	0	0	0	0	0	0	0	0	0	0	0	0	0	0	0	0	0	0	0	0	0	0	0	0	0	0	0	0	0	0	0	0	0	0	0	0	0	0	0	0	0	0	0
best courses to learn machine learning 2025						0	0	0	0	0	0	0	0	0	0	0	0	0	0	0	0	0	0	0	0	0	0	0	0	0	0	0	0	0	0	0	0	0	0	0	0	0	0	0	0	0	0	0	0	0	0	0	0
best courses to learn machine learning reddit						0	0	0	0	0	0	0	0	0	0	0	0	0	0	0	0	0	0	0	0	0	0	0	0	0	0	0	0	0	0	0	0	0	0	0	0	0	0	0	0	0	0	0	0	0	0	0	0
best crash course on machine learning						0	0	0	0	0	0	0	0	0	0	0	0	0	0	0	0	0	0	0	0	0	0	0	0	0	0	0	0	0	0	0	0	0	0	0	0	0	0	0	0	0	0	0	0	0	0	0	0
best data science and machine learning courses reddit						0	0	0	0	0	0	0	0	0	0	0	0	0	0	0	0	0	0	0	0	0	0	0	0	0	0	0	0	0	0	0	0	0	0	0	0	0	0	0	0	0	0	0	0	0	0	0	0
best data science machine learning course						0	0	0	0	0	0	0	0	0	0	0	0	0	0	0	0	0	0	0	0	0	0	0	0	0	0	0	0	0	0	0	0	0	0	0	0	0	0	0	0	0	0	0	0	0	0	0	0
best free ai and machine learning courses	20	Low	4	0.137391	1.267611	0	0	0	0	0	0	0	0	0	0	0	0	0	0	0	0	0	0	0	0	0	0	0	0	0	0	0	0	20	20	10	10	10	10	20	10	10	10	20	20	30	10	10	10	10	10	10	70
best free machine learning course quora						0	0	0	0	0	0	0	0	0	0	0	0	0	0	0	0	0	0	0	0	0	0	0	0	0	0	0	0	0	0	0	0	0	0	0	0	0	0	0	0	0	0	0	0	0	0	0	0
best free machine learning course using python						0	0	0	0	0	0	0	0	0	0	0	0	0	0	0	0	0	0	0	0	0	0	0	0	0	0	0	0	0	0	0	0	0	0	0	0	0	0	0	0	0	0	0	0	0	0	0	0
best free machine learning course with certificate	10	Medium	40	0.11	14.975282	0	0	0	0	0	0	0	0	0	0	0	0	0	0	0	0	0	0	0	0	0	0	0	0	0	0	0	0	0	0	0	0	0	0	0	0	0	0	0	0	20	10	10	10	10	10	10	10
best free machine learning courses 2024						0	0	0	0	0	0	0	0	0	0	0	0	0	0	0	0	0	0	0	0	0	0	0	0	0	0	0	0	0	0	0	0	0	0	0	0	0	0	0	0	0	0	0	0	0	0	0	0
best free machine learning courses advanced						0	0	0	0	0	0	0	0	0	0	0	0	0	0	0	0	0	0	0	0	0	0	0	0	0	0	0	0	0	0	0	0	0	0	0	0	0	0	0	0	0	0	0	0	0	0	0	0
best free machine learning courses advanced university						0	0	0	0	0	0	0	0	0	0	0	0	0	0	0	0	0	0	0	0	0	0	0	0	0	0	0	0	0	0	0	0	0	0	0	0	0	0	0	0	0	0	0	0	0	0	0	0
best free machine learning courses advanced university cs1						0	0	0	0	0	0	0	0	0	0	0	0	0	0	0	0	0	0	0	0	0	0	0	0	0	0	0	0	0	0	0	0	0	0	0	0	0	0	0	0	0	0	0	0	0	0	0	0
best free online course python machine learning						0	0	0	0	0	0	0	0	0	0	0	0	0	0	0	0	0	0	0	0	0	0	0	0	0	0	0	0	0	0	0	0	0	0	0	0	0	0	0	0	0	0	0	0	0	0	0	0
best free online courses for machine learning beginners						0	0	0	0	0	0	0	0	0	0	0	0	0	0	0	0	0	0	0	0	0	0	0	0	0	0	0	0	0	0	0	0	0	0	0	0	0	0	0	0	0	0	0	0	0	0	0	0
best free online courses machine learning						0	0	0	0	0	0	0	0	0	0	0	0	0	0	0	0	0	0	0	0	0	0	0	0	0	0	0	0	0	0	0	0	0	0	0	0	0	0	0	0	0	0	0	0	0	0	0	0
best free python machine learning course						0	0	0	0	0	0	0	0	0	0	0	0	0	0	0	0	0	0	0	0	0	0	0	0	0	0	0	0	0	0	0	0	0	0	0	0	0	0	0	0	0	0	0	0	0	0	0	0
best free python machine learning courses beginner						0	0	0	0	0	0	0	0	0	0	0	0	0	0	0	0	0	0	0	0	0	0	0	0	0	0	0	0	0	0	0	0	0	0	0	0	0	0	0	0	0	0	0	0	0	0	0	0
best generative ai and machine learning course						0	0	0	0	0	0	0	0	0	0	0	0	0	0	0	0	0	0	0	0	0	0	0	0	0	0	0	0	0	0	0	0	0	0	0	0	0	0	0	0	0	0	0	0	0	0	0	0
best generative ai and machine learning course for career growth						0	0	0	0	0	0	0	0	0	0	0	0	0	0	0	0	0	0	0	0	0	0	0	0	0	0	0	0	0	0	0	0	0	0	0	0	0	0	0	0	0	0	0	0	0	0	0	0
best generative ai and machine learning course for working professionals						0	0	0	0	0	0	0	0	0	0	0	0	0	0	0	0	0	0	0	0	0	0	0	0	0	0	0	0	0	0	0	0	0	0	0	0	0	0	0	0	0	0	0	0	0	0	0	0
best generative ai and machine learning course in us						0	0	0	0	0	0	0	0	0	0	0	0	0	0	0	0	0	0	0	0	0	0	0	0	0	0	0	0	0	0	0	0	0	0	0	0	0	0	0	0	0	0	0	0	0	0	0	0
best generative ai and machine learning course online						0	0	0	0	0	0	0	0	0	0	0	0	0	0	0	0	0	0	0	0	0	0	0	0	0	0	0	0	0	0	0	0	0	0	0	0	0	0	0	0	0	0	0	0	0	0	0	0
best institute for machine learning courses in thane						0	0	0	0	0	0	0	0	0	0	0	0	0	0	0	0	0	0	0	0	0	0	0	0	0	0	0	0	0	0	0	0	0	0	0	0	0	0	0	0	0	0	0	0	0	0	0	0
best interactive machine learning course						0	0	0	0	0	0	0	0	0	0	0	0	0	0	0	0	0	0	0	0	0	0	0	0	0	0	0	0	0	0	0	0	0	0	0	0	0	0	0	0	0	0	0	0	0	0	0	0
best introduction to machine learning course						0	0	0	0	0	0	0	0	0	0	0	0	0	0	0	0	0	0	0	0	0	0	0	0	0	0	0	0	0	0	0	0	0	0	0	0	0	0	0	0	0	0	0	0	0	0	0	0
best machine learning 3 months course						0	0	0	0	0	0	0	0	0	0	0	0	0	0	0	0	0	0	0	0	0	0	0	0	0	0	0	0	0	0	0	0	0	0	0	0	0	0	0	0	0	0	0	0	0	0	0	0
best machine learning ai courses reddit						0	0	0	0	0	0	0	0	0	0	0	0	0	0	0	0	0	0	0	0	0	0	0	0	0	0	0	0	0	0	0	0	0	0	0	0	0	0	0	0	0	0	0	0	0	0	0	0
best machine learning and ai courses online						0	0	0	0	0	0	0	0	0	0	0	0	0	0	0	0	0	0	0	0	0	0	0	0	0	0	0	0	0	0	0	0	0	0	0	0	0	0	0	0	0	0	0	0	0	0	0	0
best machine learning and artificial intelligence courses free						0	0	0	0	0	0	0	0	0	0	0	0	0	0	0	0	0	0	0	0	0	0	0	0	0	0	0	0	0	0	0	0	0	0	0	0	0	0	0	0	0	0	0	0	0	0	0	0
best machine learning certification course	10	Low	20	0.725873	12.073556	10	0	10	10	10	10	10	10	10	10	10	10	10	10	10	0	40	10	20	10	20	20	30	10	20	20	30	10	20	40	10	30	10	10	20	20	20	20	20	10	10	10	10	10	10	10	10	20
best machine learning conceptual courses						0	0	0	0	0	0	0	0	0	0	0	0	0	0	0	0	0	0	0	0	0	0	0	0	0	0	0	0	0	0	0	0	0	0	0	0	0	0	0	0	0	0	0	0	0	0	0	0
best machine learning conceptual courses online						0	0	0	0	0	0	0	0	0	0	0	0	0	0	0	0	0	0	0	0	0	0	0	0	0	0	0	0	0	0	0	0	0	0	0	0	0	0	0	0	0	0	0	0	0	0	0	0
best machine learning course 2024	10					0	0	0	0	0	0	0	0	0	0	0	0	0	0	0	0	0	0	0	0	0	0	0	0	20	20	40	40	20	20	30	30	20	20	50	10	10	10	20	10	20	10	10	0	0	0	10	0
best machine learning course 2025						0	0	0	0	0	0	0	0	0	0	0	0	0	0	0	0	0	0	0	0	0	0	0	0	0	0	0	0	0	0	0	0	0	0	0	0	0	0	0	0	0	0	0	0	0	0	0	0
best machine learning course bay area						0	0	0	0	0	0	0	0	0	0	0	0	0	0	0	0	0	0	0	0	0	0	0	0	0	0	0	0	0	0	0	0	0	0	0	0	0	0	0	0	0	0	0	0	0	0	0	0
best machine learning course by universities						0	0	0	0	0	0	0	0	0	0	0	0	0	0	0	0	0	0	0	0	0	0	0	0	0	0	0	0	0	0	0	0	0	0	0	0	0	0	0	0	0	0	0	0	0	0	0	0
best machine learning course certification						0	0	0	0	0	0	0	0	0	0	0	0	0	0	0	0	0	0	0	0	0	0	0	0	0	0	0	0	0	0	0	0	0	0	0	0	0	0	0	0	0	0	0	0	0	0	0	0
best machine learning course for beginners online						0	0	0	0	0	0	0	0	0	0	0	0	0	0	0	0	0	0	0	0	0	0	0	0	0	0	0	0	0	0	0	0	0	0	0	0	0	0	0	0	0	0	0	0	0	0	0	0
best machine learning course for intermediate						0	0	0	0	0	0	0	0	0	0	0	0	0	0	0	0	0	0	0	0	0	0	0	0	0	0	0	0	0	0	0	0	0	0	0	0	0	0	0	0	0	0	0	0	0	0	0	0
best machine learning course for intermidiate						0	0	0	0	0	0	0	0	0	0	0	0	0	0	0	0	0	0	0	0	0	0	0	0	0	0	0	0	0	0	0	0	0	0	0	0	0	0	0	0	0	0	0	0	0	0	0	0
best machine learning course for text classification						0	0	0	0	0	0	0	0	0	0	0	0	0	0	0	0	0	0	0	0	0	0	0	0	0	0	0	0	0	0	0	0	0	0	0	0	0	0	0	0	0	0	0	0	0	0	0	0
best machine learning course hacker news						0	0	0	0	0	0	0	0	0	0	0	0	0	0	0	0	0	0	0	0	0	0	0	0	0	0	0	0	0	0	0	0	0	0	0	0	0	0	0	0	0	0	0	0	0	0	0	0
best machine learning course hyderabad						0	0	0	0	0	0	0	0	0	0	0	0	0	0	0	0	0	0	0	0	0	0	0	0	0	0	0	0	0	0	0	0	0	0	0	0	0	0	0	0	0	0	0	0	0	0	0	0
best machine learning course in detroit certificate						0	0	0	0	0	0	0	0	0	0	0	0	0	0	0	0	0	0	0	0	0	0	0	0	0	0	0	0	0	0	0	0	0	0	0	0	0	0	0	0	0	0	0	0	0	0	0	0
best machine learning course in germany						0	0	0	0	0	0	0	0	0	0	0	0	0	0	0	0	0	0	0	0	0	0	0	0	0	0	0	0	0	0	0	0	0	0	0	0	0	0	0	0	0	0	0	0	0	0	0	0
best machine learning course in gurgaon						0	0	0	0	0	0	0	0	0	0	0	0	0	0	0	0	0	0	0	0	0	0	0	0	0	0	0	0	0	0	0	0	0	0	0	0	0	0	0	0	0	0	0	0	0	0	0	0
best machine learning course in noida quora						0	0	0	0	0	0	0	0	0	0	0	0	0	0	0	0	0	0	0	0	0	0	0	0	0	0	0	0	0	0	0	0	0	0	0	0	0	0	0	0	0	0	0	0	0	0	0	0
best machine learning course in pcmc						0	0	0	0	0	0	0	0	0	0	0	0	0	0	0	0	0	0	0	0	0	0	0	0	0	0	0	0	0	0	0	0	0	0	0	0	0	0	0	0	0	0	0	0	0	0	0	0
best machine learning course in pimpri chinchwad						0	0	0	0	0	0	0	0	0	0	0	0	0	0	0	0	0	0	0	0	0	0	0	0	0	0	0	0	0	0	0	0	0	0	0	0	0	0	0	0	0	0	0	0	0	0	0	0
best machine learning course in r						0	0	0	0	0	0	0	0	0	0	0	0	0	0	0	0	0	0	0	0	0	0	0	0	0	0	0	0	0	0	0	0	0	0	0	0	0	0	0	0	0	0	0	0	0	0	0	0
best machine learning course in the world						0	0	0	0	0	0	0	0	0	0	0	0	0	0	0	0	0	0	0	0	0	0	0	0	0	0	0	0	0	0	0	0	0	0	0	0	0	0	0	0	0	0	0	0	0	0	0	0
best machine learning course in ucsd						0	0	0	0	0	0	0	0	0	0	0	0	0	0	0	0	0	0	0	0	0	0	0	0	0	0	0	0	0	0	0	0	0	0	0	0	0	0	0	0	0	0	0	0	0	0	0	0
best machine learning course in united states						0	0	0	0	0	0	0	0	0	0	0	0	0	0	0	0	0	0	0	0	0	0	0	0	0	0	0	0	0	0	0	0	0	0	0	0	0	0	0	0	0	0	0	0	0	0	0	0
best machine learning course institute in kolkata						0	0	0	0	0	0	0	0	0	0	0	0	0	0	0	0	0	0	0	0	0	0	0	0	0	0	0	0	0	0	0	0	0	0	0	0	0	0	0	0	0	0	0	0	0	0	0	0
best machine learning course medium						0	0	0	0	0	0	0	0	0	0	0	0	0	0	0	0	0	0	0	0	0	0	0	0	0	0	0	0	0	0	0	0	0	0	0	0	0	0	0	0	0	0	0	0	0	0	0	0
best machine learning course mit						0	0	0	0	0	0	0	0	0	0	0	0	0	0	0	0	0	0	0	0	0	0	0	0	0	0	0	0	0	0	0	0	0	0	0	0	0	0	0	0	0	0	0	0	0	0	0	0
best machine learning course on linkedin learning	10	Low	29			0	0	0	0	0	0	0	0	0	0	0	0	0	0	0	0	0	0	0	0	0	0	0	0	0	0	0	0	0	0	30	20	10	10	10	20	10	10	10	10	10	10	10	10	10	10	10	10
best machine learning course on lynda						0	0	0	0	0	0	0	0	0	0	0	0	0	0	0	0	0	0	0	0	0	0	0	0	0	0	0	0	0	0	0	0	0	0	0	0	0	0	0	0	0	0	0	0	0	0	0	0
best machine learning course online 2018						0	0	0	0	0	0	0	0	0	0	0	0	0	0	0	0	0	0	0	0	0	0	0	0	0	0	0	0	0	0	0	0	0	0	0	0	0	0	0	0	0	0	0	0	0	0	0	0
best machine learning course online 2019						0	0	0	0	0	0	0	0	0	0	0	0	0	0	0	0	0	0	0	0	0	0	0	0	0	0	0	0	0	0	0	0	0	0	0	0	0	0	0	0	0	0	0	0	0	0	0	0
best machine learning course online in india						0	0	0	0	0	0	0	0	0	0	0	0	0	0	0	0	0	0	0	0	0	0	0	0	0	0	0	0	0	0	0	0	0	0	0	0	0	0	0	0	0	0	0	0	0	0	0	0
best machine learning course online reddit						0	0	0	0	0	0	0	0	0	0	0	0	0	0	0	0	0	0	0	0	0	0	0	0	0	0	0	0	0	0	0	0	0	0	0	0	0	0	0	0	0	0	0	0	0	0	0	0
best machine learning course pdf						0	0	0	0	0	0	0	0	0	0	0	0	0	0	0	0	0	0	0	0	0	0	0	0	0	0	0	0	0	0	0	0	0	0	0	0	0	0	0	0	0	0	0	0	0	0	0	0
best machine learning course san francisco						0	0	0	0	0	0	0	0	0	0	0	0	0	0	0	0	0	0	0	0	0	0	0	0	0	0	0	0	0	0	0	0	0	0	0	0	0	0	0	0	0	0	0	0	0	0	0	0
best machine learning course to get a job						0	0	0	0	0	0	0	0	0	0	0	0	0	0	0	0	0	0	0	0	0	0	0	0	0	0	0	0	0	0	0	0	0	0	0	0	0	0	0	0	0	0	0	0	0	0	0	0
best machine learning course to learn to do projects						0	0	0	0	0	0	0	0	0	0	0	0	0	0	0	0	0	0	0	0	0	0	0	0	0	0	0	0	0	0	0	0	0	0	0	0	0	0	0	0	0	0	0	0	0	0	0	0
best machine learning course uchicago						0	0	0	0	0	0	0	0	0	0	0	0	0	0	0	0	0	0	0	0	0	0	0	0	0	0	0	0	0	0	0	0	0	0	0	0	0	0	0	0	0	0	0	0	0	0	0	0
best machine learning course under 10 hours						0	0	0	0	0	0	0	0	0	0	0	0	0	0	0	0	0	0	0	0	0	0	0	0	0	0	0	0	0	0	0	0	0	0	0	0	0	0	0	0	0	0	0	0	0	0	0	0
best machine learning course under 20 hours						0	0	0	0	0	0	0	0	0	0	0	0	0	0	0	0	0	0	0	0	0	0	0	0	0	0	0	0	0	0	0	0	0	0	0	0	0	0	0	0	0	0	0	0	0	0	0	0
best machine learning course with certificate	10					0	0	0	0	0	0	0	0	0	0	0	0	0	0	0	0	0	0	0	0	0	0	0	0	0	0	0	0	0	0	0	0	0	0	0	0	0	0	0	10	10	10	10	0	10	10	0	0
best machine learning course with certification	20	Medium	52	0.302957	2.359657	0	0	0	0	0	0	0	0	0	0	0	0	0	0	0	0	0	0	0	0	0	0	0	0	0	0	0	0	0	20	20	20	20	10	30	20	20	20	20	20	20	30	20	10	10	10	10	10
best machine learning courses 2022						0	0	0	0	0	0	0	0	0	0	0	0	0	0	0	0	0	0	0	0	0	0	0	0	0	0	0	0	0	0	0	0	0	0	0	0	0	0	0	0	0	0	0	0	0	0	0	0
best machine learning courses 2024	10					0	0	0	0	0	0	0	0	0	0	0	0	0	0	0	0	0	0	0	0	0	0	0	0	20	20	40	40	20	20	30	30	20	20	50	10	10	10	20	10	20	10	10	0	0	0	10	0
best machine learning courses 2025						0	0	0	0	0	0	0	0	0	0	0	0	0	0	0	0	0	0	0	0	0	0	0	0	0	0	0	0	0	0	0	0	0	0	0	0	0	0	0	0	0	0	0	0	0	0	0	0
best machine learning courses andrew ng						0	0	0	0	0	0	0	0	0	0	0	0	0	0	0	0	0	0	0	0	0	0	0	0	0	0	0	0	0	0	0	0	0	0	0	0	0	0	0	0	0	0	0	0	0	0	0	0
best machine learning courses certification						0	0	0	0	0	0	0	0	0	0	0	0	0	0	0	0	0	0	0	0	0	0	0	0	0	0	0	0	0	0	0	0	0	0	0	0	0	0	0	0	0	0	0	0	0	0	0	0
best machine learning courses cs github						0	0	0	0	0	0	0	0	0	0	0	0	0	0	0	0	0	0	0	0	0	0	0	0	0	0	0	0	0	0	0	0	0	0	0	0	0	0	0	0	0	0	0	0	0	0	0	0
best machine learning courses for beginners online						0	0	0	0	0	0	0	0	0	0	0	0	0	0	0	0	0	0	0	0	0	0	0	0	0	0	0	0	0	0	0	0	0	0	0	0	0	0	0	0	0	0	0	0	0	0	0	0
best machine learning courses for software engineers						0	0	0	0	0	0	0	0	0	0	0	0	0	0	0	0	0	0	0	0	0	0	0	0	0	0	0	0	0	0	0	0	0	0	0	0	0	0	0	0	0	0	0	0	0	0	0	0
best machine learning courses in germany						0	0	0	0	0	0	0	0	0	0	0	0	0	0	0	0	0	0	0	0	0	0	0	0	0	0	0	0	0	0	0	0	0	0	0	0	0	0	0	0	0	0	0	0	0	0	0	0
best machine learning courses in nyc						0	0	0	0	0	0	0	0	0	0	0	0	0	0	0	0	0	0	0	0	0	0	0	0	0	0	0	0	0	0	0	0	0	0	0	0	0	0	0	0	0	0	0	0	0	0	0	0
best machine learning courses nyc						0	0	0	0	0	0	0	0	0	0	0	0	0	0	0	0	0	0	0	0	0	0	0	0	0	0	0	0	0	0	0	0	0	0	0	0	0	0	0	0	0	0	0	0	0	0	0	0
best machine learning courses online 2018						0	0	0	0	0	0	0	0	0	0	0	0	0	0	0	0	0	0	0	0	0	0	0	0	0	0	0	0	0	0	0	0	0	0	0	0	0	0	0	0	0	0	0	0	0	0	0	0
best machine learning courses online for beginners						0	0	0	0	0	0	0	0	0	0	0	0	0	0	0	0	0	0	0	0	0	0	0	0	0	0	0	0	0	0	0	0	0	0	0	0	0	0	0	0	0	0	0	0	0	0	0	0
best machine learning courses online free						0	0	0	0	0	0	0	0	0	0	0	0	0	0	0	0	0	0	0	0	0	0	0	0	0	0	0	0	0	0	0	0	0	0	0	0	0	0	0	0	0	0	0	0	0	0	0	0
best machine learning courses r						0	0	0	0	0	0	0	0	0	0	0	0	0	0	0	0	0	0	0	0	0	0	0	0	0	0	0	0	0	0	0	0	0	0	0	0	0	0	0	0	0	0	0	0	0	0	0	0
best machine learning courses r undergraduate						0	0	0	0	0	0	0	0	0	0	0	0	0	0	0	0	0	0	0	0	0	0	0	0	0	0	0	0	0	0	0	0	0	0	0	0	0	0	0	0	0	0	0	0	0	0	0	0
best machine learning courses udacity						0	0	0	0	0	0	0	0	0	0	0	0	0	0	0	0	0	0	0	0	0	0	0	0	0	0	0	0	0	0	0	0	0	0	0	0	0	0	0	0	0	0	0	0	0	0	0	0
best machine learning courses uk						0	0	0	0	0	0	0	0	0	0	0	0	0	0	0	0	0	0	0	0	0	0	0	0	0	0	0	0	0	0	0	0	0	0	0	0	0	0	0	0	0	0	0	0	0	0	0	0
best machine learning courses youtube						0	0	0	0	0	0	0	0	0	0	0	0	0	0	0	0	0	0	0	0	0	0	0	0	0	0	0	0	0	0	0	0	0	0	0	0	0	0	0	0	0	0	0	0	0	0	0	0
best machine learning crash course						0	0	0	0	0	0	0	0	0	0	0	0	0	0	0	0	0	0	0	0	0	0	0	0	0	0	0	0	0	0	0	0	0	0	0	0	0	0	0	0	0	0	0	0	0	0	0	0
best machine learning engineer course online						0	0	0	0	0	0	0	0	0	0	0	0	0	0	0	0	0	0	0	0	0	0	0	0	0	0	0	0	0	0	0	0	0	0	0	0	0	0	0	0	0	0	0	0	0	0	0	0
best machine learning for business course						0	0	0	0	0	0	0	0	0	0	0	0	0	0	0	0	0	0	0	0	0	0	0	0	0	0	0	0	0	0	0	0	0	0	0	0	0	0	0	0	0	0	0	0	0	0	0	0
best machine learning for finance course						0	0	0	0	0	0	0	0	0	0	0	0	0	0	0	0	0	0	0	0	0	0	0	0	0	0	0	0	0	0	0	0	0	0	0	0	0	0	0	0	0	0	0	0	0	0	0	0
best machine learning for finance course free						0	0	0	0	0	0	0	0	0	0	0	0	0	0	0	0	0	0	0	0	0	0	0	0	0	0	0	0	0	0	0	0	0	0	0	0	0	0	0	0	0	0	0	0	0	0	0	0
best machine learning for finance course online						0	0	0	0	0	0	0	0	0	0	0	0	0	0	0	0	0	0	0	0	0	0	0	0	0	0	0	0	0	0	0	0	0	0	0	0	0	0	0	0	0	0	0	0	0	0	0	0
best machine learning free course for beginners						0	0	0	0	0	0	0	0	0	0	0	0	0	0	0	0	0	0	0	0	0	0	0	0	0	0	0	0	0	0	0	0	0	0	0	0	0	0	0	0	0	0	0	0	0	0	0	0
best machine learning free full course						0	0	0	0	0	0	0	0	0	0	0	0	0	0	0	0	0	0	0	0	0	0	0	0	0	0	0	0	0	0	0	0	0	0	0	0	0	0	0	0	0	0	0	0	0	0	0	0
best machine learning full course	10	High	83	0.330489	1.641955	0	0	0	0	0	0	0	0	0	0	0	0	0	0	0	0	0	0	0	0	0	0	0	0	0	0	0	0	0	0	0	0	0	0	0	0	0	0	0	10	10	10	10	10	10	10	10	10
best machine learning iim course						0	0	0	0	0	0	0	0	0	0	0	0	0	0	0	0	0	0	0	0	0	0	0	0	0	0	0	0	0	0	0	0	0	0	0	0	0	0	0	0	0	0	0	0	0	0	0	0
best machine learning in finance courses						0	0	0	0	0	0	0	0	0	0	0	0	0	0	0	0	0	0	0	0	0	0	0	0	0	0	0	0	0	0	0	0	0	0	0	0	0	0	0	0	0	0	0	0	0	0	0	0
best machine learning interview prep course						0	0	0	0	0	0	0	0	0	0	0	0	0	0	0	0	0	0	0	0	0	0	0	0	0	0	0	0	0	0	0	0	0	0	0	0	0	0	0	0	0	0	0	0	0	0	0	0
best machine learning intro course						0	0	0	0	0	0	0	0	0	0	0	0	0	0	0	0	0	0	0	0	0	0	0	0	0	0	0	0	0	0	0	0	0	0	0	0	0	0	0	0	0	0	0	0	0	0	0	0
best machine learning online course hyderabad						0	0	0	0	0	0	0	0	0	0	0	0	0	0	0	0	0	0	0	0	0	0	0	0	0	0	0	0	0	0	0	0	0	0	0	0	0	0	0	0	0	0	0	0	0	0	0	0
best machine learning online course in india						0	0	0	0	0	0	0	0	0	0	0	0	0	0	0	0	0	0	0	0	0	0	0	0	0	0	0	0	0	0	0	0	0	0	0	0	0	0	0	0	0	0	0	0	0	0	0	0
best machine learning online course in python						0	0	0	0	0	0	0	0	0	0	0	0	0	0	0	0	0	0	0	0	0	0	0	0	0	0	0	0	0	0	0	0	0	0	0	0	0	0	0	0	0	0	0	0	0	0	0	0
best machine learning online course projects						0	0	0	0	0	0	0	0	0	0	0	0	0	0	0	0	0	0	0	0	0	0	0	0	0	0	0	0	0	0	0	0	0	0	0	0	0	0	0	0	0	0	0	0	0	0	0	0
best machine learning online course without math						0	0	0	0	0	0	0	0	0	0	0	0	0	0	0	0	0	0	0	0	0	0	0	0	0	0	0	0	0	0	0	0	0	0	0	0	0	0	0	0	0	0	0	0	0	0	0	0
best machine learning online courses for cheminformatics						0	0	0	0	0	0	0	0	0	0	0	0	0	0	0	0	0	0	0	0	0	0	0	0	0	0	0	0	0	0	0	0	0	0	0	0	0	0	0	0	0	0	0	0	0	0	0	0
best machine learning online courses free						0	0	0	0	0	0	0	0	0	0	0	0	0	0	0	0	0	0	0	0	0	0	0	0	0	0	0	0	0	0	0	0	0	0	0	0	0	0	0	0	0	0	0	0	0	0	0	0
best machine learning paid course						0	0	0	0	0	0	0	0	0	0	0	0	0	0	0	0	0	0	0	0	0	0	0	0	0	0	0	0	0	0	0	0	0	0	0	0	0	0	0	0	0	0	0	0	0	0	0	0
best machine learning python courses						0	0	0	0	0	0	0	0	0	0	0	0	0	0	0	0	0	0	0	0	0	0	0	0	0	0	0	0	0	0	0	0	0	0	0	0	0	0	0	0	0	0	0	0	0	0	0	0
best machine learning theory course						0	0	0	0	0	0	0	0	0	0	0	0	0	0	0	0	0	0	0	0	0	0	0	0	0	0	0	0	0	0	0	0	0	0	0	0	0	0	0	0	0	0	0	0	0	0	0	0
best machine learning udemy courses						0	0	0	0	0	0	0	0	0	0	0	0	0	0	0	0	0	0	0	0	0	0	0	0	0	0	0	0	0	0	0	0	0	0	0	0	0	0	0	0	0	0	0	0	0	0	0	0
best machine learning video courses						0	0	0	0	0	0	0	0	0	0	0	0	0	0	0	0	0	0	0	0	0	0	0	0	0	0	0	0	0	0	0	0	0	0	0	0	0	0	0	0	0	0	0	0	0	0	0	0
best machine learning with python courses						0	0	0	0	0	0	0	0	0	0	0	0	0	0	0	0	0	0	0	0	0	0	0	0	0	0	0	0	0	0	0	0	0	0	0	0	0	0	0	0	0	0	0	0	0	0	0	0
best machine learning with python online course						0	0	0	0	0	0	0	0	0	0	0	0	0	0	0	0	0	0	0	0	0	0	0	0	0	0	0	0	0	0	0	0	0	0	0	0	0	0	0	0	0	0	0	0	0	0	0	0
best machine learning with r course						0	0	0	0	0	0	0	0	0	0	0	0	0	0	0	0	0	0	0	0	0	0	0	0	0	0	0	0	0	0	0	0	0	0	0	0	0	0	0	0	0	0	0	0	0	0	0	0
best math courses for machine learning online						0	0	0	0	0	0	0	0	0	0	0	0	0	0	0	0	0	0	0	0	0	0	0	0	0	0	0	0	0	0	0	0	0	0	0	0	0	0	0	0	0	0	0	0	0	0	0	0
best mooc courses for machine learning						0	0	0	0	0	0	0	0	0	0	0	0	0	0	0	0	0	0	0	0	0	0	0	0	0	0	0	0	0	0	0	0	0	0	0	0	0	0	0	0	0	0	0	0	0	0	0	0
best online ai and machine learning courses						0	0	0	0	0	0	0	0	0	0	0	0	0	0	0	0	0	0	0	0	0	0	0	0	0	0	0	0	0	0	0	0	0	0	0	0	0	0	0	0	0	0	0	0	0	0	0	0
best online ai machine learning courses						0	0	0	0	0	0	0	0	0	0	0	0	0	0	0	0	0	0	0	0	0	0	0	0	0	0	0	0	0	0	0	0	0	0	0	0	0	0	0	0	0	0	0	0	0	0	0	0
best online certification courses for machine learning cornell						0	0	0	0	0	0	0	0	0	0	0	0	0	0	0	0	0	0	0	0	0	0	0	0	0	0	0	0	0	0	0	0	0	0	0	0	0	0	0	0	0	0	0	0	0	0	0	0
best online course for applied machine learning						0	0	0	0	0	0	0	0	0	0	0	0	0	0	0	0	0	0	0	0	0	0	0	0	0	0	0	0	0	0	0	0	0	0	0	0	0	0	0	0	0	0	0	0	0	0	0	0
best online course for machine learning concepts						0	0	0	0	0	0	0	0	0	0	0	0	0	0	0	0	0	0	0	0	0	0	0	0	0	0	0	0	0	0	0	0	0	0	0	0	0	0	0	0	0	0	0	0	0	0	0	0
best online course machine learning for testing						0	0	0	0	0	0	0	0	0	0	0	0	0	0	0	0	0	0	0	0	0	0	0	0	0	0	0	0	0	0	0	0	0	0	0	0	0	0	0	0	0	0	0	0	0	0	0	0
best online course machine learning for trading						0	0	0	0	0	0	0	0	0	0	0	0	0	0	0	0	0	0	0	0	0	0	0	0	0	0	0	0	0	0	0	0	0	0	0	0	0	0	0	0	0	0	0	0	0	0	0	0
best online course on machine learning and ai						0	0	0	0	0	0	0	0	0	0	0	0	0	0	0	0	0	0	0	0	0	0	0	0	0	0	0	0	0	0	0	0	0	0	0	0	0	0	0	0	0	0	0	0	0	0	0	0
best online course on machine learning reddit						0	0	0	0	0	0	0	0	0	0	0	0	0	0	0	0	0	0	0	0	0	0	0	0	0	0	0	0	0	0	0	0	0	0	0	0	0	0	0	0	0	0	0	0	0	0	0	0
best online course python machine learning						0	0	0	0	0	0	0	0	0	0	0	0	0	0	0	0	0	0	0	0	0	0	0	0	0	0	0	0	0	0	0	0	0	0	0	0	0	0	0	0	0	0	0	0	0	0	0	0
best online course to start machine learning						0	0	0	0	0	0	0	0	0	0	0	0	0	0	0	0	0	0	0	0	0	0	0	0	0	0	0	0	0	0	0	0	0	0	0	0	0	0	0	0	0	0	0	0	0	0	0	0
best online courses artificial intelligence machine learning 2025						0	0	0	0	0	0	0	0	0	0	0	0	0	0	0	0	0	0	0	0	0	0	0	0	0	0	0	0	0	0	0	0	0	0	0	0	0	0	0	0	0	0	0	0	0	0	0	0
best online courses certifications for machine learning						0	0	0	0	0	0	0	0	0	0	0	0	0	0	0	0	0	0	0	0	0	0	0	0	0	0	0	0	0	0	0	0	0	0	0	0	0	0	0	0	0	0	0	0	0	0	0	0
best online courses for machine learning and artificial intelligence						0	0	0	0	0	0	0	0	0	0	0	0	0	0	0	0	0	0	0	0	0	0	0	0	0	0	0	0	0	0	0	0	0	0	0	0	0	0	0	0	0	0	0	0	0	0	0	0
best online courses for machine learning for high school students						0	0	0	0	0	0	0	0	0	0	0	0	0	0	0	0	0	0	0	0	0	0	0	0	0	0	0	0	0	0	0	0	0	0	0	0	0	0	0	0	0	0	0	0	0	0	0	0
best online courses for machine learning techworld						0	0	0	0	0	0	0	0	0	0	0	0	0	0	0	0	0	0	0	0	0	0	0	0	0	0	0	0	0	0	0	0	0	0	0	0	0	0	0	0	0	0	0	0	0	0	0	0
best online courses for prob and stats for machine learning						0	0	0	0	0	0	0	0	0	0	0	0	0	0	0	0	0	0	0	0	0	0	0	0	0	0	0	0	0	0	0	0	0	0	0	0	0	0	0	0	0	0	0	0	0	0	0	0
best online courses math for machine learning						0	0	0	0	0	0	0	0	0	0	0	0	0	0	0	0	0	0	0	0	0	0	0	0	0	0	0	0	0	0	0	0	0	0	0	0	0	0	0	0	0	0	0	0	0	0	0	0
best online courses to learn math for machine learning						0	0	0	0	0	0	0	0	0	0	0	0	0	0	0	0	0	0	0	0	0	0	0	0	0	0	0	0	0	0	0	0	0	0	0	0	0	0	0	0	0	0	0	0	0	0	0	0
best online free courses python machine learning						0	0	0	0	0	0	0	0	0	0	0	0	0	0	0	0	0	0	0	0	0	0	0	0	0	0	0	0	0	0	0	0	0	0	0	0	0	0	0	0	0	0	0	0	0	0	0	0
best online machine learning and ai course						0	0	0	0	0	0	0	0	0	0	0	0	0	0	0	0	0	0	0	0	0	0	0	0	0	0	0	0	0	0	0	0	0	0	0	0	0	0	0	0	0	0	0	0	0	0	0	0
best online machine learning course 2019						0	0	0	0	0	0	0	0	0	0	0	0	0	0	0	0	0	0	0	0	0	0	0	0	0	0	0	0	0	0	0	0	0	0	0	0	0	0	0	0	0	0	0	0	0	0	0	0
best online machine learning course free						0	0	0	0	0	0	0	0	0	0	0	0	0	0	0	0	0	0	0	0	0	0	0	0	0	0	0	0	0	0	0	0	0	0	0	0	0	0	0	0	0	0	0	0	0	0	0	0
best online machine learning course linkedin						0	0	0	0	0	0	0	0	0	0	0	0	0	0	0	0	0	0	0	0	0	0	0	0	0	0	0	0	0	0	0	0	0	0	0	0	0	0	0	0	0	0	0	0	0	0	0	0
best online machine learning projects course						0	0	0	0	0	0	0	0	0	0	0	0	0	0	0	0	0	0	0	0	0	0	0	0	0	0	0	0	0	0	0	0	0	0	0	0	0	0	0	0	0	0	0	0	0	0	0	0
best online python and machine learning course						0	0	0	0	0	0	0	0	0	0	0	0	0	0	0	0	0	0	0	0	0	0	0	0	0	0	0	0	0	0	0	0	0	0	0	0	0	0	0	0	0	0	0	0	0	0	0	0
best online python machine learning course						0	0	0	0	0	0	0	0	0	0	0	0	0	0	0	0	0	0	0	0	0	0	0	0	0	0	0	0	0	0	0	0	0	0	0	0	0	0	0	0	0	0	0	0	0	0	0	0
best optimization course for machine learning						0	0	0	0	0	0	0	0	0	0	0	0	0	0	0	0	0	0	0	0	0	0	0	0	0	0	0	0	0	0	0	0	0	0	0	0	0	0	0	0	0	0	0	0	0	0	0	0
best paid machine learning courses 2025						0	0	0	0	0	0	0	0	0	0	0	0	0	0	0	0	0	0	0	0	0	0	0	0	0	0	0	0	0	0	0	0	0	0	0	0	0	0	0	0	0	0	0	0	0	0	0	0
best probability and statistic course for machine learning						0	0	0	0	0	0	0	0	0	0	0	0	0	0	0	0	0	0	0	0	0	0	0	0	0	0	0	0	0	0	0	0	0	0	0	0	0	0	0	0	0	0	0	0	0	0	0	0
best probability statistics course for machine learning						0	0	0	0	0	0	0	0	0	0	0	0	0	0	0	0	0	0	0	0	0	0	0	0	0	0	0	0	0	0	0	0	0	0	0	0	0	0	0	0	0	0	0	0	0	0	0	0
best probabilty and statistic course for machine learning						0	0	0	0	0	0	0	0	0	0	0	0	0	0	0	0	0	0	0	0	0	0	0	0	0	0	0	0	0	0	0	0	0	0	0	0	0	0	0	0	0	0	0	0	0	0	0	0
best probablbility statistics course for machine learning						0	0	0	0	0	0	0	0	0	0	0	0	0	0	0	0	0	0	0	0	0	0	0	0	0	0	0	0	0	0	0	0	0	0	0	0	0	0	0	0	0	0	0	0	0	0	0	0
best python courses for machine learning						0	0	0	0	0	0	0	0	0	0	0	0	0	0	0	0	0	0	0	0	0	0	0	0	0	0	0	0	0	0	0	0	0	0	0	0	0	0	0	0	0	0	0	0	0	0	0	0
best python machine learning course reddit						0	0	0	0	0	0	0	0	0	0	0	0	0	0	0	0	0	0	0	0	0	0	0	0	0	0	0	0	0	0	0	0	0	0	0	0	0	0	0	0	0	0	0	0	0	0	0	0
best python machine learning course udemy						0	0	0	0	0	0	0	0	0	0	0	0	0	0	0	0	0	0	0	0	0	0	0	0	0	0	0	0	0	0	0	0	0	0	0	0	0	0	0	0	0	0	0	0	0	0	0	0
best python machine learning online course						0	0	0	0	0	0	0	0	0	0	0	0	0	0	0	0	0	0	0	0	0	0	0	0	0	0	0	0	0	0	0	0	0	0	0	0	0	0	0	0	0	0	0	0	0	0	0	0
best python machine learning online course sklearn						0	0	0	0	0	0	0	0	0	0	0	0	0	0	0	0	0	0	0	0	0	0	0	0	0	0	0	0	0	0	0	0	0	0	0	0	0	0	0	0	0	0	0	0	0	0	0	0
best python machine learning online courses						0	0	0	0	0	0	0	0	0	0	0	0	0	0	0	0	0	0	0	0	0	0	0	0	0	0	0	0	0	0	0	0	0	0	0	0	0	0	0	0	0	0	0	0	0	0	0	0
best short courses to learn machine learning						0	0	0	0	0	0	0	0	0	0	0	0	0	0	0	0	0	0	0	0	0	0	0	0	0	0	0	0	0	0	0	0	0	0	0	0	0	0	0	0	0	0	0	0	0	0	0	0
best theoretical machine learning course						0	0	0	0	0	0	0	0	0	0	0	0	0	0	0	0	0	0	0	0	0	0	0	0	0	0	0	0	0	0	0	0	0	0	0	0	0	0	0	0	0	0	0	0	0	0	0	0
best theoretical machine learning courses						0	0	0	0	0	0	0	0	0	0	0	0	0	0	0	0	0	0	0	0	0	0	0	0	0	0	0	0	0	0	0	0	0	0	0	0	0	0	0	0	0	0	0	0	0	0	0	0
best udacity courses for machine learning						0	0	0	0	0	0	0	0	0	0	0	0	0	0	0	0	0	0	0	0	0	0	0	0	0	0	0	0	0	0	0	0	0	0	0	0	0	0	0	0	0	0	0	0	0	0	0	0
best udemy courses machine learning						0	0	0	0	0	0	0	0	0	0	0	0	0	0	0	0	0	0	0	0	0	0	0	0	0	0	0	0	0	0	0	0	0	0	0	0	0	0	0	0	0	0	0	0	0	0	0	0
best udemy machine learning course 2024						0	0	0	0	0	0	0	0	0	0	0	0	0	0	0	0	0	0	0	0	0	0	0	0	0	0	0	0	0	0	0	0	0	0	0	0	0	0	0	0	0	0	0	0	0	0	0	0
best udemy machine learning course 2025						0	0	0	0	0	0	0	0	0	0	0	0	0	0	0	0	0	0	0	0	0	0	0	0	0	0	0	0	0	0	0	0	0	0	0	0	0	0	0	0	0	0	0	0	0	0	0	0
best udemy machine learning course 2026						0	0	0	0	0	0	0	0	0	0	0	0	0	0	0	0	0	0	0	0	0	0	0	0	0	0	0	0	0	0	0	0	0	0	0	0	0	0	0	0	0	0	0	0	0	0	0	0
best universitys online machine learning course						0	0	0	0	0	0	0	0	0	0	0	0	0	0	0	0	0	0	0	0	0	0	0	0	0	0	0	0	0	0	0	0	0	0	0	0	0	0	0	0	0	0	0	0	0	0	0	0
best youtube machine learning course						0	0	0	0	0	0	0	0	0	0	0	0	0	0	0	0	0	0	0	0	0	0	0	0	0	0	0	0	0	0	0	0	0	0	0	0	0	0	0	0	0	0	0	0	0	0	0	0
big data analytics and machine learning courses						0	0	0	0	0	0	0	0	0	0	0	0	0	0	0	0	0	0	0	0	0	0	0	0	0	0	0	0	0	0	0	0	0	0	0	0	0	0	0	0	0	0	0	0	0	0	0	0
big data and machine learning course in hyderabad						0	0	0	0	0	0	0	0	0	0	0	0	0	0	0	0	0	0	0	0	0	0	0	0	0	0	0	0	0	0	0	0	0	0	0	0	0	0	0	0	0	0	0	0	0	0	0	0
big data and machine learning courses in bangalore						0	0	0	0	0	0	0	0	0	0	0	0	0	0	0	0	0	0	0	0	0	0	0	0	0	0	0	0	0	0	0	0	0	0	0	0	0	0	0	0	0	0	0	0	0	0	0	0
big data and machine learning online course						0	0	0	0	0	0	0	0	0	0	0	0	0	0	0	0	0	0	0	0	0	0	0	0	0	0	0	0	0	0	0	0	0	0	0	0	0	0	0	0	0	0	0	0	0	0	0	0
big data machine learning course near me						0	0	0	0	0	0	0	0	0	0	0	0	0	0	0	0	0	0	0	0	0	0	0	0	0	0	0	0	0	0	0	0	0	0	0	0	0	0	0	0	0	0	0	0	0	0	0	0
big data machine learning courses						0	0	0	0	0	0	0	0	0	0	0	0	0	0	0	0	0	0	0	0	0	0	0	0	0	0	0	0	0	0	0	0	0	0	0	0	0	0	0	0	0	0	0	0	0	0	0	0
bigdata machine learning manufacturing courses						0	0	0	0	0	0	0	0	0	0	0	0	0	0	0	0	0	0	0	0	0	0	0	0	0	0	0	0	0	0	0	0	0	0	0	0	0	0	0	0	0	0	0	0	0	0	0	0
bikle machine learning course						0	0	0	0	0	0	0	0	0	0	0	0	0	0	0	0	0	0	0	0	0	0	0	0	0	0	0	0	0	0	0	0	0	0	0	0	0	0	0	0	0	0	0	0	0	0	0	0
bishop machine learning course						0	0	0	0	0	0	0	0	0	0	0	0	0	0	0	0	0	0	0	0	0	0	0	0	0	0	0	0	0	0	0	0	0	0	0	0	0	0	0	0	0	0	0	0	0	0	0	0
black friday machine learning course deals						0	0	0	0	0	0	0	0	0	0	0	0	0	0	0	0	0	0	0	0	0	0	0	0	0	0	0	0	0	0	0	0	0	0	0	0	0	0	0	0	0	0	0	0	0	0	0	0
blockchain and machine learning course						0	0	0	0	0	0	0	0	0	0	0	0	0	0	0	0	0	0	0	0	0	0	0	0	0	0	0	0	0	0	0	0	0	0	0	0	0	0	0	0	0	0	0	0	0	0	0	0
bloomberg machine learning course review						0	0	0	0	0	0	0	0	0	0	0	0	0	0	0	0	0	0	0	0	0	0	0	0	0	0	0	0	0	0	0	0	0	0	0	0	0	0	0	0	0	0	0	0	0	0	0	0
boosting machine learning course						0	0	0	0	0	0	0	0	0	0	0	0	0	0	0	0	0	0	0	0	0	0	0	0	0	0	0	0	0	0	0	0	0	0	0	0	0	0	0	0	0	0	0	0	0	0	0	0
boston college machine learning courses						0	0	0	0	0	0	0	0	0	0	0	0	0	0	0	0	0	0	0	0	0	0	0	0	0	0	0	0	0	0	0	0	0	0	0	0	0	0	0	0	0	0	0	0	0	0	0	0
boston university machine learning course						0	0	0	0	0	0	0	0	0	0	0	0	0	0	0	0	0	0	0	0	0	0	0	0	0	0	0	0	0	0	0	0	0	0	0	0	0	0	0	0	0	0	0	0	0	0	0	0
brainstation machine learning course review						0	0	0	0	0	0	0	0	0	0	0	0	0	0	0	0	0	0	0	0	0	0	0	0	0	0	0	0	0	0	0	0	0	0	0	0	0	0	0	0	0	0	0	0	0	0	0	0
brief machine learning course						0	0	0	0	0	0	0	0	0	0	0	0	0	0	0	0	0	0	0	0	0	0	0	0	0	0	0	0	0	0	0	0	0	0	0	0	0	0	0	0	0	0	0	0	0	0	0	0
brown machine learning courses						0	0	0	0	0	0	0	0	0	0	0	0	0	0	0	0	0	0	0	0	0	0	0	0	0	0	0	0	0	0	0	0	0	0	0	0	0	0	0	0	0	0	0	0	0	0	0	0
bsc artificial intelligence and machine learning course details	20	Low	16			0	0	0	0	0	0	0	0	0	0	0	0	0	0	0	0	0	0	0	0	0	0	0	0	0	0	0	0	0	0	0	0	0	0	0	0	20	30	70	30	20	10	10	10	10	10	10	10
bset machine learning courses						0	0	0	0	0	0	0	0	0	0	0	0	0	0	0	0	0	0	0	0	0	0	0	0	0	0	0	0	0	0	0	0	0	0	0	0	0	0	0	0	0	0	0	0	0	0	0	0
build a large language model from scratch	6600	Medium	50	0.855048	6.32	0	0	0	0	0	0	0	0	0	0	0	0	0	0	0	0	0	0	0	0	0	1000	1300	1300	1900	1900	2400	3600	3600	2900	5400	5400	6600	6600	6600	8100	8100	5400	5400	6600	6600	6600	6600	5400	5400	5400	5400	8100
building recommender systems with machine learning and ai course						0	0	0	0	0	0	0	0	0	0	0	0	0	0	0	0	0	0	0	0	0	0	0	0	0	0	0	0	0	0	0	0	0	0	0	0	0	0	0	0	0	0	0	0	0	0	0	0
business course machine learning						0	0	0	0	0	0	0	0	0	0	0	0	0	0	0	0	0	0	0	0	0	0	0	0	0	0	0	0	0	0	0	0	0	0	0	0	0	0	0	0	0	0	0	0	0	0	0	0
buy coursera machine learning course certificate						0	0	0	0	0	0	0	0	0	0	0	0	0	0	0	0	0	0	0	0	0	0	0	0	0	0	0	0	0	0	0	0	0	0	0	0	0	0	0	0	0	0	0	0	0	0	0	0
c machine learning course						0	0	0	0	0	0	0	0	0	0	0	0	0	0	0	0	0	0	0	0	0	0	0	0	0	0	0	0	0	0	0	0	0	0	0	0	0	0	0	0	0	0	0	0	0	0	0	0
caia ai machine learning course						0	0	0	0	0	0	0	0	0	0	0	0	0	0	0	0	0	0	0	0	0	0	0	0	0	0	0	0	0	0	0	0	0	0	0	0	0	0	0	0	0	0	0	0	0	0	0	0
calculus course for machine learning						0	0	0	0	0	0	0	0	0	0	0	0	0	0	0	0	0	0	0	0	0	0	0	0	0	0	0	0	0	0	0	0	0	0	0	0	0	0	0	0	0	0	0	0	0	0	0	0
caltech course machine learning						0	0	0	0	0	0	0	0	0	0	0	0	0	0	0	0	0	0	0	0	0	0	0	0	0	0	0	0	0	0	0	0	0	0	0	0	0	0	0	0	0	0	0	0	0	0	0	0
caltech machine learning course 2019 catalog						0	0	0	0	0	0	0	0	0	0	0	0	0	0	0	0	0	0	0	0	0	0	0	0	0	0	0	0	0	0	0	0	0	0	0	0	0	0	0	0	0	0	0	0	0	0	0	0
caltech machine learning courses						0	0	0	0	0	0	0	0	0	0	0	0	0	0	0	0	0	0	0	0	0	0	0	0	0	0	0	0	0	0	0	0	0	0	0	0	0	0	0	0	0	0	0	0	0	0	0	0
caltech machine learning open course						0	0	0	0	0	0	0	0	0	0	0	0	0	0	0	0	0	0	0	0	0	0	0	0	0	0	0	0	0	0	0	0	0	0	0	0	0	0	0	0	0	0	0	0	0	0	0	0
caltech open course machine learning						0	0	0	0	0	0	0	0	0	0	0	0	0	0	0	0	0	0	0	0	0	0	0	0	0	0	0	0	0	0	0	0	0	0	0	0	0	0	0	0	0	0	0	0	0	0	0	0
carleton machine learning course						0	0	0	0	0	0	0	0	0	0	0	0	0	0	0	0	0	0	0	0	0	0	0	0	0	0	0	0	0	0	0	0	0	0	0	0	0	0	0	0	0	0	0	0	0	0	0	0
carnegie mellon famous machine learning course						0	0	0	0	0	0	0	0	0	0	0	0	0	0	0	0	0	0	0	0	0	0	0	0	0	0	0	0	0	0	0	0	0	0	0	0	0	0	0	0	0	0	0	0	0	0	0	0
carnegie mellon machine learning course fall 2016						0	0	0	0	0	0	0	0	0	0	0	0	0	0	0	0	0	0	0	0	0	0	0	0	0	0	0	0	0	0	0	0	0	0	0	0	0	0	0	0	0	0	0	0	0	0	0	0
carnegie mellon machine learning online course						0	0	0	0	0	0	0	0	0	0	0	0	0	0	0	0	0	0	0	0	0	0	0	0	0	0	0	0	0	0	0	0	0	0	0	0	0	0	0	0	0	0	0	0	0	0	0	0
carnegie mellon statistical machine learning course 2 d						0	0	0	0	0	0	0	0	0	0	0	0	0	0	0	0	0	0	0	0	0	0	0	0	0	0	0	0	0	0	0	0	0	0	0	0	0	0	0	0	0	0	0	0	0	0	0	0
carnegie mellon university machine learning online course						0	0	0	0	0	0	0	0	0	0	0	0	0	0	0	0	0	0	0	0	0	0	0	0	0	0	0	0	0	0	0	0	0	0	0	0	0	0	0	0	0	0	0	0	0	0	0	0
certificate course in applied machine learning						0	0	0	0	0	0	0	0	0	0	0	0	0	0	0	0	0	0	0	0	0	0	0	0	0	0	0	0	0	0	0	0	0	0	0	0	0	0	0	0	0	0	0	0	0	0	0	0
certificate course machine learning michigan university						0	0	0	0	0	0	0	0	0	0	0	0	0	0	0	0	0	0	0	0	0	0	0	0	0	0	0	0	0	0	0	0	0	0	0	0	0	0	0	0	0	0	0	0	0	0	0	0
certificate course machine learning oakland university						0	0	0	0	0	0	0	0	0	0	0	0	0	0	0	0	0	0	0	0	0	0	0	0	0	0	0	0	0	0	0	0	0	0	0	0	0	0	0	0	0	0	0	0	0	0	0	0
certificate courses in ai and machine learning	70	High	76	0.473692	2.074636	0	0	0	0	0	0	0	0	0	0	0	0	0	0	0	50	50	50	50	50	20	30	30	30	30	40	70	70	90	70	110	50	40	90	90	70	70	50	70	90	90	70	50	70	30	50	50	70
certification course for machine learning						0	0	0	0	0	0	0	0	0	0	0	0	0	0	0	0	0	0	0	0	0	0	0	0	0	0	0	0	0	0	0	0	0	0	0	0	0	0	0	0	0	0	0	0	0	0	0	0
certification google ia gratuite	20	Low	31	0.368729	2.777291	0	0	0	0	0	0	0	0	0	0	0	0	0	0	0	0	0	0	0	0	0	0	0	0	0	0	0	0	0	0	0	0	0	0	0	0	0	0	0	0	0	30	20	10	30	40	40	30
charged machine learning course stolen						0	0	0	0	0	0	0	0	0	0	0	0	0	0	0	0	0	0	0	0	0	0	0	0	0	0	0	0	0	0	0	0	0	0	0	0	0	0	0	0	0	0	0	0	0	0	0	0
cheapest machine learning course						0	0	0	0	0	0	0	0	0	0	0	0	0	0	0	0	0	0	0	0	0	0	0	0	0	0	0	0	0	0	0	0	0	0	0	0	0	0	0	0	0	0	0	0	0	0	0	0
chicago booth machine learning course						0	0	0	0	0	0	0	0	0	0	0	0	0	0	0	0	0	0	0	0	0	0	0	0	0	0	0	0	0	0	0	0	0	0	0	0	0	0	0	0	0	0	0	0	0	0	0	0
cloudera machine learning course						0	0	0	0	0	0	0	0	0	0	0	0	0	0	0	0	0	0	0	0	0	0	0	0	0	0	0	0	0	0	0	0	0	0	0	0	0	0	0	0	0	0	0	0	0	0	0	0
cmu computer science machine learning courses						0	0	0	0	0	0	0	0	0	0	0	0	0	0	0	0	0	0	0	0	0	0	0	0	0	0	0	0	0	0	0	0	0	0	0	0	0	0	0	0	0	0	0	0	0	0	0	0
cmu course catalog machine learning						0	0	0	0	0	0	0	0	0	0	0	0	0	0	0	0	0	0	0	0	0	0	0	0	0	0	0	0	0	0	0	0	0	0	0	0	0	0	0	0	0	0	0	0	0	0	0	0
cmu course offering applied machine learning						0	0	0	0	0	0	0	0	0	0	0	0	0	0	0	0	0	0	0	0	0	0	0	0	0	0	0	0	0	0	0	0	0	0	0	0	0	0	0	0	0	0	0	0	0	0	0	0
cmu course scs machine learning						0	0	0	0	0	0	0	0	0	0	0	0	0	0	0	0	0	0	0	0	0	0	0	0	0	0	0	0	0	0	0	0	0	0	0	0	0	0	0	0	0	0	0	0	0	0	0	0
cmu graduate machine learning course						0	0	0	0	0	0	0	0	0	0	0	0	0	0	0	0	0	0	0	0	0	0	0	0	0	0	0	0	0	0	0	0	0	0	0	0	0	0	0	0	0	0	0	0	0	0	0	0
cmu machine learning course 2012						0	0	0	0	0	0	0	0	0	0	0	0	0	0	0	0	0	0	0	0	0	0	0	0	0	0	0	0	0	0	0	0	0	0	0	0	0	0	0	0	0	0	0	0	0	0	0	0
cmu machine learning course 2013						0	0	0	0	0	0	0	0	0	0	0	0	0	0	0	0	0	0	0	0	0	0	0	0	0	0	0	0	0	0	0	0	0	0	0	0	0	0	0	0	0	0	0	0	0	0	0	0
cmu machine learning course 2015						0	0	0	0	0	0	0	0	0	0	0	0	0	0	0	0	0	0	0	0	0	0	0	0	0	0	0	0	0	0	0	0	0	0	0	0	0	0	0	0	0	0	0	0	0	0	0	0
cmu machine learning course 2017						0	0	0	0	0	0	0	0	0	0	0	0	0	0	0	0	0	0	0	0	0	0	0	0	0	0	0	0	0	0	0	0	0	0	0	0	0	0	0	0	0	0	0	0	0	0	0	0
cmu machine learning course by andrew moore						0	0	0	0	0	0	0	0	0	0	0	0	0	0	0	0	0	0	0	0	0	0	0	0	0	0	0	0	0	0	0	0	0	0	0	0	0	0	0	0	0	0	0	0	0	0	0	0
cmu machine learning course by moore						0	0	0	0	0	0	0	0	0	0	0	0	0	0	0	0	0	0	0	0	0	0	0	0	0	0	0	0	0	0	0	0	0	0	0	0	0	0	0	0	0	0	0	0	0	0	0	0
cmu machine learning course video						0	0	0	0	0	0	0	0	0	0	0	0	0	0	0	0	0	0	0	0	0	0	0	0	0	0	0	0	0	0	0	0	0	0	0	0	0	0	0	0	0	0	0	0	0	0	0	0
cmu machine learning courses quora						0	0	0	0	0	0	0	0	0	0	0	0	0	0	0	0	0	0	0	0	0	0	0	0	0	0	0	0	0	0	0	0	0	0	0	0	0	0	0	0	0	0	0	0	0	0	0	0
cmu machine learning department course						0	0	0	0	0	0	0	0	0	0	0	0	0	0	0	0	0	0	0	0	0	0	0	0	0	0	0	0	0	0	0	0	0	0	0	0	0	0	0	0	0	0	0	0	0	0	0	0
cmu machine learning online course						0	0	0	0	0	0	0	0	0	0	0	0	0	0	0	0	0	0	0	0	0	0	0	0	0	0	0	0	0	0	0	0	0	0	0	0	0	0	0	0	0	0	0	0	0	0	0	0
cmu machine learning open course						0	0	0	0	0	0	0	0	0	0	0	0	0	0	0	0	0	0	0	0	0	0	0	0	0	0	0	0	0	0	0	0	0	0	0	0	0	0	0	0	0	0	0	0	0	0	0	0
codecademy machine learning course review						0	0	0	0	0	0	0	0	0	0	0	0	0	0	0	0	0	0	0	0	0	0	0	0	0	0	0	0	0	0	0	0	0	0	0	0	0	0	0	0	0	0	0	0	0	0	0	0
coder ogres machine learning course						0	0	0	0	0	0	0	0	0	0	0	0	0	0	0	0	0	0	0	0	0	0	0	0	0	0	0	0	0	0	0	0	0	0	0	0	0	0	0	0	0	0	0	0	0	0	0	0
coding dojo machine learning courses						0	0	0	0	0	0	0	0	0	0	0	0	0	0	0	0	0	0	0	0	0	0	0	0	0	0	0	0	0	0	0	0	0	0	0	0	0	0	0	0	0	0	0	0	0	0	0	0
complete ai and machine learning course	20	High	72	0.5052	1.954673	0	0	0	0	0	0	0	0	0	0	0	0	0	0	0	0	0	0	0	0	0	0	0	0	0	0	0	0	0	0	0	0	0	0	0	0	0	0	0	30	40	40	50	30	30	20	30	20
complete calculus course for machine learning						0	0	0	0	0	0	0	0	0	0	0	0	0	0	0	0	0	0	0	0	0	0	0	0	0	0	0	0	0	0	0	0	0	0	0	0	0	0	0	0	0	0	0	0	0	0	0	0
complete machine learning course zero to hero						0	0	0	0	0	0	0	0	0	0	0	0	0	0	0	0	0	0	0	0	0	0	0	0	0	0	0	0	0	0	0	0	0	0	0	0	0	0	0	0	0	0	0	0	0	0	0	0
comprehensive machine learning course						0	0	0	0	0	0	0	0	0	0	0	0	0	0	0	0	0	0	0	0	0	0	0	0	0	0	0	0	0	0	0	0	0	0	0	0	0	0	0	0	0	0	0	0	0	0	0	0
computer science courses for machine learning engineer						0	0	0	0	0	0	0	0	0	0	0	0	0	0	0	0	0	0	0	0	0	0	0	0	0	0	0	0	0	0	0	0	0	0	0	0	0	0	0	0	0	0	0	0	0	0	0	0
computer science machine learning course						0	0	0	0	0	0	0	0	0	0	0	0	0	0	0	0	0	0	0	0	0	0	0	0	0	0	0	0	0	0	0	0	0	0	0	0	0	0	0	0	0	0	0	0	0	0	0	0
computer science machine learning course u of u						0	0	0	0	0	0	0	0	0	0	0	0	0	0	0	0	0	0	0	0	0	0	0	0	0	0	0	0	0	0	0	0	0	0	0	0	0	0	0	0	0	0	0	0	0	0	0	0
computer vision and machine learning course						0	0	0	0	0	0	0	0	0	0	0	0	0	0	0	0	0	0	0	0	0	0	0	0	0	0	0	0	0	0	0	0	0	0	0	0	0	0	0	0	0	0	0	0	0	0	0	0
comsats uni machine learning course outline						0	0	0	0	0	0	0	0	0	0	0	0	0	0	0	0	0	0	0	0	0	0	0	0	0	0	0	0	0	0	0	0	0	0	0	0	0	0	0	0	0	0	0	0	0	0	0	0
convex optimization for machine learning course						0	0	0	0	0	0	0	0	0	0	0	0	0	0	0	0	0	0	0	0	0	0	0	0	0	0	0	0	0	0	0	0	0	0	0	0	0	0	0	0	0	0	0	0	0	0	0	0
convex optimization for machine learning course videos						0	0	0	0	0	0	0	0	0	0	0	0	0	0	0	0	0	0	0	0	0	0	0	0	0	0	0	0	0	0	0	0	0	0	0	0	0	0	0	0	0	0	0	0	0	0	0	0
convex optimization machine learning course						0	0	0	0	0	0	0	0	0	0	0	0	0	0	0	0	0	0	0	0	0	0	0	0	0	0	0	0	0	0	0	0	0	0	0	0	0	0	0	0	0	0	0	0	0	0	0	0
convex optimization machine learning courses						0	0	0	0	0	0	0	0	0	0	0	0	0	0	0	0	0	0	0	0	0	0	0	0	0	0	0	0	0	0	0	0	0	0	0	0	0	0	0	0	0	0	0	0	0	0	0	0
core courses for a phd in machine learning						0	0	0	0	0	0	0	0	0	0	0	0	0	0	0	0	0	0	0	0	0	0	0	0	0	0	0	0	0	0	0	0	0	0	0	0	0	0	0	0	0	0	0	0	0	0	0	0
cornell machine learning online course						0	0	0	0	0	0	0	0	0	0	0	0	0	0	0	0	0	0	0	0	0	0	0	0	0	0	0	0	0	0	0	0	0	0	0	0	0	0	0	0	0	0	0	0	0	0	0	0
corsair duke course machine learning						0	0	0	0	0	0	0	0	0	0	0	0	0	0	0	0	0	0	0	0	0	0	0	0	0	0	0	0	0	0	0	0	0	0	0	0	0	0	0	0	0	0	0	0	0	0	0	0
cost of machine learning course coursera						0	0	0	0	0	0	0	0	0	0	0	0	0	0	0	0	0	0	0	0	0	0	0	0	0	0	0	0	0	0	0	0	0	0	0	0	0	0	0	0	0	0	0	0	0	0	0	0
cost of machine learning course on coursera						0	0	0	0	0	0	0	0	0	0	0	0	0	0	0	0	0	0	0	0	0	0	0	0	0	0	0	0	0	0	0	0	0	0	0	0	0	0	0	0	0	0	0	0	0	0	0	0
cours prompt engineering	30	Medium	49	0.982356	6.235266	0	0	0	0	0	0	0	0	0	0	0	0	0	0	0	0	0	0	0	0	0	0	0	0	0	0	0	0	0	0	50	40	20	30	40	40	30	30	20	30	30	30	40	30	30	30	30	20
course 3 structuring machine learning projects						0	0	0	0	0	0	0	0	0	0	0	0	0	0	0	0	0	0	0	0	0	0	0	0	0	0	0	0	0	0	0	0	0	0	0	0	0	0	0	0	0	0	0	0	0	0	0	0
course contents of machine learning						0	0	0	0	0	0	0	0	0	0	0	0	0	0	0	0	0	0	0	0	0	0	0	0	0	0	0	0	0	0	0	0	0	0	0	0	0	0	0	0	0	0	0	0	0	0	0	0
course done machine learning						0	0	0	0	0	0	0	0	0	0	0	0	0	0	0	0	0	0	0	0	0	0	0	0	0	0	0	0	0	0	0	0	0	0	0	0	0	0	0	0	0	0	0	0	0	0	0	0
course for ai and machine learning	140	High	72	0.533877	2.408684	20	20	20	30	40	30	30	20	30	30	40	50	50	50	90	90	90	90	50	50	70	70	70	50	70	50	70	50	50	50	50	40	50	70	110	90	140	110	140	140	170	140	140	110	110	90	110	140
course for machine learning engineer						0	0	0	0	0	0	0	0	0	0	0	0	0	0	0	0	0	0	0	0	0	0	0	0	0	0	0	0	0	0	0	0	0	0	0	0	0	0	0	0	0	0	0	0	0	0	0	0
course for machine learning on detect wafer						0	0	0	0	0	0	0	0	0	0	0	0	0	0	0	0	0	0	0	0	0	0	0	0	0	0	0	0	0	0	0	0	0	0	0	0	0	0	0	0	0	0	0	0	0	0	0	0
course for python and machine learning	10	High	83	0.323416	3.188851	0	0	0	0	0	0	0	0	0	0	0	0	0	0	0	0	0	0	0	0	0	0	0	0	0	0	0	0	20	20	20	20	20	10	20	20	10	10	20	10	10	10	10	10	10	10	10	10
course gatech machine learning theory vs machine learning						0	0	0	0	0	0	0	0	0	0	0	0	0	0	0	0	0	0	0	0	0	0	0	0	0	0	0	0	0	0	0	0	0	0	0	0	0	0	0	0	0	0	0	0	0	0	0	0
course in machine learning by haldaume						0	0	0	0	0	0	0	0	0	0	0	0	0	0	0	0	0	0	0	0	0	0	0	0	0	0	0	0	0	0	0	0	0	0	0	0	0	0	0	0	0	0	0	0	0	0	0	0
course in machine learning ciml						0	0	0	0	0	0	0	0	0	0	0	0	0	0	0	0	0	0	0	0	0	0	0	0	0	0	0	0	0	0	0	0	0	0	0	0	0	0	0	0	0	0	0	0	0	0	0	0
course in machine learning hal daume						0	0	0	0	0	0	0	0	0	0	0	0	0	0	0	0	0	0	0	0	0	0	0	0	0	0	0	0	0	0	0	0	0	0	0	0	0	0	0	0	0	0	0	0	0	0	0	0
course in machine learning matlab						0	0	0	0	0	0	0	0	0	0	0	0	0	0	0	0	0	0	0	0	0	0	0	0	0	0	0	0	0	0	0	0	0	0	0	0	0	0	0	0	0	0	0	0	0	0	0	0
course in privacy and machine learning						0	0	0	0	0	0	0	0	0	0	0	0	0	0	0	0	0	0	0	0	0	0	0	0	0	0	0	0	0	0	0	0	0	0	0	0	0	0	0	0	0	0	0	0	0	0	0	0
course in privacy sensitive machine learning						0	0	0	0	0	0	0	0	0	0	0	0	0	0	0	0	0	0	0	0	0	0	0	0	0	0	0	0	0	0	0	0	0	0	0	0	0	0	0	0	0	0	0	0	0	0	0	0
course learning objectives of machine design						0	0	0	0	0	0	0	0	0	0	0	0	0	0	0	0	0	0	0	0	0	0	0	0	0	0	0	0	0	0	0	0	0	0	0	0	0	0	0	0	0	0	0	0	0	0	0	0
course learning objectives of theory of machines						0	0	0	0	0	0	0	0	0	0	0	0	0	0	0	0	0	0	0	0	0	0	0	0	0	0	0	0	0	0	0	0	0	0	0	0	0	0	0	0	0	0	0	0	0	0	0	0
course machine learning a probabilistic perspective						0	0	0	0	0	0	0	0	0	0	0	0	0	0	0	0	0	0	0	0	0	0	0	0	0	0	0	0	0	0	0	0	0	0	0	0	0	0	0	0	0	0	0	0	0	0	0	0
course machine learning applied						0	0	0	0	0	0	0	0	0	0	0	0	0	0	0	0	0	0	0	0	0	0	0	0	0	0	0	0	0	0	0	0	0	0	0	0	0	0	0	0	0	0	0	0	0	0	0	0
course machine learning credit risk analys						0	0	0	0	0	0	0	0	0	0	0	0	0	0	0	0	0	0	0	0	0	0	0	0	0	0	0	0	0	0	0	0	0	0	0	0	0	0	0	0	0	0	0	0	0	0	0	0
course machine learning crypto market						0	0	0	0	0	0	0	0	0	0	0	0	0	0	0	0	0	0	0	0	0	0	0	0	0	0	0	0	0	0	0	0	0	0	0	0	0	0	0	0	0	0	0	0	0	0	0	0
course machine learning matlab						0	0	0	0	0	0	0	0	0	0	0	0	0	0	0	0	0	0	0	0	0	0	0	0	0	0	0	0	0	0	0	0	0	0	0	0	0	0	0	0	0	0	0	0	0	0	0	0
course machine learning r						0	0	0	0	0	0	0	0	0	0	0	0	0	0	0	0	0	0	0	0	0	0	0	0	0	0	0	0	0	0	0	0	0	0	0	0	0	0	0	0	0	0	0	0	0	0	0	0
course machine learning trading						0	0	0	0	0	0	0	0	0	0	0	0	0	0	0	0	0	0	0	0	0	0	0	0	0	0	0	0	0	0	0	0	0	0	0	0	0	0	0	0	0	0	0	0	0	0	0	0
course mathematics for machine learning	20	High	91	0.591282	2.689461	0	0	0	0	0	0	0	0	0	0	0	0	0	0	0	0	0	0	0	0	0	0	0	0	0	0	0	0	0	0	20	20	10	10	20	20	30	20	20	10	20	20	20	20	10	10	10	10
course on bayesian machine learning						0	0	0	0	0	0	0	0	0	0	0	0	0	0	0	0	0	0	0	0	0	0	0	0	0	0	0	0	0	0	0	0	0	0	0	0	0	0	0	0	0	0	0	0	0	0	0	0
course online machine learning iw						0	0	0	0	0	0	0	0	0	0	0	0	0	0	0	0	0	0	0	0	0	0	0	0	0	0	0	0	0	0	0	0	0	0	0	0	0	0	0	0	0	0	0	0	0	0	0	0
course online machine learning ia						0	0	0	0	0	0	0	0	0	0	0	0	0	0	0	0	0	0	0	0	0	0	0	0	0	0	0	0	0	0	0	0	0	0	0	0	0	0	0	0	0	0	0	0	0	0	0	0
course online machine learning uw						0	0	0	0	0	0	0	0	0	0	0	0	0	0	0	0	0	0	0	0	0	0	0	0	0	0	0	0	0	0	0	0	0	0	0	0	0	0	0	0	0	0	0	0	0	0	0	0
course outcomes of artificial intelligence and machine learning	10	Low	22			0	0	0	0	0	0	0	0	0	0	0	0	0	0	0	0	0	0	0	0	0	0	0	0	0	0	0	0	0	0	0	0	0	0	0	0	0	0	0	0	0	0	0	30	20	20	10	10
course relevant to machine learning						0	0	0	0	0	0	0	0	0	0	0	0	0	0	0	0	0	0	0	0	0	0	0	0	0	0	0	0	0	0	0	0	0	0	0	0	0	0	0	0	0	0	0	0	0	0	0	0
course to take for machine learning ai ucsd redddit						0	0	0	0	0	0	0	0	0	0	0	0	0	0	0	0	0	0	0	0	0	0	0	0	0	0	0	0	0	0	0	0	0	0	0	0	0	0	0	0	0	0	0	0	0	0	0	0
course work in ai and machine learning umd						0	0	0	0	0	0	0	0	0	0	0	0	0	0	0	0	0	0	0	0	0	0	0	0	0	0	0	0	0	0	0	0	0	0	0	0	0	0	0	0	0	0	0	0	0	0	0	0
coursea machine learning courses						0	0	0	0	0	0	0	0	0	0	0	0	0	0	0	0	0	0	0	0	0	0	0	0	0	0	0	0	0	0	0	0	0	0	0	0	0	0	0	0	0	0	0	0	0	0	0	0
coursear machine learning						0	0	0	0	0	0	0	0	0	0	0	0	0	0	0	0	0	0	0	0	0	0	0	0	0	0	0	0	0	0	0	0	0	0	0	0	0	0	0	0	0	0	0	0	0	0	0	0
courser applied machine learning						0	0	0	0	0	0	0	0	0	0	0	0	0	0	0	0	0	0	0	0	0	0	0	0	0	0	0	0	0	0	0	0	0	0	0	0	0	0	0	0	0	0	0	0	0	0	0	0
courser machine learning answers						0	0	0	0	0	0	0	0	0	0	0	0	0	0	0	0	0	0	0	0	0	0	0	0	0	0	0	0	0	0	0	0	0	0	0	0	0	0	0	0	0	0	0	0	0	0	0	0
coursera ai and machine learning courses	390	Low	3	0.394615	7.06	0	0	0	0	0	0	0	0	0	0	0	0	0	0	0	0	0	0	0	0	0	0	0	0	0	0	0	0	0	0	0	0	0	0	0	0	110	320	390	590	590	390	390	480	390	260	320	390
coursera andrew ng machine learning course certificate						0	0	0	0	0	0	0	0	0	0	0	0	0	0	0	0	0	0	0	0	0	0	0	0	0	0	0	0	0	0	0	0	0	0	0	0	0	0	0	0	0	0	0	0	0	0	0	0
coursera best free courses python machine learning						0	0	0	0	0	0	0	0	0	0	0	0	0	0	0	0	0	0	0	0	0	0	0	0	0	0	0	0	0	0	0	0	0	0	0	0	0	0	0	0	0	0	0	0	0	0	0	0
coursera machine learning course week2 price is 0						0	0	0	0	0	0	0	0	0	0	0	0	0	0	0	0	0	0	0	0	0	0	0	0	0	0	0	0	0	0	0	0	0	0	0	0	0	0	0	0	0	0	0	0	0	0	0	0
coursera machine learning waiver course masters computer science						0	0	0	0	0	0	0	0	0	0	0	0	0	0	0	0	0	0	0	0	0	0	0	0	0	0	0	0	0	0	0	0	0	0	0	0	0	0	0	0	0	0	0	0	0	0	0	0
courses for ai and machine learning	140	High	72	0.533877	2.408684	20	20	20	30	40	30	30	20	30	30	40	50	50	50	90	90	90	90	50	50	70	70	70	50	70	50	70	50	50	50	50	40	50	70	110	90	140	110	140	140	170	140	140	110	110	90	110	140
courses for machine learning and ai	20	Medium	58	0.684264	5.99544	0	0	0	0	0	0	0	0	0	0	0	0	0	0	0	0	30	30	40	30	30	30	30	40	30	20	40	20	20	30	30	20	10	20	20	20	20	20	30	30	20	10	10	20	10	10	10	10
courses for phd machine learning						0	0	0	0	0	0	0	0	0	0	0	0	0	0	0	0	0	0	0	0	0	0	0	0	0	0	0	0	0	0	0	0	0	0	0	0	0	0	0	0	0	0	0	0	0	0	0	0
courses in ai and machine learning for beginners						0	0	0	0	0	0	0	0	0	0	0	0	0	0	0	0	0	0	0	0	0	0	0	0	0	0	0	0	0	0	0	0	0	0	0	0	0	0	0	0	0	0	0	0	0	0	0	0
courses in machine learning college						0	0	0	0	0	0	0	0	0	0	0	0	0	0	0	0	0	0	0	0	0	0	0	0	0	0	0	0	0	0	0	0	0	0	0	0	0	0	0	0	0	0	0	0	0	0	0	0
courses machine learning brown						0	0	0	0	0	0	0	0	0	0	0	0	0	0	0	0	0	0	0	0	0	0	0	0	0	0	0	0	0	0	0	0	0	0	0	0	0	0	0	0	0	0	0	0	0	0	0	0
courses machine learning ng answers						0	0	0	0	0	0	0	0	0	0	0	0	0	0	0	0	0	0	0	0	0	0	0	0	0	0	0	0	0	0	0	0	0	0	0	0	0	0	0	0	0	0	0	0	0	0	0	0
courses on machine learning udacity						0	0	0	0	0	0	0	0	0	0	0	0	0	0	0	0	0	0	0	0	0	0	0	0	0	0	0	0	0	0	0	0	0	0	0	0	0	0	0	0	0	0	0	0	0	0	0	0
courses on statistics for machine learning						0	0	0	0	0	0	0	0	0	0	0	0	0	0	0	0	0	0	0	0	0	0	0	0	0	0	0	0	0	0	0	0	0	0	0	0	0	0	0	0	0	0	0	0	0	0	0	0
courses required for deep machine learning						0	0	0	0	0	0	0	0	0	0	0	0	0	0	0	0	0	0	0	0	0	0	0	0	0	0	0	0	0	0	0	0	0	0	0	0	0	0	0	0	0	0	0	0	0	0	0	0
courses that use machine learning a probabilistic prespective						0	0	0	0	0	0	0	0	0	0	0	0	0	0	0	0	0	0	0	0	0	0	0	0	0	0	0	0	0	0	0	0	0	0	0	0	0	0	0	0	0	0	0	0	0	0	0	0
courses to take for machine learning						0	0	0	0	0	0	0	0	0	0	0	0	0	0	0	0	0	0	0	0	0	0	0	0	0	0	0	0	0	0	0	0	0	0	0	0	0	0	0	0	0	0	0	0	0	0	0	0
coursiv io	5400	Medium	48	0.873537	7.974443	0	0	0	0	0	0	0	0	0	0	0	0	0	0	0	0	0	390	1300	1000	1900	1900	2900	2400	2400	1600	1900	2900	5400	5400	3600	5400	4400	9900	8100	5400	4400	4400	4400	6600	6600	6600	5400	5400	4400	4400	8100	4400
crash course computer science machine learning						0	0	0	0	0	0	0	0	0	0	0	0	0	0	0	0	0	0	0	0	0	0	0	0	0	0	0	0	0	0	0	0	0	0	0	0	0	0	0	0	0	0	0	0	0	0	0	0
crash course for machine learning						0	0	0	0	0	0	0	0	0	0	0	0	0	0	0	0	0	0	0	0	0	0	0	0	0	0	0	0	0	0	0	0	0	0	0	0	0	0	0	0	0	0	0	0	0	0	0	0
crash course in python for machine learning developers						0	0	0	0	0	0	0	0	0	0	0	0	0	0	0	0	0	0	0	0	0	0	0	0	0	0	0	0	0	0	0	0	0	0	0	0	0	0	0	0	0	0	0	0	0	0	0	0
crash course to machine learning						0	0	0	0	0	0	0	0	0	0	0	0	0	0	0	0	0	0	0	0	0	0	0	0	0	0	0	0	0	0	0	0	0	0	0	0	0	0	0	0	0	0	0	0	0	0	0	0
credit risk machine learning courses online						0	0	0	0	0	0	0	0	0	0	0	0	0	0	0	0	0	0	0	0	0	0	0	0	0	0	0	0	0	0	0	0	0	0	0	0	0	0	0	0	0	0	0	0	0	0	0	0
cs 229 machine learning course						0	0	0	0	0	0	0	0	0	0	0	0	0	0	0	0	0	0	0	0	0	0	0	0	0	0	0	0	0	0	0	0	0	0	0	0	0	0	0	0	0	0	0	0	0	0	0	0
cs 229 machine learning course handouts						0	0	0	0	0	0	0	0	0	0	0	0	0	0	0	0	0	0	0	0	0	0	0	0	0	0	0	0	0	0	0	0	0	0	0	0	0	0	0	0	0	0	0	0	0	0	0	0
cs courses uiuc machine learning						0	0	0	0	0	0	0	0	0	0	0	0	0	0	0	0	0	0	0	0	0	0	0	0	0	0	0	0	0	0	0	0	0	0	0	0	0	0	0	0	0	0	0	0	0	0	0	0
cs machine learning course						0	0	0	0	0	0	0	0	0	0	0	0	0	0	0	0	0	0	0	0	0	0	0	0	0	0	0	0	0	0	0	0	0	0	0	0	0	0	0	0	0	0	0	0	0	0	0	0
cs machine learning course duke						0	0	0	0	0	0	0	0	0	0	0	0	0	0	0	0	0	0	0	0	0	0	0	0	0	0	0	0	0	0	0	0	0	0	0	0	0	0	0	0	0	0	0	0	0	0	0	0
cs229 course machine learning						0	0	0	0	0	0	0	0	0	0	0	0	0	0	0	0	0	0	0	0	0	0	0	0	0	0	0	0	0	0	0	0	0	0	0	0	0	0	0	0	0	0	0	0	0	0	0	0
cs229 machine learning course	20	Low	31			0	0	0	0	0	0	0	0	0	0	0	0	0	0	0	0	0	0	0	0	0	0	0	0	0	0	0	0	0	0	0	0	0	0	0	20	40	10	10	10	10	20	10	20	90	10	10	10
cs314 introduction to machine learning course outline						0	0	0	0	0	0	0	0	0	0	0	0	0	0	0	0	0	0	0	0	0	0	0	0	0	0	0	0	0	0	0	0	0	0	0	0	0	0	0	0	0	0	0	0	0	0	0	0
cs50 harvard 2026	70	Low	15	0.405203	2.146777	0	0	0	0	0	0	0	0	0	0	0	0	0	0	0	0	0	0	0	0	0	0	0	0	0	0	0	0	0	0	0	0	0	0	0	0	0	0	0	0	0	0	0	0	30	90	390	260
cs50s introduction to ai with python harvard edx						0	0	0	0	0	0	0	0	0	0	0	0	0	0	0	0	0	0	0	0	0	0	0	0	0	0	0	0	0	0	0	0	0	0	0	0	0	0	0	0	0	0	0	0	0	0	0	0
cu boulder machine learning course						0	0	0	0	0	0	0	0	0	0	0	0	0	0	0	0	0	0	0	0	0	0	0	0	0	0	0	0	0	0	0	0	0	0	0	0	0	0	0	0	0	0	0	0	0	0	0	0
cuda machine learning course						0	0	0	0	0	0	0	0	0	0	0	0	0	0	0	0	0	0	0	0	0	0	0	0	0	0	0	0	0	0	0	0	0	0	0	0	0	0	0	0	0	0	0	0	0	0	0	0
cuhk machine learning course						0	0	0	0	0	0	0	0	0	0	0	0	0	0	0	0	0	0	0	0	0	0	0	0	0	0	0	0	0	0	0	0	0	0	0	0	0	0	0	0	0	0	0	0	0	0	0	0
curso ia harvard	90	High	68	0.486762	2.390266	0	0	0	0	0	0	0	0	0	0	0	0	0	0	0	0	0	0	0	0	0	0	0	10	10	20	20	30	30	20	40	50	30	40	50	70	50	70	70	70	70	90	50	50	40	90	260	170
cursos de ia google gratis	110	Medium	52	0.200413	2.12678	0	0	0	0	0	0	0	0	0	0	0	0	0	0	0	0	0	0	0	0	0	0	0	0	0	0	0	0	50	50	40	50	40	30	40	30	40	50	70	110	70	50	90	70	90	140	260	210
cyber security machine learning course						0	0	0	0	0	0	0	0	0	0	0	0	0	0	0	0	0	0	0	0	0	0	0	0	0	0	0	0	0	0	0	0	0	0	0	0	0	0	0	0	0	0	0	0	0	0	0	0
cybersecurity machine learning course						0	0	0	0	0	0	0	0	0	0	0	0	0	0	0	0	0	0	0	0	0	0	0	0	0	0	0	0	0	0	0	0	0	0	0	0	0	0	0	0	0	0	0	0	0	0	0	0
daniel hsu machine learning course						0	0	0	0	0	0	0	0	0	0	0	0	0	0	0	0	0	0	0	0	0	0	0	0	0	0	0	0	0	0	0	0	0	0	0	0	0	0	0	0	0	0	0	0	0	0	0	0
data analysis and machine learning course	30	Medium	57	0.679424	2.64667	0	0	0	0	0	0	0	0	0	0	0	0	0	0	0	0	20	30	40	20	20	20	30	20	20	20	40	50	50	50	30	30	30	30	40	40	40	30	40	40	20	30	20	10	20	20	30	10
data analysis machine learning course						0	0	0	0	0	0	0	0	0	0	0	0	0	0	0	0	0	0	0	0	0	0	0	0	0	0	0	0	0	0	0	0	0	0	0	0	0	0	0	0	0	0	0	0	0	0	0	0
data analyst and machine learning course	10	High	86			0	0	0	0	0	0	0	0	0	0	0	0	0	0	0	0	0	0	0	0	0	0	0	0	0	0	0	0	0	0	0	0	0	0	0	0	20	20	20	30	20	20	10	10	10	10	10	10
data analytics and machine learning courses in pune						0	0	0	0	0	0	0	0	0	0	0	0	0	0	0	0	0	0	0	0	0	0	0	0	0	0	0	0	0	0	0	0	0	0	0	0	0	0	0	0	0	0	0	0	0	0	0	0
data analytics and machine learning online course						0	0	0	0	0	0	0	0	0	0	0	0	0	0	0	0	0	0	0	0	0	0	0	0	0	0	0	0	0	0	0	0	0	0	0	0	0	0	0	0	0	0	0	0	0	0	0	0
data analytics machine learning courses						0	0	0	0	0	0	0	0	0	0	0	0	0	0	0	0	0	0	0	0	0	0	0	0	0	0	0	0	0	0	0	0	0	0	0	0	0	0	0	0	0	0	0	0	0	0	0	0
data preparation machine learning course						0	0	0	0	0	0	0	0	0	0	0	0	0	0	0	0	0	0	0	0	0	0	0	0	0	0	0	0	0	0	0	0	0	0	0	0	0	0	0	0	0	0	0	0	0	0	0	0
data preprocessing for machine learning using matlab course						0	0	0	0	0	0	0	0	0	0	0	0	0	0	0	0	0	0	0	0	0	0	0	0	0	0	0	0	0	0	0	0	0	0	0	0	0	0	0	0	0	0	0	0	0	0	0	0
data science ai and machine learning courses						0	0	0	0	0	0	0	0	0	0	0	0	0	0	0	0	0	0	0	0	0	0	0	0	0	0	0	0	0	0	0	0	0	0	0	0	0	0	0	0	0	0	0	0	0	0	0	0
data science and machine learning certification training course						0	0	0	0	0	0	0	0	0	0	0	0	0	0	0	0	0	0	0	0	0	0	0	0	0	0	0	0	0	0	0	0	0	0	0	0	0	0	0	0	0	0	0	0	0	0	0	0
data science and machine learning course in chennai						0	0	0	0	0	0	0	0	0	0	0	0	0	0	0	0	0	0	0	0	0	0	0	0	0	0	0	0	0	0	0	0	0	0	0	0	0	0	0	0	0	0	0	0	0	0	0	0
data science and machine learning course in germany						0	0	0	0	0	0	0	0	0	0	0	0	0	0	0	0	0	0	0	0	0	0	0	0	0	0	0	0	0	0	0	0	0	0	0	0	0	0	0	0	0	0	0	0	0	0	0	0
data science and machine learning course in gurgaon						0	0	0	0	0	0	0	0	0	0	0	0	0	0	0	0	0	0	0	0	0	0	0	0	0	0	0	0	0	0	0	0	0	0	0	0	0	0	0	0	0	0	0	0	0	0	0	0
data science and machine learning course in thane						0	0	0	0	0	0	0	0	0	0	0	0	0	0	0	0	0	0	0	0	0	0	0	0	0	0	0	0	0	0	0	0	0	0	0	0	0	0	0	0	0	0	0	0	0	0	0	0
data science and machine learning courses in canada						0	0	0	0	0	0	0	0	0	0	0	0	0	0	0	0	0	0	0	0	0	0	0	0	0	0	0	0	0	0	0	0	0	0	0	0	0	0	0	0	0	0	0	0	0	0	0	0
data science and machine learning in space courses						0	0	0	0	0	0	0	0	0	0	0	0	0	0	0	0	0	0	0	0	0	0	0	0	0	0	0	0	0	0	0	0	0	0	0	0	0	0	0	0	0	0	0	0	0	0	0	0
data science and machine learning using python bootcamp qazi course						0	0	0	0	0	0	0	0	0	0	0	0	0	0	0	0	0	0	0	0	0	0	0	0	0	0	0	0	0	0	0	0	0	0	0	0	0	0	0	0	0	0	0	0	0	0	0	0
data science and machine learning with python course						0	0	0	0	0	0	0	0	0	0	0	0	0	0	0	0	0	0	0	0	0	0	0	0	0	0	0	0	0	0	0	0	0	0	0	0	0	0	0	0	0	0	0	0	0	0	0	0
data science and machine learning with python hands on course						0	0	0	0	0	0	0	0	0	0	0	0	0	0	0	0	0	0	0	0	0	0	0	0	0	0	0	0	0	0	0	0	0	0	0	0	0	0	0	0	0	0	0	0	0	0	0	0
data science big data machine learning and artificial intelligence course						0	0	0	0	0	0	0	0	0	0	0	0	0	0	0	0	0	0	0	0	0	0	0	0	0	0	0	0	0	0	0	0	0	0	0	0	0	0	0	0	0	0	0	0	0	0	0	0
data science course python machine learning 2025						0	0	0	0	0	0	0	0	0	0	0	0	0	0	0	0	0	0	0	0	0	0	0	0	0	0	0	0	0	0	0	0	0	0	0	0	0	0	0	0	0	0	0	0	0	0	0	0
data science machine learning and artificial intelligence courses						0	0	0	0	0	0	0	0	0	0	0	0	0	0	0	0	0	0	0	0	0	0	0	0	0	0	0	0	0	0	0	0	0	0	0	0	0	0	0	0	0	0	0	0	0	0	0	0
data science machine learning course london						0	0	0	0	0	0	0	0	0	0	0	0	0	0	0	0	0	0	0	0	0	0	0	0	0	0	0	0	0	0	0	0	0	0	0	0	0	0	0	0	0	0	0	0	0	0	0	0
data science with machine learning and data analytics course						0	0	0	0	0	0	0	0	0	0	0	0	0	0	0	0	0	0	0	0	0	0	0	0	0	0	0	0	0	0	0	0	0	0	0	0	0	0	0	0	0	0	0	0	0	0	0	0
data science with python machine learning nyc course download						0	0	0	0	0	0	0	0	0	0	0	0	0	0	0	0	0	0	0	0	0	0	0	0	0	0	0	0	0	0	0	0	0	0	0	0	0	0	0	0	0	0	0	0	0	0	0	0
databricks machine learning course	40	Medium	45	0.617845	4.856971	0	0	0	0	0	0	0	0	0	0	0	0	0	0	0	0	0	0	0	0	0	0	0	30	30	30	50	40	140	90	40	50	50	50	40	30	30	30	30	50	50	30	40	40	40	30	50	30
datacamp certificate machine learning course						0	0	0	0	0	0	0	0	0	0	0	0	0	0	0	0	0	0	0	0	0	0	0	0	0	0	0	0	0	0	0	0	0	0	0	0	0	0	0	0	0	0	0	0	0	0	0	0
datacamp certificate machine learning course free						0	0	0	0	0	0	0	0	0	0	0	0	0	0	0	0	0	0	0	0	0	0	0	0	0	0	0	0	0	0	0	0	0	0	0	0	0	0	0	0	0	0	0	0	0	0	0	0
datacamp course intro to machine learning						0	0	0	0	0	0	0	0	0	0	0	0	0	0	0	0	0	0	0	0	0	0	0	0	0	0	0	0	0	0	0	0	0	0	0	0	0	0	0	0	0	0	0	0	0	0	0	0
datacamp machine learning course review						0	0	0	0	0	0	0	0	0	0	0	0	0	0	0	0	0	0	0	0	0	0	0	0	0	0	0	0	0	0	0	0	0	0	0	0	0	0	0	0	0	0	0	0	0	0	0	0
datacamp machine learning python course						0	0	0	0	0	0	0	0	0	0	0	0	0	0	0	0	0	0	0	0	0	0	0	0	0	0	0	0	0	0	0	0	0	0	0	0	0	0	0	0	0	0	0	0	0	0	0	0
datamites data science courses tableau machine learning python bengaluru						0	0	0	0	0	0	0	0	0	0	0	0	0	0	0	0	0	0	0	0	0	0	0	0	0	0	0	0	0	0	0	0	0	0	0	0	0	0	0	0	0	0	0	0	0	0	0	0
deep learning courses after machine learning						0	0	0	0	0	0	0	0	0	0	0	0	0	0	0	0	0	0	0	0	0	0	0	0	0	0	0	0	0	0	0	0	0	0	0	0	0	0	0	0	0	0	0	0	0	0	0	0
deep learning for machine vision purdue course						0	0	0	0	0	0	0	0	0	0	0	0	0	0	0	0	0	0	0	0	0	0	0	0	0	0	0	0	0	0	0	0	0	0	0	0	0	0	0	0	0	0	0	0	0	0	0	0
deep learning for machine vision purdue ie course						0	0	0	0	0	0	0	0	0	0	0	0	0	0	0	0	0	0	0	0	0	0	0	0	0	0	0	0	0	0	0	0	0	0	0	0	0	0	0	0	0	0	0	0	0	0	0	0
deep learning foundations and concepts	1900	Low	23	0.465505	4.024961	0	0	0	0	0	0	0	0	0	0	0	0	0	0	0	0	0	0	0	0	720	5400	4400	2400	2400	5400	2900	2400	1900	1900	2400	2400	1900	1900	2900	1900	1900	1600	1900	2400	1900	1600	1900	1900	1600	1900	1900	1600
deep learning indaba 2026	90	Low	1	0.908968	2.566715	0	0	0	0	0	0	0	0	0	0	0	0	0	0	0	0	0	0	0	0	0	0	0	0	0	0	0	0	0	0	0	0	0	0	0	0	0	0	0	0	20	90	70	70	90	140	260	390
deep learning specialization andrew ng coursera	170	Medium	42	0.479563	3.437419	0	0	0	0	0	0	0	0	0	0	0	0	0	0	0	0	0	0	0	0	0	0	0	0	0	0	0	0	0	0	0	20	20	20	50	170	260	140	170	210	210	260	260	140	110	90	110	90
deep machine learning course						0	0	0	0	0	0	0	0	0	0	0	0	0	0	0	0	0	0	0	0	0	0	0	0	0	0	0	0	0	0	0	0	0	0	0	0	0	0	0	0	0	0	0	0	0	0	0	0
deep machine learning courses						0	0	0	0	0	0	0	0	0	0	0	0	0	0	0	0	0	0	0	0	0	0	0	0	0	0	0	0	0	0	0	0	0	0	0	0	0	0	0	0	0	0	0	0	0	0	0	0
dennis shasha machine learning course						0	0	0	0	0	0	0	0	0	0	0	0	0	0	0	0	0	0	0	0	0	0	0	0	0	0	0	0	0	0	0	0	0	0	0	0	0	0	0	0	0	0	0	0	0	0	0	0
department of machine learning and statistics cmu courses						0	0	0	0	0	0	0	0	0	0	0	0	0	0	0	0	0	0	0	0	0	0	0	0	0	0	0	0	0	0	0	0	0	0	0	0	0	0	0	0	0	0	0	0	0	0	0	0
deploying machine learning models course						0	0	0	0	0	0	0	0	0	0	0	0	0	0	0	0	0	0	0	0	0	0	0	0	0	0	0	0	0	0	0	0	0	0	0	0	0	0	0	0	0	0	0	0	0	0	0	0
developer machine learning crash course						0	0	0	0	0	0	0	0	0	0	0	0	0	0	0	0	0	0	0	0	0	0	0	0	0	0	0	0	0	0	0	0	0	0	0	0	0	0	0	0	0	0	0	0	0	0	0	0
developers machine learning crash course						0	0	0	0	0	0	0	0	0	0	0	0	0	0	0	0	0	0	0	0	0	0	0	0	0	0	0	0	0	0	0	0	0	0	0	0	0	0	0	0	0	0	0	0	0	0	0	0
difference supervised between unsupervised machine learning course hero						0	0	0	0	0	0	0	0	0	0	0	0	0	0	0	0	0	0	0	0	0	0	0	0	0	0	0	0	0	0	0	0	0	0	0	0	0	0	0	0	0	0	0	0	0	0	0	0
diplomado prompt engineering	10	High	70	0.496341	2.794304	0	0	0	0	0	0	0	0	0	0	0	0	0	0	0	0	0	0	0	0	0	0	0	0	0	0	0	0	0	0	0	0	0	0	0	0	0	0	0	0	20	20	10	10	10	10	10	20
do we need digital image processing course for machine learning						0	0	0	0	0	0	0	0	0	0	0	0	0	0	0	0	0	0	0	0	0	0	0	0	0	0	0	0	0	0	0	0	0	0	0	0	0	0	0	0	0	0	0	0	0	0	0	0
download linkedin machine learning grundlagen course						0	0	0	0	0	0	0	0	0	0	0	0	0	0	0	0	0	0	0	0	0	0	0	0	0	0	0	0	0	0	0	0	0	0	0	0	0	0	0	0	0	0	0	0	0	0	0	0
download udacity machine learning course						0	0	0	0	0	0	0	0	0	0	0	0	0	0	0	0	0	0	0	0	0	0	0	0	0	0	0	0	0	0	0	0	0	0	0	0	0	0	0	0	0	0	0	0	0	0	0	0
ecommerce analytics big data and machine learning course						0	0	0	0	0	0	0	0	0	0	0	0	0	0	0	0	0	0	0	0	0	0	0	0	0	0	0	0	0	0	0	0	0	0	0	0	0	0	0	0	0	0	0	0	0	0	0	0
edge machine learning course						0	0	0	0	0	0	0	0	0	0	0	0	0	0	0	0	0	0	0	0	0	0	0	0	0	0	0	0	0	0	0	0	0	0	0	0	0	0	0	0	0	0	0	0	0	0	0	0
edinburgh machine learning course						0	0	0	0	0	0	0	0	0	0	0	0	0	0	0	0	0	0	0	0	0	0	0	0	0	0	0	0	0	0	0	0	0	0	0	0	0	0	0	0	0	0	0	0	0	0	0	0
edinburgh machine learning courses						0	0	0	0	0	0	0	0	0	0	0	0	0	0	0	0	0	0	0	0	0	0	0	0	0	0	0	0	0	0	0	0	0	0	0	0	0	0	0	0	0	0	0	0	0	0	0	0
educative machine learning system design course						0	0	0	0	0	0	0	0	0	0	0	0	0	0	0	0	0	0	0	0	0	0	0	0	0	0	0	0	0	0	0	0	0	0	0	0	0	0	0	0	0	0	0	0	0	0	0	0
eduonix machine learning course						0	0	0	0	0	0	0	0	0	0	0	0	0	0	0	0	0	0	0	0	0	0	0	0	0	0	0	0	0	0	0	0	0	0	0	0	0	0	0	0	0	0	0	0	0	0	0	0
edx machine learning course review						0	0	0	0	0	0	0	0	0	0	0	0	0	0	0	0	0	0	0	0	0	0	0	0	0	0	0	0	0	0	0	0	0	0	0	0	0	0	0	0	0	0	0	0	0	0	0	0
elastic machine learning course						0	0	0	0	0	0	0	0	0	0	0	0	0	0	0	0	0	0	0	0	0	0	0	0	0	0	0	0	0	0	0	0	0	0	0	0	0	0	0	0	0	0	0	0	0	0	0	0
element of ai university of helsinki	2400	Medium	58	0.738765	5.888054	90	170	110	90	70	70	110	90	90	90	90	90	110	140	170	170	170	210	210	140	170	170	210	210	210	210	210	210	210	320	390	390	480	590	720	880	1000	1000	1300	1600	2400	3600	2900	2400	1900	2400	3600	4400
embedded machine learning courses	50	Medium	44	0.360397	2.429647	30	40	40	40	40	40	30	30	40	40	20	70	50	40	40	40	50	50	30	40	70	30	40	40	40	30	70	40	50	20	40	70	50	40	50	70	50	50	50	50	70	70	40	40	40	30	20	30
embl machine learning course						0	0	0	0	0	0	0	0	0	0	0	0	0	0	0	0	0	0	0	0	0	0	0	0	0	0	0	0	0	0	0	0	0	0	0	0	0	0	0	0	0	0	0	0	0	0	0	0
end to end machine learning course						0	0	0	0	0	0	0	0	0	0	0	0	0	0	0	0	0	0	0	0	0	0	0	0	0	0	0	0	0	0	0	0	0	0	0	0	0	0	0	0	0	0	0	0	0	0	0	0
endpoint security machine learning course						0	0	0	0	0	0	0	0	0	0	0	0	0	0	0	0	0	0	0	0	0	0	0	0	0	0	0	0	0	0	0	0	0	0	0	0	0	0	0	0	0	0	0	0	0	0	0	0
epfl course machine learning						0	0	0	0	0	0	0	0	0	0	0	0	0	0	0	0	0	0	0	0	0	0	0	0	0	0	0	0	0	0	0	0	0	0	0	0	0	0	0	0	0	0	0	0	0	0	0	0
epfl machine learning course online						0	0	0	0	0	0	0	0	0	0	0	0	0	0	0	0	0	0	0	0	0	0	0	0	0	0	0	0	0	0	0	0	0	0	0	0	0	0	0	0	0	0	0	0	0	0	0	0
eric xing machine learning course						0	0	0	0	0	0	0	0	0	0	0	0	0	0	0	0	0	0	0	0	0	0	0	0	0	0	0	0	0	0	0	0	0	0	0	0	0	0	0	0	0	0	0	0	0	0	0	0
essential courses for machine learning						0	0	0	0	0	0	0	0	0	0	0	0	0	0	0	0	0	0	0	0	0	0	0	0	0	0	0	0	0	0	0	0	0	0	0	0	0	0	0	0	0	0	0	0	0	0	0	0
eth machine learning course						0	0	0	0	0	0	0	0	0	0	0	0	0	0	0	0	0	0	0	0	0	0	0	0	0	0	0	0	0	0	0	0	0	0	0	0	0	0	0	0	0	0	0	0	0	0	0	0
eth zurich machine learning course						0	0	0	0	0	0	0	0	0	0	0	0	0	0	0	0	0	0	0	0	0	0	0	0	0	0	0	0	0	0	0	0	0	0	0	0	0	0	0	0	0	0	0	0	0	0	0	0
executive machine learning course						0	0	0	0	0	0	0	0	0	0	0	0	0	0	0	0	0	0	0	0	0	0	0	0	0	0	0	0	0	0	0	0	0	0	0	0	0	0	0	0	0	0	0	0	0	0	0	0
experimentalist taking machine learning course						0	0	0	0	0	0	0	0	0	0	0	0	0	0	0	0	0	0	0	0	0	0	0	0	0	0	0	0	0	0	0	0	0	0	0	0	0	0	0	0	0	0	0	0	0	0	0	0
fairness in machine learning course						0	0	0	0	0	0	0	0	0	0	0	0	0	0	0	0	0	0	0	0	0	0	0	0	0	0	0	0	0	0	0	0	0	0	0	0	0	0	0	0	0	0	0	0	0	0	0	0
fast ai vs google machine learning course						0	0	0	0	0	0	0	0	0	0	0	0	0	0	0	0	0	0	0	0	0	0	0	0	0	0	0	0	0	0	0	0	0	0	0	0	0	0	0	0	0	0	0	0	0	0	0	0
fast forward lab machine learning course						0	0	0	0	0	0	0	0	0	0	0	0	0	0	0	0	0	0	0	0	0	0	0	0	0	0	0	0	0	0	0	0	0	0	0	0	0	0	0	0	0	0	0	0	0	0	0	0
fastai course machine learning for coders						0	0	0	0	0	0	0	0	0	0	0	0	0	0	0	0	0	0	0	0	0	0	0	0	0	0	0	0	0	0	0	0	0	0	0	0	0	0	0	0	0	0	0	0	0	0	0	0
fastai courses on practical machine learning by jeremyphoward						0	0	0	0	0	0	0	0	0	0	0	0	0	0	0	0	0	0	0	0	0	0	0	0	0	0	0	0	0	0	0	0	0	0	0	0	0	0	0	0	0	0	0	0	0	0	0	0
feature extraction machine learning courses						0	0	0	0	0	0	0	0	0	0	0	0	0	0	0	0	0	0	0	0	0	0	0	0	0	0	0	0	0	0	0	0	0	0	0	0	0	0	0	0	0	0	0	0	0	0	0	0
fields machine learning graduate course						0	0	0	0	0	0	0	0	0	0	0	0	0	0	0	0	0	0	0	0	0	0	0	0	0	0	0	0	0	0	0	0	0	0	0	0	0	0	0	0	0	0	0	0	0	0	0	0
financial technology and machine learning courses						0	0	0	0	0	0	0	0	0	0	0	0	0	0	0	0	0	0	0	0	0	0	0	0	0	0	0	0	0	0	0	0	0	0	0	0	0	0	0	0	0	0	0	0	0	0	0	0
financial technology and machine learning courses online						0	0	0	0	0	0	0	0	0	0	0	0	0	0	0	0	0	0	0	0	0	0	0	0	0	0	0	0	0	0	0	0	0	0	0	0	0	0	0	0	0	0	0	0	0	0	0	0
first course in machine learning code						0	0	0	0	0	0	0	0	0	0	0	0	0	0	0	0	0	0	0	0	0	0	0	0	0	0	0	0	0	0	0	0	0	0	0	0	0	0	0	0	0	0	0	0	0	0	0	0
first course in machine learning rogers						0	0	0	0	0	0	0	0	0	0	0	0	0	0	0	0	0	0	0	0	0	0	0	0	0	0	0	0	0	0	0	0	0	0	0	0	0	0	0	0	0	0	0	0	0	0	0	0
flow google ai	14800	Low	23	0.04007	1.242415	0	0	0	0	0	0	0	0	0	0	0	0	0	0	0	0	0	0	0	0	0	0	0	0	0	0	0	0	0	0	0	0	0	0	0	0	0	0	14800	14800	12100	12100	14800	18100	22200	33100	33100	22200
for machine learning which courses are must						0	0	0	0	0	0	0	0	0	0	0	0	0	0	0	0	0	0	0	0	0	0	0	0	0	0	0	0	0	0	0	0	0	0	0	0	0	0	0	0	0	0	0	0	0	0	0	0
forbes machine learning courses						0	0	0	0	0	0	0	0	0	0	0	0	0	0	0	0	0	0	0	0	0	0	0	0	0	0	0	0	0	0	0	0	0	0	0	0	0	0	0	0	0	0	0	0	0	0	0	0
formation sur l ia gratuite	70	Medium	64	0.572762	3.164321	0	0	0	0	0	0	0	0	0	0	0	0	0	0	0	0	0	0	0	0	0	0	0	0	0	0	0	0	0	0	0	0	0	0	90	140	50	40	50	90	70	70	110	70	70	50	70	90
foundations of machine learning course solutions						0	0	0	0	0	0	0	0	0	0	0	0	0	0	0	0	0	0	0	0	0	0	0	0	0	0	0	0	0	0	0	0	0	0	0	0	0	0	0	0	0	0	0	0	0	0	0	0
frank kane hands on with machine learning and python course						0	0	0	0	0	0	0	0	0	0	0	0	0	0	0	0	0	0	0	0	0	0	0	0	0	0	0	0	0	0	0	0	0	0	0	0	0	0	0	0	0	0	0	0	0	0	0	0
fraud detection machine learning course						0	0	0	0	0	0	0	0	0	0	0	0	0	0	0	0	0	0	0	0	0	0	0	0	0	0	0	0	0	0	0	0	0	0	0	0	0	0	0	0	0	0	0	0	0	0	0	0
free machine learning certificate course						0	0	0	0	0	0	0	0	0	0	0	0	0	0	0	0	0	0	0	0	0	0	0	0	0	0	0	0	0	0	0	0	0	0	0	0	0	0	0	0	0	0	0	0	0	0	0	0
free machine learning certificate courses						0	0	0	0	0	0	0	0	0	0	0	0	0	0	0	0	0	0	0	0	0	0	0	0	0	0	0	0	0	0	0	0	0	0	0	0	0	0	0	0	0	0	0	0	0	0	0	0
free machine learning certification courses						0	0	0	0	0	0	0	0	0	0	0	0	0	0	0	0	0	0	0	0	0	0	0	0	0	0	0	0	0	0	0	0	0	0	0	0	0	0	0	0	0	0	0	0	0	0	0	0
free machine learning course with certificate google	170	Low	30	0.067178	1.594331	0	0	0	0	0	0	0	0	0	0	0	0	0	0	0	0	0	0	0	0	0	0	30	40	90	50	90	140	210	210	170	140	140	210	210	210	260	170	170	170	210	170	170	140	140	170	140	110
free machine learning course with certificate linkedin learning						0	0	0	0	0	0	0	0	0	0	0	0	0	0	0	0	0	0	0	0	0	0	0	0	0	0	0	0	0	0	0	0	0	0	0	0	0	0	0	0	0	0	0	0	0	0	0	0
free machine learning course with certificate online						0	0	0	0	0	0	0	0	0	0	0	0	0	0	0	0	0	0	0	0	0	0	0	0	0	0	0	0	0	0	0	0	0	0	0	0	0	0	0	0	0	0	0	0	0	0	0	0
free machine learning course with free certificate						0	0	0	0	0	0	0	0	0	0	0	0	0	0	0	0	0	0	0	0	0	0	0	0	0	0	0	0	0	0	0	0	0	0	0	0	0	0	0	0	0	0	0	0	0	0	0	0
free machine learning courses with certificate	40	Medium	57	0.102872	2.242183	0	0	0	0	0	0	0	0	0	0	0	0	0	0	0	0	0	30	50	20	20	30	30	30	50	30	40	50	50	50	30	30	40	30	40	40	50	30	50	50	50	50	30	30	30	20	40	40
freecodecamp best machine learning courses						0	0	0	0	0	0	0	0	0	0	0	0	0	0	0	0	0	0	0	0	0	0	0	0	0	0	0	0	0	0	0	0	0	0	0	0	0	0	0	0	0	0	0	0	0	0	0	0
full stack machine learning course online with certificate						0	0	0	0	0	0	0	0	0	0	0	0	0	0	0	0	0	0	0	0	0	0	0	0	0	0	0	0	0	0	0	0	0	0	0	0	0	0	0	0	0	0	0	0	0	0	0	0
fullstack academy machine learning course						0	0	0	0	0	0	0	0	0	0	0	0	0	0	0	0	0	0	0	0	0	0	0	0	0	0	0	0	0	0	0	0	0	0	0	0	0	0	0	0	0	0	0	0	0	0	0	0
fullstack academy machine learning course review						0	0	0	0	0	0	0	0	0	0	0	0	0	0	0	0	0	0	0	0	0	0	0	0	0	0	0	0	0	0	0	0	0	0	0	0	0	0	0	0	0	0	0	0	0	0	0	0
fullstack academy machine learning courses						0	0	0	0	0	0	0	0	0	0	0	0	0	0	0	0	0	0	0	0	0	0	0	0	0	0	0	0	0	0	0	0	0	0	0	0	0	0	0	0	0	0	0	0	0	0	0	0
fundamentals of ai and machine learning online course						0	0	0	0	0	0	0	0	0	0	0	0	0	0	0	0	0	0	0	0	0	0	0	0	0	0	0	0	0	0	0	0	0	0	0	0	0	0	0	0	0	0	0	0	0	0	0	0
fundamentals of machine learning course	10	Medium	57	0.322146	0.868069	0	0	0	0	0	0	0	0	0	0	0	0	0	0	0	0	0	0	10	10	10	10	20	10	10	10	10	10	10	10	10	20	10	10	10	10	10	10	20	10	20	20	20	10	10	10	10	10
gatech machine learning minor courses						0	0	0	0	0	0	0	0	0	0	0	0	0	0	0	0	0	0	0	0	0	0	0	0	0	0	0	0	0	0	0	0	0	0	0	0	0	0	0	0	0	0	0	0	0	0	0	0
gatech statistical methods for machine learning course						0	0	0	0	0	0	0	0	0	0	0	0	0	0	0	0	0	0	0	0	0	0	0	0	0	0	0	0	0	0	0	0	0	0	0	0	0	0	0	0	0	0	0	0	0	0	0	0
gatech statistical methods for machine learning course info						0	0	0	0	0	0	0	0	0	0	0	0	0	0	0	0	0	0	0	0	0	0	0	0	0	0	0	0	0	0	0	0	0	0	0	0	0	0	0	0	0	0	0	0	0	0	0	0
gatsby machine learning course						0	0	0	0	0	0	0	0	0	0	0	0	0	0	0	0	0	0	0	0	0	0	0	0	0	0	0	0	0	0	0	0	0	0	0	0	0	0	0	0	0	0	0	0	0	0	0	0
gcp machine learning certification course						0	0	0	0	0	0	0	0	0	0	0	0	0	0	0	0	0	0	0	0	0	0	0	0	0	0	0	0	0	0	0	0	0	0	0	0	0	0	0	0	0	0	0	0	0	0	0	0
gcp machine learning engineer training course						0	0	0	0	0	0	0	0	0	0	0	0	0	0	0	0	0	0	0	0	0	0	0	0	0	0	0	0	0	0	0	0	0	0	0	0	0	0	0	0	0	0	0	0	0	0	0	0
geeksforgeeks ai course	30	Medium	47	0.300318	1.139108	0	0	0	0	0	0	0	0	0	0	0	0	0	0	0	0	0	0	0	0	0	0	0	0	0	0	0	0	0	0	0	0	0	0	0	0	0	20	10	30	30	40	30	40	40	40	40	50
gen ai and machine learning course	40	High	76	0.473391	2.296842	0	0	0	0	0	0	0	0	0	0	0	0	0	0	0	0	0	0	0	0	0	0	0	0	0	0	0	0	0	0	0	0	0	0	0	0	30	50	20	40	50	50	40	30	30	30	30	30
gen ai courses google	210	Low	32	0.322133	1.882217	0	0	0	0	0	0	0	0	0	0	0	0	0	0	0	90	140	170	110	110	110	110	170	170	260	170	170	210	140	110	110	110	140	110	110	110	390	260	210	210	260	170	140	260	140	210	140	210
generative ai and machine learning course	90	High	68	0.541173	2.412181	0	0	0	0	0	0	0	0	0	0	0	0	0	0	0	0	0	0	0	0	0	0	0	0	0	0	0	0	0	50	50	70	90	110	110	90	90	140	140	140	110	90	90	90	70	90	70	90
generative ai for everyone	1900	Medium	60	0.417059	4.851659	0	0	0	0	0	0	0	0	0	0	0	0	0	0	0	0	0	0	40	880	5400	2900	2900	2400	1900	1600	1600	1300	1300	1300	1000	1000	1000	1300	1600	1600	1600	1600	1600	1900	2400	2400	1900	1600	1300	1600	1900	1900
generative ai fundamentals databricks	140	Medium	46	0.990131	11.17	0	0	0	0	0	0	0	0	0	0	0	0	0	0	0	0	720	480	320	260	210	170	170	170	210	210	210	390	260	210	320	260	170	110	320	210	210	140	110	140	170	110	110	90	140	90	140	110
genetics for python and machine learning courses						0	0	0	0	0	0	0	0	0	0	0	0	0	0	0	0	0	0	0	0	0	0	0	0	0	0	0	0	0	0	0	0	0	0	0	0	0	0	0	0	0	0	0	0	0	0	0	0
geoff hinton vs stanford course on machine learning						0	0	0	0	0	0	0	0	0	0	0	0	0	0	0	0	0	0	0	0	0	0	0	0	0	0	0	0	0	0	0	0	0	0	0	0	0	0	0	0	0	0	0	0	0	0	0	0
geoffrey hintons neural networks for machine learning course						0	0	0	0	0	0	0	0	0	0	0	0	0	0	0	0	0	0	0	0	0	0	0	0	0	0	0	0	0	0	0	0	0	0	0	0	0	0	0	0	0	0	0	0	0	0	0	0
george washington machine learning course						0	0	0	0	0	0	0	0	0	0	0	0	0	0	0	0	0	0	0	0	0	0	0	0	0	0	0	0	0	0	0	0	0	0	0	0	0	0	0	0	0	0	0	0	0	0	0	0
george washington machine learning course instructor jafari						0	0	0	0	0	0	0	0	0	0	0	0	0	0	0	0	0	0	0	0	0	0	0	0	0	0	0	0	0	0	0	0	0	0	0	0	0	0	0	0	0	0	0	0	0	0	0	0
georgetown machine learning course						0	0	0	0	0	0	0	0	0	0	0	0	0	0	0	0	0	0	0	0	0	0	0	0	0	0	0	0	0	0	0	0	0	0	0	0	0	0	0	0	0	0	0	0	0	0	0	0
georgia tech machine learning cs course						0	0	0	0	0	0	0	0	0	0	0	0	0	0	0	0	0	0	0	0	0	0	0	0	0	0	0	0	0	0	0	0	0	0	0	0	0	0	0	0	0	0	0	0	0	0	0	0
geospatial machine learning course						0	0	0	0	0	0	0	0	0	0	0	0	0	0	0	0	0	0	0	0	0	0	0	0	0	0	0	0	0	0	0	0	0	0	0	0	0	0	0	0	0	0	0	0	0	0	0	0
get python machine learning courses online						0	0	0	0	0	0	0	0	0	0	0	0	0	0	0	0	0	0	0	0	0	0	0	0	0	0	0	0	0	0	0	0	0	0	0	0	0	0	0	0	0	0	0	0	0	0	0	0
gmu machine learning course						0	0	0	0	0	0	0	0	0	0	0	0	0	0	0	0	0	0	0	0	0	0	0	0	0	0	0	0	0	0	0	0	0	0	0	0	0	0	0	0	0	0	0	0	0	0	0	0
golang machine learning course						0	0	0	0	0	0	0	0	0	0	0	0	0	0	0	0	0	0	0	0	0	0	0	0	0	0	0	0	0	0	0	0	0	0	0	0	0	0	0	0	0	0	0	0	0	0	0	0
good machine learning course reddit						0	0	0	0	0	0	0	0	0	0	0	0	0	0	0	0	0	0	0	0	0	0	0	0	0	0	0	0	0	0	0	0	0	0	0	0	0	0	0	0	0	0	0	0	0	0	0	0
good machine learning online courses						0	0	0	0	0	0	0	0	0	0	0	0	0	0	0	0	0	0	0	0	0	0	0	0	0	0	0	0	0	0	0	0	0	0	0	0	0	0	0	0	0	0	0	0	0	0	0	0
good nlp machine learning course						0	0	0	0	0	0	0	0	0	0	0	0	0	0	0	0	0	0	0	0	0	0	0	0	0	0	0	0	0	0	0	0	0	0	0	0	0	0	0	0	0	0	0	0	0	0	0	0
good online course for machine learning with python						0	0	0	0	0	0	0	0	0	0	0	0	0	0	0	0	0	0	0	0	0	0	0	0	0	0	0	0	0	0	0	0	0	0	0	0	0	0	0	0	0	0	0	0	0	0	0	0
good online courses for machine learning on trading						0	0	0	0	0	0	0	0	0	0	0	0	0	0	0	0	0	0	0	0	0	0	0	0	0	0	0	0	0	0	0	0	0	0	0	0	0	0	0	0	0	0	0	0	0	0	0	0
good online machine learning course						0	0	0	0	0	0	0	0	0	0	0	0	0	0	0	0	0	0	0	0	0	0	0	0	0	0	0	0	0	0	0	0	0	0	0	0	0	0	0	0	0	0	0	0	0	0	0	0
google cloud machine learning certification course						0	0	0	0	0	0	0	0	0	0	0	0	0	0	0	0	0	0	0	0	0	0	0	0	0	0	0	0	0	0	0	0	0	0	0	0	0	0	0	0	0	0	0	0	0	0	0	0
google free certification courses machine learning	40	Low	13			0	0	0	0	0	0	0	0	0	0	0	0	0	0	0	0	0	0	0	0	0	0	40	40	50	30	40	40	50	40	30	20	30	20	30	40	40	20	40	30	30	30	20	20	110	50	70	10
google free machine learning course with certificate	20	Low	26	0.09	0.27791	0	0	0	0	0	0	0	0	0	0	0	0	0	0	0	0	0	0	0	0	0	0	0	0	0	0	0	0	0	0	0	0	0	0	30	70	40	20	40	20	30	10	20	20	10	30	10	10
google machine learning courses review						0	0	0	0	0	0	0	0	0	0	0	0	0	0	0	0	0	0	0	0	0	0	0	0	0	0	0	0	0	0	0	0	0	0	0	0	0	0	0	0	0	0	0	0	0	0	0	0
google machine learning crash course certification						0	0	0	0	0	0	0	0	0	0	0	0	0	0	0	0	0	0	0	0	0	0	0	0	0	0	0	0	0	0	0	0	0	0	0	0	0	0	0	0	0	0	0	0	0	0	0	0
google machine learning crash course cost						0	0	0	0	0	0	0	0	0	0	0	0	0	0	0	0	0	0	0	0	0	0	0	0	0	0	0	0	0	0	0	0	0	0	0	0	0	0	0	0	0	0	0	0	0	0	0	0
google machine learning crash course free	140	Low	22	0.172328	3.36884	0	0	0	0	0	0	0	0	0	0	0	0	0	0	0	0	0	0	0	0	0	0	0	0	0	0	0	0	0	0	0	0	0	20	40	50	50	90	110	110	140	170	260	90	70	140	170	140
google machine learning crash course vs coursera						0	0	0	0	0	0	0	0	0	0	0	0	0	0	0	0	0	0	0	0	0	0	0	0	0	0	0	0	0	0	0	0	0	0	0	0	0	0	0	0	0	0	0	0	0	0	0	0
google professional machine learning engineer certification course						0	0	0	0	0	0	0	0	0	0	0	0	0	0	0	0	0	0	0	0	0	0	0	0	0	0	0	0	0	0	0	0	0	0	0	0	0	0	0	0	0	0	0	0	0	0	0	0
gradient descent machine learning course						0	0	0	0	0	0	0	0	0	0	0	0	0	0	0	0	0	0	0	0	0	0	0	0	0	0	0	0	0	0	0	0	0	0	0	0	0	0	0	0	0	0	0	0	0	0	0	0
gradient descent using matrix machine learning course						0	0	0	0	0	0	0	0	0	0	0	0	0	0	0	0	0	0	0	0	0	0	0	0	0	0	0	0	0	0	0	0	0	0	0	0	0	0	0	0	0	0	0	0	0	0	0	0
graduate level machine learning course						0	0	0	0	0	0	0	0	0	0	0	0	0	0	0	0	0	0	0	0	0	0	0	0	0	0	0	0	0	0	0	0	0	0	0	0	0	0	0	0	0	0	0	0	0	0	0	0
graduate level machine learning courses						0	0	0	0	0	0	0	0	0	0	0	0	0	0	0	0	0	0	0	0	0	0	0	0	0	0	0	0	0	0	0	0	0	0	0	0	0	0	0	0	0	0	0	0	0	0	0	0
graduate machine learning course						0	0	0	0	0	0	0	0	0	0	0	0	0	0	0	0	0	0	0	0	0	0	0	0	0	0	0	0	0	0	0	0	0	0	0	0	0	0	0	0	0	0	0	0	0	0	0	0
graduate machine learning course onlnie						0	0	0	0	0	0	0	0	0	0	0	0	0	0	0	0	0	0	0	0	0	0	0	0	0	0	0	0	0	0	0	0	0	0	0	0	0	0	0	0	0	0	0	0	0	0	0	0
graduate machine learning course statistics ucla						0	0	0	0	0	0	0	0	0	0	0	0	0	0	0	0	0	0	0	0	0	0	0	0	0	0	0	0	0	0	0	0	0	0	0	0	0	0	0	0	0	0	0	0	0	0	0	0
great lakes machine learning course fees						0	0	0	0	0	0	0	0	0	0	0	0	0	0	0	0	0	0	0	0	0	0	0	0	0	0	0	0	0	0	0	0	0	0	0	0	0	0	0	0	0	0	0	0	0	0	0	0
gsu machine learning courses						0	0	0	0	0	0	0	0	0	0	0	0	0	0	0	0	0	0	0	0	0	0	0	0	0	0	0	0	0	0	0	0	0	0	0	0	0	0	0	0	0	0	0	0	0	0	0	0
guided learning gemini	2400	Low	16	0.06	1.141575	0	0	0	0	0	0	0	0	0	0	0	0	0	0	0	0	0	0	0	0	0	0	0	0	0	0	0	0	0	0	0	0	0	0	0	0	0	0	0	0	30	4400	2900	2900	2900	2900	8100	5400
hacker news machine learning course						0	0	0	0	0	0	0	0	0	0	0	0	0	0	0	0	0	0	0	0	0	0	0	0	0	0	0	0	0	0	0	0	0	0	0	0	0	0	0	0	0	0	0	0	0	0	0	0
hackernews a course in machine learning						0	0	0	0	0	0	0	0	0	0	0	0	0	0	0	0	0	0	0	0	0	0	0	0	0	0	0	0	0	0	0	0	0	0	0	0	0	0	0	0	0	0	0	0	0	0	0	0
hal daume machine learning course						0	0	0	0	0	0	0	0	0	0	0	0	0	0	0	0	0	0	0	0	0	0	0	0	0	0	0	0	0	0	0	0	0	0	0	0	0	0	0	0	0	0	0	0	0	0	0	0
hands on machine learning courses						0	0	0	0	0	0	0	0	0	0	0	0	0	0	0	0	0	0	0	0	0	0	0	0	0	0	0	0	0	0	0	0	0	0	0	0	0	0	0	0	0	0	0	0	0	0	0	0
hands on machine learning without writing code course						0	0	0	0	0	0	0	0	0	0	0	0	0	0	0	0	0	0	0	0	0	0	0	0	0	0	0	0	0	0	0	0	0	0	0	0	0	0	0	0	0	0	0	0	0	0	0	0
hardware accelerators for machine learning course						0	0	0	0	0	0	0	0	0	0	0	0	0	0	0	0	0	0	0	0	0	0	0	0	0	0	0	0	0	0	0	0	0	0	0	0	0	0	0	0	0	0	0	0	0	0	0	0
hardware architecture machine learning course						0	0	0	0	0	0	0	0	0	0	0	0	0	0	0	0	0	0	0	0	0	0	0	0	0	0	0	0	0	0	0	0	0	0	0	0	0	0	0	0	0	0	0	0	0	0	0	0
hardware implementation machine learning course						0	0	0	0	0	0	0	0	0	0	0	0	0	0	0	0	0	0	0	0	0	0	0	0	0	0	0	0	0	0	0	0	0	0	0	0	0	0	0	0	0	0	0	0	0	0	0	0
harvard ai and ml course	20	Medium	63	1.18	6.16	0	0	0	0	0	0	0	0	0	0	0	0	0	0	0	0	0	0	0	0	0	0	0	0	0	0	0	0	0	0	0	20	10	10	20	20	20	20	10	50	50	30	10	10	20	20	20	10
harvard cs50s introduction to ai with python						0	0	0	0	0	0	0	0	0	0	0	0	0	0	0	0	0	0	0	0	0	0	0	0	0	0	0	0	0	0	0	0	0	0	0	0	0	0	0	0	0	0	0	0	0	0	0	0
harvard free ai courses	880	Low	22	1.028236	5.32	10	10	10	10	20	20	10	10	10	20	40	50	40	140	110	70	320	170	170	110	140	260	320	390	480	320	390	320	260	210	210	320	480	590	1000	880	720	590	880	1900	1000	1000	720	480	590	880	1300	880
harvards ai with python						0	0	0	0	0	0	0	0	0	0	0	0	0	0	0	0	0	0	0	0	0	0	0	0	0	0	0	0	0	0	0	0	0	0	0	0	0	0	0	0	0	0	0	0	0	0	0	0
harvardx cs50s introduction to artificial intelligence with python						0	0	0	0	0	0	0	0	0	0	0	0	0	0	0	0	0	0	0	0	0	0	0	0	0	0	0	0	0	0	0	0	0	0	0	0	0	0	0	0	0	0	0	0	0	0	0	0
harvardx machine learning and ai with python	110	Medium	43	0.670879	5.071873	0	0	0	0	0	0	0	0	0	0	0	0	0	0	0	0	0	0	0	0	0	0	0	20	40	40	90	50	30	40	50	70	90	70	90	110	90	70	140	140	140	140	110	90	90	90	110	110
healthcare machine learning course						0	0	0	0	0	0	0	0	0	0	0	0	0	0	0	0	0	0	0	0	0	0	0	0	0	0	0	0	0	0	0	0	0	0	0	0	0	0	0	0	0	0	0	0	0	0	0	0
hkust machine learning course						0	0	0	0	0	0	0	0	0	0	0	0	0	0	0	0	0	0	0	0	0	0	0	0	0	0	0	0	0	0	0	0	0	0	0	0	0	0	0	0	0	0	0	0	0	0	0	0
how can i use ai tools to make money	20	Medium	55	0.157295	2.042391	0	0	0	0	0	0	0	0	0	0	0	0	0	0	0	0	0	0	0	0	0	0	0	0	0	0	0	0	0	0	0	0	0	0	20	20	20	20	20	40	30	20	30	20	30	10	20	20
how do i learn how to use ai	140	High	74	1.61357	8.318501	0	0	0	0	0	0	0	0	0	0	0	0	0	0	0	0	0	20	20	20	30	10	30	20	20	30	40	50	50	40	20	20	30	40	70	70	70	70	110	110	140	140	110	170	140	140	210	170
how much does coursera machine learning course cost						0	0	0	0	0	0	0	0	0	0	0	0	0	0	0	0	0	0	0	0	0	0	0	0	0	0	0	0	0	0	0	0	0	0	0	0	0	0	0	0	0	0	0	0	0	0	0	0
how much does the coursera machine learning course cost						0	0	0	0	0	0	0	0	0	0	0	0	0	0	0	0	0	0	0	0	0	0	0	0	0	0	0	0	0	0	0	0	0	0	0	0	0	0	0	0	0	0	0	0	0	0	0	0
hpc machine learning course						0	0	0	0	0	0	0	0	0	0	0	0	0	0	0	0	0	0	0	0	0	0	0	0	0	0	0	0	0	0	0	0	0	0	0	0	0	0	0	0	0	0	0	0	0	0	0	0
https www blackbox ai	1300	Low	17	0.22	1.484719	0	0	0	0	0	0	0	0	0	0	0	0	0	0	0	0	0	0	0	140	320	720	720	1000	880	1000	1300	1000	1300	880	880	1000	1600	2400	1900	1000	1300	1300	1300	1000	880	1300	1600	1300	1300	1000	1000	1300
https www udacity com course intro to machine learning ud120						0	0	0	0	0	0	0	0	0	0	0	0	0	0	0	0	0	0	0	0	0	0	0	0	0	0	0	0	0	0	0	0	0	0	0	0	0	0	0	0	0	0	0	0	0	0	0	0
hugging face machine learning course	20	Low	24			0	0	0	0	0	0	0	0	0	0	0	0	0	0	0	0	0	0	0	0	0	0	0	0	0	0	0	0	0	0	0	0	0	0	0	0	0	20	20	20	20	30	30	20	20	10	30	10
human in the loop machine learning online course						0	0	0	0	0	0	0	0	0	0	0	0	0	0	0	0	0	0	0	0	0	0	0	0	0	0	0	0	0	0	0	0	0	0	0	0	0	0	0	0	0	0	0	0	0	0	0	0
hyperspectral image analysis with machine learning techniques course						0	0	0	0	0	0	0	0	0	0	0	0	0	0	0	0	0	0	0	0	0	0	0	0	0	0	0	0	0	0	0	0	0	0	0	0	0	0	0	0	0	0	0	0	0	0	0	0
ibbr machine learning course						0	0	0	0	0	0	0	0	0	0	0	0	0	0	0	0	0	0	0	0	0	0	0	0	0	0	0	0	0	0	0	0	0	0	0	0	0	0	0	0	0	0	0	0	0	0	0	0
iim best machine learning course						0	0	0	0	0	0	0	0	0	0	0	0	0	0	0	0	0	0	0	0	0	0	0	0	0	0	0	0	0	0	0	0	0	0	0	0	0	0	0	0	0	0	0	0	0	0	0	0
iim online machine learning course						0	0	0	0	0	0	0	0	0	0	0	0	0	0	0	0	0	0	0	0	0	0	0	0	0	0	0	0	0	0	0	0	0	0	0	0	0	0	0	0	0	0	0	0	0	0	0	0
iisc machine learning course online						0	0	0	0	0	0	0	0	0	0	0	0	0	0	0	0	0	0	0	0	0	0	0	0	0	0	0	0	0	0	0	0	0	0	0	0	0	0	0	0	0	0	0	0	0	0	0	0
iit kanpur professional certificate course in ai and machine learning	10	High	86			0	0	0	0	0	0	0	0	0	0	0	0	0	0	0	0	0	0	0	0	0	0	0	0	0	0	0	0	0	30	40	20	10	10	10	10	10	10	10	10	10	20	10	10	10	10	10	10
iit kharagpur ai and machine learning course						0	0	0	0	0	0	0	0	0	0	0	0	0	0	0	0	0	0	0	0	0	0	0	0	0	0	0	0	0	0	0	0	0	0	0	0	0	0	0	0	0	0	0	0	0	0	0	0
image classification for machine learning courses						0	0	0	0	0	0	0	0	0	0	0	0	0	0	0	0	0	0	0	0	0	0	0	0	0	0	0	0	0	0	0	0	0	0	0	0	0	0	0	0	0	0	0	0	0	0	0	0
image processing and machine learning course						0	0	0	0	0	0	0	0	0	0	0	0	0	0	0	0	0	0	0	0	0	0	0	0	0	0	0	0	0	0	0	0	0	0	0	0	0	0	0	0	0	0	0	0	0	0	0	0
image processing certificate course machine learning						0	0	0	0	0	0	0	0	0	0	0	0	0	0	0	0	0	0	0	0	0	0	0	0	0	0	0	0	0	0	0	0	0	0	0	0	0	0	0	0	0	0	0	0	0	0	0	0
image processing in python machine learning course						0	0	0	0	0	0	0	0	0	0	0	0	0	0	0	0	0	0	0	0	0	0	0	0	0	0	0	0	0	0	0	0	0	0	0	0	0	0	0	0	0	0	0	0	0	0	0	0
image recognition machine learning course						0	0	0	0	0	0	0	0	0	0	0	0	0	0	0	0	0	0	0	0	0	0	0	0	0	0	0	0	0	0	0	0	0	0	0	0	0	0	0	0	0	0	0	0	0	0	0	0
imperial college ai and machine learning course						0	0	0	0	0	0	0	0	0	0	0	0	0	0	0	0	0	0	0	0	0	0	0	0	0	0	0	0	0	0	0	0	0	0	0	0	0	0	0	0	0	0	0	0	0	0	0	0
imperial college london machine learning course						0	0	0	0	0	0	0	0	0	0	0	0	0	0	0	0	0	0	0	0	0	0	0	0	0	0	0	0	0	0	0	0	0	0	0	0	0	0	0	0	0	0	0	0	0	0	0	0
imperial college london machine learning course online						0	0	0	0	0	0	0	0	0	0	0	0	0	0	0	0	0	0	0	0	0	0	0	0	0	0	0	0	0	0	0	0	0	0	0	0	0	0	0	0	0	0	0	0	0	0	0	0
imperial college machine learning course						0	0	0	0	0	0	0	0	0	0	0	0	0	0	0	0	0	0	0	0	0	0	0	0	0	0	0	0	0	0	0	0	0	0	0	0	0	0	0	0	0	0	0	0	0	0	0	0
imperial machine learning course	10	Medium	39	1.600977	52.444952	0	0	0	0	0	0	0	0	0	0	0	0	0	0	0	0	0	0	0	0	0	0	0	0	0	0	0	0	0	0	0	0	0	0	0	0	0	0	0	0	20	10	20	20	20	10	20	20
index of machine learning course						0	0	0	0	0	0	0	0	0	0	0	0	0	0	0	0	0	0	0	0	0	0	0	0	0	0	0	0	0	0	0	0	0	0	0	0	0	0	0	0	0	0	0	0	0	0	0	0
index of machine learning courses						0	0	0	0	0	0	0	0	0	0	0	0	0	0	0	0	0	0	0	0	0	0	0	0	0	0	0	0	0	0	0	0	0	0	0	0	0	0	0	0	0	0	0	0	0	0	0	0
india computer aided drug discovery machine learning course						0	0	0	0	0	0	0	0	0	0	0	0	0	0	0	0	0	0	0	0	0	0	0	0	0	0	0	0	0	0	0	0	0	0	0	0	0	0	0	0	0	0	0	0	0	0	0	0
india machine learning course						0	0	0	0	0	0	0	0	0	0	0	0	0	0	0	0	0	0	0	0	0	0	0	0	0	0	0	0	0	0	0	0	0	0	0	0	0	0	0	0	0	0	0	0	0	0	0	0
intangible ai	18100	Low	20	0.03772	1.879619	0	0	0	0	0	0	0	0	0	0	0	0	0	0	0	0	0	0	0	0	0	0	0	0	0	0	0	0	0	70	50	110	110	70	90	140	1300	590	390	320	1000	1300	880	60500	74000	60500	27100	22200
intel machine learning course review						0	0	0	0	0	0	0	0	0	0	0	0	0	0	0	0	0	0	0	0	0	0	0	0	0	0	0	0	0	0	0	0	0	0	0	0	0	0	0	0	0	0	0	0	0	0	0	0
intensive courses machine learning						0	0	0	0	0	0	0	0	0	0	0	0	0	0	0	0	0	0	0	0	0	0	0	0	0	0	0	0	0	0	0	0	0	0	0	0	0	0	0	0	0	0	0	0	0	0	0	0
intensive machine learning course						0	0	0	0	0	0	0	0	0	0	0	0	0	0	0	0	0	0	0	0	0	0	0	0	0	0	0	0	0	0	0	0	0	0	0	0	0	0	0	0	0	0	0	0	0	0	0	0
interactive machine learning courses						0	0	0	0	0	0	0	0	0	0	0	0	0	0	0	0	0	0	0	0	0	0	0	0	0	0	0	0	0	0	0	0	0	0	0	0	0	0	0	0	0	0	0	0	0	0	0	0
interview kickstart machine learning course review						0	0	0	0	0	0	0	0	0	0	0	0	0	0	0	0	0	0	0	0	0	0	0	0	0	0	0	0	0	0	0	0	0	0	0	0	0	0	0	0	0	0	0	0	0	0	0	0
intorduction to machine learning course						0	0	0	0	0	0	0	0	0	0	0	0	0	0	0	0	0	0	0	0	0	0	0	0	0	0	0	0	0	0	0	0	0	0	0	0	0	0	0	0	0	0	0	0	0	0	0	0
intriduction to machine learning course						0	0	0	0	0	0	0	0	0	0	0	0	0	0	0	0	0	0	0	0	0	0	0	0	0	0	0	0	0	0	0	0	0	0	0	0	0	0	0	0	0	0	0	0	0	0	0	0
intro to machine learning course udacity						0	0	0	0	0	0	0	0	0	0	0	0	0	0	0	0	0	0	0	0	0	0	0	0	0	0	0	0	0	0	0	0	0	0	0	0	0	0	0	0	0	0	0	0	0	0	0	0
introduction machine learning course						0	0	0	0	0	0	0	0	0	0	0	0	0	0	0	0	0	0	0	0	0	0	0	0	0	0	0	0	0	0	0	0	0	0	0	0	0	0	0	0	0	0	0	0	0	0	0	0
introduction to ai and machine learning course	30	Low	28	0.343249	2.47	0	0	0	0	0	0	0	0	0	0	0	0	0	0	0	0	0	0	0	0	0	0	0	0	0	0	0	0	0	0	0	0	0	0	0	0	10	10	10	10	10	50	10	210	10	10	20	20
introduction to biometrics machine learning class course						0	0	0	0	0	0	0	0	0	0	0	0	0	0	0	0	0	0	0	0	0	0	0	0	0	0	0	0	0	0	0	0	0	0	0	0	0	0	0	0	0	0	0	0	0	0	0	0
introduction to data science cisco networking academy	20	Low	33	0.323116	1.774421	0	0	0	0	0	0	0	0	0	0	0	0	0	0	0	0	0	0	0	0	0	0	0	0	0	0	0	0	0	0	0	0	0	0	0	0	0	0	30	20	20	10	10	10	20	20	30	50
introduction to machine learning basic course						0	0	0	0	0	0	0	0	0	0	0	0	0	0	0	0	0	0	0	0	0	0	0	0	0	0	0	0	0	0	0	0	0	0	0	0	0	0	0	0	0	0	0	0	0	0	0	0
introduction to machine learning course description						0	0	0	0	0	0	0	0	0	0	0	0	0	0	0	0	0	0	0	0	0	0	0	0	0	0	0	0	0	0	0	0	0	0	0	0	0	0	0	0	0	0	0	0	0	0	0	0
introduction to machine learning course in r						0	0	0	0	0	0	0	0	0	0	0	0	0	0	0	0	0	0	0	0	0	0	0	0	0	0	0	0	0	0	0	0	0	0	0	0	0	0	0	0	0	0	0	0	0	0	0	0
introduction to machine learning course outline						0	0	0	0	0	0	0	0	0	0	0	0	0	0	0	0	0	0	0	0	0	0	0	0	0	0	0	0	0	0	0	0	0	0	0	0	0	0	0	0	0	0	0	0	0	0	0	0
introduction to machine learning crash course						0	0	0	0	0	0	0	0	0	0	0	0	0	0	0	0	0	0	0	0	0	0	0	0	0	0	0	0	0	0	0	0	0	0	0	0	0	0	0	0	0	0	0	0	0	0	0	0
introduction to machine learning ethem alpaydin course						0	0	0	0	0	0	0	0	0	0	0	0	0	0	0	0	0	0	0	0	0	0	0	0	0	0	0	0	0	0	0	0	0	0	0	0	0	0	0	0	0	0	0	0	0	0	0	0
introduction to machine learning from math to code	50	Low	20	0.734363	3.03	0	0	0	0	0	0	0	0	0	0	0	0	0	0	0	0	0	0	0	0	0	0	0	0	0	0	0	0	0	0	0	0	0	0	0	0	0	0	0	0	0	70	70	90	50	170	110	110
introduction to machine learning open course						0	0	0	0	0	0	0	0	0	0	0	0	0	0	0	0	0	0	0	0	0	0	0	0	0	0	0	0	0	0	0	0	0	0	0	0	0	0	0	0	0	0	0	0	0	0	0	0
introduction to machine learning undergraduate course						0	0	0	0	0	0	0	0	0	0	0	0	0	0	0	0	0	0	0	0	0	0	0	0	0	0	0	0	0	0	0	0	0	0	0	0	0	0	0	0	0	0	0	0	0	0	0	0
introduction to machine learning undergraduate course slides						0	0	0	0	0	0	0	0	0	0	0	0	0	0	0	0	0	0	0	0	0	0	0	0	0	0	0	0	0	0	0	0	0	0	0	0	0	0	0	0	0	0	0	0	0	0	0	0
introduction to machine learning with sap hana course						0	0	0	0	0	0	0	0	0	0	0	0	0	0	0	0	0	0	0	0	0	0	0	0	0	0	0	0	0	0	0	0	0	0	0	0	0	0	0	0	0	0	0	0	0	0	0	0
introduction to python fundamentals microsoft certification	50	Medium	35	0.2687	1.96	0	0	0	0	0	0	0	0	0	0	0	0	0	0	0	0	0	0	0	0	0	0	0	0	0	0	0	0	0	0	0	0	0	0	0	0	0	0	0	0	30	20	10	40	20	140	260	140
introductory applied machine learning class at edinburgh course finder						0	0	0	0	0	0	0	0	0	0	0	0	0	0	0	0	0	0	0	0	0	0	0	0	0	0	0	0	0	0	0	0	0	0	0	0	0	0	0	0	0	0	0	0	0	0	0	0
introductory applied machine learning edinburgh course						0	0	0	0	0	0	0	0	0	0	0	0	0	0	0	0	0	0	0	0	0	0	0	0	0	0	0	0	0	0	0	0	0	0	0	0	0	0	0	0	0	0	0	0	0	0	0	0
introductory course on machine learning						0	0	0	0	0	0	0	0	0	0	0	0	0	0	0	0	0	0	0	0	0	0	0	0	0	0	0	0	0	0	0	0	0	0	0	0	0	0	0	0	0	0	0	0	0	0	0	0
introductory machine learning course						0	0	0	0	0	0	0	0	0	0	0	0	0	0	0	0	0	0	0	0	0	0	0	0	0	0	0	0	0	0	0	0	0	0	0	0	0	0	0	0	0	0	0	0	0	0	0	0
iot and machine learning courses						0	0	0	0	0	0	0	0	0	0	0	0	0	0	0	0	0	0	0	0	0	0	0	0	0	0	0	0	0	0	0	0	0	0	0	0	0	0	0	0	0	0	0	0	0	0	0	0
iot machine learning course						0	0	0	0	0	0	0	0	0	0	0	0	0	0	0	0	0	0	0	0	0	0	0	0	0	0	0	0	0	0	0	0	0	0	0	0	0	0	0	0	0	0	0	0	0	0	0	0
is machine learning courses byu						0	0	0	0	0	0	0	0	0	0	0	0	0	0	0	0	0	0	0	0	0	0	0	0	0	0	0	0	0	0	0	0	0	0	0	0	0	0	0	0	0	0	0	0	0	0	0	0
is standford machine learning course worth it						0	0	0	0	0	0	0	0	0	0	0	0	0	0	0	0	0	0	0	0	0	0	0	0	0	0	0	0	0	0	0	0	0	0	0	0	0	0	0	0	0	0	0	0	0	0	0	0
isi machine learning course						0	0	0	0	0	0	0	0	0	0	0	0	0	0	0	0	0	0	0	0	0	0	0	0	0	0	0	0	0	0	0	0	0	0	0	0	0	0	0	0	0	0	0	0	0	0	0	0
iu machine learning course						0	0	0	0	0	0	0	0	0	0	0	0	0	0	0	0	0	0	0	0	0	0	0	0	0	0	0	0	0	0	0	0	0	0	0	0	0	0	0	0	0	0	0	0	0	0	0	0
jack hawkns machine learning course						0	0	0	0	0	0	0	0	0	0	0	0	0	0	0	0	0	0	0	0	0	0	0	0	0	0	0	0	0	0	0	0	0	0	0	0	0	0	0	0	0	0	0	0	0	0	0	0
japan machine learning course						0	0	0	0	0	0	0	0	0	0	0	0	0	0	0	0	0	0	0	0	0	0	0	0	0	0	0	0	0	0	0	0	0	0	0	0	0	0	0	0	0	0	0	0	0	0	0	0
javascript machine learning course						0	0	0	0	0	0	0	0	0	0	0	0	0	0	0	0	0	0	0	0	0	0	0	0	0	0	0	0	0	0	0	0	0	0	0	0	0	0	0	0	0	0	0	0	0	0	0	0
jeremy howard practical machine learning course						0	0	0	0	0	0	0	0	0	0	0	0	0	0	0	0	0	0	0	0	0	0	0	0	0	0	0	0	0	0	0	0	0	0	0	0	0	0	0	0	0	0	0	0	0	0	0	0
jhsph course catalog statistical machine learning						0	0	0	0	0	0	0	0	0	0	0	0	0	0	0	0	0	0	0	0	0	0	0	0	0	0	0	0	0	0	0	0	0	0	0	0	0	0	0	0	0	0	0	0	0	0	0	0
jhu intro to machine learning course review						0	0	0	0	0	0	0	0	0	0	0	0	0	0	0	0	0	0	0	0	0	0	0	0	0	0	0	0	0	0	0	0	0	0	0	0	0	0	0	0	0	0	0	0	0	0	0	0
jhu machine learning course						0	0	0	0	0	0	0	0	0	0	0	0	0	0	0	0	0	0	0	0	0	0	0	0	0	0	0	0	0	0	0	0	0	0	0	0	0	0	0	0	0	0	0	0	0	0	0	0
jigsaw academy machine learning course						0	0	0	0	0	0	0	0	0	0	0	0	0	0	0	0	0	0	0	0	0	0	0	0	0	0	0	0	0	0	0	0	0	0	0	0	0	0	0	0	0	0	0	0	0	0	0	0
john hopkins machine learning course review						0	0	0	0	0	0	0	0	0	0	0	0	0	0	0	0	0	0	0	0	0	0	0	0	0	0	0	0	0	0	0	0	0	0	0	0	0	0	0	0	0	0	0	0	0	0	0	0
john paisley machine learning course						0	0	0	0	0	0	0	0	0	0	0	0	0	0	0	0	0	0	0	0	0	0	0	0	0	0	0	0	0	0	0	0	0	0	0	0	0	0	0	0	0	0	0	0	0	0	0	0
join machine learning course today						0	0	0	0	0	0	0	0	0	0	0	0	0	0	0	0	0	0	0	0	0	0	0	0	0	0	0	0	0	0	0	0	0	0	0	0	0	0	0	0	0	0	0	0	0	0	0	0
josh gordon machine learning course						0	0	0	0	0	0	0	0	0	0	0	0	0	0	0	0	0	0	0	0	0	0	0	0	0	0	0	0	0	0	0	0	0	0	0	0	0	0	0	0	0	0	0	0	0	0	0	0
julia machine learning course						0	0	0	0	0	0	0	0	0	0	0	0	0	0	0	0	0	0	0	0	0	0	0	0	0	0	0	0	0	0	0	0	0	0	0	0	0	0	0	0	0	0	0	0	0	0	0	0
jupyter notebook machine learning course						0	0	0	0	0	0	0	0	0	0	0	0	0	0	0	0	0	0	0	0	0	0	0	0	0	0	0	0	0	0	0	0	0	0	0	0	0	0	0	0	0	0	0	0	0	0	0	0
kadenze machine learning for musicians and artists course						0	0	0	0	0	0	0	0	0	0	0	0	0	0	0	0	0	0	0	0	0	0	0	0	0	0	0	0	0	0	0	0	0	0	0	0	0	0	0	0	0	0	0	0	0	0	0	0
kaelbling mit machine learning rating or review course						0	0	0	0	0	0	0	0	0	0	0	0	0	0	0	0	0	0	0	0	0	0	0	0	0	0	0	0	0	0	0	0	0	0	0	0	0	0	0	0	0	0	0	0	0	0	0	0
kaggle machine learning course review						0	0	0	0	0	0	0	0	0	0	0	0	0	0	0	0	0	0	0	0	0	0	0	0	0	0	0	0	0	0	0	0	0	0	0	0	0	0	0	0	0	0	0	0	0	0	0	0
kaggles machine learning course						0	0	0	0	0	0	0	0	0	0	0	0	0	0	0	0	0	0	0	0	0	0	0	0	0	0	0	0	0	0	0	0	0	0	0	0	0	0	0	0	0	0	0	0	0	0	0	0
karpathy machine learning course						0	0	0	0	0	0	0	0	0	0	0	0	0	0	0	0	0	0	0	0	0	0	0	0	0	0	0	0	0	0	0	0	0	0	0	0	0	0	0	0	0	0	0	0	0	0	0	0
kdnuggets machine learning courses						0	0	0	0	0	0	0	0	0	0	0	0	0	0	0	0	0	0	0	0	0	0	0	0	0	0	0	0	0	0	0	0	0	0	0	0	0	0	0	0	0	0	0	0	0	0	0	0
kelleher fundamentals of machine learning course						0	0	0	0	0	0	0	0	0	0	0	0	0	0	0	0	0	0	0	0	0	0	0	0	0	0	0	0	0	0	0	0	0	0	0	0	0	0	0	0	0	0	0	0	0	0	0	0
kelleher fundamentals of machine learning courses						0	0	0	0	0	0	0	0	0	0	0	0	0	0	0	0	0	0	0	0	0	0	0	0	0	0	0	0	0	0	0	0	0	0	0	0	0	0	0	0	0	0	0	0	0	0	0	0
kubernetes for machine learning course						0	0	0	0	0	0	0	0	0	0	0	0	0	0	0	0	0	0	0	0	0	0	0	0	0	0	0	0	0	0	0	0	0	0	0	0	0	0	0	0	0	0	0	0	0	0	0	0
language modeling from scratch stanford	20	Low	4			0	0	0	0	0	0	0	0	0	0	0	0	0	0	0	0	0	0	0	0	0	0	0	0	0	0	0	0	0	0	0	0	0	0	0	0	0	0	0	0	40	20	10	20	30	40	40	30
lasso machine learning in dna methylation course						0	0	0	0	0	0	0	0	0	0	0	0	0	0	0	0	0	0	0	0	0	0	0	0	0	0	0	0	0	0	0	0	0	0	0	0	0	0	0	0	0	0	0	0	0	0	0	0
lawrence hall machine learning course						0	0	0	0	0	0	0	0	0	0	0	0	0	0	0	0	0	0	0	0	0	0	0	0	0	0	0	0	0	0	0	0	0	0	0	0	0	0	0	0	0	0	0	0	0	0	0	0
laymans courses on ai and machine learning						0	0	0	0	0	0	0	0	0	0	0	0	0	0	0	0	0	0	0	0	0	0	0	0	0	0	0	0	0	0	0	0	0	0	0	0	0	0	0	0	0	0	0	0	0	0	0	0
learn mit edu	210	Low	23	0.31	1.594365	0	0	0	0	0	0	0	0	0	0	0	0	0	0	0	0	0	0	0	0	0	0	0	0	0	0	0	0	0	0	0	0	0	0	0	0	0	0	0	0	590	720	210	210	260	140	90	170
learning machine course						0	0	0	0	0	0	0	0	0	0	0	0	0	0	0	0	0	0	0	0	0	0	0	0	0	0	0	0	0	0	0	0	0	0	0	0	0	0	0	0	0	0	0	0	0	0	0	0
linear algebra for data science machine learning in python course						0	0	0	0	0	0	0	0	0	0	0	0	0	0	0	0	0	0	0	0	0	0	0	0	0	0	0	0	0	0	0	0	0	0	0	0	0	0	0	0	0	0	0	0	0	0	0	0
linear algebra for machine learning course edu						0	0	0	0	0	0	0	0	0	0	0	0	0	0	0	0	0	0	0	0	0	0	0	0	0	0	0	0	0	0	0	0	0	0	0	0	0	0	0	0	0	0	0	0	0	0	0	0
linear algebra for machine learning full course	10	Low	23			0	0	0	0	0	0	0	0	0	0	0	0	0	0	0	0	0	0	0	0	0	0	0	0	0	0	0	0	0	10	10	0	10	0	10	10	10	10	0	0	10	10	10	10	10	10	10	10
linear regression machine learning course						0	0	0	0	0	0	0	0	0	0	0	0	0	0	0	0	0	0	0	0	0	0	0	0	0	0	0	0	0	0	0	0	0	0	0	0	0	0	0	0	0	0	0	0	0	0	0	0
linkedin learning machine learning and ai crash course						0	0	0	0	0	0	0	0	0	0	0	0	0	0	0	0	0	0	0	0	0	0	0	0	0	0	0	0	0	0	0	0	0	0	0	0	0	0	0	0	0	0	0	0	0	0	0	0
linuxacademy machine learning courses						0	0	0	0	0	0	0	0	0	0	0	0	0	0	0	0	0	0	0	0	0	0	0	0	0	0	0	0	0	0	0	0	0	0	0	0	0	0	0	0	0	0	0	0	0	0	0	0
lums machine learning course						0	0	0	0	0	0	0	0	0	0	0	0	0	0	0	0	0	0	0	0	0	0	0	0	0	0	0	0	0	0	0	0	0	0	0	0	0	0	0	0	0	0	0	0	0	0	0	0
lynda machine learning courses						0	0	0	0	0	0	0	0	0	0	0	0	0	0	0	0	0	0	0	0	0	0	0	0	0	0	0	0	0	0	0	0	0	0	0	0	0	0	0	0	0	0	0	0	0	0	0	0
machien learning machine learning course						0	0	0	0	0	0	0	0	0	0	0	0	0	0	0	0	0	0	0	0	0	0	0	0	0	0	0	0	0	0	0	0	0	0	0	0	0	0	0	0	0	0	0	0	0	0	0	0
machine and deep learning python course						0	0	0	0	0	0	0	0	0	0	0	0	0	0	0	0	0	0	0	0	0	0	0	0	0	0	0	0	0	0	0	0	0	0	0	0	0	0	0	0	0	0	0	0	0	0	0	0
machine intelligence w deep learning courses exam						0	0	0	0	0	0	0	0	0	0	0	0	0	0	0	0	0	0	0	0	0	0	0	0	0	0	0	0	0	0	0	0	0	0	0	0	0	0	0	0	0	0	0	0	0	0	0	0
machine intelligence w deep learning courses exam syracuse university						0	0	0	0	0	0	0	0	0	0	0	0	0	0	0	0	0	0	0	0	0	0	0	0	0	0	0	0	0	0	0	0	0	0	0	0	0	0	0	0	0	0	0	0	0	0	0	0
machine learning 1 year course						0	0	0	0	0	0	0	0	0	0	0	0	0	0	0	0	0	0	0	0	0	0	0	0	0	0	0	0	0	0	0	0	0	0	0	0	0	0	0	0	0	0	0	0	0	0	0	0
machine learning 101 courses						0	0	0	0	0	0	0	0	0	0	0	0	0	0	0	0	0	0	0	0	0	0	0	0	0	0	0	0	0	0	0	0	0	0	0	0	0	0	0	0	0	0	0	0	0	0	0	0
machine learning 2018 course						0	0	0	0	0	0	0	0	0	0	0	0	0	0	0	0	0	0	0	0	0	0	0	0	0	0	0	0	0	0	0	0	0	0	0	0	0	0	0	0	0	0	0	0	0	0	0	0
machine learning 6 months course						0	0	0	0	0	0	0	0	0	0	0	0	0	0	0	0	0	0	0	0	0	0	0	0	0	0	0	0	0	0	0	0	0	0	0	0	0	0	0	0	0	0	0	0	0	0	0	0
machine learning a probabilistic perspective course						0	0	0	0	0	0	0	0	0	0	0	0	0	0	0	0	0	0	0	0	0	0	0	0	0	0	0	0	0	0	0	0	0	0	0	0	0	0	0	0	0	0	0	0	0	0	0	0
machine learning a probability approach course						0	0	0	0	0	0	0	0	0	0	0	0	0	0	0	0	0	0	0	0	0	0	0	0	0	0	0	0	0	0	0	0	0	0	0	0	0	0	0	0	0	0	0	0	0	0	0	0
machine learning aalto course						0	0	0	0	0	0	0	0	0	0	0	0	0	0	0	0	0	0	0	0	0	0	0	0	0	0	0	0	0	0	0	0	0	0	0	0	0	0	0	0	0	0	0	0	0	0	0	0
machine learning accredited courses						0	0	0	0	0	0	0	0	0	0	0	0	0	0	0	0	0	0	0	0	0	0	0	0	0	0	0	0	0	0	0	0	0	0	0	0	0	0	0	0	0	0	0	0	0	0	0	0
machine learning advance course						0	0	0	0	0	0	0	0	0	0	0	0	0	0	0	0	0	0	0	0	0	0	0	0	0	0	0	0	0	0	0	0	0	0	0	0	0	0	0	0	0	0	0	0	0	0	0	0
machine learning advanced course kth	10	Low				0	0	0	0	0	0	0	0	0	0	0	0	0	0	0	0	0	0	0	0	0	0	0	0	0	0	0	0	0	0	0	40	30	10	10	10	10	10	10	10	10	10	10	10	10	10	10	10
machine learning advanced courses udem						0	0	0	0	0	0	0	0	0	0	0	0	0	0	0	0	0	0	0	0	0	0	0	0	0	0	0	0	0	0	0	0	0	0	0	0	0	0	0	0	0	0	0	0	0	0	0	0
machine learning ai and data science courses						0	0	0	0	0	0	0	0	0	0	0	0	0	0	0	0	0	0	0	0	0	0	0	0	0	0	0	0	0	0	0	0	0	0	0	0	0	0	0	0	0	0	0	0	0	0	0	0
machine learning ai course for beginners						0	0	0	0	0	0	0	0	0	0	0	0	0	0	0	0	0	0	0	0	0	0	0	0	0	0	0	0	0	0	0	0	0	0	0	0	0	0	0	0	0	0	0	0	0	0	0	0
machine learning ai courses online						0	0	0	0	0	0	0	0	0	0	0	0	0	0	0	0	0	0	0	0	0	0	0	0	0	0	0	0	0	0	0	0	0	0	0	0	0	0	0	0	0	0	0	0	0	0	0	0
machine learning ai courses reddit						0	0	0	0	0	0	0	0	0	0	0	0	0	0	0	0	0	0	0	0	0	0	0	0	0	0	0	0	0	0	0	0	0	0	0	0	0	0	0	0	0	0	0	0	0	0	0	0
machine learning ai engineer cmu course						0	0	0	0	0	0	0	0	0	0	0	0	0	0	0	0	0	0	0	0	0	0	0	0	0	0	0	0	0	0	0	0	0	0	0	0	0	0	0	0	0	0	0	0	0	0	0	0
machine learning ai online courses in nepal						0	0	0	0	0	0	0	0	0	0	0	0	0	0	0	0	0	0	0	0	0	0	0	0	0	0	0	0	0	0	0	0	0	0	0	0	0	0	0	0	0	0	0	0	0	0	0	0
machine learning algorithms crash course						0	0	0	0	0	0	0	0	0	0	0	0	0	0	0	0	0	0	0	0	0	0	0	0	0	0	0	0	0	0	0	0	0	0	0	0	0	0	0	0	0	0	0	0	0	0	0	0
machine learning analytics course						0	0	0	0	0	0	0	0	0	0	0	0	0	0	0	0	0	0	0	0	0	0	0	0	0	0	0	0	0	0	0	0	0	0	0	0	0	0	0	0	0	0	0	0	0	0	0	0
machine learning and ai complete courses 2024						0	0	0	0	0	0	0	0	0	0	0	0	0	0	0	0	0	0	0	0	0	0	0	0	0	0	0	0	0	0	0	0	0	0	0	0	0	0	0	0	0	0	0	0	0	0	0	0
machine learning and ai courses for beginners						0	0	0	0	0	0	0	0	0	0	0	0	0	0	0	0	0	0	0	0	0	0	0	0	0	0	0	0	0	0	0	0	0	0	0	0	0	0	0	0	0	0	0	0	0	0	0	0
machine learning and ai courses in canada						0	0	0	0	0	0	0	0	0	0	0	0	0	0	0	0	0	0	0	0	0	0	0	0	0	0	0	0	0	0	0	0	0	0	0	0	0	0	0	0	0	0	0	0	0	0	0	0
machine learning and ai courses in delhi						0	0	0	0	0	0	0	0	0	0	0	0	0	0	0	0	0	0	0	0	0	0	0	0	0	0	0	0	0	0	0	0	0	0	0	0	0	0	0	0	0	0	0	0	0	0	0	0
machine learning and ai courses in germany						0	0	0	0	0	0	0	0	0	0	0	0	0	0	0	0	0	0	0	0	0	0	0	0	0	0	0	0	0	0	0	0	0	0	0	0	0	0	0	0	0	0	0	0	0	0	0	0
machine learning and ai courses in navi mumbai						0	0	0	0	0	0	0	0	0	0	0	0	0	0	0	0	0	0	0	0	0	0	0	0	0	0	0	0	0	0	0	0	0	0	0	0	0	0	0	0	0	0	0	0	0	0	0	0
machine learning and ai courses near me						0	0	0	0	0	0	0	0	0	0	0	0	0	0	0	0	0	0	0	0	0	0	0	0	0	0	0	0	0	0	0	0	0	0	0	0	0	0	0	0	0	0	0	0	0	0	0	0
machine learning and ai courses online for beginners						0	0	0	0	0	0	0	0	0	0	0	0	0	0	0	0	0	0	0	0	0	0	0	0	0	0	0	0	0	0	0	0	0	0	0	0	0	0	0	0	0	0	0	0	0	0	0	0
machine learning and ai crash course						0	0	0	0	0	0	0	0	0	0	0	0	0	0	0	0	0	0	0	0	0	0	0	0	0	0	0	0	0	0	0	0	0	0	0	0	0	0	0	0	0	0	0	0	0	0	0	0
machine learning and ai crash course test vautomation						0	0	0	0	0	0	0	0	0	0	0	0	0	0	0	0	0	0	0	0	0	0	0	0	0	0	0	0	0	0	0	0	0	0	0	0	0	0	0	0	0	0	0	0	0	0	0	0
machine learning and ai for engineer cmu course						0	0	0	0	0	0	0	0	0	0	0	0	0	0	0	0	0	0	0	0	0	0	0	0	0	0	0	0	0	0	0	0	0	0	0	0	0	0	0	0	0	0	0	0	0	0	0	0
machine learning and artificial intelligence course content						0	0	0	0	0	0	0	0	0	0	0	0	0	0	0	0	0	0	0	0	0	0	0	0	0	0	0	0	0	0	0	0	0	0	0	0	0	0	0	0	0	0	0	0	0	0	0	0
machine learning and artificial intelligence course for beginners						0	0	0	0	0	0	0	0	0	0	0	0	0	0	0	0	0	0	0	0	0	0	0	0	0	0	0	0	0	0	0	0	0	0	0	0	0	0	0	0	0	0	0	0	0	0	0	0
machine learning and artificial intelligence courses for beginners						0	0	0	0	0	0	0	0	0	0	0	0	0	0	0	0	0	0	0	0	0	0	0	0	0	0	0	0	0	0	0	0	0	0	0	0	0	0	0	0	0	0	0	0	0	0	0	0
machine learning and artificial intelligence courses in bangalore quora						0	0	0	0	0	0	0	0	0	0	0	0	0	0	0	0	0	0	0	0	0	0	0	0	0	0	0	0	0	0	0	0	0	0	0	0	0	0	0	0	0	0	0	0	0	0	0	0
machine learning and artificial intelligence courses in singapore						0	0	0	0	0	0	0	0	0	0	0	0	0	0	0	0	0	0	0	0	0	0	0	0	0	0	0	0	0	0	0	0	0	0	0	0	0	0	0	0	0	0	0	0	0	0	0	0
machine learning and artificial intelligence courses quora						0	0	0	0	0	0	0	0	0	0	0	0	0	0	0	0	0	0	0	0	0	0	0	0	0	0	0	0	0	0	0	0	0	0	0	0	0	0	0	0	0	0	0	0	0	0	0	0
machine learning and artificial intelligence courses singapore						0	0	0	0	0	0	0	0	0	0	0	0	0	0	0	0	0	0	0	0	0	0	0	0	0	0	0	0	0	0	0	0	0	0	0	0	0	0	0	0	0	0	0	0	0	0	0	0
machine learning and big data course						0	0	0	0	0	0	0	0	0	0	0	0	0	0	0	0	0	0	0	0	0	0	0	0	0	0	0	0	0	0	0	0	0	0	0	0	0	0	0	0	0	0	0	0	0	0	0	0
machine learning and causal inference course						0	0	0	0	0	0	0	0	0	0	0	0	0	0	0	0	0	0	0	0	0	0	0	0	0	0	0	0	0	0	0	0	0	0	0	0	0	0	0	0	0	0	0	0	0	0	0	0
machine learning and cyber security course						0	0	0	0	0	0	0	0	0	0	0	0	0	0	0	0	0	0	0	0	0	0	0	0	0	0	0	0	0	0	0	0	0	0	0	0	0	0	0	0	0	0	0	0	0	0	0	0
machine learning and data analytics course	20	Medium	51	0.187619	2.68	10	10	20	10	20	10	40	20	30	30	10	10	10	10	10	10	10	10	10	10	10	10	10	10	10	10	10	10	10	10	10	10	10	0	10	10	10	30	30	30	40	40	20	20	20	10	30	10
machine learning and data minging courses						0	0	0	0	0	0	0	0	0	0	0	0	0	0	0	0	0	0	0	0	0	0	0	0	0	0	0	0	0	0	0	0	0	0	0	0	0	0	0	0	0	0	0	0	0	0	0	0
machine learning and data mining course						0	0	0	0	0	0	0	0	0	0	0	0	0	0	0	0	0	0	0	0	0	0	0	0	0	0	0	0	0	0	0	0	0	0	0	0	0	0	0	0	0	0	0	0	0	0	0	0
machine learning and deep learning courses in bangalore						0	0	0	0	0	0	0	0	0	0	0	0	0	0	0	0	0	0	0	0	0	0	0	0	0	0	0	0	0	0	0	0	0	0	0	0	0	0	0	0	0	0	0	0	0	0	0	0
machine learning and deep learning courses in chennai						0	0	0	0	0	0	0	0	0	0	0	0	0	0	0	0	0	0	0	0	0	0	0	0	0	0	0	0	0	0	0	0	0	0	0	0	0	0	0	0	0	0	0	0	0	0	0	0
machine learning and econometrics course						0	0	0	0	0	0	0	0	0	0	0	0	0	0	0	0	0	0	0	0	0	0	0	0	0	0	0	0	0	0	0	0	0	0	0	0	0	0	0	0	0	0	0	0	0	0	0	0
machine learning and finance course						0	0	0	0	0	0	0	0	0	0	0	0	0	0	0	0	0	0	0	0	0	0	0	0	0	0	0	0	0	0	0	0	0	0	0	0	0	0	0	0	0	0	0	0	0	0	0	0
machine learning and generative ai course	30	High	81	1.121685	2.683683	0	0	0	0	0	0	0	0	0	0	0	0	0	0	0	0	0	0	0	0	0	0	0	0	0	0	0	0	0	0	0	0	0	0	0	20	20	20	20	20	30	20	30	10	20	70	10	30
machine learning and iot courses						0	0	0	0	0	0	0	0	0	0	0	0	0	0	0	0	0	0	0	0	0	0	0	0	0	0	0	0	0	0	0	0	0	0	0	0	0	0	0	0	0	0	0	0	0	0	0	0
machine learning and nlp course						0	0	0	0	0	0	0	0	0	0	0	0	0	0	0	0	0	0	0	0	0	0	0	0	0	0	0	0	0	0	0	0	0	0	0	0	0	0	0	0	0	0	0	0	0	0	0	0
machine learning and pattern recognition course	10	High	86			0	0	0	0	0	0	0	0	0	0	0	0	0	0	0	0	0	0	0	0	0	0	0	0	0	0	0	0	0	0	0	0	10	10	10	10	10	10	10	10	10	10	10	10	10	10	10	10
machine learning and robotics course						0	0	0	0	0	0	0	0	0	0	0	0	0	0	0	0	0	0	0	0	0	0	0	0	0	0	0	0	0	0	0	0	0	0	0	0	0	0	0	0	0	0	0	0	0	0	0	0
machine learning and signal processing courses						0	0	0	0	0	0	0	0	0	0	0	0	0	0	0	0	0	0	0	0	0	0	0	0	0	0	0	0	0	0	0	0	0	0	0	0	0	0	0	0	0	0	0	0	0	0	0	0
machine learning and stats course rutgers						0	0	0	0	0	0	0	0	0	0	0	0	0	0	0	0	0	0	0	0	0	0	0	0	0	0	0	0	0	0	0	0	0	0	0	0	0	0	0	0	0	0	0	0	0	0	0	0
machine learning andrew ng course review						0	0	0	0	0	0	0	0	0	0	0	0	0	0	0	0	0	0	0	0	0	0	0	0	0	0	0	0	0	0	0	0	0	0	0	0	0	0	0	0	0	0	0	0	0	0	0	0
machine learning applications course						0	0	0	0	0	0	0	0	0	0	0	0	0	0	0	0	0	0	0	0	0	0	0	0	0	0	0	0	0	0	0	0	0	0	0	0	0	0	0	0	0	0	0	0	0	0	0	0
machine learning architecture course						0	0	0	0	0	0	0	0	0	0	0	0	0	0	0	0	0	0	0	0	0	0	0	0	0	0	0	0	0	0	0	0	0	0	0	0	0	0	0	0	0	0	0	0	0	0	0	0
machine learning astronomy course						0	0	0	0	0	0	0	0	0	0	0	0	0	0	0	0	0	0	0	0	0	0	0	0	0	0	0	0	0	0	0	0	0	0	0	0	0	0	0	0	0	0	0	0	0	0	0	0
machine learning az course in python and r language						0	0	0	0	0	0	0	0	0	0	0	0	0	0	0	0	0	0	0	0	0	0	0	0	0	0	0	0	0	0	0	0	0	0	0	0	0	0	0	0	0	0	0	0	0	0	0	0
machine learning az full course						0	0	0	0	0	0	0	0	0	0	0	0	0	0	0	0	0	0	0	0	0	0	0	0	0	0	0	0	0	0	0	0	0	0	0	0	0	0	0	0	0	0	0	0	0	0	0	0
machine learning berkeley courses						0	0	0	0	0	0	0	0	0	0	0	0	0	0	0	0	0	0	0	0	0	0	0	0	0	0	0	0	0	0	0	0	0	0	0	0	0	0	0	0	0	0	0	0	0	0	0	0
machine learning berlin course						0	0	0	0	0	0	0	0	0	0	0	0	0	0	0	0	0	0	0	0	0	0	0	0	0	0	0	0	0	0	0	0	0	0	0	0	0	0	0	0	0	0	0	0	0	0	0	0
machine learning bertkeley courses						0	0	0	0	0	0	0	0	0	0	0	0	0	0	0	0	0	0	0	0	0	0	0	0	0	0	0	0	0	0	0	0	0	0	0	0	0	0	0	0	0	0	0	0	0	0	0	0
machine learning best free courses						0	0	0	0	0	0	0	0	0	0	0	0	0	0	0	0	0	0	0	0	0	0	0	0	0	0	0	0	0	0	0	0	0	0	0	0	0	0	0	0	0	0	0	0	0	0	0	0
machine learning big data utsa course						0	0	0	0	0	0	0	0	0	0	0	0	0	0	0	0	0	0	0	0	0	0	0	0	0	0	0	0	0	0	0	0	0	0	0	0	0	0	0	0	0	0	0	0	0	0	0	0
machine learning bsu courses						0	0	0	0	0	0	0	0	0	0	0	0	0	0	0	0	0	0	0	0	0	0	0	0	0	0	0	0	0	0	0	0	0	0	0	0	0	0	0	0	0	0	0	0	0	0	0	0
machine learning business shool phd course						0	0	0	0	0	0	0	0	0	0	0	0	0	0	0	0	0	0	0	0	0	0	0	0	0	0	0	0	0	0	0	0	0	0	0	0	0	0	0	0	0	0	0	0	0	0	0	0
machine learning by python course						0	0	0	0	0	0	0	0	0	0	0	0	0	0	0	0	0	0	0	0	0	0	0	0	0	0	0	0	0	0	0	0	0	0	0	0	0	0	0	0	0	0	0	0	0	0	0	0
machine learning by python course review						0	0	0	0	0	0	0	0	0	0	0	0	0	0	0	0	0	0	0	0	0	0	0	0	0	0	0	0	0	0	0	0	0	0	0	0	0	0	0	0	0	0	0	0	0	0	0	0
machine learning c course						0	0	0	0	0	0	0	0	0	0	0	0	0	0	0	0	0	0	0	0	0	0	0	0	0	0	0	0	0	0	0	0	0	0	0	0	0	0	0	0	0	0	0	0	0	0	0	0
machine learning case studies course						0	0	0	0	0	0	0	0	0	0	0	0	0	0	0	0	0	0	0	0	0	0	0	0	0	0	0	0	0	0	0	0	0	0	0	0	0	0	0	0	0	0	0	0	0	0	0	0
machine learning case study for course recommendations						0	0	0	0	0	0	0	0	0	0	0	0	0	0	0	0	0	0	0	0	0	0	0	0	0	0	0	0	0	0	0	0	0	0	0	0	0	0	0	0	0	0	0	0	0	0	0	0
machine learning cdmx course						0	0	0	0	0	0	0	0	0	0	0	0	0	0	0	0	0	0	0	0	0	0	0	0	0	0	0	0	0	0	0	0	0	0	0	0	0	0	0	0	0	0	0	0	0	0	0	0
machine learning certificate course online						0	0	0	0	0	0	0	0	0	0	0	0	0	0	0	0	0	0	0	0	0	0	0	0	0	0	0	0	0	0	0	0	0	0	0	0	0	0	0	0	0	0	0	0	0	0	0	0
machine learning certificate course online cornell						0	0	0	0	0	0	0	0	0	0	0	0	0	0	0	0	0	0	0	0	0	0	0	0	0	0	0	0	0	0	0	0	0	0	0	0	0	0	0	0	0	0	0	0	0	0	0	0
machine learning certification course in atlanta by simplilearn						0	0	0	0	0	0	0	0	0	0	0	0	0	0	0	0	0	0	0	0	0	0	0	0	0	0	0	0	0	0	0	0	0	0	0	0	0	0	0	0	0	0	0	0	0	0	0	0
machine learning certification course in chennai						0	0	0	0	0	0	0	0	0	0	0	0	0	0	0	0	0	0	0	0	0	0	0	0	0	0	0	0	0	0	0	0	0	0	0	0	0	0	0	0	0	0	0	0	0	0	0	0
machine learning certification course in pune						0	0	0	0	0	0	0	0	0	0	0	0	0	0	0	0	0	0	0	0	0	0	0	0	0	0	0	0	0	0	0	0	0	0	0	0	0	0	0	0	0	0	0	0	0	0	0	0
machine learning certification courses 2025						0	0	0	0	0	0	0	0	0	0	0	0	0	0	0	0	0	0	0	0	0	0	0	0	0	0	0	0	0	0	0	0	0	0	0	0	0	0	0	0	0	0	0	0	0	0	0	0
machine learning certification courses in india						0	0	0	0	0	0	0	0	0	0	0	0	0	0	0	0	0	0	0	0	0	0	0	0	0	0	0	0	0	0	0	0	0	0	0	0	0	0	0	0	0	0	0	0	0	0	0	0
machine learning cfd course						0	0	0	0	0	0	0	0	0	0	0	0	0	0	0	0	0	0	0	0	0	0	0	0	0	0	0	0	0	0	0	0	0	0	0	0	0	0	0	0	0	0	0	0	0	0	0	0
machine learning classification course						0	0	0	0	0	0	0	0	0	0	0	0	0	0	0	0	0	0	0	0	0	0	0	0	0	0	0	0	0	0	0	0	0	0	0	0	0	0	0	0	0	0	0	0	0	0	0	0
machine learning cmu course fall 2019						0	0	0	0	0	0	0	0	0	0	0	0	0	0	0	0	0	0	0	0	0	0	0	0	0	0	0	0	0	0	0	0	0	0	0	0	0	0	0	0	0	0	0	0	0	0	0	0
machine learning cmu grad course						0	0	0	0	0	0	0	0	0	0	0	0	0	0	0	0	0	0	0	0	0	0	0	0	0	0	0	0	0	0	0	0	0	0	0	0	0	0	0	0	0	0	0	0	0	0	0	0
machine learning coding course	10	Medium	46	1.681513	7.269164	0	0	0	0	0	0	0	0	0	0	0	0	0	0	0	0	0	0	0	0	0	0	0	0	10	20	20	20	10	10	50	50	20	10	20	10	20	20	20	10	10	10	10	10	10	10	10	10
machine learning college course						0	0	0	0	0	0	0	0	0	0	0	0	0	0	0	0	0	0	0	0	0	0	0	0	0	0	0	0	0	0	0	0	0	0	0	0	0	0	0	0	0	0	0	0	0	0	0	0
machine learning college course online						0	0	0	0	0	0	0	0	0	0	0	0	0	0	0	0	0	0	0	0	0	0	0	0	0	0	0	0	0	0	0	0	0	0	0	0	0	0	0	0	0	0	0	0	0	0	0	0
machine learning college courses						0	0	0	0	0	0	0	0	0	0	0	0	0	0	0	0	0	0	0	0	0	0	0	0	0	0	0	0	0	0	0	0	0	0	0	0	0	0	0	0	0	0	0	0	0	0	0	0
machine learning computer vision course						0	0	0	0	0	0	0	0	0	0	0	0	0	0	0	0	0	0	0	0	0	0	0	0	0	0	0	0	0	0	0	0	0	0	0	0	0	0	0	0	0	0	0	0	0	0	0	0
machine learning computer vision courses						0	0	0	0	0	0	0	0	0	0	0	0	0	0	0	0	0	0	0	0	0	0	0	0	0	0	0	0	0	0	0	0	0	0	0	0	0	0	0	0	0	0	0	0	0	0	0	0
machine learning concepts course						0	0	0	0	0	0	0	0	0	0	0	0	0	0	0	0	0	0	0	0	0	0	0	0	0	0	0	0	0	0	0	0	0	0	0	0	0	0	0	0	0	0	0	0	0	0	0	0
machine learning cornell course						0	0	0	0	0	0	0	0	0	0	0	0	0	0	0	0	0	0	0	0	0	0	0	0	0	0	0	0	0	0	0	0	0	0	0	0	0	0	0	0	0	0	0	0	0	0	0	0
machine learning cornell courses						0	0	0	0	0	0	0	0	0	0	0	0	0	0	0	0	0	0	0	0	0	0	0	0	0	0	0	0	0	0	0	0	0	0	0	0	0	0	0	0	0	0	0	0	0	0	0	0
machine learning courant course						0	0	0	0	0	0	0	0	0	0	0	0	0	0	0	0	0	0	0	0	0	0	0	0	0	0	0	0	0	0	0	0	0	0	0	0	0	0	0	0	0	0	0	0	0	0	0	0
machine learning course 2024	10					0	0	0	0	0	0	0	0	0	0	0	0	0	0	0	0	0	0	0	0	0	0	0	30	40	20	50	30	20	30	20	20	10	10	20	10	10	10	10	10	10	10	10	0	0	10	10	0
machine learning course 2025	20	Low				0	0	0	0	0	0	0	0	0	0	0	0	0	0	0	0	0	0	0	0	0	0	0	0	0	0	0	0	0	0	0	0	0	110	30	20	20	20	20	40	70	30	20	10	10	20	10	10
machine learning course 395						0	0	0	0	0	0	0	0	0	0	0	0	0	0	0	0	0	0	0	0	0	0	0	0	0	0	0	0	0	0	0	0	0	0	0	0	0	0	0	0	0	0	0	0	0	0	0	0
machine learning course a						0	0	0	0	0	0	0	0	0	0	0	0	0	0	0	0	0	0	0	0	0	0	0	0	0	0	0	0	0	0	0	0	0	0	0	0	0	0	0	0	0	0	0	0	0	0	0	0
machine learning course abroad						0	0	0	0	0	0	0	0	0	0	0	0	0	0	0	0	0	0	0	0	0	0	0	0	0	0	0	0	0	0	0	0	0	0	0	0	0	0	0	0	0	0	0	0	0	0	0	0
machine learning course adelaide						0	0	0	0	0	0	0	0	0	0	0	0	0	0	0	0	0	0	0	0	0	0	0	0	0	0	0	0	0	0	0	0	0	0	0	0	0	0	0	0	0	0	0	0	0	0	0	0
machine learning course after 12th	50	Low	26	0.249265	0.878849	20	40	40	40	50	30	30	20	10	20	30	30	30	40	40	40	20	10	10	10	10	20	50	50	40	30	40	30	30	30	20	30	30	30	30	30	90	90	140	70	40	40	20	20	20	30	40	30
machine learning course ai	20	Medium	64	0.683482	2.318805	0	0	0	0	0	0	0	0	0	0	0	0	0	0	0	0	0	0	0	0	0	0	0	0	0	0	0	0	0	0	0	0	0	0	0	0	20	20	20	10	10	10	10	10	10	20	20	10
machine learning course analytics vidhya						0	0	0	0	0	0	0	0	0	0	0	0	0	0	0	0	0	0	0	0	0	0	0	0	0	0	0	0	0	0	0	0	0	0	0	0	0	0	0	0	0	0	0	0	0	0	0	0
machine learning course and internship						0	0	0	0	0	0	0	0	0	0	0	0	0	0	0	0	0	0	0	0	0	0	0	0	0	0	0	0	0	0	0	0	0	0	0	0	0	0	0	0	0	0	0	0	0	0	0	0
machine learning course armenia						0	0	0	0	0	0	0	0	0	0	0	0	0	0	0	0	0	0	0	0	0	0	0	0	0	0	0	0	0	0	0	0	0	0	0	0	0	0	0	0	0	0	0	0	0	0	0	0
machine learning course at arizona state university						0	0	0	0	0	0	0	0	0	0	0	0	0	0	0	0	0	0	0	0	0	0	0	0	0	0	0	0	0	0	0	0	0	0	0	0	0	0	0	0	0	0	0	0	0	0	0	0
machine learning course at boston university						0	0	0	0	0	0	0	0	0	0	0	0	0	0	0	0	0	0	0	0	0	0	0	0	0	0	0	0	0	0	0	0	0	0	0	0	0	0	0	0	0	0	0	0	0	0	0	0
machine learning course at courser						0	0	0	0	0	0	0	0	0	0	0	0	0	0	0	0	0	0	0	0	0	0	0	0	0	0	0	0	0	0	0	0	0	0	0	0	0	0	0	0	0	0	0	0	0	0	0	0
machine learning course at duke university						0	0	0	0	0	0	0	0	0	0	0	0	0	0	0	0	0	0	0	0	0	0	0	0	0	0	0	0	0	0	0	0	0	0	0	0	0	0	0	0	0	0	0	0	0	0	0	0
machine learning course at georgetown university						0	0	0	0	0	0	0	0	0	0	0	0	0	0	0	0	0	0	0	0	0	0	0	0	0	0	0	0	0	0	0	0	0	0	0	0	0	0	0	0	0	0	0	0	0	0	0	0
machine learning course at georgia tech georgia						0	0	0	0	0	0	0	0	0	0	0	0	0	0	0	0	0	0	0	0	0	0	0	0	0	0	0	0	0	0	0	0	0	0	0	0	0	0	0	0	0	0	0	0	0	0	0	0
machine learning course at iisc						0	0	0	0	0	0	0	0	0	0	0	0	0	0	0	0	0	0	0	0	0	0	0	0	0	0	0	0	0	0	0	0	0	0	0	0	0	0	0	0	0	0	0	0	0	0	0	0
machine learning course at misb bocconi						0	0	0	0	0	0	0	0	0	0	0	0	0	0	0	0	0	0	0	0	0	0	0	0	0	0	0	0	0	0	0	0	0	0	0	0	0	0	0	0	0	0	0	0	0	0	0	0
machine learning course at new york university new york						0	0	0	0	0	0	0	0	0	0	0	0	0	0	0	0	0	0	0	0	0	0	0	0	0	0	0	0	0	0	0	0	0	0	0	0	0	0	0	0	0	0	0	0	0	0	0	0
machine learning course at northwestern university illionis						0	0	0	0	0	0	0	0	0	0	0	0	0	0	0	0	0	0	0	0	0	0	0	0	0	0	0	0	0	0	0	0	0	0	0	0	0	0	0	0	0	0	0	0	0	0	0	0
machine learning course at penn university						0	0	0	0	0	0	0	0	0	0	0	0	0	0	0	0	0	0	0	0	0	0	0	0	0	0	0	0	0	0	0	0	0	0	0	0	0	0	0	0	0	0	0	0	0	0	0	0
machine learning course at univeristy of michigan						0	0	0	0	0	0	0	0	0	0	0	0	0	0	0	0	0	0	0	0	0	0	0	0	0	0	0	0	0	0	0	0	0	0	0	0	0	0	0	0	0	0	0	0	0	0	0	0
machine learning course at utd						0	0	0	0	0	0	0	0	0	0	0	0	0	0	0	0	0	0	0	0	0	0	0	0	0	0	0	0	0	0	0	0	0	0	0	0	0	0	0	0	0	0	0	0	0	0	0	0
machine learning course at virginia tech						0	0	0	0	0	0	0	0	0	0	0	0	0	0	0	0	0	0	0	0	0	0	0	0	0	0	0	0	0	0	0	0	0	0	0	0	0	0	0	0	0	0	0	0	0	0	0	0
machine learning course based on prml						0	0	0	0	0	0	0	0	0	0	0	0	0	0	0	0	0	0	0	0	0	0	0	0	0	0	0	0	0	0	0	0	0	0	0	0	0	0	0	0	0	0	0	0	0	0	0	0
machine learning course beginner to advanced	20	Medium	44	0.349528	1.711558	0	0	0	0	0	0	0	0	0	0	0	0	0	0	0	0	0	0	0	0	0	0	0	0	0	0	0	0	0	0	0	0	0	0	0	0	10	10	20	10	20	10	20	10	10	10	10	30
machine learning course biostatistics degreee						0	0	0	0	0	0	0	0	0	0	0	0	0	0	0	0	0	0	0	0	0	0	0	0	0	0	0	0	0	0	0	0	0	0	0	0	0	0	0	0	0	0	0	0	0	0	0	0
machine learning course bishop						0	0	0	0	0	0	0	0	0	0	0	0	0	0	0	0	0	0	0	0	0	0	0	0	0	0	0	0	0	0	0	0	0	0	0	0	0	0	0	0	0	0	0	0	0	0	0	0
machine learning course bloomberg						0	0	0	0	0	0	0	0	0	0	0	0	0	0	0	0	0	0	0	0	0	0	0	0	0	0	0	0	0	0	0	0	0	0	0	0	0	0	0	0	0	0	0	0	0	0	0	0
machine learning course boosting						0	0	0	0	0	0	0	0	0	0	0	0	0	0	0	0	0	0	0	0	0	0	0	0	0	0	0	0	0	0	0	0	0	0	0	0	0	0	0	0	0	0	0	0	0	0	0	0
machine learning course branch						0	0	0	0	0	0	0	0	0	0	0	0	0	0	0	0	0	0	0	0	0	0	0	0	0	0	0	0	0	0	0	0	0	0	0	0	0	0	0	0	0	0	0	0	0	0	0	0
machine learning course bu						0	0	0	0	0	0	0	0	0	0	0	0	0	0	0	0	0	0	0	0	0	0	0	0	0	0	0	0	0	0	0	0	0	0	0	0	0	0	0	0	0	0	0	0	0	0	0	0
machine learning course bulletin ist						0	0	0	0	0	0	0	0	0	0	0	0	0	0	0	0	0	0	0	0	0	0	0	0	0	0	0	0	0	0	0	0	0	0	0	0	0	0	0	0	0	0	0	0	0	0	0	0
machine learning course by andrew fees						0	0	0	0	0	0	0	0	0	0	0	0	0	0	0	0	0	0	0	0	0	0	0	0	0	0	0	0	0	0	0	0	0	0	0	0	0	0	0	0	0	0	0	0	0	0	0	0
machine learning course by ravindrababu ravula						0	0	0	0	0	0	0	0	0	0	0	0	0	0	0	0	0	0	0	0	0	0	0	0	0	0	0	0	0	0	0	0	0	0	0	0	0	0	0	0	0	0	0	0	0	0	0	0
machine learning course byu						0	0	0	0	0	0	0	0	0	0	0	0	0	0	0	0	0	0	0	0	0	0	0	0	0	0	0	0	0	0	0	0	0	0	0	0	0	0	0	0	0	0	0	0	0	0	0	0
machine learning course c						0	0	0	0	0	0	0	0	0	0	0	0	0	0	0	0	0	0	0	0	0	0	0	0	0	0	0	0	0	0	0	0	0	0	0	0	0	0	0	0	0	0	0	0	0	0	0	0
machine learning course certificate free	20	Medium	51	0.040342	0.829894	0	0	0	0	0	0	0	0	0	0	0	0	0	0	0	0	0	0	0	0	0	0	0	0	0	0	0	0	0	0	0	0	0	0	10	10	20	20	30	30	30	20	10	20	30	20	10	20
machine learning course certification reddit						0	0	0	0	0	0	0	0	0	0	0	0	0	0	0	0	0	0	0	0	0	0	0	0	0	0	0	0	0	0	0	0	0	0	0	0	0	0	0	0	0	0	0	0	0	0	0	0
machine learning course chennai quora						0	0	0	0	0	0	0	0	0	0	0	0	0	0	0	0	0	0	0	0	0	0	0	0	0	0	0	0	0	0	0	0	0	0	0	0	0	0	0	0	0	0	0	0	0	0	0	0
machine learning course citytech						0	0	0	0	0	0	0	0	0	0	0	0	0	0	0	0	0	0	0	0	0	0	0	0	0	0	0	0	0	0	0	0	0	0	0	0	0	0	0	0	0	0	0	0	0	0	0	0
machine learning course classroom						0	0	0	0	0	0	0	0	0	0	0	0	0	0	0	0	0	0	0	0	0	0	0	0	0	0	0	0	0	0	0	0	0	0	0	0	0	0	0	0	0	0	0	0	0	0	0	0
machine learning course codecademy						0	0	0	0	0	0	0	0	0	0	0	0	0	0	0	0	0	0	0	0	0	0	0	0	0	0	0	0	0	0	0	0	0	0	0	0	0	0	0	0	0	0	0	0	0	0	0	0
machine learning course college						0	0	0	0	0	0	0	0	0	0	0	0	0	0	0	0	0	0	0	0	0	0	0	0	0	0	0	0	0	0	0	0	0	0	0	0	0	0	0	0	0	0	0	0	0	0	0	0
machine learning course concordia						0	0	0	0	0	0	0	0	0	0	0	0	0	0	0	0	0	0	0	0	0	0	0	0	0	0	0	0	0	0	0	0	0	0	0	0	0	0	0	0	0	0	0	0	0	0	0	0
machine learning course coursea						0	0	0	0	0	0	0	0	0	0	0	0	0	0	0	0	0	0	0	0	0	0	0	0	0	0	0	0	0	0	0	0	0	0	0	0	0	0	0	0	0	0	0	0	0	0	0	0
machine learning course coursera cost						0	0	0	0	0	0	0	0	0	0	0	0	0	0	0	0	0	0	0	0	0	0	0	0	0	0	0	0	0	0	0	0	0	0	0	0	0	0	0	0	0	0	0	0	0	0	0	0
machine learning course cousera						0	0	0	0	0	0	0	0	0	0	0	0	0	0	0	0	0	0	0	0	0	0	0	0	0	0	0	0	0	0	0	0	0	0	0	0	0	0	0	0	0	0	0	0	0	0	0	0
machine learning course cu boulder						0	0	0	0	0	0	0	0	0	0	0	0	0	0	0	0	0	0	0	0	0	0	0	0	0	0	0	0	0	0	0	0	0	0	0	0	0	0	0	0	0	0	0	0	0	0	0	0
machine learning course deep learning						0	0	0	0	0	0	0	0	0	0	0	0	0	0	0	0	0	0	0	0	0	0	0	0	0	0	0	0	0	0	0	0	0	0	0	0	0	0	0	0	0	0	0	0	0	0	0	0
machine learning course deeplearning ai	30	Medium	48	0.432432	1.574589	0	0	0	0	0	0	0	0	0	0	0	0	0	0	0	0	0	0	0	0	0	0	0	0	0	0	0	0	0	0	0	0	0	20	20	30	20	20	30	30	50	20	30	20	20	20	20	20
machine learning course details for masters						0	0	0	0	0	0	0	0	0	0	0	0	0	0	0	0	0	0	0	0	0	0	0	0	0	0	0	0	0	0	0	0	0	0	0	0	0	0	0	0	0	0	0	0	0	0	0	0
machine learning course ece nyu tandon						0	0	0	0	0	0	0	0	0	0	0	0	0	0	0	0	0	0	0	0	0	0	0	0	0	0	0	0	0	0	0	0	0	0	0	0	0	0	0	0	0	0	0	0	0	0	0	0
machine learning course edinburgh						0	0	0	0	0	0	0	0	0	0	0	0	0	0	0	0	0	0	0	0	0	0	0	0	0	0	0	0	0	0	0	0	0	0	0	0	0	0	0	0	0	0	0	0	0	0	0	0
machine learning course edmonton						0	0	0	0	0	0	0	0	0	0	0	0	0	0	0	0	0	0	0	0	0	0	0	0	0	0	0	0	0	0	0	0	0	0	0	0	0	0	0	0	0	0	0	0	0	0	0	0
machine learning course eindhoven						0	0	0	0	0	0	0	0	0	0	0	0	0	0	0	0	0	0	0	0	0	0	0	0	0	0	0	0	0	0	0	0	0	0	0	0	0	0	0	0	0	0	0	0	0	0	0	0
machine learning course employability						0	0	0	0	0	0	0	0	0	0	0	0	0	0	0	0	0	0	0	0	0	0	0	0	0	0	0	0	0	0	0	0	0	0	0	0	0	0	0	0	0	0	0	0	0	0	0	0
machine learning course equivalent						0	0	0	0	0	0	0	0	0	0	0	0	0	0	0	0	0	0	0	0	0	0	0	0	0	0	0	0	0	0	0	0	0	0	0	0	0	0	0	0	0	0	0	0	0	0	0	0
machine learning course ex3						0	0	0	0	0	0	0	0	0	0	0	0	0	0	0	0	0	0	0	0	0	0	0	0	0	0	0	0	0	0	0	0	0	0	0	0	0	0	0	0	0	0	0	0	0	0	0	0
machine learning course examples						0	0	0	0	0	0	0	0	0	0	0	0	0	0	0	0	0	0	0	0	0	0	0	0	0	0	0	0	0	0	0	0	0	0	0	0	0	0	0	0	0	0	0	0	0	0	0	0
machine learning course exercises						0	0	0	0	0	0	0	0	0	0	0	0	0	0	0	0	0	0	0	0	0	0	0	0	0	0	0	0	0	0	0	0	0	0	0	0	0	0	0	0	0	0	0	0	0	0	0	0
machine learning course failed in uc davis						0	0	0	0	0	0	0	0	0	0	0	0	0	0	0	0	0	0	0	0	0	0	0	0	0	0	0	0	0	0	0	0	0	0	0	0	0	0	0	0	0	0	0	0	0	0	0	0
machine learning course fee in gurgaon						0	0	0	0	0	0	0	0	0	0	0	0	0	0	0	0	0	0	0	0	0	0	0	0	0	0	0	0	0	0	0	0	0	0	0	0	0	0	0	0	0	0	0	0	0	0	0	0
machine learning course fee in mumbai						0	0	0	0	0	0	0	0	0	0	0	0	0	0	0	0	0	0	0	0	0	0	0	0	0	0	0	0	0	0	0	0	0	0	0	0	0	0	0	0	0	0	0	0	0	0	0	0
machine learning course fees in coursera						0	0	0	0	0	0	0	0	0	0	0	0	0	0	0	0	0	0	0	0	0	0	0	0	0	0	0	0	0	0	0	0	0	0	0	0	0	0	0	0	0	0	0	0	0	0	0	0
machine learning course fees in kolkata						0	0	0	0	0	0	0	0	0	0	0	0	0	0	0	0	0	0	0	0	0	0	0	0	0	0	0	0	0	0	0	0	0	0	0	0	0	0	0	0	0	0	0	0	0	0	0	0
machine learning course fees in noida						0	0	0	0	0	0	0	0	0	0	0	0	0	0	0	0	0	0	0	0	0	0	0	0	0	0	0	0	0	0	0	0	0	0	0	0	0	0	0	0	0	0	0	0	0	0	0	0
machine learning course florida						0	0	0	0	0	0	0	0	0	0	0	0	0	0	0	0	0	0	0	0	0	0	0	0	0	0	0	0	0	0	0	0	0	0	0	0	0	0	0	0	0	0	0	0	0	0	0	0
machine learning course for beginner						0	0	0	0	0	0	0	0	0	0	0	0	0	0	0	0	0	0	0	0	0	0	0	0	0	0	0	0	0	0	0	0	0	0	0	0	0	0	0	0	0	0	0	0	0	0	0	0
machine learning course for beginners online						0	0	0	0	0	0	0	0	0	0	0	0	0	0	0	0	0	0	0	0	0	0	0	0	0	0	0	0	0	0	0	0	0	0	0	0	0	0	0	0	0	0	0	0	0	0	0	0
machine learning course for business school phd students						0	0	0	0	0	0	0	0	0	0	0	0	0	0	0	0	0	0	0	0	0	0	0	0	0	0	0	0	0	0	0	0	0	0	0	0	0	0	0	0	0	0	0	0	0	0	0	0
machine learning course for business school phd studnents						0	0	0	0	0	0	0	0	0	0	0	0	0	0	0	0	0	0	0	0	0	0	0	0	0	0	0	0	0	0	0	0	0	0	0	0	0	0	0	0	0	0	0	0	0	0	0	0
machine learning course for doctors						0	0	0	0	0	0	0	0	0	0	0	0	0	0	0	0	0	0	0	0	0	0	0	0	0	0	0	0	0	0	0	0	0	0	0	0	0	0	0	0	0	0	0	0	0	0	0	0
machine learning course for dummies						0	0	0	0	0	0	0	0	0	0	0	0	0	0	0	0	0	0	0	0	0	0	0	0	0	0	0	0	0	0	0	0	0	0	0	0	0	0	0	0	0	0	0	0	0	0	0	0
machine learning course for free with certificate	20	Medium	39	0.029811	0.449272	0	0	0	0	0	0	0	0	0	0	0	0	0	0	0	0	0	0	0	0	0	0	0	0	0	0	0	0	0	0	0	0	0	0	20	20	20	20	20	30	40	20	20	20	30	10	20	10
machine learning course for healthcare						0	0	0	0	0	0	0	0	0	0	0	0	0	0	0	0	0	0	0	0	0	0	0	0	0	0	0	0	0	0	0	0	0	0	0	0	0	0	0	0	0	0	0	0	0	0	0	0
machine learning course for high school students						0	0	0	0	0	0	0	0	0	0	0	0	0	0	0	0	0	0	0	0	0	0	0	0	0	0	0	0	0	0	0	0	0	0	0	0	0	0	0	0	0	0	0	0	0	0	0	0
machine learning course for hyperparameaters						0	0	0	0	0	0	0	0	0	0	0	0	0	0	0	0	0	0	0	0	0	0	0	0	0	0	0	0	0	0	0	0	0	0	0	0	0	0	0	0	0	0	0	0	0	0	0	0
machine learning course for hyperparameters						0	0	0	0	0	0	0	0	0	0	0	0	0	0	0	0	0	0	0	0	0	0	0	0	0	0	0	0	0	0	0	0	0	0	0	0	0	0	0	0	0	0	0	0	0	0	0	0
machine learning course for hyperparameters hyperparameter tuning						0	0	0	0	0	0	0	0	0	0	0	0	0	0	0	0	0	0	0	0	0	0	0	0	0	0	0	0	0	0	0	0	0	0	0	0	0	0	0	0	0	0	0	0	0	0	0	0
machine learning course for java developers						0	0	0	0	0	0	0	0	0	0	0	0	0	0	0	0	0	0	0	0	0	0	0	0	0	0	0	0	0	0	0	0	0	0	0	0	0	0	0	0	0	0	0	0	0	0	0	0
machine learning course for managers						0	0	0	0	0	0	0	0	0	0	0	0	0	0	0	0	0	0	0	0	0	0	0	0	0	0	0	0	0	0	0	0	0	0	0	0	0	0	0	0	0	0	0	0	0	0	0	0
machine learning course for mba						0	0	0	0	0	0	0	0	0	0	0	0	0	0	0	0	0	0	0	0	0	0	0	0	0	0	0	0	0	0	0	0	0	0	0	0	0	0	0	0	0	0	0	0	0	0	0	0
machine learning course for software engineers	20	Low	30	0.583872	1.637728	0	0	0	0	0	0	0	0	0	0	0	0	0	0	0	0	0	0	0	0	0	0	0	0	0	0	0	0	0	0	0	20	30	10	50	20	30	20	10	20	90	20	30	20	10	20	10	10
machine learning course for testers						0	0	0	0	0	0	0	0	0	0	0	0	0	0	0	0	0	0	0	0	0	0	0	0	0	0	0	0	0	0	0	0	0	0	0	0	0	0	0	0	0	0	0	0	0	0	0	0
machine learning course free with certificate online	40	Medium	35	0.038369	0.610992	0	0	0	0	0	0	0	0	0	0	0	0	0	0	0	0	0	0	0	0	0	0	0	40	30	10	50	30	20	20	20	10	20	20	20	40	30	20	20	40	40	40	40	50	40	30	40	40
machine learning course from iisc bangalore						0	0	0	0	0	0	0	0	0	0	0	0	0	0	0	0	0	0	0	0	0	0	0	0	0	0	0	0	0	0	0	0	0	0	0	0	0	0	0	0	0	0	0	0	0	0	0	0
machine learning course from iit kgp						0	0	0	0	0	0	0	0	0	0	0	0	0	0	0	0	0	0	0	0	0	0	0	0	0	0	0	0	0	0	0	0	0	0	0	0	0	0	0	0	0	0	0	0	0	0	0	0
machine learning course full	10	High	69	0.225837	1.176692	0	0	0	0	0	0	0	0	0	0	0	0	0	0	0	0	0	0	0	0	0	0	0	0	0	0	0	0	0	10	10	10	10	10	10	10	10	10	10	10	20	10	10	10	10	10	10	10
machine learning course gatech						0	0	0	0	0	0	0	0	0	0	0	0	0	0	0	0	0	0	0	0	0	0	0	0	0	0	0	0	0	0	0	0	0	0	0	0	0	0	0	0	0	0	0	0	0	0	0	0
machine learning course gradient boosting						0	0	0	0	0	0	0	0	0	0	0	0	0	0	0	0	0	0	0	0	0	0	0	0	0	0	0	0	0	0	0	0	0	0	0	0	0	0	0	0	0	0	0	0	0	0	0	0
machine learning course hamburg						0	0	0	0	0	0	0	0	0	0	0	0	0	0	0	0	0	0	0	0	0	0	0	0	0	0	0	0	0	0	0	0	0	0	0	0	0	0	0	0	0	0	0	0	0	0	0	0
machine learning course healthcare						0	0	0	0	0	0	0	0	0	0	0	0	0	0	0	0	0	0	0	0	0	0	0	0	0	0	0	0	0	0	0	0	0	0	0	0	0	0	0	0	0	0	0	0	0	0	0	0
machine learning course hired salary						0	0	0	0	0	0	0	0	0	0	0	0	0	0	0	0	0	0	0	0	0	0	0	0	0	0	0	0	0	0	0	0	0	0	0	0	0	0	0	0	0	0	0	0	0	0	0	0
machine learning course hks						0	0	0	0	0	0	0	0	0	0	0	0	0	0	0	0	0	0	0	0	0	0	0	0	0	0	0	0	0	0	0	0	0	0	0	0	0	0	0	0	0	0	0	0	0	0	0	0
machine learning course houston						0	0	0	0	0	0	0	0	0	0	0	0	0	0	0	0	0	0	0	0	0	0	0	0	0	0	0	0	0	0	0	0	0	0	0	0	0	0	0	0	0	0	0	0	0	0	0	0
machine learning course iisc bangalore						0	0	0	0	0	0	0	0	0	0	0	0	0	0	0	0	0	0	0	0	0	0	0	0	0	0	0	0	0	0	0	0	0	0	0	0	0	0	0	0	0	0	0	0	0	0	0	0
machine learning course imperial college						0	0	0	0	0	0	0	0	0	0	0	0	0	0	0	0	0	0	0	0	0	0	0	0	0	0	0	0	0	0	0	0	0	0	0	0	0	0	0	0	0	0	0	0	0	0	0	0
machine learning course in abu dhabi						0	0	0	0	0	0	0	0	0	0	0	0	0	0	0	0	0	0	0	0	0	0	0	0	0	0	0	0	0	0	0	0	0	0	0	0	0	0	0	0	0	0	0	0	0	0	0	0
machine learning course in amritsar	10	Low	29			0	0	0	0	0	0	0	0	0	0	0	0	0	0	0	0	10	10	10	0	10	0	10	10	0	10	10	10	0	0	0	10	10	10	10	20	10	10	10	10	10	10	10	10	10	10	10	10
machine learning course in andheri						0	0	0	0	0	0	0	0	0	0	0	0	0	0	0	0	0	0	0	0	0	0	0	0	0	0	0	0	0	0	0	0	0	0	0	0	0	0	0	0	0	0	0	0	0	0	0	0
machine learning course in anna nagar						0	0	0	0	0	0	0	0	0	0	0	0	0	0	0	0	0	0	0	0	0	0	0	0	0	0	0	0	0	0	0	0	0	0	0	0	0	0	0	0	0	0	0	0	0	0	0	0
machine learning course in baner						0	0	0	0	0	0	0	0	0	0	0	0	0	0	0	0	0	0	0	0	0	0	0	0	0	0	0	0	0	0	0	0	0	0	0	0	0	0	0	0	0	0	0	0	0	0	0	0
machine learning course in bangalore university						0	0	0	0	0	0	0	0	0	0	0	0	0	0	0	0	0	0	0	0	0	0	0	0	0	0	0	0	0	0	0	0	0	0	0	0	0	0	0	0	0	0	0	0	0	0	0	0
machine learning course in bellevue college						0	0	0	0	0	0	0	0	0	0	0	0	0	0	0	0	0	0	0	0	0	0	0	0	0	0	0	0	0	0	0	0	0	0	0	0	0	0	0	0	0	0	0	0	0	0	0	0
machine learning course in buet						0	0	0	0	0	0	0	0	0	0	0	0	0	0	0	0	0	0	0	0	0	0	0	0	0	0	0	0	0	0	0	0	0	0	0	0	0	0	0	0	0	0	0	0	0	0	0	0
machine learning course in cairo						0	0	0	0	0	0	0	0	0	0	0	0	0	0	0	0	0	0	0	0	0	0	0	0	0	0	0	0	0	0	0	0	0	0	0	0	0	0	0	0	0	0	0	0	0	0	0	0
machine learning course in california						0	0	0	0	0	0	0	0	0	0	0	0	0	0	0	0	0	0	0	0	0	0	0	0	0	0	0	0	0	0	0	0	0	0	0	0	0	0	0	0	0	0	0	0	0	0	0	0
machine learning course in chennai with placement						0	0	0	0	0	0	0	0	0	0	0	0	0	0	0	0	0	0	0	0	0	0	0	0	0	0	0	0	0	0	0	0	0	0	0	0	0	0	0	0	0	0	0	0	0	0	0	0
machine learning course in dilsukhnagar	10					0	0	0	0	0	0	0	0	0	0	0	0	0	0	0	0	0	0	0	0	0	10	10	10	10	0	10	0	0	10	0	0	10	10	10	10	0	0	0	10	0	10	0	0	10	0	0	0
machine learning course in europe						0	0	0	0	0	0	0	0	0	0	0	0	0	0	0	0	0	0	0	0	0	0	0	0	0	0	0	0	0	0	0	0	0	0	0	0	0	0	0	0	0	0	0	0	0	0	0	0
machine learning course in faridabad						0	0	0	0	0	0	0	0	0	0	0	0	0	0	0	0	0	0	0	0	0	0	0	0	0	0	0	0	0	0	0	0	0	0	0	0	0	0	0	0	0	0	0	0	0	0	0	0
machine learning course in george mansion						0	0	0	0	0	0	0	0	0	0	0	0	0	0	0	0	0	0	0	0	0	0	0	0	0	0	0	0	0	0	0	0	0	0	0	0	0	0	0	0	0	0	0	0	0	0	0	0
machine learning course in ghaziabad						0	0	0	0	0	0	0	0	0	0	0	0	0	0	0	0	0	0	0	0	0	0	0	0	0	0	0	0	0	0	0	0	0	0	0	0	0	0	0	0	0	0	0	0	0	0	0	0
machine learning course in gurgaon fees						0	0	0	0	0	0	0	0	0	0	0	0	0	0	0	0	0	0	0	0	0	0	0	0	0	0	0	0	0	0	0	0	0	0	0	0	0	0	0	0	0	0	0	0	0	0	0	0
machine learning course in ignou						0	0	0	0	0	0	0	0	0	0	0	0	0	0	0	0	0	0	0	0	0	0	0	0	0	0	0	0	0	0	0	0	0	0	0	0	0	0	0	0	0	0	0	0	0	0	0	0
machine learning course in iit mumbai						0	0	0	0	0	0	0	0	0	0	0	0	0	0	0	0	0	0	0	0	0	0	0	0	0	0	0	0	0	0	0	0	0	0	0	0	0	0	0	0	0	0	0	0	0	0	0	0
machine learning course in jalandhar						0	0	0	0	0	0	0	0	0	0	0	0	0	0	0	0	0	0	0	0	0	0	0	0	0	0	0	0	0	0	0	0	0	0	0	0	0	0	0	0	0	0	0	0	0	0	0	0
machine learning course in japan						0	0	0	0	0	0	0	0	0	0	0	0	0	0	0	0	0	0	0	0	0	0	0	0	0	0	0	0	0	0	0	0	0	0	0	0	0	0	0	0	0	0	0	0	0	0	0	0
machine learning course in java						0	0	0	0	0	0	0	0	0	0	0	0	0	0	0	0	0	0	0	0	0	0	0	0	0	0	0	0	0	0	0	0	0	0	0	0	0	0	0	0	0	0	0	0	0	0	0	0
machine learning course in kukatpally						0	0	0	0	0	0	0	0	0	0	0	0	0	0	0	0	0	0	0	0	0	0	0	0	0	0	0	0	0	0	0	0	0	0	0	0	0	0	0	0	0	0	0	0	0	0	0	0
machine learning course in laxmi nagar						0	0	0	0	0	0	0	0	0	0	0	0	0	0	0	0	0	0	0	0	0	0	0	0	0	0	0	0	0	0	0	0	0	0	0	0	0	0	0	0	0	0	0	0	0	0	0	0
machine learning course in madurai						0	0	0	0	0	0	0	0	0	0	0	0	0	0	0	0	0	0	0	0	0	0	0	0	0	0	0	0	0	0	0	0	0	0	0	0	0	0	0	0	0	0	0	0	0	0	0	0
machine learning course in mumbai quora						0	0	0	0	0	0	0	0	0	0	0	0	0	0	0	0	0	0	0	0	0	0	0	0	0	0	0	0	0	0	0	0	0	0	0	0	0	0	0	0	0	0	0	0	0	0	0	0
machine learning course in nepal	30	Low	7			0	0	0	0	0	0	0	0	0	0	0	0	0	0	0	0	0	0	0	0	0	0	0	0	0	0	0	0	50	20	30	20	10	30	20	50	40	30	40	50	40	40	10	10	30	10	20	20
machine learning course in pcmc						0	0	0	0	0	0	0	0	0	0	0	0	0	0	0	0	0	0	0	0	0	0	0	0	0	0	0	0	0	0	0	0	0	0	0	0	0	0	0	0	0	0	0	0	0	0	0	0
machine learning course in pitampura						0	0	0	0	0	0	0	0	0	0	0	0	0	0	0	0	0	0	0	0	0	0	0	0	0	0	0	0	0	0	0	0	0	0	0	0	0	0	0	0	0	0	0	0	0	0	0	0
machine learning course in pune with placement						0	0	0	0	0	0	0	0	0	0	0	0	0	0	0	0	0	0	0	0	0	0	0	0	0	0	0	0	0	0	0	0	0	0	0	0	0	0	0	0	0	0	0	0	0	0	0	0
machine learning course in pune with placement assistance						0	0	0	0	0	0	0	0	0	0	0	0	0	0	0	0	0	0	0	0	0	0	0	0	0	0	0	0	0	0	0	0	0	0	0	0	0	0	0	0	0	0	0	0	0	0	0	0
machine learning course in python with projects						0	0	0	0	0	0	0	0	0	0	0	0	0	0	0	0	0	0	0	0	0	0	0	0	0	0	0	0	0	0	0	0	0	0	0	0	0	0	0	0	0	0	0	0	0	0	0	0
machine learning course in swayam						0	0	0	0	0	0	0	0	0	0	0	0	0	0	0	0	0	0	0	0	0	0	0	0	0	0	0	0	0	0	0	0	0	0	0	0	0	0	0	0	0	0	0	0	0	0	0	0
machine learning course in sweden						0	0	0	0	0	0	0	0	0	0	0	0	0	0	0	0	0	0	0	0	0	0	0	0	0	0	0	0	0	0	0	0	0	0	0	0	0	0	0	0	0	0	0	0	0	0	0	0
machine learning course in sydney						0	0	0	0	0	0	0	0	0	0	0	0	0	0	0	0	0	0	0	0	0	0	0	0	0	0	0	0	0	0	0	0	0	0	0	0	0	0	0	0	0	0	0	0	0	0	0	0
machine learning course in uc davis						0	0	0	0	0	0	0	0	0	0	0	0	0	0	0	0	0	0	0	0	0	0	0	0	0	0	0	0	0	0	0	0	0	0	0	0	0	0	0	0	0	0	0	0	0	0	0	0
machine learning course in uc irvine						0	0	0	0	0	0	0	0	0	0	0	0	0	0	0	0	0	0	0	0	0	0	0	0	0	0	0	0	0	0	0	0	0	0	0	0	0	0	0	0	0	0	0	0	0	0	0	0
machine learning course in uc reverside						0	0	0	0	0	0	0	0	0	0	0	0	0	0	0	0	0	0	0	0	0	0	0	0	0	0	0	0	0	0	0	0	0	0	0	0	0	0	0	0	0	0	0	0	0	0	0	0
machine learning course in uic						0	0	0	0	0	0	0	0	0	0	0	0	0	0	0	0	0	0	0	0	0	0	0	0	0	0	0	0	0	0	0	0	0	0	0	0	0	0	0	0	0	0	0	0	0	0	0	0
machine learning course in umd						0	0	0	0	0	0	0	0	0	0	0	0	0	0	0	0	0	0	0	0	0	0	0	0	0	0	0	0	0	0	0	0	0	0	0	0	0	0	0	0	0	0	0	0	0	0	0	0
machine learning course in vashi						0	0	0	0	0	0	0	0	0	0	0	0	0	0	0	0	0	0	0	0	0	0	0	0	0	0	0	0	0	0	0	0	0	0	0	0	0	0	0	0	0	0	0	0	0	0	0	0
machine learning course in visakhapatnam						0	0	0	0	0	0	0	0	0	0	0	0	0	0	0	0	0	0	0	0	0	0	0	0	0	0	0	0	0	0	0	0	0	0	0	0	0	0	0	0	0	0	0	0	0	0	0	0
machine learning course index						0	0	0	0	0	0	0	0	0	0	0	0	0	0	0	0	0	0	0	0	0	0	0	0	0	0	0	0	0	0	0	0	0	0	0	0	0	0	0	0	0	0	0	0	0	0	0	0
machine learning course indsa						0	0	0	0	0	0	0	0	0	0	0	0	0	0	0	0	0	0	0	0	0	0	0	0	0	0	0	0	0	0	0	0	0	0	0	0	0	0	0	0	0	0	0	0	0	0	0	0
machine learning course institute in mumbai						0	0	0	0	0	0	0	0	0	0	0	0	0	0	0	0	0	0	0	0	0	0	0	0	0	0	0	0	0	0	0	0	0	0	0	0	0	0	0	0	0	0	0	0	0	0	0	0
machine learning course institute in united states						0	0	0	0	0	0	0	0	0	0	0	0	0	0	0	0	0	0	0	0	0	0	0	0	0	0	0	0	0	0	0	0	0	0	0	0	0	0	0	0	0	0	0	0	0	0	0	0
machine learning course instructor						0	0	0	0	0	0	0	0	0	0	0	0	0	0	0	0	0	0	0	0	0	0	0	0	0	0	0	0	0	0	0	0	0	0	0	0	0	0	0	0	0	0	0	0	0	0	0	0
machine learning course instructor jobs						0	0	0	0	0	0	0	0	0	0	0	0	0	0	0	0	0	0	0	0	0	0	0	0	0	0	0	0	0	0	0	0	0	0	0	0	0	0	0	0	0	0	0	0	0	0	0	0
machine learning course intellipaat						0	0	0	0	0	0	0	0	0	0	0	0	0	0	0	0	0	0	0	0	0	0	0	0	0	0	0	0	0	0	0	0	0	0	0	0	0	0	0	0	0	0	0	0	0	0	0	0
machine learning course is difficult						0	0	0	0	0	0	0	0	0	0	0	0	0	0	0	0	0	0	0	0	0	0	0	0	0	0	0	0	0	0	0	0	0	0	0	0	0	0	0	0	0	0	0	0	0	0	0	0
machine learning course is very tough						0	0	0	0	0	0	0	0	0	0	0	0	0	0	0	0	0	0	0	0	0	0	0	0	0	0	0	0	0	0	0	0	0	0	0	0	0	0	0	0	0	0	0	0	0	0	0	0
machine learning course israel						0	0	0	0	0	0	0	0	0	0	0	0	0	0	0	0	0	0	0	0	0	0	0	0	0	0	0	0	0	0	0	0	0	0	0	0	0	0	0	0	0	0	0	0	0	0	0	0
machine learning course java						0	0	0	0	0	0	0	0	0	0	0	0	0	0	0	0	0	0	0	0	0	0	0	0	0	0	0	0	0	0	0	0	0	0	0	0	0	0	0	0	0	0	0	0	0	0	0	0
machine learning course jobs	10	Low	14			0	0	0	0	0	0	0	0	0	0	0	0	0	0	0	0	0	0	0	0	0	0	0	0	0	0	0	0	0	0	0	0	0	0	0	0	20	10	20	20	20	10	10	10	10	10	10	10
machine learning course khan academy						0	0	0	0	0	0	0	0	0	0	0	0	0	0	0	0	0	0	0	0	0	0	0	0	0	0	0	0	0	0	0	0	0	0	0	0	0	0	0	0	0	0	0	0	0	0	0	0
machine learning course learning outcomes						0	0	0	0	0	0	0	0	0	0	0	0	0	0	0	0	0	0	0	0	0	0	0	0	0	0	0	0	0	0	0	0	0	0	0	0	0	0	0	0	0	0	0	0	0	0	0	0
machine learning course lectures						0	0	0	0	0	0	0	0	0	0	0	0	0	0	0	0	0	0	0	0	0	0	0	0	0	0	0	0	0	0	0	0	0	0	0	0	0	0	0	0	0	0	0	0	0	0	0	0
machine learning course linux academy or acloud guru						0	0	0	0	0	0	0	0	0	0	0	0	0	0	0	0	0	0	0	0	0	0	0	0	0	0	0	0	0	0	0	0	0	0	0	0	0	0	0	0	0	0	0	0	0	0	0	0
machine learning course logistic regression prediction						0	0	0	0	0	0	0	0	0	0	0	0	0	0	0	0	0	0	0	0	0	0	0	0	0	0	0	0	0	0	0	0	0	0	0	0	0	0	0	0	0	0	0	0	0	0	0	0
machine learning course logistic regression regularized cost						0	0	0	0	0	0	0	0	0	0	0	0	0	0	0	0	0	0	0	0	0	0	0	0	0	0	0	0	0	0	0	0	0	0	0	0	0	0	0	0	0	0	0	0	0	0	0	0
machine learning course london part time						0	0	0	0	0	0	0	0	0	0	0	0	0	0	0	0	0	0	0	0	0	0	0	0	0	0	0	0	0	0	0	0	0	0	0	0	0	0	0	0	0	0	0	0	0	0	0	0
machine learning course los angeles						0	0	0	0	0	0	0	0	0	0	0	0	0	0	0	0	0	0	0	0	0	0	0	0	0	0	0	0	0	0	0	0	0	0	0	0	0	0	0	0	0	0	0	0	0	0	0	0
machine learning course madurai						0	0	0	0	0	0	0	0	0	0	0	0	0	0	0	0	0	0	0	0	0	0	0	0	0	0	0	0	0	0	0	0	0	0	0	0	0	0	0	0	0	0	0	0	0	0	0	0
machine learning course manchester						0	0	0	0	0	0	0	0	0	0	0	0	0	0	0	0	0	0	0	0	0	0	0	0	0	0	0	0	0	0	0	0	0	0	0	0	0	0	0	0	0	0	0	0	0	0	0	0
machine learning course medium						0	0	0	0	0	0	0	0	0	0	0	0	0	0	0	0	0	0	0	0	0	0	0	0	0	0	0	0	0	0	0	0	0	0	0	0	0	0	0	0	0	0	0	0	0	0	0	0
machine learning course minor						0	0	0	0	0	0	0	0	0	0	0	0	0	0	0	0	0	0	0	0	0	0	0	0	0	0	0	0	0	0	0	0	0	0	0	0	0	0	0	0	0	0	0	0	0	0	0	0
machine learning course mississauga						0	0	0	0	0	0	0	0	0	0	0	0	0	0	0	0	0	0	0	0	0	0	0	0	0	0	0	0	0	0	0	0	0	0	0	0	0	0	0	0	0	0	0	0	0	0	0	0
machine learning course module						0	0	0	0	0	0	0	0	0	0	0	0	0	0	0	0	0	0	0	0	0	0	0	0	0	0	0	0	0	0	0	0	0	0	0	0	0	0	0	0	0	0	0	0	0	0	0	0
machine learning course msu						0	0	0	0	0	0	0	0	0	0	0	0	0	0	0	0	0	0	0	0	0	0	0	0	0	0	0	0	0	0	0	0	0	0	0	0	0	0	0	0	0	0	0	0	0	0	0	0
machine learning course munich						0	0	0	0	0	0	0	0	0	0	0	0	0	0	0	0	0	0	0	0	0	0	0	0	0	0	0	0	0	0	0	0	0	0	0	0	0	0	0	0	0	0	0	0	0	0	0	0
machine learning course names						0	0	0	0	0	0	0	0	0	0	0	0	0	0	0	0	0	0	0	0	0	0	0	0	0	0	0	0	0	0	0	0	0	0	0	0	0	0	0	0	0	0	0	0	0	0	0	0
machine learning course nareshit						0	0	0	0	0	0	0	0	0	0	0	0	0	0	0	0	0	0	0	0	0	0	0	0	0	0	0	0	0	0	0	0	0	0	0	0	0	0	0	0	0	0	0	0	0	0	0	0
machine learning course nola						0	0	0	0	0	0	0	0	0	0	0	0	0	0	0	0	0	0	0	0	0	0	0	0	0	0	0	0	0	0	0	0	0	0	0	0	0	0	0	0	0	0	0	0	0	0	0	0
machine learning course nvidia	40	Low	29			0	0	0	0	0	0	0	0	0	0	0	0	0	0	0	0	0	0	0	0	0	0	0	0	0	0	0	0	0	0	0	0	0	0	30	20	20	40	30	20	70	110	40	50	40	50	10	10
machine learning course ny						0	0	0	0	0	0	0	0	0	0	0	0	0	0	0	0	0	0	0	0	0	0	0	0	0	0	0	0	0	0	0	0	0	0	0	0	0	0	0	0	0	0	0	0	0	0	0	0
machine learning course nyu						0	0	0	0	0	0	0	0	0	0	0	0	0	0	0	0	0	0	0	0	0	0	0	0	0	0	0	0	0	0	0	0	0	0	0	0	0	0	0	0	0	0	0	0	0	0	0	0
machine learning course on coursara						0	0	0	0	0	0	0	0	0	0	0	0	0	0	0	0	0	0	0	0	0	0	0	0	0	0	0	0	0	0	0	0	0	0	0	0	0	0	0	0	0	0	0	0	0	0	0	0
machine learning course online buy						0	0	0	0	0	0	0	0	0	0	0	0	0	0	0	0	0	0	0	0	0	0	0	0	0	0	0	0	0	0	0	0	0	0	0	0	0	0	0	0	0	0	0	0	0	0	0	0
machine learning course online python						0	0	0	0	0	0	0	0	0	0	0	0	0	0	0	0	0	0	0	0	0	0	0	0	0	0	0	0	0	0	0	0	0	0	0	0	0	0	0	0	0	0	0	0	0	0	0	0
machine learning course online with certificate						0	0	0	0	0	0	0	0	0	0	0	0	0	0	0	0	0	0	0	0	0	0	0	0	0	0	0	0	0	0	0	0	0	0	0	0	0	0	0	0	0	0	0	0	0	0	0	0
machine learning course open classroom						0	0	0	0	0	0	0	0	0	0	0	0	0	0	0	0	0	0	0	0	0	0	0	0	0	0	0	0	0	0	0	0	0	0	0	0	0	0	0	0	0	0	0	0	0	0	0	0
machine learning course ottawa						0	0	0	0	0	0	0	0	0	0	0	0	0	0	0	0	0	0	0	0	0	0	0	0	0	0	0	0	0	0	0	0	0	0	0	0	0	0	0	0	0	0	0	0	0	0	0	0
machine learning course page						0	0	0	0	0	0	0	0	0	0	0	0	0	0	0	0	0	0	0	0	0	0	0	0	0	0	0	0	0	0	0	0	0	0	0	0	0	0	0	0	0	0	0	0	0	0	0	0
machine learning course paris						0	0	0	0	0	0	0	0	0	0	0	0	0	0	0	0	0	0	0	0	0	0	0	0	0	0	0	0	0	0	0	0	0	0	0	0	0	0	0	0	0	0	0	0	0	0	0	0
machine learning course pcmc						0	0	0	0	0	0	0	0	0	0	0	0	0	0	0	0	0	0	0	0	0	0	0	0	0	0	0	0	0	0	0	0	0	0	0	0	0	0	0	0	0	0	0	0	0	0	0	0
machine learning course penn state						0	0	0	0	0	0	0	0	0	0	0	0	0	0	0	0	0	0	0	0	0	0	0	0	0	0	0	0	0	0	0	0	0	0	0	0	0	0	0	0	0	0	0	0	0	0	0	0
machine learning course physics						0	0	0	0	0	0	0	0	0	0	0	0	0	0	0	0	0	0	0	0	0	0	0	0	0	0	0	0	0	0	0	0	0	0	0	0	0	0	0	0	0	0	0	0	0	0	0	0
machine learning course plan						0	0	0	0	0	0	0	0	0	0	0	0	0	0	0	0	0	0	0	0	0	0	0	0	0	0	0	0	0	0	0	0	0	0	0	0	0	0	0	0	0	0	0	0	0	0	0	0
machine learning course practical						0	0	0	0	0	0	0	0	0	0	0	0	0	0	0	0	0	0	0	0	0	0	0	0	0	0	0	0	0	0	0	0	0	0	0	0	0	0	0	0	0	0	0	0	0	0	0	0
machine learning course princeton university						0	0	0	0	0	0	0	0	0	0	0	0	0	0	0	0	0	0	0	0	0	0	0	0	0	0	0	0	0	0	0	0	0	0	0	0	0	0	0	0	0	0	0	0	0	0	0	0
machine learning course project ideas						0	0	0	0	0	0	0	0	0	0	0	0	0	0	0	0	0	0	0	0	0	0	0	0	0	0	0	0	0	0	0	0	0	0	0	0	0	0	0	0	0	0	0	0	0	0	0	0
machine learning course psu						0	0	0	0	0	0	0	0	0	0	0	0	0	0	0	0	0	0	0	0	0	0	0	0	0	0	0	0	0	0	0	0	0	0	0	0	0	0	0	0	0	0	0	0	0	0	0	0
machine learning course python data set						0	0	0	0	0	0	0	0	0	0	0	0	0	0	0	0	0	0	0	0	0	0	0	0	0	0	0	0	0	0	0	0	0	0	0	0	0	0	0	0	0	0	0	0	0	0	0	0
machine learning course python torrent						0	0	0	0	0	0	0	0	0	0	0	0	0	0	0	0	0	0	0	0	0	0	0	0	0	0	0	0	0	0	0	0	0	0	0	0	0	0	0	0	0	0	0	0	0	0	0	0
machine learning course quiz answers week 7						0	0	0	0	0	0	0	0	0	0	0	0	0	0	0	0	0	0	0	0	0	0	0	0	0	0	0	0	0	0	0	0	0	0	0	0	0	0	0	0	0	0	0	0	0	0	0	0
machine learning course rau						0	0	0	0	0	0	0	0	0	0	0	0	0	0	0	0	0	0	0	0	0	0	0	0	0	0	0	0	0	0	0	0	0	0	0	0	0	0	0	0	0	0	0	0	0	0	0	0
machine learning course recommendations						0	0	0	0	0	0	0	0	0	0	0	0	0	0	0	0	0	0	0	0	0	0	0	0	0	0	0	0	0	0	0	0	0	0	0	0	0	0	0	0	0	0	0	0	0	0	0	0
machine learning course reviews						0	0	0	0	0	0	0	0	0	0	0	0	0	0	0	0	0	0	0	0	0	0	0	0	0	0	0	0	0	0	0	0	0	0	0	0	0	0	0	0	0	0	0	0	0	0	0	0
machine learning course rice university						0	0	0	0	0	0	0	0	0	0	0	0	0	0	0	0	0	0	0	0	0	0	0	0	0	0	0	0	0	0	0	0	0	0	0	0	0	0	0	0	0	0	0	0	0	0	0	0
machine learning course russian armenian university						0	0	0	0	0	0	0	0	0	0	0	0	0	0	0	0	0	0	0	0	0	0	0	0	0	0	0	0	0	0	0	0	0	0	0	0	0	0	0	0	0	0	0	0	0	0	0	0
machine learning course ryerson						0	0	0	0	0	0	0	0	0	0	0	0	0	0	0	0	0	0	0	0	0	0	0	0	0	0	0	0	0	0	0	0	0	0	0	0	0	0	0	0	0	0	0	0	0	0	0	0
machine learning course san diego						0	0	0	0	0	0	0	0	0	0	0	0	0	0	0	0	0	0	0	0	0	0	0	0	0	0	0	0	0	0	0	0	0	0	0	0	0	0	0	0	0	0	0	0	0	0	0	0
machine learning course santa clara university						0	0	0	0	0	0	0	0	0	0	0	0	0	0	0	0	0	0	0	0	0	0	0	0	0	0	0	0	0	0	0	0	0	0	0	0	0	0	0	0	0	0	0	0	0	0	0	0
machine learning course sap						0	0	0	0	0	0	0	0	0	0	0	0	0	0	0	0	0	0	0	0	0	0	0	0	0	0	0	0	0	0	0	0	0	0	0	0	0	0	0	0	0	0	0	0	0	0	0	0
machine learning course seattle						0	0	0	0	0	0	0	0	0	0	0	0	0	0	0	0	0	0	0	0	0	0	0	0	0	0	0	0	0	0	0	0	0	0	0	0	0	0	0	0	0	0	0	0	0	0	0	0
machine learning course sfu						0	0	0	0	0	0	0	0	0	0	0	0	0	0	0	0	0	0	0	0	0	0	0	0	0	0	0	0	0	0	0	0	0	0	0	0	0	0	0	0	0	0	0	0	0	0	0	0
machine learning course short note						0	0	0	0	0	0	0	0	0	0	0	0	0	0	0	0	0	0	0	0	0	0	0	0	0	0	0	0	0	0	0	0	0	0	0	0	0	0	0	0	0	0	0	0	0	0	0	0
machine learning course sklearn						0	0	0	0	0	0	0	0	0	0	0	0	0	0	0	0	0	0	0	0	0	0	0	0	0	0	0	0	0	0	0	0	0	0	0	0	0	0	0	0	0	0	0	0	0	0	0	0
machine learning course slides tamu						0	0	0	0	0	0	0	0	0	0	0	0	0	0	0	0	0	0	0	0	0	0	0	0	0	0	0	0	0	0	0	0	0	0	0	0	0	0	0	0	0	0	0	0	0	0	0	0
machine learning course smu						0	0	0	0	0	0	0	0	0	0	0	0	0	0	0	0	0	0	0	0	0	0	0	0	0	0	0	0	0	0	0	0	0	0	0	0	0	0	0	0	0	0	0	0	0	0	0	0
machine learning course springboard						0	0	0	0	0	0	0	0	0	0	0	0	0	0	0	0	0	0	0	0	0	0	0	0	0	0	0	0	0	0	0	0	0	0	0	0	0	0	0	0	0	0	0	0	0	0	0	0
machine learning course summer						0	0	0	0	0	0	0	0	0	0	0	0	0	0	0	0	0	0	0	0	0	0	0	0	0	0	0	0	0	0	0	0	0	0	0	0	0	0	0	0	0	0	0	0	0	0	0	0
machine learning course sweden						0	0	0	0	0	0	0	0	0	0	0	0	0	0	0	0	0	0	0	0	0	0	0	0	0	0	0	0	0	0	0	0	0	0	0	0	0	0	0	0	0	0	0	0	0	0	0	0
machine learning course sylabus						0	0	0	0	0	0	0	0	0	0	0	0	0	0	0	0	0	0	0	0	0	0	0	0	0	0	0	0	0	0	0	0	0	0	0	0	0	0	0	0	0	0	0	0	0	0	0	0
machine learning course syllabi exams						0	0	0	0	0	0	0	0	0	0	0	0	0	0	0	0	0	0	0	0	0	0	0	0	0	0	0	0	0	0	0	0	0	0	0	0	0	0	0	0	0	0	0	0	0	0	0	0
machine learning course tack						0	0	0	0	0	0	0	0	0	0	0	0	0	0	0	0	0	0	0	0	0	0	0	0	0	0	0	0	0	0	0	0	0	0	0	0	0	0	0	0	0	0	0	0	0	0	0	0
machine learning course tamu						0	0	0	0	0	0	0	0	0	0	0	0	0	0	0	0	0	0	0	0	0	0	0	0	0	0	0	0	0	0	0	0	0	0	0	0	0	0	0	0	0	0	0	0	0	0	0	0
machine learning course tel aviv						0	0	0	0	0	0	0	0	0	0	0	0	0	0	0	0	0	0	0	0	0	0	0	0	0	0	0	0	0	0	0	0	0	0	0	0	0	0	0	0	0	0	0	0	0	0	0	0
machine learning course texas academic coding						0	0	0	0	0	0	0	0	0	0	0	0	0	0	0	0	0	0	0	0	0	0	0	0	0	0	0	0	0	0	0	0	0	0	0	0	0	0	0	0	0	0	0	0	0	0	0	0
machine learning course too hard						0	0	0	0	0	0	0	0	0	0	0	0	0	0	0	0	0	0	0	0	0	0	0	0	0	0	0	0	0	0	0	0	0	0	0	0	0	0	0	0	0	0	0	0	0	0	0	0
machine learning course too hard quoa						0	0	0	0	0	0	0	0	0	0	0	0	0	0	0	0	0	0	0	0	0	0	0	0	0	0	0	0	0	0	0	0	0	0	0	0	0	0	0	0	0	0	0	0	0	0	0	0
machine learning course trade crypto						0	0	0	0	0	0	0	0	0	0	0	0	0	0	0	0	0	0	0	0	0	0	0	0	0	0	0	0	0	0	0	0	0	0	0	0	0	0	0	0	0	0	0	0	0	0	0	0
machine learning course trading crypto						0	0	0	0	0	0	0	0	0	0	0	0	0	0	0	0	0	0	0	0	0	0	0	0	0	0	0	0	0	0	0	0	0	0	0	0	0	0	0	0	0	0	0	0	0	0	0	0
machine learning course training						0	0	0	0	0	0	0	0	0	0	0	0	0	0	0	0	0	0	0	0	0	0	0	0	0	0	0	0	0	0	0	0	0	0	0	0	0	0	0	0	0	0	0	0	0	0	0	0
machine learning course training delhi						0	0	0	0	0	0	0	0	0	0	0	0	0	0	0	0	0	0	0	0	0	0	0	0	0	0	0	0	0	0	0	0	0	0	0	0	0	0	0	0	0	0	0	0	0	0	0	0
machine learning course training in hyderabad						0	0	0	0	0	0	0	0	0	0	0	0	0	0	0	0	0	0	0	0	0	0	0	0	0	0	0	0	0	0	0	0	0	0	0	0	0	0	0	0	0	0	0	0	0	0	0	0
machine learning course training mumbai						0	0	0	0	0	0	0	0	0	0	0	0	0	0	0	0	0	0	0	0	0	0	0	0	0	0	0	0	0	0	0	0	0	0	0	0	0	0	0	0	0	0	0	0	0	0	0	0
machine learning course training online						0	0	0	0	0	0	0	0	0	0	0	0	0	0	0	0	0	0	0	0	0	0	0	0	0	0	0	0	0	0	0	0	0	0	0	0	0	0	0	0	0	0	0	0	0	0	0	0
machine learning course trees gradient boosting						0	0	0	0	0	0	0	0	0	0	0	0	0	0	0	0	0	0	0	0	0	0	0	0	0	0	0	0	0	0	0	0	0	0	0	0	0	0	0	0	0	0	0	0	0	0	0	0
machine learning course ubc						0	0	0	0	0	0	0	0	0	0	0	0	0	0	0	0	0	0	0	0	0	0	0	0	0	0	0	0	0	0	0	0	0	0	0	0	0	0	0	0	0	0	0	0	0	0	0	0
machine learning course uc berkeley						0	0	0	0	0	0	0	0	0	0	0	0	0	0	0	0	0	0	0	0	0	0	0	0	0	0	0	0	0	0	0	0	0	0	0	0	0	0	0	0	0	0	0	0	0	0	0	0
machine learning course uchicago						0	0	0	0	0	0	0	0	0	0	0	0	0	0	0	0	0	0	0	0	0	0	0	0	0	0	0	0	0	0	0	0	0	0	0	0	0	0	0	0	0	0	0	0	0	0	0	0
machine learning course ucsd						0	0	0	0	0	0	0	0	0	0	0	0	0	0	0	0	0	0	0	0	0	0	0	0	0	0	0	0	0	0	0	0	0	0	0	0	0	0	0	0	0	0	0	0	0	0	0	0
machine learning course ucsd reddit						0	0	0	0	0	0	0	0	0	0	0	0	0	0	0	0	0	0	0	0	0	0	0	0	0	0	0	0	0	0	0	0	0	0	0	0	0	0	0	0	0	0	0	0	0	0	0	0
machine learning course udemy coupon						0	0	0	0	0	0	0	0	0	0	0	0	0	0	0	0	0	0	0	0	0	0	0	0	0	0	0	0	0	0	0	0	0	0	0	0	0	0	0	0	0	0	0	0	0	0	0	0
machine learning course uf						0	0	0	0	0	0	0	0	0	0	0	0	0	0	0	0	0	0	0	0	0	0	0	0	0	0	0	0	0	0	0	0	0	0	0	0	0	0	0	0	0	0	0	0	0	0	0	0
machine learning course uh manoa						0	0	0	0	0	0	0	0	0	0	0	0	0	0	0	0	0	0	0	0	0	0	0	0	0	0	0	0	0	0	0	0	0	0	0	0	0	0	0	0	0	0	0	0	0	0	0	0
machine learning course uic						0	0	0	0	0	0	0	0	0	0	0	0	0	0	0	0	0	0	0	0	0	0	0	0	0	0	0	0	0	0	0	0	0	0	0	0	0	0	0	0	0	0	0	0	0	0	0	0
machine learning course uiuc						0	0	0	0	0	0	0	0	0	0	0	0	0	0	0	0	0	0	0	0	0	0	0	0	0	0	0	0	0	0	0	0	0	0	0	0	0	0	0	0	0	0	0	0	0	0	0	0
machine learning course umich						0	0	0	0	0	0	0	0	0	0	0	0	0	0	0	0	0	0	0	0	0	0	0	0	0	0	0	0	0	0	0	0	0	0	0	0	0	0	0	0	0	0	0	0	0	0	0	0
machine learning course umn						0	0	0	0	0	0	0	0	0	0	0	0	0	0	0	0	0	0	0	0	0	0	0	0	0	0	0	0	0	0	0	0	0	0	0	0	0	0	0	0	0	0	0	0	0	0	0	0
machine learning course united states						0	0	0	0	0	0	0	0	0	0	0	0	0	0	0	0	0	0	0	0	0	0	0	0	0	0	0	0	0	0	0	0	0	0	0	0	0	0	0	0	0	0	0	0	0	0	0	0
machine learning course university of chicago booth school of busines						0	0	0	0	0	0	0	0	0	0	0	0	0	0	0	0	0	0	0	0	0	0	0	0	0	0	0	0	0	0	0	0	0	0	0	0	0	0	0	0	0	0	0	0	0	0	0	0
machine learning course university of michigan						0	0	0	0	0	0	0	0	0	0	0	0	0	0	0	0	0	0	0	0	0	0	0	0	0	0	0	0	0	0	0	0	0	0	0	0	0	0	0	0	0	0	0	0	0	0	0	0
machine learning course unr						0	0	0	0	0	0	0	0	0	0	0	0	0	0	0	0	0	0	0	0	0	0	0	0	0	0	0	0	0	0	0	0	0	0	0	0	0	0	0	0	0	0	0	0	0	0	0	0
machine learning course unsw						0	0	0	0	0	0	0	0	0	0	0	0	0	0	0	0	0	0	0	0	0	0	0	0	0	0	0	0	0	0	0	0	0	0	0	0	0	0	0	0	0	0	0	0	0	0	0	0
machine learning course uofa						0	0	0	0	0	0	0	0	0	0	0	0	0	0	0	0	0	0	0	0	0	0	0	0	0	0	0	0	0	0	0	0	0	0	0	0	0	0	0	0	0	0	0	0	0	0	0	0
machine learning course uppsala						0	0	0	0	0	0	0	0	0	0	0	0	0	0	0	0	0	0	0	0	0	0	0	0	0	0	0	0	0	0	0	0	0	0	0	0	0	0	0	0	0	0	0	0	0	0	0	0
machine learning course uq						0	0	0	0	0	0	0	0	0	0	0	0	0	0	0	0	0	0	0	0	0	0	0	0	0	0	0	0	0	0	0	0	0	0	0	0	0	0	0	0	0	0	0	0	0	0	0	0
machine learning course usa						0	0	0	0	0	0	0	0	0	0	0	0	0	0	0	0	0	0	0	0	0	0	0	0	0	0	0	0	0	0	0	0	0	0	0	0	0	0	0	0	0	0	0	0	0	0	0	0
machine learning course usc						0	0	0	0	0	0	0	0	0	0	0	0	0	0	0	0	0	0	0	0	0	0	0	0	0	0	0	0	0	0	0	0	0	0	0	0	0	0	0	0	0	0	0	0	0	0	0	0
machine learning course usc csce 7						0	0	0	0	0	0	0	0	0	0	0	0	0	0	0	0	0	0	0	0	0	0	0	0	0	0	0	0	0	0	0	0	0	0	0	0	0	0	0	0	0	0	0	0	0	0	0	0
machine learning course using java						0	0	0	0	0	0	0	0	0	0	0	0	0	0	0	0	0	0	0	0	0	0	0	0	0	0	0	0	0	0	0	0	0	0	0	0	0	0	0	0	0	0	0	0	0	0	0	0
machine learning course using matlab						0	0	0	0	0	0	0	0	0	0	0	0	0	0	0	0	0	0	0	0	0	0	0	0	0	0	0	0	0	0	0	0	0	0	0	0	0	0	0	0	0	0	0	0	0	0	0	0
machine learning course using r						0	0	0	0	0	0	0	0	0	0	0	0	0	0	0	0	0	0	0	0	0	0	0	0	0	0	0	0	0	0	0	0	0	0	0	0	0	0	0	0	0	0	0	0	0	0	0	0
machine learning course ut austin						0	0	0	0	0	0	0	0	0	0	0	0	0	0	0	0	0	0	0	0	0	0	0	0	0	0	0	0	0	0	0	0	0	0	0	0	0	0	0	0	0	0	0	0	0	0	0	0
machine learning course ut for undegraduates						0	0	0	0	0	0	0	0	0	0	0	0	0	0	0	0	0	0	0	0	0	0	0	0	0	0	0	0	0	0	0	0	0	0	0	0	0	0	0	0	0	0	0	0	0	0	0	0
machine learning course utexas						0	0	0	0	0	0	0	0	0	0	0	0	0	0	0	0	0	0	0	0	0	0	0	0	0	0	0	0	0	0	0	0	0	0	0	0	0	0	0	0	0	0	0	0	0	0	0	0
machine learning course uva						0	0	0	0	0	0	0	0	0	0	0	0	0	0	0	0	0	0	0	0	0	0	0	0	0	0	0	0	0	0	0	0	0	0	0	0	0	0	0	0	0	0	0	0	0	0	0	0
machine learning course uw						0	0	0	0	0	0	0	0	0	0	0	0	0	0	0	0	0	0	0	0	0	0	0	0	0	0	0	0	0	0	0	0	0	0	0	0	0	0	0	0	0	0	0	0	0	0	0	0
machine learning course website						0	0	0	0	0	0	0	0	0	0	0	0	0	0	0	0	0	0	0	0	0	0	0	0	0	0	0	0	0	0	0	0	0	0	0	0	0	0	0	0	0	0	0	0	0	0	0	0
machine learning course week 3						0	0	0	0	0	0	0	0	0	0	0	0	0	0	0	0	0	0	0	0	0	0	0	0	0	0	0	0	0	0	0	0	0	0	0	0	0	0	0	0	0	0	0	0	0	0	0	0
machine learning course week 3 ex2						0	0	0	0	0	0	0	0	0	0	0	0	0	0	0	0	0	0	0	0	0	0	0	0	0	0	0	0	0	0	0	0	0	0	0	0	0	0	0	0	0	0	0	0	0	0	0	0
machine learning course week 3 quiz						0	0	0	0	0	0	0	0	0	0	0	0	0	0	0	0	0	0	0	0	0	0	0	0	0	0	0	0	0	0	0	0	0	0	0	0	0	0	0	0	0	0	0	0	0	0	0	0
machine learning course week 3 quiz 3						0	0	0	0	0	0	0	0	0	0	0	0	0	0	0	0	0	0	0	0	0	0	0	0	0	0	0	0	0	0	0	0	0	0	0	0	0	0	0	0	0	0	0	0	0	0	0	0
machine learning course week 4 quiz answers						0	0	0	0	0	0	0	0	0	0	0	0	0	0	0	0	0	0	0	0	0	0	0	0	0	0	0	0	0	0	0	0	0	0	0	0	0	0	0	0	0	0	0	0	0	0	0	0
machine learning course week 7						0	0	0	0	0	0	0	0	0	0	0	0	0	0	0	0	0	0	0	0	0	0	0	0	0	0	0	0	0	0	0	0	0	0	0	0	0	0	0	0	0	0	0	0	0	0	0	0
machine learning course week 8						0	0	0	0	0	0	0	0	0	0	0	0	0	0	0	0	0	0	0	0	0	0	0	0	0	0	0	0	0	0	0	0	0	0	0	0	0	0	0	0	0	0	0	0	0	0	0	0
machine learning course week 9 quiz						0	0	0	0	0	0	0	0	0	0	0	0	0	0	0	0	0	0	0	0	0	0	0	0	0	0	0	0	0	0	0	0	0	0	0	0	0	0	0	0	0	0	0	0	0	0	0	0
machine learning course with job						0	0	0	0	0	0	0	0	0	0	0	0	0	0	0	0	0	0	0	0	0	0	0	0	0	0	0	0	0	0	0	0	0	0	0	0	0	0	0	0	0	0	0	0	0	0	0	0
machine learning course with job guarantee online						0	0	0	0	0	0	0	0	0	0	0	0	0	0	0	0	0	0	0	0	0	0	0	0	0	0	0	0	0	0	0	0	0	0	0	0	0	0	0	0	0	0	0	0	0	0	0	0
machine learning course with job guarente						0	0	0	0	0	0	0	0	0	0	0	0	0	0	0	0	0	0	0	0	0	0	0	0	0	0	0	0	0	0	0	0	0	0	0	0	0	0	0	0	0	0	0	0	0	0	0	0
machine learning course with job placement						0	0	0	0	0	0	0	0	0	0	0	0	0	0	0	0	0	0	0	0	0	0	0	0	0	0	0	0	0	0	0	0	0	0	0	0	0	0	0	0	0	0	0	0	0	0	0	0
machine learning course with placement in pune						0	0	0	0	0	0	0	0	0	0	0	0	0	0	0	0	0	0	0	0	0	0	0	0	0	0	0	0	0	0	0	0	0	0	0	0	0	0	0	0	0	0	0	0	0	0	0	0
machine learning course with placement in united states						0	0	0	0	0	0	0	0	0	0	0	0	0	0	0	0	0	0	0	0	0	0	0	0	0	0	0	0	0	0	0	0	0	0	0	0	0	0	0	0	0	0	0	0	0	0	0	0
machine learning course with pytorch						0	0	0	0	0	0	0	0	0	0	0	0	0	0	0	0	0	0	0	0	0	0	0	0	0	0	0	0	0	0	0	0	0	0	0	0	0	0	0	0	0	0	0	0	0	0	0	0
machine learning course with r						0	0	0	0	0	0	0	0	0	0	0	0	0	0	0	0	0	0	0	0	0	0	0	0	0	0	0	0	0	0	0	0	0	0	0	0	0	0	0	0	0	0	0	0	0	0	0	0
machine learning course with real projects						0	0	0	0	0	0	0	0	0	0	0	0	0	0	0	0	0	0	0	0	0	0	0	0	0	0	0	0	0	0	0	0	0	0	0	0	0	0	0	0	0	0	0	0	0	0	0	0
machine learning course without programming						0	0	0	0	0	0	0	0	0	0	0	0	0	0	0	0	0	0	0	0	0	0	0	0	0	0	0	0	0	0	0	0	0	0	0	0	0	0	0	0	0	0	0	0	0	0	0	0
machine learning course work ucla						0	0	0	0	0	0	0	0	0	0	0	0	0	0	0	0	0	0	0	0	0	0	0	0	0	0	0	0	0	0	0	0	0	0	0	0	0	0	0	0	0	0	0	0	0	0	0	0
machine learning courses accepted by uc davis						0	0	0	0	0	0	0	0	0	0	0	0	0	0	0	0	0	0	0	0	0	0	0	0	0	0	0	0	0	0	0	0	0	0	0	0	0	0	0	0	0	0	0	0	0	0	0	0
machine learning courses at ohio state						0	0	0	0	0	0	0	0	0	0	0	0	0	0	0	0	0	0	0	0	0	0	0	0	0	0	0	0	0	0	0	0	0	0	0	0	0	0	0	0	0	0	0	0	0	0	0	0
machine learning courses at penn						0	0	0	0	0	0	0	0	0	0	0	0	0	0	0	0	0	0	0	0	0	0	0	0	0	0	0	0	0	0	0	0	0	0	0	0	0	0	0	0	0	0	0	0	0	0	0	0
machine learning courses at umd						0	0	0	0	0	0	0	0	0	0	0	0	0	0	0	0	0	0	0	0	0	0	0	0	0	0	0	0	0	0	0	0	0	0	0	0	0	0	0	0	0	0	0	0	0	0	0	0
machine learning courses bellevue						0	0	0	0	0	0	0	0	0	0	0	0	0	0	0	0	0	0	0	0	0	0	0	0	0	0	0	0	0	0	0	0	0	0	0	0	0	0	0	0	0	0	0	0	0	0	0	0
machine learning courses boston						0	0	0	0	0	0	0	0	0	0	0	0	0	0	0	0	0	0	0	0	0	0	0	0	0	0	0	0	0	0	0	0	0	0	0	0	0	0	0	0	0	0	0	0	0	0	0	0
machine learning courses brisbane						0	0	0	0	0	0	0	0	0	0	0	0	0	0	0	0	0	0	0	0	0	0	0	0	0	0	0	0	0	0	0	0	0	0	0	0	0	0	0	0	0	0	0	0	0	0	0	0
machine learning courses bu						0	0	0	0	0	0	0	0	0	0	0	0	0	0	0	0	0	0	0	0	0	0	0	0	0	0	0	0	0	0	0	0	0	0	0	0	0	0	0	0	0	0	0	0	0	0	0	0
machine learning courses by university						0	0	0	0	0	0	0	0	0	0	0	0	0	0	0	0	0	0	0	0	0	0	0	0	0	0	0	0	0	0	0	0	0	0	0	0	0	0	0	0	0	0	0	0	0	0	0	0
machine learning courses by unuiversity						0	0	0	0	0	0	0	0	0	0	0	0	0	0	0	0	0	0	0	0	0	0	0	0	0	0	0	0	0	0	0	0	0	0	0	0	0	0	0	0	0	0	0	0	0	0	0	0
machine learning courses byu						0	0	0	0	0	0	0	0	0	0	0	0	0	0	0	0	0	0	0	0	0	0	0	0	0	0	0	0	0	0	0	0	0	0	0	0	0	0	0	0	0	0	0	0	0	0	0	0
machine learning courses calgary						0	0	0	0	0	0	0	0	0	0	0	0	0	0	0	0	0	0	0	0	0	0	0	0	0	0	0	0	0	0	0	0	0	0	0	0	0	0	0	0	0	0	0	0	0	0	0	0
machine learning courses cambridge						0	0	0	0	0	0	0	0	0	0	0	0	0	0	0	0	0	0	0	0	0	0	0	0	0	0	0	0	0	0	0	0	0	0	0	0	0	0	0	0	0	0	0	0	0	0	0	0
machine learning courses carnegie mellon						0	0	0	0	0	0	0	0	0	0	0	0	0	0	0	0	0	0	0	0	0	0	0	0	0	0	0	0	0	0	0	0	0	0	0	0	0	0	0	0	0	0	0	0	0	0	0	0
machine learning courses classroom						0	0	0	0	0	0	0	0	0	0	0	0	0	0	0	0	0	0	0	0	0	0	0	0	0	0	0	0	0	0	0	0	0	0	0	0	0	0	0	0	0	0	0	0	0	0	0	0
machine learning courses dallas						0	0	0	0	0	0	0	0	0	0	0	0	0	0	0	0	0	0	0	0	0	0	0	0	0	0	0	0	0	0	0	0	0	0	0	0	0	0	0	0	0	0	0	0	0	0	0	0
machine learning courses dubai						0	0	0	0	0	0	0	0	0	0	0	0	0	0	0	0	0	0	0	0	0	0	0	0	0	0	0	0	0	0	0	0	0	0	0	0	0	0	0	0	0	0	0	0	0	0	0	0
machine learning courses edinburgh						0	0	0	0	0	0	0	0	0	0	0	0	0	0	0	0	0	0	0	0	0	0	0	0	0	0	0	0	0	0	0	0	0	0	0	0	0	0	0	0	0	0	0	0	0	0	0	0
machine learning courses eindhoven						0	0	0	0	0	0	0	0	0	0	0	0	0	0	0	0	0	0	0	0	0	0	0	0	0	0	0	0	0	0	0	0	0	0	0	0	0	0	0	0	0	0	0	0	0	0	0	0
machine learning courses for beginners nyc						0	0	0	0	0	0	0	0	0	0	0	0	0	0	0	0	0	0	0	0	0	0	0	0	0	0	0	0	0	0	0	0	0	0	0	0	0	0	0	0	0	0	0	0	0	0	0	0
machine learning courses for doctors						0	0	0	0	0	0	0	0	0	0	0	0	0	0	0	0	0	0	0	0	0	0	0	0	0	0	0	0	0	0	0	0	0	0	0	0	0	0	0	0	0	0	0	0	0	0	0	0
machine learning courses for finance						0	0	0	0	0	0	0	0	0	0	0	0	0	0	0	0	0	0	0	0	0	0	0	0	0	0	0	0	0	0	0	0	0	0	0	0	0	0	0	0	0	0	0	0	0	0	0	0
machine learning courses for product managers						0	0	0	0	0	0	0	0	0	0	0	0	0	0	0	0	0	0	0	0	0	0	0	0	0	0	0	0	0	0	0	0	0	0	0	0	0	0	0	0	0	0	0	0	0	0	0	0
machine learning courses for programmers						0	0	0	0	0	0	0	0	0	0	0	0	0	0	0	0	0	0	0	0	0	0	0	0	0	0	0	0	0	0	0	0	0	0	0	0	0	0	0	0	0	0	0	0	0	0	0	0
machine learning courses for teenager						0	0	0	0	0	0	0	0	0	0	0	0	0	0	0	0	0	0	0	0	0	0	0	0	0	0	0	0	0	0	0	0	0	0	0	0	0	0	0	0	0	0	0	0	0	0	0	0
machine learning courses from nvidia						0	0	0	0	0	0	0	0	0	0	0	0	0	0	0	0	0	0	0	0	0	0	0	0	0	0	0	0	0	0	0	0	0	0	0	0	0	0	0	0	0	0	0	0	0	0	0	0
machine learning courses geneva						0	0	0	0	0	0	0	0	0	0	0	0	0	0	0	0	0	0	0	0	0	0	0	0	0	0	0	0	0	0	0	0	0	0	0	0	0	0	0	0	0	0	0	0	0	0	0	0
machine learning courses germany						0	0	0	0	0	0	0	0	0	0	0	0	0	0	0	0	0	0	0	0	0	0	0	0	0	0	0	0	0	0	0	0	0	0	0	0	0	0	0	0	0	0	0	0	0	0	0	0
machine learning courses in banglore						0	0	0	0	0	0	0	0	0	0	0	0	0	0	0	0	0	0	0	0	0	0	0	0	0	0	0	0	0	0	0	0	0	0	0	0	0	0	0	0	0	0	0	0	0	0	0	0
machine learning courses in cairo						0	0	0	0	0	0	0	0	0	0	0	0	0	0	0	0	0	0	0	0	0	0	0	0	0	0	0	0	0	0	0	0	0	0	0	0	0	0	0	0	0	0	0	0	0	0	0	0
machine learning courses in france						0	0	0	0	0	0	0	0	0	0	0	0	0	0	0	0	0	0	0	0	0	0	0	0	0	0	0	0	0	0	0	0	0	0	0	0	0	0	0	0	0	0	0	0	0	0	0	0
machine learning courses in iit mumbai						0	0	0	0	0	0	0	0	0	0	0	0	0	0	0	0	0	0	0	0	0	0	0	0	0	0	0	0	0	0	0	0	0	0	0	0	0	0	0	0	0	0	0	0	0	0	0	0
machine learning courses in india bangalore						0	0	0	0	0	0	0	0	0	0	0	0	0	0	0	0	0	0	0	0	0	0	0	0	0	0	0	0	0	0	0	0	0	0	0	0	0	0	0	0	0	0	0	0	0	0	0	0
machine learning courses in japan						0	0	0	0	0	0	0	0	0	0	0	0	0	0	0	0	0	0	0	0	0	0	0	0	0	0	0	0	0	0	0	0	0	0	0	0	0	0	0	0	0	0	0	0	0	0	0	0
machine learning courses in madhapur						0	0	0	0	0	0	0	0	0	0	0	0	0	0	0	0	0	0	0	0	0	0	0	0	0	0	0	0	0	0	0	0	0	0	0	0	0	0	0	0	0	0	0	0	0	0	0	0
machine learning courses in malaysia	10					0	0	0	0	0	0	0	0	0	0	0	0	0	0	0	0	0	0	0	0	0	0	10	10	10	10	10	10	10	0	10	10	10	10	10	10	10	10	20	10	10	0	0	0	10	0	10	0
machine learning courses in munich						0	0	0	0	0	0	0	0	0	0	0	0	0	0	0	0	0	0	0	0	0	0	0	0	0	0	0	0	0	0	0	0	0	0	0	0	0	0	0	0	0	0	0	0	0	0	0	0
machine learning courses in navi mumbai						0	0	0	0	0	0	0	0	0	0	0	0	0	0	0	0	0	0	0	0	0	0	0	0	0	0	0	0	0	0	0	0	0	0	0	0	0	0	0	0	0	0	0	0	0	0	0	0
machine learning courses in oakland university						0	0	0	0	0	0	0	0	0	0	0	0	0	0	0	0	0	0	0	0	0	0	0	0	0	0	0	0	0	0	0	0	0	0	0	0	0	0	0	0	0	0	0	0	0	0	0	0
machine learning courses in thane						0	0	0	0	0	0	0	0	0	0	0	0	0	0	0	0	0	0	0	0	0	0	0	0	0	0	0	0	0	0	0	0	0	0	0	0	0	0	0	0	0	0	0	0	0	0	0	0
machine learning courses in uk universities						0	0	0	0	0	0	0	0	0	0	0	0	0	0	0	0	0	0	0	0	0	0	0	0	0	0	0	0	0	0	0	0	0	0	0	0	0	0	0	0	0	0	0	0	0	0	0	0
machine learning courses in united states						0	0	0	0	0	0	0	0	0	0	0	0	0	0	0	0	0	0	0	0	0	0	0	0	0	0	0	0	0	0	0	0	0	0	0	0	0	0	0	0	0	0	0	0	0	0	0	0
machine learning courses in university						0	0	0	0	0	0	0	0	0	0	0	0	0	0	0	0	0	0	0	0	0	0	0	0	0	0	0	0	0	0	0	0	0	0	0	0	0	0	0	0	0	0	0	0	0	0	0	0
machine learning courses in wvu						0	0	0	0	0	0	0	0	0	0	0	0	0	0	0	0	0	0	0	0	0	0	0	0	0	0	0	0	0	0	0	0	0	0	0	0	0	0	0	0	0	0	0	0	0	0	0	0
machine learning courses iowa state university						0	0	0	0	0	0	0	0	0	0	0	0	0	0	0	0	0	0	0	0	0	0	0	0	0	0	0	0	0	0	0	0	0	0	0	0	0	0	0	0	0	0	0	0	0	0	0	0
machine learning courses jhu						0	0	0	0	0	0	0	0	0	0	0	0	0	0	0	0	0	0	0	0	0	0	0	0	0	0	0	0	0	0	0	0	0	0	0	0	0	0	0	0	0	0	0	0	0	0	0	0
machine learning courses los angeles						0	0	0	0	0	0	0	0	0	0	0	0	0	0	0	0	0	0	0	0	0	0	0	0	0	0	0	0	0	0	0	0	0	0	0	0	0	0	0	0	0	0	0	0	0	0	0	0
machine learning courses master in sciences						0	0	0	0	0	0	0	0	0	0	0	0	0	0	0	0	0	0	0	0	0	0	0	0	0	0	0	0	0	0	0	0	0	0	0	0	0	0	0	0	0	0	0	0	0	0	0	0
machine learning courses northwestern						0	0	0	0	0	0	0	0	0	0	0	0	0	0	0	0	0	0	0	0	0	0	0	0	0	0	0	0	0	0	0	0	0	0	0	0	0	0	0	0	0	0	0	0	0	0	0	0
machine learning courses nyu						0	0	0	0	0	0	0	0	0	0	0	0	0	0	0	0	0	0	0	0	0	0	0	0	0	0	0	0	0	0	0	0	0	0	0	0	0	0	0	0	0	0	0	0	0	0	0	0
machine learning courses o						0	0	0	0	0	0	0	0	0	0	0	0	0	0	0	0	0	0	0	0	0	0	0	0	0	0	0	0	0	0	0	0	0	0	0	0	0	0	0	0	0	0	0	0	0	0	0	0
machine learning courses on datacamp						0	0	0	0	0	0	0	0	0	0	0	0	0	0	0	0	0	0	0	0	0	0	0	0	0	0	0	0	0	0	0	0	0	0	0	0	0	0	0	0	0	0	0	0	0	0	0	0
machine learning courses on datacamp reddit						0	0	0	0	0	0	0	0	0	0	0	0	0	0	0	0	0	0	0	0	0	0	0	0	0	0	0	0	0	0	0	0	0	0	0	0	0	0	0	0	0	0	0	0	0	0	0	0
machine learning courses on skillshare						0	0	0	0	0	0	0	0	0	0	0	0	0	0	0	0	0	0	0	0	0	0	0	0	0	0	0	0	0	0	0	0	0	0	0	0	0	0	0	0	0	0	0	0	0	0	0	0
machine learning courses online quora						0	0	0	0	0	0	0	0	0	0	0	0	0	0	0	0	0	0	0	0	0	0	0	0	0	0	0	0	0	0	0	0	0	0	0	0	0	0	0	0	0	0	0	0	0	0	0	0
machine learning courses open university						0	0	0	0	0	0	0	0	0	0	0	0	0	0	0	0	0	0	0	0	0	0	0	0	0	0	0	0	0	0	0	0	0	0	0	0	0	0	0	0	0	0	0	0	0	0	0	0
machine learning courses oxford						0	0	0	0	0	0	0	0	0	0	0	0	0	0	0	0	0	0	0	0	0	0	0	0	0	0	0	0	0	0	0	0	0	0	0	0	0	0	0	0	0	0	0	0	0	0	0	0
machine learning courses python vs java requirements						0	0	0	0	0	0	0	0	0	0	0	0	0	0	0	0	0	0	0	0	0	0	0	0	0	0	0	0	0	0	0	0	0	0	0	0	0	0	0	0	0	0	0	0	0	0	0	0
machine learning courses raleigh durham						0	0	0	0	0	0	0	0	0	0	0	0	0	0	0	0	0	0	0	0	0	0	0	0	0	0	0	0	0	0	0	0	0	0	0	0	0	0	0	0	0	0	0	0	0	0	0	0
machine learning courses rating						0	0	0	0	0	0	0	0	0	0	0	0	0	0	0	0	0	0	0	0	0	0	0	0	0	0	0	0	0	0	0	0	0	0	0	0	0	0	0	0	0	0	0	0	0	0	0	0
machine learning courses san francisco						0	0	0	0	0	0	0	0	0	0	0	0	0	0	0	0	0	0	0	0	0	0	0	0	0	0	0	0	0	0	0	0	0	0	0	0	0	0	0	0	0	0	0	0	0	0	0	0
machine learning courses skills						0	0	0	0	0	0	0	0	0	0	0	0	0	0	0	0	0	0	0	0	0	0	0	0	0	0	0	0	0	0	0	0	0	0	0	0	0	0	0	0	0	0	0	0	0	0	0	0
machine learning courses texas						0	0	0	0	0	0	0	0	0	0	0	0	0	0	0	0	0	0	0	0	0	0	0	0	0	0	0	0	0	0	0	0	0	0	0	0	0	0	0	0	0	0	0	0	0	0	0	0
machine learning courses ucla						0	0	0	0	0	0	0	0	0	0	0	0	0	0	0	0	0	0	0	0	0	0	0	0	0	0	0	0	0	0	0	0	0	0	0	0	0	0	0	0	0	0	0	0	0	0	0	0
machine learning courses ucsa						0	0	0	0	0	0	0	0	0	0	0	0	0	0	0	0	0	0	0	0	0	0	0	0	0	0	0	0	0	0	0	0	0	0	0	0	0	0	0	0	0	0	0	0	0	0	0	0
machine learning courses ucsa bay area						0	0	0	0	0	0	0	0	0	0	0	0	0	0	0	0	0	0	0	0	0	0	0	0	0	0	0	0	0	0	0	0	0	0	0	0	0	0	0	0	0	0	0	0	0	0	0	0
machine learning courses ucsd						0	0	0	0	0	0	0	0	0	0	0	0	0	0	0	0	0	0	0	0	0	0	0	0	0	0	0	0	0	0	0	0	0	0	0	0	0	0	0	0	0	0	0	0	0	0	0	0
machine learning courses uf						0	0	0	0	0	0	0	0	0	0	0	0	0	0	0	0	0	0	0	0	0	0	0	0	0	0	0	0	0	0	0	0	0	0	0	0	0	0	0	0	0	0	0	0	0	0	0	0
machine learning courses university of toronto						0	0	0	0	0	0	0	0	0	0	0	0	0	0	0	0	0	0	0	0	0	0	0	0	0	0	0	0	0	0	0	0	0	0	0	0	0	0	0	0	0	0	0	0	0	0	0	0
machine learning courses ut austin						0	0	0	0	0	0	0	0	0	0	0	0	0	0	0	0	0	0	0	0	0	0	0	0	0	0	0	0	0	0	0	0	0	0	0	0	0	0	0	0	0	0	0	0	0	0	0	0
machine learning courses ut austin fall 2019						0	0	0	0	0	0	0	0	0	0	0	0	0	0	0	0	0	0	0	0	0	0	0	0	0	0	0	0	0	0	0	0	0	0	0	0	0	0	0	0	0	0	0	0	0	0	0	0
machine learning courses uva						0	0	0	0	0	0	0	0	0	0	0	0	0	0	0	0	0	0	0	0	0	0	0	0	0	0	0	0	0	0	0	0	0	0	0	0	0	0	0	0	0	0	0	0	0	0	0	0
machine learning courses uwaterloo						0	0	0	0	0	0	0	0	0	0	0	0	0	0	0	0	0	0	0	0	0	0	0	0	0	0	0	0	0	0	0	0	0	0	0	0	0	0	0	0	0	0	0	0	0	0	0	0
machine learning courses virginia						0	0	0	0	0	0	0	0	0	0	0	0	0	0	0	0	0	0	0	0	0	0	0	0	0	0	0	0	0	0	0	0	0	0	0	0	0	0	0	0	0	0	0	0	0	0	0	0
machine learning courses with certificate	30	High	67	0.817314	6.860592	0	0	0	0	0	0	0	0	0	0	0	0	0	0	0	0	0	0	0	0	0	0	0	40	30	30	50	50	50	30	30	10	20	20	40	30	30	50	30	40	30	30	30	20	10	10	20	10
machine learning courses with placement						0	0	0	0	0	0	0	0	0	0	0	0	0	0	0	0	0	0	0	0	0	0	0	0	0	0	0	0	0	0	0	0	0	0	0	0	0	0	0	0	0	0	0	0	0	0	0	0
machine learning crash course 2						0	0	0	0	0	0	0	0	0	0	0	0	0	0	0	0	0	0	0	0	0	0	0	0	0	0	0	0	0	0	0	0	0	0	0	0	0	0	0	0	0	0	0	0	0	0	0	0
machine learning crash course fairness						0	0	0	0	0	0	0	0	0	0	0	0	0	0	0	0	0	0	0	0	0	0	0	0	0	0	0	0	0	0	0	0	0	0	0	0	0	0	0	0	0	0	0	0	0	0	0	0
machine learning crash course for engineers	50	Low	29	0.581097	4.811079	0	0	0	0	0	0	0	0	0	0	0	0	0	0	0	0	0	0	0	0	0	0	90	50	50	50	70	70	70	90	70	90	90	170	210	50	70	50	50	30	110	110	50	40	30	40	40	30
machine learning crash course genova						0	0	0	0	0	0	0	0	0	0	0	0	0	0	0	0	0	0	0	0	0	0	0	0	0	0	0	0	0	0	0	0	0	0	0	0	0	0	0	0	0	0	0	0	0	0	0	0
machine learning crash course glossary						0	0	0	0	0	0	0	0	0	0	0	0	0	0	0	0	0	0	0	0	0	0	0	0	0	0	0	0	0	0	0	0	0	0	0	0	0	0	0	0	0	0	0	0	0	0	0	0
machine learning crash course google developers vs corsera						0	0	0	0	0	0	0	0	0	0	0	0	0	0	0	0	0	0	0	0	0	0	0	0	0	0	0	0	0	0	0	0	0	0	0	0	0	0	0	0	0	0	0	0	0	0	0	0
machine learning crash course google developers vs coursera vs udacity						0	0	0	0	0	0	0	0	0	0	0	0	0	0	0	0	0	0	0	0	0	0	0	0	0	0	0	0	0	0	0	0	0	0	0	0	0	0	0	0	0	0	0	0	0	0	0	0
machine learning crash course mlcc edit						0	0	0	0	0	0	0	0	0	0	0	0	0	0	0	0	0	0	0	0	0	0	0	0	0	0	0	0	0	0	0	0	0	0	0	0	0	0	0	0	0	0	0	0	0	0	0	0
machine learning crash course neural networks playground						0	0	0	0	0	0	0	0	0	0	0	0	0	0	0	0	0	0	0	0	0	0	0	0	0	0	0	0	0	0	0	0	0	0	0	0	0	0	0	0	0	0	0	0	0	0	0	0
machine learning crash course offline						0	0	0	0	0	0	0	0	0	0	0	0	0	0	0	0	0	0	0	0	0	0	0	0	0	0	0	0	0	0	0	0	0	0	0	0	0	0	0	0	0	0	0	0	0	0	0	0
machine learning crash course online						0	0	0	0	0	0	0	0	0	0	0	0	0	0	0	0	0	0	0	0	0	0	0	0	0	0	0	0	0	0	0	0	0	0	0	0	0	0	0	0	0	0	0	0	0	0	0	0
machine learning crash course pandas						0	0	0	0	0	0	0	0	0	0	0	0	0	0	0	0	0	0	0	0	0	0	0	0	0	0	0	0	0	0	0	0	0	0	0	0	0	0	0	0	0	0	0	0	0	0	0	0
machine learning crash course part 3						0	0	0	0	0	0	0	0	0	0	0	0	0	0	0	0	0	0	0	0	0	0	0	0	0	0	0	0	0	0	0	0	0	0	0	0	0	0	0	0	0	0	0	0	0	0	0	0
machine learning crash course part 4						0	0	0	0	0	0	0	0	0	0	0	0	0	0	0	0	0	0	0	0	0	0	0	0	0	0	0	0	0	0	0	0	0	0	0	0	0	0	0	0	0	0	0	0	0	0	0	0
machine learning crash course part 5						0	0	0	0	0	0	0	0	0	0	0	0	0	0	0	0	0	0	0	0	0	0	0	0	0	0	0	0	0	0	0	0	0	0	0	0	0	0	0	0	0	0	0	0	0	0	0	0
machine learning crash course ppt						0	0	0	0	0	0	0	0	0	0	0	0	0	0	0	0	0	0	0	0	0	0	0	0	0	0	0	0	0	0	0	0	0	0	0	0	0	0	0	0	0	0	0	0	0	0	0	0
machine learning crash course predict						0	0	0	0	0	0	0	0	0	0	0	0	0	0	0	0	0	0	0	0	0	0	0	0	0	0	0	0	0	0	0	0	0	0	0	0	0	0	0	0	0	0	0	0	0	0	0	0
machine learning crash course pune						0	0	0	0	0	0	0	0	0	0	0	0	0	0	0	0	0	0	0	0	0	0	0	0	0	0	0	0	0	0	0	0	0	0	0	0	0	0	0	0	0	0	0	0	0	0	0	0
machine learning crash course python						0	0	0	0	0	0	0	0	0	0	0	0	0	0	0	0	0	0	0	0	0	0	0	0	0	0	0	0	0	0	0	0	0	0	0	0	0	0	0	0	0	0	0	0	0	0	0	0
machine learning crash course reddit						0	0	0	0	0	0	0	0	0	0	0	0	0	0	0	0	0	0	0	0	0	0	0	0	0	0	0	0	0	0	0	0	0	0	0	0	0	0	0	0	0	0	0	0	0	0	0	0
machine learning crash course study jam						0	0	0	0	0	0	0	0	0	0	0	0	0	0	0	0	0	0	0	0	0	0	0	0	0	0	0	0	0	0	0	0	0	0	0	0	0	0	0	0	0	0	0	0	0	0	0	0
machine learning crash course video						0	0	0	0	0	0	0	0	0	0	0	0	0	0	0	0	0	0	0	0	0	0	0	0	0	0	0	0	0	0	0	0	0	0	0	0	0	0	0	0	0	0	0	0	0	0	0	0
machine learning crash course with tensorflow apis certificate	10					0	0	0	0	0	0	0	0	0	0	0	0	0	0	0	0	70	20	10	10	10	20	10	10	10	20	10	10	10	10	10	10	10	0	10	10	10	10	0	10	0	0	10	0	0	0	0	0
machine learning credit risk course						0	0	0	0	0	0	0	0	0	0	0	0	0	0	0	0	0	0	0	0	0	0	0	0	0	0	0	0	0	0	0	0	0	0	0	0	0	0	0	0	0	0	0	0	0	0	0	0
machine learning cyber security course						0	0	0	0	0	0	0	0	0	0	0	0	0	0	0	0	0	0	0	0	0	0	0	0	0	0	0	0	0	0	0	0	0	0	0	0	0	0	0	0	0	0	0	0	0	0	0	0
machine learning cybersecurity course						0	0	0	0	0	0	0	0	0	0	0	0	0	0	0	0	0	0	0	0	0	0	0	0	0	0	0	0	0	0	0	0	0	0	0	0	0	0	0	0	0	0	0	0	0	0	0	0
machine learning data analysis courses						0	0	0	0	0	0	0	0	0	0	0	0	0	0	0	0	0	0	0	0	0	0	0	0	0	0	0	0	0	0	0	0	0	0	0	0	0	0	0	0	0	0	0	0	0	0	0	0
machine learning data scientist course						0	0	0	0	0	0	0	0	0	0	0	0	0	0	0	0	0	0	0	0	0	0	0	0	0	0	0	0	0	0	0	0	0	0	0	0	0	0	0	0	0	0	0	0	0	0	0	0
machine learning data viz courses						0	0	0	0	0	0	0	0	0	0	0	0	0	0	0	0	0	0	0	0	0	0	0	0	0	0	0	0	0	0	0	0	0	0	0	0	0	0	0	0	0	0	0	0	0	0	0	0
machine learning density functional theory courses						0	0	0	0	0	0	0	0	0	0	0	0	0	0	0	0	0	0	0	0	0	0	0	0	0	0	0	0	0	0	0	0	0	0	0	0	0	0	0	0	0	0	0	0	0	0	0	0
machine learning econometrics course						0	0	0	0	0	0	0	0	0	0	0	0	0	0	0	0	0	0	0	0	0	0	0	0	0	0	0	0	0	0	0	0	0	0	0	0	0	0	0	0	0	0	0	0	0	0	0	0
machine learning economics course						0	0	0	0	0	0	0	0	0	0	0	0	0	0	0	0	0	0	0	0	0	0	0	0	0	0	0	0	0	0	0	0	0	0	0	0	0	0	0	0	0	0	0	0	0	0	0	0
machine learning economics course econ						0	0	0	0	0	0	0	0	0	0	0	0	0	0	0	0	0	0	0	0	0	0	0	0	0	0	0	0	0	0	0	0	0	0	0	0	0	0	0	0	0	0	0	0	0	0	0	0
machine learning elective course						0	0	0	0	0	0	0	0	0	0	0	0	0	0	0	0	0	0	0	0	0	0	0	0	0	0	0	0	0	0	0	0	0	0	0	0	0	0	0	0	0	0	0	0	0	0	0	0
machine learning elective course gt						0	0	0	0	0	0	0	0	0	0	0	0	0	0	0	0	0	0	0	0	0	0	0	0	0	0	0	0	0	0	0	0	0	0	0	0	0	0	0	0	0	0	0	0	0	0	0	0
machine learning engineer course fees	40	Medium	47	0.282322	1.081785	0	0	0	0	0	0	0	0	0	0	0	0	0	0	0	0	0	0	0	0	0	0	0	0	0	0	0	0	0	0	0	20	10	10	30	20	30	50	50	40	40	50	50	10	30	50	40	70
machine learning engineer course online						0	0	0	0	0	0	0	0	0	0	0	0	0	0	0	0	0	0	0	0	0	0	0	0	0	0	0	0	0	0	0	0	0	0	0	0	0	0	0	0	0	0	0	0	0	0	0	0
machine learning engineer course uk						0	0	0	0	0	0	0	0	0	0	0	0	0	0	0	0	0	0	0	0	0	0	0	0	0	0	0	0	0	0	0	0	0	0	0	0	0	0	0	0	0	0	0	0	0	0	0	0
machine learning engineer full course	10	Medium	37	0.113527	0.679379	0	0	0	0	0	0	0	0	0	0	0	0	0	0	0	0	10	10	20	10	10	10	10	20	20	20	20	10	20	10	10	10	10	10	10	30	10	10	20	10	10	10	20	20	10	10	20	20
machine learning epidemiology course						0	0	0	0	0	0	0	0	0	0	0	0	0	0	0	0	0	0	0	0	0	0	0	0	0	0	0	0	0	0	0	0	0	0	0	0	0	0	0	0	0	0	0	0	0	0	0	0
machine learning eth course						0	0	0	0	0	0	0	0	0	0	0	0	0	0	0	0	0	0	0	0	0	0	0	0	0	0	0	0	0	0	0	0	0	0	0	0	0	0	0	0	0	0	0	0	0	0	0	0
machine learning explainability micro course kaggle						0	0	0	0	0	0	0	0	0	0	0	0	0	0	0	0	0	0	0	0	0	0	0	0	0	0	0	0	0	0	0	0	0	0	0	0	0	0	0	0	0	0	0	0	0	0	0	0
machine learning finance course london						0	0	0	0	0	0	0	0	0	0	0	0	0	0	0	0	0	0	0	0	0	0	0	0	0	0	0	0	0	0	0	0	0	0	0	0	0	0	0	0	0	0	0	0	0	0	0	0
machine learning finance online course						0	0	0	0	0	0	0	0	0	0	0	0	0	0	0	0	0	0	0	0	0	0	0	0	0	0	0	0	0	0	0	0	0	0	0	0	0	0	0	0	0	0	0	0	0	0	0	0
machine learning financial markets course						0	0	0	0	0	0	0	0	0	0	0	0	0	0	0	0	0	0	0	0	0	0	0	0	0	0	0	0	0	0	0	0	0	0	0	0	0	0	0	0	0	0	0	0	0	0	0	0
machine learning for absolute beginners course						0	0	0	0	0	0	0	0	0	0	0	0	0	0	0	0	0	0	0	0	0	0	0	0	0	0	0	0	0	0	0	0	0	0	0	0	0	0	0	0	0	0	0	0	0	0	0	0
machine learning for algorithmic trading course						0	0	0	0	0	0	0	0	0	0	0	0	0	0	0	0	0	0	0	0	0	0	0	0	0	0	0	0	0	0	0	0	0	0	0	0	0	0	0	0	0	0	0	0	0	0	0	0
machine learning for artists course						0	0	0	0	0	0	0	0	0	0	0	0	0	0	0	0	0	0	0	0	0	0	0	0	0	0	0	0	0	0	0	0	0	0	0	0	0	0	0	0	0	0	0	0	0	0	0	0
machine learning for beginerrs online course						0	0	0	0	0	0	0	0	0	0	0	0	0	0	0	0	0	0	0	0	0	0	0	0	0	0	0	0	0	0	0	0	0	0	0	0	0	0	0	0	0	0	0	0	0	0	0	0
machine learning for beginners online course						0	0	0	0	0	0	0	0	0	0	0	0	0	0	0	0	0	0	0	0	0	0	0	0	0	0	0	0	0	0	0	0	0	0	0	0	0	0	0	0	0	0	0	0	0	0	0	0
machine learning for big data courses						0	0	0	0	0	0	0	0	0	0	0	0	0	0	0	0	0	0	0	0	0	0	0	0	0	0	0	0	0	0	0	0	0	0	0	0	0	0	0	0	0	0	0	0	0	0	0	0
machine learning for biometrics course						0	0	0	0	0	0	0	0	0	0	0	0	0	0	0	0	0	0	0	0	0	0	0	0	0	0	0	0	0	0	0	0	0	0	0	0	0	0	0	0	0	0	0	0	0	0	0	0
machine learning for business courses						0	0	0	0	0	0	0	0	0	0	0	0	0	0	0	0	0	0	0	0	0	0	0	0	0	0	0	0	0	0	0	0	0	0	0	0	0	0	0	0	0	0	0	0	0	0	0	0
machine learning for business leaders course						0	0	0	0	0	0	0	0	0	0	0	0	0	0	0	0	0	0	0	0	0	0	0	0	0	0	0	0	0	0	0	0	0	0	0	0	0	0	0	0	0	0	0	0	0	0	0	0
machine learning for business phd course						0	0	0	0	0	0	0	0	0	0	0	0	0	0	0	0	0	0	0	0	0	0	0	0	0	0	0	0	0	0	0	0	0	0	0	0	0	0	0	0	0	0	0	0	0	0	0	0
machine learning for calculus courses						0	0	0	0	0	0	0	0	0	0	0	0	0	0	0	0	0	0	0	0	0	0	0	0	0	0	0	0	0	0	0	0	0	0	0	0	0	0	0	0	0	0	0	0	0	0	0	0
machine learning for chemistry course	10	Medium	59	0.343266	2.339618	0	0	0	0	0	0	0	0	0	0	0	0	0	0	0	0	0	0	0	0	0	0	0	0	0	0	0	0	0	0	0	0	0	0	0	0	0	20	10	20	10	10	10	10	10	10	20	10
machine learning for communications course						0	0	0	0	0	0	0	0	0	0	0	0	0	0	0	0	0	0	0	0	0	0	0	0	0	0	0	0	0	0	0	0	0	0	0	0	0	0	0	0	0	0	0	0	0	0	0	0
machine learning for cybersecurity 101 course						0	0	0	0	0	0	0	0	0	0	0	0	0	0	0	0	0	0	0	0	0	0	0	0	0	0	0	0	0	0	0	0	0	0	0	0	0	0	0	0	0	0	0	0	0	0	0	0
machine learning for data scientists course						0	0	0	0	0	0	0	0	0	0	0	0	0	0	0	0	0	0	0	0	0	0	0	0	0	0	0	0	0	0	0	0	0	0	0	0	0	0	0	0	0	0	0	0	0	0	0	0
machine learning for drug discovery course	10	Medium	48	0.357836	6.25	0	0	0	0	0	0	0	0	0	0	0	0	0	0	0	0	0	0	0	0	0	0	0	40	30	20	10	30	20	10	10	20	20	20	20	10	10	30	10	20	10	10	10	20	10	10	10	10
machine learning for environmental course						0	0	0	0	0	0	0	0	0	0	0	0	0	0	0	0	0	0	0	0	0	0	0	0	0	0	0	0	0	0	0	0	0	0	0	0	0	0	0	0	0	0	0	0	0	0	0	0
machine learning for everybody course						0	0	0	0	0	0	0	0	0	0	0	0	0	0	0	0	0	0	0	0	0	0	0	0	0	0	0	0	0	0	0	0	0	0	0	0	0	0	0	0	0	0	0	0	0	0	0	0
machine learning for finance course online						0	0	0	0	0	0	0	0	0	0	0	0	0	0	0	0	0	0	0	0	0	0	0	0	0	0	0	0	0	0	0	0	0	0	0	0	0	0	0	0	0	0	0	0	0	0	0	0
machine learning for genomics course						0	0	0	0	0	0	0	0	0	0	0	0	0	0	0	0	0	0	0	0	0	0	0	0	0	0	0	0	0	0	0	0	0	0	0	0	0	0	0	0	0	0	0	0	0	0	0	0
machine learning for java programming courses						0	0	0	0	0	0	0	0	0	0	0	0	0	0	0	0	0	0	0	0	0	0	0	0	0	0	0	0	0	0	0	0	0	0	0	0	0	0	0	0	0	0	0	0	0	0	0	0
machine learning for kids course						0	0	0	0	0	0	0	0	0	0	0	0	0	0	0	0	0	0	0	0	0	0	0	0	0	0	0	0	0	0	0	0	0	0	0	0	0	0	0	0	0	0	0	0	0	0	0	0
machine learning for life course trajectories	10					0	0	0	0	0	0	0	0	0	0	0	0	0	0	0	0	0	0	0	0	0	0	0	0	0	0	0	0	0	0	0	0	0	20	10	10	0	0	0	10	10	0	10	10	0	0	0	0
machine learning for machine learning courses						0	0	0	0	0	0	0	0	0	0	0	0	0	0	0	0	0	0	0	0	0	0	0	0	0	0	0	0	0	0	0	0	0	0	0	0	0	0	0	0	0	0	0	0	0	0	0	0
machine learning for marketing courses						0	0	0	0	0	0	0	0	0	0	0	0	0	0	0	0	0	0	0	0	0	0	0	0	0	0	0	0	0	0	0	0	0	0	0	0	0	0	0	0	0	0	0	0	0	0	0	0
machine learning for natural language processing courses						0	0	0	0	0	0	0	0	0	0	0	0	0	0	0	0	0	0	0	0	0	0	0	0	0	0	0	0	0	0	0	0	0	0	0	0	0	0	0	0	0	0	0	0	0	0	0	0
machine learning for physical scientists course						0	0	0	0	0	0	0	0	0	0	0	0	0	0	0	0	0	0	0	0	0	0	0	0	0	0	0	0	0	0	0	0	0	0	0	0	0	0	0	0	0	0	0	0	0	0	0	0
machine learning for predictive analytics course						0	0	0	0	0	0	0	0	0	0	0	0	0	0	0	0	0	0	0	0	0	0	0	0	0	0	0	0	0	0	0	0	0	0	0	0	0	0	0	0	0	0	0	0	0	0	0	0
machine learning for product managers course						0	0	0	0	0	0	0	0	0	0	0	0	0	0	0	0	0	0	0	0	0	0	0	0	0	0	0	0	0	0	0	0	0	0	0	0	0	0	0	0	0	0	0	0	0	0	0	0
machine learning for r programming courses						0	0	0	0	0	0	0	0	0	0	0	0	0	0	0	0	0	0	0	0	0	0	0	0	0	0	0	0	0	0	0	0	0	0	0	0	0	0	0	0	0	0	0	0	0	0	0	0
machine learning for remote sensing course	10	Low	7			0	0	0	0	0	0	0	0	0	0	0	0	0	0	0	0	0	0	0	30	40	30	70	40	40	50	40	20	10	10	10	10	10	20	10	10	10	10	10	10	10	10	10	10	10	10	10	10
machine learning for scientific research						0	0	0	0	0	0	0	0	0	0	0	0	0	0	0	0	0	0	0	0	0	0	0	0	0	0	0	0	0	0	0	0	0	0	0	0	0	0	0	0	0	0	0	0	0	0	0	0
machine learning for scientists course						0	0	0	0	0	0	0	0	0	0	0	0	0	0	0	0	0	0	0	0	0	0	0	0	0	0	0	0	0	0	0	0	0	0	0	0	0	0	0	0	0	0	0	0	0	0	0	0
machine learning for signal processing online course						0	0	0	0	0	0	0	0	0	0	0	0	0	0	0	0	0	0	0	0	0	0	0	0	0	0	0	0	0	0	0	0	0	0	0	0	0	0	0	0	0	0	0	0	0	0	0	0
machine learning for software engineers course						0	0	0	0	0	0	0	0	0	0	0	0	0	0	0	0	0	0	0	0	0	0	0	0	0	0	0	0	0	0	0	0	0	0	0	0	0	0	0	0	0	0	0	0	0	0	0	0
machine learning for speech recognition courses						0	0	0	0	0	0	0	0	0	0	0	0	0	0	0	0	0	0	0	0	0	0	0	0	0	0	0	0	0	0	0	0	0	0	0	0	0	0	0	0	0	0	0	0	0	0	0	0
machine learning for time series course						0	0	0	0	0	0	0	0	0	0	0	0	0	0	0	0	0	0	0	0	0	0	0	0	0	0	0	0	0	0	0	0	0	0	0	0	0	0	0	0	0	0	0	0	0	0	0	0
machine learning for wireless communications courses						0	0	0	0	0	0	0	0	0	0	0	0	0	0	0	0	0	0	0	0	0	0	0	0	0	0	0	0	0	0	0	0	0	0	0	0	0	0	0	0	0	0	0	0	0	0	0	0
machine learning free certification course by google	30	Low	29	0.029986	1.121681	0	0	0	0	0	0	0	0	0	0	0	0	0	0	0	0	0	0	0	0	70	50	50	50	50	50	70	40	40	30	30	30	20	30	20	20	30	40	30	30	40	40	20	20	20	20	10	10
machine learning free course for beginners	10	Low	24	0.066863	2.86	0	0	0	0	0	0	0	0	0	0	0	0	0	0	0	0	0	0	0	0	0	0	0	0	0	0	0	0	0	0	0	0	0	0	0	0	0	0	0	0	30	40	20	10	20	20	20	10
machine learning from data to decisions course review						0	0	0	0	0	0	0	0	0	0	0	0	0	0	0	0	0	0	0	0	0	0	0	0	0	0	0	0	0	0	0	0	0	0	0	0	0	0	0	0	0	0	0	0	0	0	0	0
machine learning from scratch course						0	0	0	0	0	0	0	0	0	0	0	0	0	0	0	0	0	0	0	0	0	0	0	0	0	0	0	0	0	0	0	0	0	0	0	0	0	0	0	0	0	0	0	0	0	0	0	0
machine learning full course simplilearn	10	Low	7			0	0	0	0	0	0	0	0	0	0	0	0	0	0	0	0	0	10	0	10	10	0	0	0	0	0	0	0	10	0	10	10	0	0	10	10	10	0	10	10	10	0	0	0	10	0	10	10
machine learning gatech course						0	0	0	0	0	0	0	0	0	0	0	0	0	0	0	0	0	0	0	0	0	0	0	0	0	0	0	0	0	0	0	0	0	0	0	0	0	0	0	0	0	0	0	0	0	0	0	0
machine learning get course brochure online short course						0	0	0	0	0	0	0	0	0	0	0	0	0	0	0	0	0	0	0	0	0	0	0	0	0	0	0	0	0	0	0	0	0	0	0	0	0	0	0	0	0	0	0	0	0	0	0	0
machine learning gis course						0	0	0	0	0	0	0	0	0	0	0	0	0	0	0	0	0	0	0	0	0	0	0	0	0	0	0	0	0	0	0	0	0	0	0	0	0	0	0	0	0	0	0	0	0	0	0	0
machine learning government course						0	0	0	0	0	0	0	0	0	0	0	0	0	0	0	0	0	0	0	0	0	0	0	0	0	0	0	0	0	0	0	0	0	0	0	0	0	0	0	0	0	0	0	0	0	0	0	0
machine learning graduate psu course						0	0	0	0	0	0	0	0	0	0	0	0	0	0	0	0	0	0	0	0	0	0	0	0	0	0	0	0	0	0	0	0	0	0	0	0	0	0	0	0	0	0	0	0	0	0	0	0
machine learning graduate psu course ist 597						0	0	0	0	0	0	0	0	0	0	0	0	0	0	0	0	0	0	0	0	0	0	0	0	0	0	0	0	0	0	0	0	0	0	0	0	0	0	0	0	0	0	0	0	0	0	0	0
machine learning graduate psu course ist 597k						0	0	0	0	0	0	0	0	0	0	0	0	0	0	0	0	0	0	0	0	0	0	0	0	0	0	0	0	0	0	0	0	0	0	0	0	0	0	0	0	0	0	0	0	0	0	0	0
machine learning hardware course						0	0	0	0	0	0	0	0	0	0	0	0	0	0	0	0	0	0	0	0	0	0	0	0	0	0	0	0	0	0	0	0	0	0	0	0	0	0	0	0	0	0	0	0	0	0	0	0
machine learning hardware courses						0	0	0	0	0	0	0	0	0	0	0	0	0	0	0	0	0	0	0	0	0	0	0	0	0	0	0	0	0	0	0	0	0	0	0	0	0	0	0	0	0	0	0	0	0	0	0	0
machine learning hk course						0	0	0	0	0	0	0	0	0	0	0	0	0	0	0	0	0	0	0	0	0	0	0	0	0	0	0	0	0	0	0	0	0	0	0	0	0	0	0	0	0	0	0	0	0	0	0	0
machine learning hong kong course						0	0	0	0	0	0	0	0	0	0	0	0	0	0	0	0	0	0	0	0	0	0	0	0	0	0	0	0	0	0	0	0	0	0	0	0	0	0	0	0	0	0	0	0	0	0	0	0
machine learning hyperparameter tuning course						0	0	0	0	0	0	0	0	0	0	0	0	0	0	0	0	0	0	0	0	0	0	0	0	0	0	0	0	0	0	0	0	0	0	0	0	0	0	0	0	0	0	0	0	0	0	0	0
machine learning iisc course						0	0	0	0	0	0	0	0	0	0	0	0	0	0	0	0	0	0	0	0	0	0	0	0	0	0	0	0	0	0	0	0	0	0	0	0	0	0	0	0	0	0	0	0	0	0	0	0
machine learning iit course						0	0	0	0	0	0	0	0	0	0	0	0	0	0	0	0	0	0	0	0	0	0	0	0	0	0	0	0	0	0	0	0	0	0	0	0	0	0	0	0	0	0	0	0	0	0	0	0
machine learning image analysis course						0	0	0	0	0	0	0	0	0	0	0	0	0	0	0	0	0	0	0	0	0	0	0	0	0	0	0	0	0	0	0	0	0	0	0	0	0	0	0	0	0	0	0	0	0	0	0	0
machine learning image recognition course						0	0	0	0	0	0	0	0	0	0	0	0	0	0	0	0	0	0	0	0	0	0	0	0	0	0	0	0	0	0	0	0	0	0	0	0	0	0	0	0	0	0	0	0	0	0	0	0
machine learning imperial college						0	0	0	0	0	0	0	0	0	0	0	0	0	0	0	0	0	0	0	0	0	0	0	0	0	0	0	0	0	0	0	0	0	0	0	0	0	0	0	0	0	0	0	0	0	0	0	0
machine learning imperial course						0	0	0	0	0	0	0	0	0	0	0	0	0	0	0	0	0	0	0	0	0	0	0	0	0	0	0	0	0	0	0	0	0	0	0	0	0	0	0	0	0	0	0	0	0	0	0	0
machine learning in astronomy course						0	0	0	0	0	0	0	0	0	0	0	0	0	0	0	0	0	0	0	0	0	0	0	0	0	0	0	0	0	0	0	0	0	0	0	0	0	0	0	0	0	0	0	0	0	0	0	0
machine learning in bioinformatics course uiuc						0	0	0	0	0	0	0	0	0	0	0	0	0	0	0	0	0	0	0	0	0	0	0	0	0	0	0	0	0	0	0	0	0	0	0	0	0	0	0	0	0	0	0	0	0	0	0	0
machine learning in biology course	20	Low	31			0	0	0	0	0	0	0	0	0	0	0	0	0	0	0	0	0	0	0	0	0	0	0	0	0	0	0	0	0	0	0	20	30	30	30	10	10	20	10	30	20	20	20	10	10	20	10	10
machine learning in business analytics college courses online						0	0	0	0	0	0	0	0	0	0	0	0	0	0	0	0	0	0	0	0	0	0	0	0	0	0	0	0	0	0	0	0	0	0	0	0	0	0	0	0	0	0	0	0	0	0	0	0
machine learning in business course						0	0	0	0	0	0	0	0	0	0	0	0	0	0	0	0	0	0	0	0	0	0	0	0	0	0	0	0	0	0	0	0	0	0	0	0	0	0	0	0	0	0	0	0	0	0	0	0
machine learning in c course						0	0	0	0	0	0	0	0	0	0	0	0	0	0	0	0	0	0	0	0	0	0	0	0	0	0	0	0	0	0	0	0	0	0	0	0	0	0	0	0	0	0	0	0	0	0	0	0
machine learning in cfd course	20	Low				0	0	0	0	0	0	0	0	0	0	0	0	0	0	0	0	0	0	0	0	0	0	0	0	0	0	0	0	0	0	0	30	20	10	30	30	20	20	20	10	20	10	10	10	70	30	20	20
machine learning in chemistry course	20	Low	30	0.316829	3.263119	0	0	0	0	0	0	0	0	0	0	0	0	0	0	0	0	0	30	30	30	40	30	30	30	10	20	20	40	20	10	10	20	20	10	20	10	10	10	20	10	20	10	10	20	10	20	20	20
machine learning in cloud courses						0	0	0	0	0	0	0	0	0	0	0	0	0	0	0	0	0	0	0	0	0	0	0	0	0	0	0	0	0	0	0	0	0	0	0	0	0	0	0	0	0	0	0	0	0	0	0	0
machine learning in cyber security course						0	0	0	0	0	0	0	0	0	0	0	0	0	0	0	0	0	0	0	0	0	0	0	0	0	0	0	0	0	0	0	0	0	0	0	0	0	0	0	0	0	0	0	0	0	0	0	0
machine learning in dna methylation course						0	0	0	0	0	0	0	0	0	0	0	0	0	0	0	0	0	0	0	0	0	0	0	0	0	0	0	0	0	0	0	0	0	0	0	0	0	0	0	0	0	0	0	0	0	0	0	0
machine learning in drug discovery online courses						0	0	0	0	0	0	0	0	0	0	0	0	0	0	0	0	0	0	0	0	0	0	0	0	0	0	0	0	0	0	0	0	0	0	0	0	0	0	0	0	0	0	0	0	0	0	0	0
machine learning in economics course						0	0	0	0	0	0	0	0	0	0	0	0	0	0	0	0	0	0	0	0	0	0	0	0	0	0	0	0	0	0	0	0	0	0	0	0	0	0	0	0	0	0	0	0	0	0	0	0
machine learning in epigenetics course						0	0	0	0	0	0	0	0	0	0	0	0	0	0	0	0	0	0	0	0	0	0	0	0	0	0	0	0	0	0	0	0	0	0	0	0	0	0	0	0	0	0	0	0	0	0	0	0
machine learning in finance course online						0	0	0	0	0	0	0	0	0	0	0	0	0	0	0	0	0	0	0	0	0	0	0	0	0	0	0	0	0	0	0	0	0	0	0	0	0	0	0	0	0	0	0	0	0	0	0	0
machine learning in genomics course	10	Medium	44	0.661659	2.98	0	0	0	0	0	0	0	0	0	0	0	0	0	0	0	0	0	0	0	0	0	0	0	20	30	30	30	20	50	30	40	30	20	30	20	20	10	20	10	20	10	10	10	10	10	10	10	10
machine learning in healthcare courses						0	0	0	0	0	0	0	0	0	0	0	0	0	0	0	0	0	0	0	0	0	0	0	0	0	0	0	0	0	0	0	0	0	0	0	0	0	0	0	0	0	0	0	0	0	0	0	0
machine learning in healthcare courses online						0	0	0	0	0	0	0	0	0	0	0	0	0	0	0	0	0	0	0	0	0	0	0	0	0	0	0	0	0	0	0	0	0	0	0	0	0	0	0	0	0	0	0	0	0	0	0	0
machine learning in healthcare online courses						0	0	0	0	0	0	0	0	0	0	0	0	0	0	0	0	0	0	0	0	0	0	0	0	0	0	0	0	0	0	0	0	0	0	0	0	0	0	0	0	0	0	0	0	0	0	0	0
machine learning in java course						0	0	0	0	0	0	0	0	0	0	0	0	0	0	0	0	0	0	0	0	0	0	0	0	0	0	0	0	0	0	0	0	0	0	0	0	0	0	0	0	0	0	0	0	0	0	0	0
machine learning in manufacturing course						0	0	0	0	0	0	0	0	0	0	0	0	0	0	0	0	0	0	0	0	0	0	0	0	0	0	0	0	0	0	0	0	0	0	0	0	0	0	0	0	0	0	0	0	0	0	0	0
machine learning in marketing course						0	0	0	0	0	0	0	0	0	0	0	0	0	0	0	0	0	0	0	0	0	0	0	0	0	0	0	0	0	0	0	0	0	0	0	0	0	0	0	0	0	0	0	0	0	0	0	0
machine learning in materials science course						0	0	0	0	0	0	0	0	0	0	0	0	0	0	0	0	0	0	0	0	0	0	0	0	0	0	0	0	0	0	0	0	0	0	0	0	0	0	0	0	0	0	0	0	0	0	0	0
machine learning in matlab course						0	0	0	0	0	0	0	0	0	0	0	0	0	0	0	0	0	0	0	0	0	0	0	0	0	0	0	0	0	0	0	0	0	0	0	0	0	0	0	0	0	0	0	0	0	0	0	0
machine learning in medicine online course						0	0	0	0	0	0	0	0	0	0	0	0	0	0	0	0	0	0	0	0	0	0	0	0	0	0	0	0	0	0	0	0	0	0	0	0	0	0	0	0	0	0	0	0	0	0	0	0
machine learning in photonics online course						0	0	0	0	0	0	0	0	0	0	0	0	0	0	0	0	0	0	0	0	0	0	0	0	0	0	0	0	0	0	0	0	0	0	0	0	0	0	0	0	0	0	0	0	0	0	0	0
machine learning in r online course						0	0	0	0	0	0	0	0	0	0	0	0	0	0	0	0	0	0	0	0	0	0	0	0	0	0	0	0	0	0	0	0	0	0	0	0	0	0	0	0	0	0	0	0	0	0	0	0
machine learning in supply chain course						0	0	0	0	0	0	0	0	0	0	0	0	0	0	0	0	0	0	0	0	0	0	0	0	0	0	0	0	0	0	0	0	0	0	0	0	0	0	0	0	0	0	0	0	0	0	0	0
machine learning in supply chain courses						0	0	0	0	0	0	0	0	0	0	0	0	0	0	0	0	0	0	0	0	0	0	0	0	0	0	0	0	0	0	0	0	0	0	0	0	0	0	0	0	0	0	0	0	0	0	0	0
machine learning indonesia courses						0	0	0	0	0	0	0	0	0	0	0	0	0	0	0	0	0	0	0	0	0	0	0	0	0	0	0	0	0	0	0	0	0	0	0	0	0	0	0	0	0	0	0	0	0	0	0	0
machine learning inference course						0	0	0	0	0	0	0	0	0	0	0	0	0	0	0	0	0	0	0	0	0	0	0	0	0	0	0	0	0	0	0	0	0	0	0	0	0	0	0	0	0	0	0	0	0	0	0	0
machine learning interactive course	10	Low	33	0.315196	9	0	0	0	0	0	0	0	0	0	0	0	0	0	0	0	0	0	0	0	0	0	0	0	0	0	0	0	0	0	0	0	0	0	0	0	0	20	10	10	10	20	30	10	10	10	10	10	10
machine learning investing course						0	0	0	0	0	0	0	0	0	0	0	0	0	0	0	0	0	0	0	0	0	0	0	0	0	0	0	0	0	0	0	0	0	0	0	0	0	0	0	0	0	0	0	0	0	0	0	0
machine learning iu course						0	0	0	0	0	0	0	0	0	0	0	0	0	0	0	0	0	0	0	0	0	0	0	0	0	0	0	0	0	0	0	0	0	0	0	0	0	0	0	0	0	0	0	0	0	0	0	0
machine learning job course						0	0	0	0	0	0	0	0	0	0	0	0	0	0	0	0	0	0	0	0	0	0	0	0	0	0	0	0	0	0	0	0	0	0	0	0	0	0	0	0	0	0	0	0	0	0	0	0
machine learning jobs courses						0	0	0	0	0	0	0	0	0	0	0	0	0	0	0	0	0	0	0	0	0	0	0	0	0	0	0	0	0	0	0	0	0	0	0	0	0	0	0	0	0	0	0	0	0	0	0	0
machine learning kevin murphy course						0	0	0	0	0	0	0	0	0	0	0	0	0	0	0	0	0	0	0	0	0	0	0	0	0	0	0	0	0	0	0	0	0	0	0	0	0	0	0	0	0	0	0	0	0	0	0	0
machine learning krish naik course content						0	0	0	0	0	0	0	0	0	0	0	0	0	0	0	0	0	0	0	0	0	0	0	0	0	0	0	0	0	0	0	0	0	0	0	0	0	0	0	0	0	0	0	0	0	0	0	0
machine learning lab course outcomes						0	0	0	0	0	0	0	0	0	0	0	0	0	0	0	0	0	0	0	0	0	0	0	0	0	0	0	0	0	0	0	0	0	0	0	0	0	0	0	0	0	0	0	0	0	0	0	0
machine learning language course						0	0	0	0	0	0	0	0	0	0	0	0	0	0	0	0	0	0	0	0	0	0	0	0	0	0	0	0	0	0	0	0	0	0	0	0	0	0	0	0	0	0	0	0	0	0	0	0
machine learning llm course	10	High	85	0.495241	3.23	0	0	0	0	0	0	0	0	0	0	0	0	0	0	0	0	0	0	0	0	0	0	0	0	0	0	0	0	30	20	10	20	20	10	20	20	20	20	10	10	10	20	10	10	10	10	10	10
machine learning machine learning course						0	0	0	0	0	0	0	0	0	0	0	0	0	0	0	0	0	0	0	0	0	0	0	0	0	0	0	0	0	0	0	0	0	0	0	0	0	0	0	0	0	0	0	0	0	0	0	0
machine learning marketing course						0	0	0	0	0	0	0	0	0	0	0	0	0	0	0	0	0	0	0	0	0	0	0	0	0	0	0	0	0	0	0	0	0	0	0	0	0	0	0	0	0	0	0	0	0	0	0	0
machine learning masters course						0	0	0	0	0	0	0	0	0	0	0	0	0	0	0	0	0	0	0	0	0	0	0	0	0	0	0	0	0	0	0	0	0	0	0	0	0	0	0	0	0	0	0	0	0	0	0	0
machine learning mastery deep learning courses						0	0	0	0	0	0	0	0	0	0	0	0	0	0	0	0	0	0	0	0	0	0	0	0	0	0	0	0	0	0	0	0	0	0	0	0	0	0	0	0	0	0	0	0	0	0	0	0
machine learning mcgill course						0	0	0	0	0	0	0	0	0	0	0	0	0	0	0	0	0	0	0	0	0	0	0	0	0	0	0	0	0	0	0	0	0	0	0	0	0	0	0	0	0	0	0	0	0	0	0	0
machine learning medical imaging course						0	0	0	0	0	0	0	0	0	0	0	0	0	0	0	0	0	0	0	0	0	0	0	0	0	0	0	0	0	0	0	0	0	0	0	0	0	0	0	0	0	0	0	0	0	0	0	0
machine learning midterm course hero						0	0	0	0	0	0	0	0	0	0	0	0	0	0	0	0	0	0	0	0	0	0	0	0	0	0	0	0	0	0	0	0	0	0	0	0	0	0	0	0	0	0	0	0	0	0	0	0
machine learning midterm course hero ii t						0	0	0	0	0	0	0	0	0	0	0	0	0	0	0	0	0	0	0	0	0	0	0	0	0	0	0	0	0	0	0	0	0	0	0	0	0	0	0	0	0	0	0	0	0	0	0	0
machine learning midterm course hero iit						0	0	0	0	0	0	0	0	0	0	0	0	0	0	0	0	0	0	0	0	0	0	0	0	0	0	0	0	0	0	0	0	0	0	0	0	0	0	0	0	0	0	0	0	0	0	0	0
machine learning mini course						0	0	0	0	0	0	0	0	0	0	0	0	0	0	0	0	0	0	0	0	0	0	0	0	0	0	0	0	0	0	0	0	0	0	0	0	0	0	0	0	0	0	0	0	0	0	0	0
machine learning model as rest api course						0	0	0	0	0	0	0	0	0	0	0	0	0	0	0	0	0	0	0	0	0	0	0	0	0	0	0	0	0	0	0	0	0	0	0	0	0	0	0	0	0	0	0	0	0	0	0	0
machine learning model course						0	0	0	0	0	0	0	0	0	0	0	0	0	0	0	0	0	0	0	0	0	0	0	0	0	0	0	0	0	0	0	0	0	0	0	0	0	0	0	0	0	0	0	0	0	0	0	0
machine learning modeling simulation						0	0	0	0	0	0	0	0	0	0	0	0	0	0	0	0	0	0	0	0	0	0	0	0	0	0	0	0	0	0	0	0	0	0	0	0	0	0	0	0	0	0	0	0	0	0	0	0
machine learning ms courses						0	0	0	0	0	0	0	0	0	0	0	0	0	0	0	0	0	0	0	0	0	0	0	0	0	0	0	0	0	0	0	0	0	0	0	0	0	0	0	0	0	0	0	0	0	0	0	0
machine learning nanodegree course code						0	0	0	0	0	0	0	0	0	0	0	0	0	0	0	0	0	0	0	0	0	0	0	0	0	0	0	0	0	0	0	0	0	0	0	0	0	0	0	0	0	0	0	0	0	0	0	0
machine learning neural networks course						0	0	0	0	0	0	0	0	0	0	0	0	0	0	0	0	0	0	0	0	0	0	0	0	0	0	0	0	0	0	0	0	0	0	0	0	0	0	0	0	0	0	0	0	0	0	0	0
machine learning neuroscience course						0	0	0	0	0	0	0	0	0	0	0	0	0	0	0	0	0	0	0	0	0	0	0	0	0	0	0	0	0	0	0	0	0	0	0	0	0	0	0	0	0	0	0	0	0	0	0	0
machine learning northwestern course fall						0	0	0	0	0	0	0	0	0	0	0	0	0	0	0	0	0	0	0	0	0	0	0	0	0	0	0	0	0	0	0	0	0	0	0	0	0	0	0	0	0	0	0	0	0	0	0	0
machine learning obstacle course challenge						0	0	0	0	0	0	0	0	0	0	0	0	0	0	0	0	0	0	0	0	0	0	0	0	0	0	0	0	0	0	0	0	0	0	0	0	0	0	0	0	0	0	0	0	0	0	0	0
machine learning octave course						0	0	0	0	0	0	0	0	0	0	0	0	0	0	0	0	0	0	0	0	0	0	0	0	0	0	0	0	0	0	0	0	0	0	0	0	0	0	0	0	0	0	0	0	0	0	0	0
machine learning on campus courses bay area						0	0	0	0	0	0	0	0	0	0	0	0	0	0	0	0	0	0	0	0	0	0	0	0	0	0	0	0	0	0	0	0	0	0	0	0	0	0	0	0	0	0	0	0	0	0	0	0
machine learning on cloud courses						0	0	0	0	0	0	0	0	0	0	0	0	0	0	0	0	0	0	0	0	0	0	0	0	0	0	0	0	0	0	0	0	0	0	0	0	0	0	0	0	0	0	0	0	0	0	0	0
machine learning on graphs course						0	0	0	0	0	0	0	0	0	0	0	0	0	0	0	0	0	0	0	0	0	0	0	0	0	0	0	0	0	0	0	0	0	0	0	0	0	0	0	0	0	0	0	0	0	0	0	0
machine learning on python course						0	0	0	0	0	0	0	0	0	0	0	0	0	0	0	0	0	0	0	0	0	0	0	0	0	0	0	0	0	0	0	0	0	0	0	0	0	0	0	0	0	0	0	0	0	0	0	0
machine learning online best courses						0	0	0	0	0	0	0	0	0	0	0	0	0	0	0	0	0	0	0	0	0	0	0	0	0	0	0	0	0	0	0	0	0	0	0	0	0	0	0	0	0	0	0	0	0	0	0	0
machine learning online certificate course						0	0	0	0	0	0	0	0	0	0	0	0	0	0	0	0	0	0	0	0	0	0	0	0	0	0	0	0	0	0	0	0	0	0	0	0	0	0	0	0	0	0	0	0	0	0	0	0
machine learning online course australia						0	0	0	0	0	0	0	0	0	0	0	0	0	0	0	0	0	0	0	0	0	0	0	0	0	0	0	0	0	0	0	0	0	0	0	0	0	0	0	0	0	0	0	0	0	0	0	0
machine learning online course best						0	0	0	0	0	0	0	0	0	0	0	0	0	0	0	0	0	0	0	0	0	0	0	0	0	0	0	0	0	0	0	0	0	0	0	0	0	0	0	0	0	0	0	0	0	0	0	0
machine learning online course caltech						0	0	0	0	0	0	0	0	0	0	0	0	0	0	0	0	0	0	0	0	0	0	0	0	0	0	0	0	0	0	0	0	0	0	0	0	0	0	0	0	0	0	0	0	0	0	0	0
machine learning online course comparison						0	0	0	0	0	0	0	0	0	0	0	0	0	0	0	0	0	0	0	0	0	0	0	0	0	0	0	0	0	0	0	0	0	0	0	0	0	0	0	0	0	0	0	0	0	0	0	0
machine learning online course fees						0	0	0	0	0	0	0	0	0	0	0	0	0	0	0	0	0	0	0	0	0	0	0	0	0	0	0	0	0	0	0	0	0	0	0	0	0	0	0	0	0	0	0	0	0	0	0	0
machine learning online course in hyderabad						0	0	0	0	0	0	0	0	0	0	0	0	0	0	0	0	0	0	0	0	0	0	0	0	0	0	0	0	0	0	0	0	0	0	0	0	0	0	0	0	0	0	0	0	0	0	0	0
machine learning online course in python						0	0	0	0	0	0	0	0	0	0	0	0	0	0	0	0	0	0	0	0	0	0	0	0	0	0	0	0	0	0	0	0	0	0	0	0	0	0	0	0	0	0	0	0	0	0	0	0
machine learning online course in python best						0	0	0	0	0	0	0	0	0	0	0	0	0	0	0	0	0	0	0	0	0	0	0	0	0	0	0	0	0	0	0	0	0	0	0	0	0	0	0	0	0	0	0	0	0	0	0	0
machine learning online course near me						0	0	0	0	0	0	0	0	0	0	0	0	0	0	0	0	0	0	0	0	0	0	0	0	0	0	0	0	0	0	0	0	0	0	0	0	0	0	0	0	0	0	0	0	0	0	0	0
machine learning online course quora						0	0	0	0	0	0	0	0	0	0	0	0	0	0	0	0	0	0	0	0	0	0	0	0	0	0	0	0	0	0	0	0	0	0	0	0	0	0	0	0	0	0	0	0	0	0	0	0
machine learning online course reddit						0	0	0	0	0	0	0	0	0	0	0	0	0	0	0	0	0	0	0	0	0	0	0	0	0	0	0	0	0	0	0	0	0	0	0	0	0	0	0	0	0	0	0	0	0	0	0	0
machine learning online course review						0	0	0	0	0	0	0	0	0	0	0	0	0	0	0	0	0	0	0	0	0	0	0	0	0	0	0	0	0	0	0	0	0	0	0	0	0	0	0	0	0	0	0	0	0	0	0	0
machine learning online course tools						0	0	0	0	0	0	0	0	0	0	0	0	0	0	0	0	0	0	0	0	0	0	0	0	0	0	0	0	0	0	0	0	0	0	0	0	0	0	0	0	0	0	0	0	0	0	0	0
machine learning online course university						0	0	0	0	0	0	0	0	0	0	0	0	0	0	0	0	0	0	0	0	0	0	0	0	0	0	0	0	0	0	0	0	0	0	0	0	0	0	0	0	0	0	0	0	0	0	0	0
machine learning online course video						0	0	0	0	0	0	0	0	0	0	0	0	0	0	0	0	0	0	0	0	0	0	0	0	0	0	0	0	0	0	0	0	0	0	0	0	0	0	0	0	0	0	0	0	0	0	0	0
machine learning online courses 2025						0	0	0	0	0	0	0	0	0	0	0	0	0	0	0	0	0	0	0	0	0	0	0	0	0	0	0	0	0	0	0	0	0	0	0	0	0	0	0	0	0	0	0	0	0	0	0	0
machine learning online courses college						0	0	0	0	0	0	0	0	0	0	0	0	0	0	0	0	0	0	0	0	0	0	0	0	0	0	0	0	0	0	0	0	0	0	0	0	0	0	0	0	0	0	0	0	0	0	0	0
machine learning online courses college accredited						0	0	0	0	0	0	0	0	0	0	0	0	0	0	0	0	0	0	0	0	0	0	0	0	0	0	0	0	0	0	0	0	0	0	0	0	0	0	0	0	0	0	0	0	0	0	0	0
machine learning opeartions marketing course						0	0	0	0	0	0	0	0	0	0	0	0	0	0	0	0	0	0	0	0	0	0	0	0	0	0	0	0	0	0	0	0	0	0	0	0	0	0	0	0	0	0	0	0	0	0	0	0
machine learning open course medium						0	0	0	0	0	0	0	0	0	0	0	0	0	0	0	0	0	0	0	0	0	0	0	0	0	0	0	0	0	0	0	0	0	0	0	0	0	0	0	0	0	0	0	0	0	0	0	0
machine learning open course subgradient						0	0	0	0	0	0	0	0	0	0	0	0	0	0	0	0	0	0	0	0	0	0	0	0	0	0	0	0	0	0	0	0	0	0	0	0	0	0	0	0	0	0	0	0	0	0	0	0
machine learning open courses						0	0	0	0	0	0	0	0	0	0	0	0	0	0	0	0	0	0	0	0	0	0	0	0	0	0	0	0	0	0	0	0	0	0	0	0	0	0	0	0	0	0	0	0	0	0	0	0
machine learning open source course						0	0	0	0	0	0	0	0	0	0	0	0	0	0	0	0	0	0	0	0	0	0	0	0	0	0	0	0	0	0	0	0	0	0	0	0	0	0	0	0	0	0	0	0	0	0	0	0
machine learning operation course						0	0	0	0	0	0	0	0	0	0	0	0	0	0	0	0	0	0	0	0	0	0	0	0	0	0	0	0	0	0	0	0	0	0	0	0	0	0	0	0	0	0	0	0	0	0	0	0
machine learning operations marketing course	10	Low				0	0	0	0	0	0	0	0	0	0	0	0	0	0	0	0	0	0	0	0	10	10	0	10	10	10	10	0	0	0	10	10	0	0	10	10	10	10	0	10	0	10	0	0	0	0	10	10
machine learning operations marketing course phd						0	0	0	0	0	0	0	0	0	0	0	0	0	0	0	0	0	0	0	0	0	0	0	0	0	0	0	0	0	0	0	0	0	0	0	0	0	0	0	0	0	0	0	0	0	0	0	0
machine learning optimization using genetic algorithm course						0	0	0	0	0	0	0	0	0	0	0	0	0	0	0	0	0	0	0	0	0	0	0	0	0	0	0	0	0	0	0	0	0	0	0	0	0	0	0	0	0	0	0	0	0	0	0	0
machine learning or neural network courses						0	0	0	0	0	0	0	0	0	0	0	0	0	0	0	0	0	0	0	0	0	0	0	0	0	0	0	0	0	0	0	0	0	0	0	0	0	0	0	0	0	0	0	0	0	0	0	0
machine learning or neural network crash courses						0	0	0	0	0	0	0	0	0	0	0	0	0	0	0	0	0	0	0	0	0	0	0	0	0	0	0	0	0	0	0	0	0	0	0	0	0	0	0	0	0	0	0	0	0	0	0	0
machine learning overview course						0	0	0	0	0	0	0	0	0	0	0	0	0	0	0	0	0	0	0	0	0	0	0	0	0	0	0	0	0	0	0	0	0	0	0	0	0	0	0	0	0	0	0	0	0	0	0	0
machine learning p courses						0	0	0	0	0	0	0	0	0	0	0	0	0	0	0	0	0	0	0	0	0	0	0	0	0	0	0	0	0	0	0	0	0	0	0	0	0	0	0	0	0	0	0	0	0	0	0	0
machine learning parameter tuning course						0	0	0	0	0	0	0	0	0	0	0	0	0	0	0	0	0	0	0	0	0	0	0	0	0	0	0	0	0	0	0	0	0	0	0	0	0	0	0	0	0	0	0	0	0	0	0	0
machine learning php course						0	0	0	0	0	0	0	0	0	0	0	0	0	0	0	0	0	0	0	0	0	0	0	0	0	0	0	0	0	0	0	0	0	0	0	0	0	0	0	0	0	0	0	0	0	0	0	0
machine learning physics course						0	0	0	0	0	0	0	0	0	0	0	0	0	0	0	0	0	0	0	0	0	0	0	0	0	0	0	0	0	0	0	0	0	0	0	0	0	0	0	0	0	0	0	0	0	0	0	0
machine learning pitt at cmu course						0	0	0	0	0	0	0	0	0	0	0	0	0	0	0	0	0	0	0	0	0	0	0	0	0	0	0	0	0	0	0	0	0	0	0	0	0	0	0	0	0	0	0	0	0	0	0	0
machine learning podcast course						0	0	0	0	0	0	0	0	0	0	0	0	0	0	0	0	0	0	0	0	0	0	0	0	0	0	0	0	0	0	0	0	0	0	0	0	0	0	0	0	0	0	0	0	0	0	0	0
machine learning population science short course						0	0	0	0	0	0	0	0	0	0	0	0	0	0	0	0	0	0	0	0	0	0	0	0	0	0	0	0	0	0	0	0	0	0	0	0	0	0	0	0	0	0	0	0	0	0	0	0
machine learning portfolio management course						0	0	0	0	0	0	0	0	0	0	0	0	0	0	0	0	0	0	0	0	0	0	0	0	0	0	0	0	0	0	0	0	0	0	0	0	0	0	0	0	0	0	0	0	0	0	0	0
machine learning power bi online courses						0	0	0	0	0	0	0	0	0	0	0	0	0	0	0	0	0	0	0	0	0	0	0	0	0	0	0	0	0	0	0	0	0	0	0	0	0	0	0	0	0	0	0	0	0	0	0	0
machine learning practical 6 real world applications course download						0	0	0	0	0	0	0	0	0	0	0	0	0	0	0	0	0	0	0	0	0	0	0	0	0	0	0	0	0	0	0	0	0	0	0	0	0	0	0	0	0	0	0	0	0	0	0	0
machine learning probability and statistics course						0	0	0	0	0	0	0	0	0	0	0	0	0	0	0	0	0	0	0	0	0	0	0	0	0	0	0	0	0	0	0	0	0	0	0	0	0	0	0	0	0	0	0	0	0	0	0	0
machine learning production course						0	0	0	0	0	0	0	0	0	0	0	0	0	0	0	0	0	0	0	0	0	0	0	0	0	0	0	0	0	0	0	0	0	0	0	0	0	0	0	0	0	0	0	0	0	0	0	0
machine learning professional courses						0	0	0	0	0	0	0	0	0	0	0	0	0	0	0	0	0	0	0	0	0	0	0	0	0	0	0	0	0	0	0	0	0	0	0	0	0	0	0	0	0	0	0	0	0	0	0	0
machine learning programming course						0	0	0	0	0	0	0	0	0	0	0	0	0	0	0	0	0	0	0	0	0	0	0	0	0	0	0	0	0	0	0	0	0	0	0	0	0	0	0	0	0	0	0	0	0	0	0	0
machine learning project management course						0	0	0	0	0	0	0	0	0	0	0	0	0	0	0	0	0	0	0	0	0	0	0	0	0	0	0	0	0	0	0	0	0	0	0	0	0	0	0	0	0	0	0	0	0	0	0	0
machine learning public health course						0	0	0	0	0	0	0	0	0	0	0	0	0	0	0	0	0	0	0	0	0	0	0	0	0	0	0	0	0	0	0	0	0	0	0	0	0	0	0	0	0	0	0	0	0	0	0	0
machine learning python course bangalore						0	0	0	0	0	0	0	0	0	0	0	0	0	0	0	0	0	0	0	0	0	0	0	0	0	0	0	0	0	0	0	0	0	0	0	0	0	0	0	0	0	0	0	0	0	0	0	0
machine learning python course in chennai						0	0	0	0	0	0	0	0	0	0	0	0	0	0	0	0	0	0	0	0	0	0	0	0	0	0	0	0	0	0	0	0	0	0	0	0	0	0	0	0	0	0	0	0	0	0	0	0
machine learning python course london						0	0	0	0	0	0	0	0	0	0	0	0	0	0	0	0	0	0	0	0	0	0	0	0	0	0	0	0	0	0	0	0	0	0	0	0	0	0	0	0	0	0	0	0	0	0	0	0
machine learning python course reddit						0	0	0	0	0	0	0	0	0	0	0	0	0	0	0	0	0	0	0	0	0	0	0	0	0	0	0	0	0	0	0	0	0	0	0	0	0	0	0	0	0	0	0	0	0	0	0	0
machine learning python course singapore						0	0	0	0	0	0	0	0	0	0	0	0	0	0	0	0	0	0	0	0	0	0	0	0	0	0	0	0	0	0	0	0	0	0	0	0	0	0	0	0	0	0	0	0	0	0	0	0
machine learning python courses reddit						0	0	0	0	0	0	0	0	0	0	0	0	0	0	0	0	0	0	0	0	0	0	0	0	0	0	0	0	0	0	0	0	0	0	0	0	0	0	0	0	0	0	0	0	0	0	0	0
machine learning python online courses						0	0	0	0	0	0	0	0	0	0	0	0	0	0	0	0	0	0	0	0	0	0	0	0	0	0	0	0	0	0	0	0	0	0	0	0	0	0	0	0	0	0	0	0	0	0	0	0
machine learning quick course						0	0	0	0	0	0	0	0	0	0	0	0	0	0	0	0	0	0	0	0	0	0	0	0	0	0	0	0	0	0	0	0	0	0	0	0	0	0	0	0	0	0	0	0	0	0	0	0
machine learning r course london						0	0	0	0	0	0	0	0	0	0	0	0	0	0	0	0	0	0	0	0	0	0	0	0	0	0	0	0	0	0	0	0	0	0	0	0	0	0	0	0	0	0	0	0	0	0	0	0
machine learning r online course						0	0	0	0	0	0	0	0	0	0	0	0	0	0	0	0	0	0	0	0	0	0	0	0	0	0	0	0	0	0	0	0	0	0	0	0	0	0	0	0	0	0	0	0	0	0	0	0
machine learning radiology course						0	0	0	0	0	0	0	0	0	0	0	0	0	0	0	0	0	0	0	0	0	0	0	0	0	0	0	0	0	0	0	0	0	0	0	0	0	0	0	0	0	0	0	0	0	0	0	0
machine learning refresher course						0	0	0	0	0	0	0	0	0	0	0	0	0	0	0	0	0	0	0	0	0	0	0	0	0	0	0	0	0	0	0	0	0	0	0	0	0	0	0	0	0	0	0	0	0	0	0	0
machine learning related course						0	0	0	0	0	0	0	0	0	0	0	0	0	0	0	0	0	0	0	0	0	0	0	0	0	0	0	0	0	0	0	0	0	0	0	0	0	0	0	0	0	0	0	0	0	0	0	0
machine learning sangli course						0	0	0	0	0	0	0	0	0	0	0	0	0	0	0	0	0	0	0	0	0	0	0	0	0	0	0	0	0	0	0	0	0	0	0	0	0	0	0	0	0	0	0	0	0	0	0	0
machine learning sangli miraj course						0	0	0	0	0	0	0	0	0	0	0	0	0	0	0	0	0	0	0	0	0	0	0	0	0	0	0	0	0	0	0	0	0	0	0	0	0	0	0	0	0	0	0	0	0	0	0	0
machine learning scala course						0	0	0	0	0	0	0	0	0	0	0	0	0	0	0	0	0	0	0	0	0	0	0	0	0	0	0	0	0	0	0	0	0	0	0	0	0	0	0	0	0	0	0	0	0	0	0	0
machine learning seattle course						0	0	0	0	0	0	0	0	0	0	0	0	0	0	0	0	0	0	0	0	0	0	0	0	0	0	0	0	0	0	0	0	0	0	0	0	0	0	0	0	0	0	0	0	0	0	0	0
machine learning security course	10	Low	30	0.759322	2.935416	0	0	0	0	0	0	0	0	0	0	0	0	0	0	0	0	0	0	0	0	0	0	0	0	0	0	0	0	0	0	0	0	0	40	10	10	10	10	10	10	10	10	10	10	10	10	10	10
machine learning seg course						0	0	0	0	0	0	0	0	0	0	0	0	0	0	0	0	0	0	0	0	0	0	0	0	0	0	0	0	0	0	0	0	0	0	0	0	0	0	0	0	0	0	0	0	0	0	0	0
machine learning short course 2017						0	0	0	0	0	0	0	0	0	0	0	0	0	0	0	0	0	0	0	0	0	0	0	0	0	0	0	0	0	0	0	0	0	0	0	0	0	0	0	0	0	0	0	0	0	0	0	0
machine learning short course pune						0	0	0	0	0	0	0	0	0	0	0	0	0	0	0	0	0	0	0	0	0	0	0	0	0	0	0	0	0	0	0	0	0	0	0	0	0	0	0	0	0	0	0	0	0	0	0	0
machine learning short course singapore						0	0	0	0	0	0	0	0	0	0	0	0	0	0	0	0	0	0	0	0	0	0	0	0	0	0	0	0	0	0	0	0	0	0	0	0	0	0	0	0	0	0	0	0	0	0	0	0
machine learning short course south africa						0	0	0	0	0	0	0	0	0	0	0	0	0	0	0	0	0	0	0	0	0	0	0	0	0	0	0	0	0	0	0	0	0	0	0	0	0	0	0	0	0	0	0	0	0	0	0	0
machine learning short course uiuc						0	0	0	0	0	0	0	0	0	0	0	0	0	0	0	0	0	0	0	0	0	0	0	0	0	0	0	0	0	0	0	0	0	0	0	0	0	0	0	0	0	0	0	0	0	0	0	0
machine learning signal processing course						0	0	0	0	0	0	0	0	0	0	0	0	0	0	0	0	0	0	0	0	0	0	0	0	0	0	0	0	0	0	0	0	0	0	0	0	0	0	0	0	0	0	0	0	0	0	0	0
machine learning simple undergraduate course slides						0	0	0	0	0	0	0	0	0	0	0	0	0	0	0	0	0	0	0	0	0	0	0	0	0	0	0	0	0	0	0	0	0	0	0	0	0	0	0	0	0	0	0	0	0	0	0	0
machine learning skills for engineers						0	0	0	0	0	0	0	0	0	0	0	0	0	0	0	0	0	0	0	0	0	0	0	0	0	0	0	0	0	0	0	0	0	0	0	0	0	0	0	0	0	0	0	0	0	0	0	0
machine learning social science short course						0	0	0	0	0	0	0	0	0	0	0	0	0	0	0	0	0	0	0	0	0	0	0	0	0	0	0	0	0	0	0	0	0	0	0	0	0	0	0	0	0	0	0	0	0	0	0	0
machine learning software course						0	0	0	0	0	0	0	0	0	0	0	0	0	0	0	0	0	0	0	0	0	0	0	0	0	0	0	0	0	0	0	0	0	0	0	0	0	0	0	0	0	0	0	0	0	0	0	0
machine learning software development training courses						0	0	0	0	0	0	0	0	0	0	0	0	0	0	0	0	0	0	0	0	0	0	0	0	0	0	0	0	0	0	0	0	0	0	0	0	0	0	0	0	0	0	0	0	0	0	0	0
machine learning software engineering courses						0	0	0	0	0	0	0	0	0	0	0	0	0	0	0	0	0	0	0	0	0	0	0	0	0	0	0	0	0	0	0	0	0	0	0	0	0	0	0	0	0	0	0	0	0	0	0	0
machine learning spark course						0	0	0	0	0	0	0	0	0	0	0	0	0	0	0	0	0	0	0	0	0	0	0	0	0	0	0	0	0	0	0	0	0	0	0	0	0	0	0	0	0	0	0	0	0	0	0	0
machine learning specialist course	10	Medium	66	0.682994	5.28083	0	0	0	0	0	0	0	0	0	0	0	0	0	0	0	0	0	0	0	0	0	0	0	0	0	0	0	0	0	0	0	0	0	0	0	10	10	10	10	0	10	10	10	10	10	10	10	10
machine learning specialist epsilon course						0	0	0	0	0	0	0	0	0	0	0	0	0	0	0	0	0	0	0	0	0	0	0	0	0	0	0	0	0	0	0	0	0	0	0	0	0	0	0	0	0	0	0	0	0	0	0	0
machine learning specializaiotn which courses						0	0	0	0	0	0	0	0	0	0	0	0	0	0	0	0	0	0	0	0	0	0	0	0	0	0	0	0	0	0	0	0	0	0	0	0	0	0	0	0	0	0	0	0	0	0	0	0
machine learning specialization courses	110	Low	13	0.481306	2.450626	10	10	10	20	20	10	10	10	10	20	20	20	20	10	20	40	20	30	20	40	30	70	90	70	70	70	70	70	70	50	70	70	50	50	70	70	70	50	70	70	140	170	110	140	90	90	70	260
machine learning stata course						0	0	0	0	0	0	0	0	0	0	0	0	0	0	0	0	0	0	0	0	0	0	0	0	0	0	0	0	0	0	0	0	0	0	0	0	0	0	0	0	0	0	0	0	0	0	0	0
machine learning stock market course						0	0	0	0	0	0	0	0	0	0	0	0	0	0	0	0	0	0	0	0	0	0	0	0	0	0	0	0	0	0	0	0	0	0	0	0	0	0	0	0	0	0	0	0	0	0	0	0
machine learning supply chain course						0	0	0	0	0	0	0	0	0	0	0	0	0	0	0	0	0	0	0	0	0	0	0	0	0	0	0	0	0	0	0	0	0	0	0	0	0	0	0	0	0	0	0	0	0	0	0	0
machine learning system course	50	Low	14	0.80244	4.970761	0	0	0	0	0	0	0	0	0	0	0	0	0	0	0	0	0	0	0	0	0	0	0	0	0	0	0	0	0	260	40	20	30	20	30	20	70	50	50	20	20	40	40	70	50	90	30	70
machine learning system design courses						0	0	0	0	0	0	0	0	0	0	0	0	0	0	0	0	0	0	0	0	0	0	0	0	0	0	0	0	0	0	0	0	0	0	0	0	0	0	0	0	0	0	0	0	0	0	0	0
machine learning systems cmu course review						0	0	0	0	0	0	0	0	0	0	0	0	0	0	0	0	0	0	0	0	0	0	0	0	0	0	0	0	0	0	0	0	0	0	0	0	0	0	0	0	0	0	0	0	0	0	0	0
machine learning systems design course						0	0	0	0	0	0	0	0	0	0	0	0	0	0	0	0	0	0	0	0	0	0	0	0	0	0	0	0	0	0	0	0	0	0	0	0	0	0	0	0	0	0	0	0	0	0	0	0
machine learning team projects course						0	0	0	0	0	0	0	0	0	0	0	0	0	0	0	0	0	0	0	0	0	0	0	0	0	0	0	0	0	0	0	0	0	0	0	0	0	0	0	0	0	0	0	0	0	0	0	0
machine learning techniques for stock predicting course						0	0	0	0	0	0	0	0	0	0	0	0	0	0	0	0	0	0	0	0	0	0	0	0	0	0	0	0	0	0	0	0	0	0	0	0	0	0	0	0	0	0	0	0	0	0	0	0
machine learning techniques for stock prediction course						0	0	0	0	0	0	0	0	0	0	0	0	0	0	0	0	0	0	0	0	0	0	0	0	0	0	0	0	0	0	0	0	0	0	0	0	0	0	0	0	0	0	0	0	0	0	0	0
machine learning theory course usc						0	0	0	0	0	0	0	0	0	0	0	0	0	0	0	0	0	0	0	0	0	0	0	0	0	0	0	0	0	0	0	0	0	0	0	0	0	0	0	0	0	0	0	0	0	0	0	0
machine learning theory on youtube courses best						0	0	0	0	0	0	0	0	0	0	0	0	0	0	0	0	0	0	0	0	0	0	0	0	0	0	0	0	0	0	0	0	0	0	0	0	0	0	0	0	0	0	0	0	0	0	0	0
machine learning theory online course						0	0	0	0	0	0	0	0	0	0	0	0	0	0	0	0	0	0	0	0	0	0	0	0	0	0	0	0	0	0	0	0	0	0	0	0	0	0	0	0	0	0	0	0	0	0	0	0
machine learning thoery course						0	0	0	0	0	0	0	0	0	0	0	0	0	0	0	0	0	0	0	0	0	0	0	0	0	0	0	0	0	0	0	0	0	0	0	0	0	0	0	0	0	0	0	0	0	0	0	0
machine learning time series courses						0	0	0	0	0	0	0	0	0	0	0	0	0	0	0	0	0	0	0	0	0	0	0	0	0	0	0	0	0	0	0	0	0	0	0	0	0	0	0	0	0	0	0	0	0	0	0	0
machine learning trading course hours						0	0	0	0	0	0	0	0	0	0	0	0	0	0	0	0	0	0	0	0	0	0	0	0	0	0	0	0	0	0	0	0	0	0	0	0	0	0	0	0	0	0	0	0	0	0	0	0
machine learning trading online course						0	0	0	0	0	0	0	0	0	0	0	0	0	0	0	0	0	0	0	0	0	0	0	0	0	0	0	0	0	0	0	0	0	0	0	0	0	0	0	0	0	0	0	0	0	0	0	0
machine learning training course bangalore						0	0	0	0	0	0	0	0	0	0	0	0	0	0	0	0	0	0	0	0	0	0	0	0	0	0	0	0	0	0	0	0	0	0	0	0	0	0	0	0	0	0	0	0	0	0	0	0
machine learning training course content						0	0	0	0	0	0	0	0	0	0	0	0	0	0	0	0	0	0	0	0	0	0	0	0	0	0	0	0	0	0	0	0	0	0	0	0	0	0	0	0	0	0	0	0	0	0	0	0
machine learning training course in						0	0	0	0	0	0	0	0	0	0	0	0	0	0	0	0	0	0	0	0	0	0	0	0	0	0	0	0	0	0	0	0	0	0	0	0	0	0	0	0	0	0	0	0	0	0	0	0
machine learning training course in jaipur						0	0	0	0	0	0	0	0	0	0	0	0	0	0	0	0	0	0	0	0	0	0	0	0	0	0	0	0	0	0	0	0	0	0	0	0	0	0	0	0	0	0	0	0	0	0	0	0
machine learning training course london						0	0	0	0	0	0	0	0	0	0	0	0	0	0	0	0	0	0	0	0	0	0	0	0	0	0	0	0	0	0	0	0	0	0	0	0	0	0	0	0	0	0	0	0	0	0	0	0
machine learning training course uk						0	0	0	0	0	0	0	0	0	0	0	0	0	0	0	0	0	0	0	0	0	0	0	0	0	0	0	0	0	0	0	0	0	0	0	0	0	0	0	0	0	0	0	0	0	0	0	0
machine learning training courses london						0	0	0	0	0	0	0	0	0	0	0	0	0	0	0	0	0	0	0	0	0	0	0	0	0	0	0	0	0	0	0	0	0	0	0	0	0	0	0	0	0	0	0	0	0	0	0	0
machine learning training courses uk						0	0	0	0	0	0	0	0	0	0	0	0	0	0	0	0	0	0	0	0	0	0	0	0	0	0	0	0	0	0	0	0	0	0	0	0	0	0	0	0	0	0	0	0	0	0	0	0
machine learning ucla course						0	0	0	0	0	0	0	0	0	0	0	0	0	0	0	0	0	0	0	0	0	0	0	0	0	0	0	0	0	0	0	0	0	0	0	0	0	0	0	0	0	0	0	0	0	0	0	0
machine learning udemy course kiril review quora						0	0	0	0	0	0	0	0	0	0	0	0	0	0	0	0	0	0	0	0	0	0	0	0	0	0	0	0	0	0	0	0	0	0	0	0	0	0	0	0	0	0	0	0	0	0	0	0
machine learning ug course						0	0	0	0	0	0	0	0	0	0	0	0	0	0	0	0	0	0	0	0	0	0	0	0	0	0	0	0	0	0	0	0	0	0	0	0	0	0	0	0	0	0	0	0	0	0	0	0
machine learning uk course						0	0	0	0	0	0	0	0	0	0	0	0	0	0	0	0	0	0	0	0	0	0	0	0	0	0	0	0	0	0	0	0	0	0	0	0	0	0	0	0	0	0	0	0	0	0	0	0
machine learning uml course						0	0	0	0	0	0	0	0	0	0	0	0	0	0	0	0	0	0	0	0	0	0	0	0	0	0	0	0	0	0	0	0	0	0	0	0	0	0	0	0	0	0	0	0	0	0	0	0
machine learning uoft course						0	0	0	0	0	0	0	0	0	0	0	0	0	0	0	0	0	0	0	0	0	0	0	0	0	0	0	0	0	0	0	0	0	0	0	0	0	0	0	0	0	0	0	0	0	0	0	0
machine learning usc course						0	0	0	0	0	0	0	0	0	0	0	0	0	0	0	0	0	0	0	0	0	0	0	0	0	0	0	0	0	0	0	0	0	0	0	0	0	0	0	0	0	0	0	0	0	0	0	0
machine learning using azureml course						0	0	0	0	0	0	0	0	0	0	0	0	0	0	0	0	0	0	0	0	0	0	0	0	0	0	0	0	0	0	0	0	0	0	0	0	0	0	0	0	0	0	0	0	0	0	0	0
machine learning using python is basic or advance course						0	0	0	0	0	0	0	0	0	0	0	0	0	0	0	0	0	0	0	0	0	0	0	0	0	0	0	0	0	0	0	0	0	0	0	0	0	0	0	0	0	0	0	0	0	0	0	0
machine learning using r course						0	0	0	0	0	0	0	0	0	0	0	0	0	0	0	0	0	0	0	0	0	0	0	0	0	0	0	0	0	0	0	0	0	0	0	0	0	0	0	0	0	0	0	0	0	0	0	0
machine learning using r online course						0	0	0	0	0	0	0	0	0	0	0	0	0	0	0	0	0	0	0	0	0	0	0	0	0	0	0	0	0	0	0	0	0	0	0	0	0	0	0	0	0	0	0	0	0	0	0	0
machine learning ut austin graduate level course						0	0	0	0	0	0	0	0	0	0	0	0	0	0	0	0	0	0	0	0	0	0	0	0	0	0	0	0	0	0	0	0	0	0	0	0	0	0	0	0	0	0	0	0	0	0	0	0
machine learning with ai course	40	High	76	0.583578	2.581189	0	0	0	0	0	0	0	0	0	0	0	0	0	0	0	0	0	0	0	0	0	0	0	0	0	0	0	0	0	0	30	30	30	30	30	30	40	30	70	50	50	40	70	50	30	30	40	30
machine learning with apache spark course						0	0	0	0	0	0	0	0	0	0	0	0	0	0	0	0	0	0	0	0	0	0	0	0	0	0	0	0	0	0	0	0	0	0	0	0	0	0	0	0	0	0	0	0	0	0	0	0
machine learning with c course						0	0	0	0	0	0	0	0	0	0	0	0	0	0	0	0	0	0	0	0	0	0	0	0	0	0	0	0	0	0	0	0	0	0	0	0	0	0	0	0	0	0	0	0	0	0	0	0
machine learning with databricks course	10	Low	27	1.208686	13.78	0	0	0	0	0	0	0	0	0	0	0	0	0	0	0	0	0	0	0	0	0	0	0	0	0	0	0	0	0	10	10	10	10	10	10	10	10	10	10	20	10	20	10	10	10	10	10	10
machine learning with java course						0	0	0	0	0	0	0	0	0	0	0	0	0	0	0	0	0	0	0	0	0	0	0	0	0	0	0	0	0	0	0	0	0	0	0	0	0	0	0	0	0	0	0	0	0	0	0	0
machine learning with javascript course	10					0	0	0	0	0	0	0	0	0	0	0	0	0	0	0	0	0	10	20	20	10	10	10	10	0	0	10	10	10	10	10	10	0	0	0	10	10	10	10	10	10	10	10	10	20	10	0	0
machine learning with matlab online course						0	0	0	0	0	0	0	0	0	0	0	0	0	0	0	0	0	0	0	0	0	0	0	0	0	0	0	0	0	0	0	0	0	0	0	0	0	0	0	0	0	0	0	0	0	0	0	0
machine learning with python and java course in malaysia						0	0	0	0	0	0	0	0	0	0	0	0	0	0	0	0	0	0	0	0	0	0	0	0	0	0	0	0	0	0	0	0	0	0	0	0	0	0	0	0	0	0	0	0	0	0	0	0
machine learning with python best courses						0	0	0	0	0	0	0	0	0	0	0	0	0	0	0	0	0	0	0	0	0	0	0	0	0	0	0	0	0	0	0	0	0	0	0	0	0	0	0	0	0	0	0	0	0	0	0	0
machine learning with python course and ebook bundle						0	0	0	0	0	0	0	0	0	0	0	0	0	0	0	0	0	0	0	0	0	0	0	0	0	0	0	0	0	0	0	0	0	0	0	0	0	0	0	0	0	0	0	0	0	0	0	0
machine learning with python course content						0	0	0	0	0	0	0	0	0	0	0	0	0	0	0	0	0	0	0	0	0	0	0	0	0	0	0	0	0	0	0	0	0	0	0	0	0	0	0	0	0	0	0	0	0	0	0	0
machine learning with python course download						0	0	0	0	0	0	0	0	0	0	0	0	0	0	0	0	0	0	0	0	0	0	0	0	0	0	0	0	0	0	0	0	0	0	0	0	0	0	0	0	0	0	0	0	0	0	0	0
machine learning with python course in kolkata						0	0	0	0	0	0	0	0	0	0	0	0	0	0	0	0	0	0	0	0	0	0	0	0	0	0	0	0	0	0	0	0	0	0	0	0	0	0	0	0	0	0	0	0	0	0	0	0
machine learning with python course in malaysia						0	0	0	0	0	0	0	0	0	0	0	0	0	0	0	0	0	0	0	0	0	0	0	0	0	0	0	0	0	0	0	0	0	0	0	0	0	0	0	0	0	0	0	0	0	0	0	0
machine learning with python course in mumbai						0	0	0	0	0	0	0	0	0	0	0	0	0	0	0	0	0	0	0	0	0	0	0	0	0	0	0	0	0	0	0	0	0	0	0	0	0	0	0	0	0	0	0	0	0	0	0	0
machine learning with python course online						0	0	0	0	0	0	0	0	0	0	0	0	0	0	0	0	0	0	0	0	0	0	0	0	0	0	0	0	0	0	0	0	0	0	0	0	0	0	0	0	0	0	0	0	0	0	0	0
machine learning with python crash course						0	0	0	0	0	0	0	0	0	0	0	0	0	0	0	0	0	0	0	0	0	0	0	0	0	0	0	0	0	0	0	0	0	0	0	0	0	0	0	0	0	0	0	0	0	0	0	0
machine learning with python free course with certificate	30	Low	33	0.101031	0.653612	0	0	0	0	0	0	0	0	0	0	0	0	0	0	0	0	0	0	0	0	0	0	0	0	0	0	0	0	0	0	0	0	0	0	0	30	40	20	30	20	20	30	30	40	20	40	20	10
machine learning with python mit idss	10	Medium	42	0.287286	2.140289	0	0	0	0	0	0	0	0	0	0	0	0	0	0	0	0	0	0	0	0	0	0	0	0	0	0	0	0	0	0	0	0	0	0	0	0	0	0	0	0	0	0	0	0	0	0	0	90
machine learning with python self paced course buy						0	0	0	0	0	0	0	0	0	0	0	0	0	0	0	0	0	0	0	0	0	0	0	0	0	0	0	0	0	0	0	0	0	0	0	0	0	0	0	0	0	0	0	0	0	0	0	0
machine learning with r and python course and training						0	0	0	0	0	0	0	0	0	0	0	0	0	0	0	0	0	0	0	0	0	0	0	0	0	0	0	0	0	0	0	0	0	0	0	0	0	0	0	0	0	0	0	0	0	0	0	0
machine learning with r course online						0	0	0	0	0	0	0	0	0	0	0	0	0	0	0	0	0	0	0	0	0	0	0	0	0	0	0	0	0	0	0	0	0	0	0	0	0	0	0	0	0	0	0	0	0	0	0	0
machine learning with spark course						0	0	0	0	0	0	0	0	0	0	0	0	0	0	0	0	0	0	0	0	0	0	0	0	0	0	0	0	0	0	0	0	0	0	0	0	0	0	0	0	0	0	0	0	0	0	0	0
machine learning with tensorflow online course						0	0	0	0	0	0	0	0	0	0	0	0	0	0	0	0	0	0	0	0	0	0	0	0	0	0	0	0	0	0	0	0	0	0	0	0	0	0	0	0	0	0	0	0	0	0	0	0
machine learnings courses						0	0	0	0	0	0	0	0	0	0	0	0	0	0	0	0	0	0	0	0	0	0	0	0	0	0	0	0	0	0	0	0	0	0	0	0	0	0	0	0	0	0	0	0	0	0	0	0
machinelearningcourses						0	0	0	0	0	0	0	0	0	0	0	0	0	0	0	0	0	0	0	0	0	0	0	0	0	0	0	0	0	0	0	0	0	0	0	0	0	0	0	0	0	0	0	0	0	0	0	0
machines learning course						0	0	0	0	0	0	0	0	0	0	0	0	0	0	0	0	0	0	0	0	0	0	0	0	0	0	0	0	0	0	0	0	0	0	0	0	0	0	0	0	0	0	0	0	0	0	0	0
marc deisenroth mathematics for machine learning course						0	0	0	0	0	0	0	0	0	0	0	0	0	0	0	0	0	0	0	0	0	0	0	0	0	0	0	0	0	0	0	0	0	0	0	0	0	0	0	0	0	0	0	0	0	0	0	0
marketing and machine learning courses	10					0	0	0	0	0	0	0	0	0	0	0	0	0	0	0	0	0	0	0	0	0	0	0	10	0	0	10	10	0	10	10	0	0	0	10	10	10	10	10	10	0	10	10	0	10	0	10	0
marketing machine learning course						0	0	0	0	0	0	0	0	0	0	0	0	0	0	0	0	0	0	0	0	0	0	0	0	0	0	0	0	0	0	0	0	0	0	0	0	0	0	0	0	0	0	0	0	0	0	0	0
master of science of machine learning imperial college courses						0	0	0	0	0	0	0	0	0	0	0	0	0	0	0	0	0	0	0	0	0	0	0	0	0	0	0	0	0	0	0	0	0	0	0	0	0	0	0	0	0	0	0	0	0	0	0	0
masters course in machine learning						0	0	0	0	0	0	0	0	0	0	0	0	0	0	0	0	0	0	0	0	0	0	0	0	0	0	0	0	0	0	0	0	0	0	0	0	0	0	0	0	0	0	0	0	0	0	0	0
masters program machine learning course work ucla						0	0	0	0	0	0	0	0	0	0	0	0	0	0	0	0	0	0	0	0	0	0	0	0	0	0	0	0	0	0	0	0	0	0	0	0	0	0	0	0	0	0	0	0	0	0	0	0
math crash course for machine learning						0	0	0	0	0	0	0	0	0	0	0	0	0	0	0	0	0	0	0	0	0	0	0	0	0	0	0	0	0	0	0	0	0	0	0	0	0	0	0	0	0	0	0	0	0	0	0	0
math for machine learning courses						0	0	0	0	0	0	0	0	0	0	0	0	0	0	0	0	0	0	0	0	0	0	0	0	0	0	0	0	0	0	0	0	0	0	0	0	0	0	0	0	0	0	0	0	0	0	0	0
math for machine learning online course richard han						0	0	0	0	0	0	0	0	0	0	0	0	0	0	0	0	0	0	0	0	0	0	0	0	0	0	0	0	0	0	0	0	0	0	0	0	0	0	0	0	0	0	0	0	0	0	0	0
math machine learning course						0	0	0	0	0	0	0	0	0	0	0	0	0	0	0	0	0	0	0	0	0	0	0	0	0	0	0	0	0	0	0	0	0	0	0	0	0	0	0	0	0	0	0	0	0	0	0	0
mathematic theory of machine learning course						0	0	0	0	0	0	0	0	0	0	0	0	0	0	0	0	0	0	0	0	0	0	0	0	0	0	0	0	0	0	0	0	0	0	0	0	0	0	0	0	0	0	0	0	0	0	0	0
mathematica machine learning course						0	0	0	0	0	0	0	0	0	0	0	0	0	0	0	0	0	0	0	0	0	0	0	0	0	0	0	0	0	0	0	0	0	0	0	0	0	0	0	0	0	0	0	0	0	0	0	0
mathematical foundations of machine learning course	10	Low	6			0	0	0	0	0	0	0	0	0	0	0	0	0	0	0	0	0	0	0	0	10	10	10	10	10	10	10	10	10	10	10	10	10	10	10	10	20	10	10	20	10	10	30	10	10	10	10	10
mathematics for machine learning full course multivariate calculus						0	0	0	0	0	0	0	0	0	0	0	0	0	0	0	0	0	0	0	0	0	0	0	0	0	0	0	0	0	0	0	0	0	0	0	0	0	0	0	0	0	0	0	0	0	0	0	0
mathematics for machine learning linear algebra imperial college london						0	0	0	0	0	0	0	0	0	0	0	0	0	0	0	0	0	0	0	0	0	0	0	0	0	0	0	0	0	0	0	0	0	0	0	0	0	0	0	0	0	0	0	0	0	0	0	0
mathematics statistics machine learning iim cat gmat course						0	0	0	0	0	0	0	0	0	0	0	0	0	0	0	0	0	0	0	0	0	0	0	0	0	0	0	0	0	0	0	0	0	0	0	0	0	0	0	0	0	0	0	0	0	0	0	0
maths for machine learning courses						0	0	0	0	0	0	0	0	0	0	0	0	0	0	0	0	0	0	0	0	0	0	0	0	0	0	0	0	0	0	0	0	0	0	0	0	0	0	0	0	0	0	0	0	0	0	0	0
matthew guzdial machine learning course						0	0	0	0	0	0	0	0	0	0	0	0	0	0	0	0	0	0	0	0	0	0	0	0	0	0	0	0	0	0	0	0	0	0	0	0	0	0	0	0	0	0	0	0	0	0	0	0
measure theory crash course machine learning						0	0	0	0	0	0	0	0	0	0	0	0	0	0	0	0	0	0	0	0	0	0	0	0	0	0	0	0	0	0	0	0	0	0	0	0	0	0	0	0	0	0	0	0	0	0	0	0
medical machine learning course						0	0	0	0	0	0	0	0	0	0	0	0	0	0	0	0	0	0	0	0	0	0	0	0	0	0	0	0	0	0	0	0	0	0	0	0	0	0	0	0	0	0	0	0	0	0	0	0
medical machine learning for physicians course						0	0	0	0	0	0	0	0	0	0	0	0	0	0	0	0	0	0	0	0	0	0	0	0	0	0	0	0	0	0	0	0	0	0	0	0	0	0	0	0	0	0	0	0	0	0	0	0
medium machine learning course						0	0	0	0	0	0	0	0	0	0	0	0	0	0	0	0	0	0	0	0	0	0	0	0	0	0	0	0	0	0	0	0	0	0	0	0	0	0	0	0	0	0	0	0	0	0	0	0
medium machine learning course wnd project						0	0	0	0	0	0	0	0	0	0	0	0	0	0	0	0	0	0	0	0	0	0	0	0	0	0	0	0	0	0	0	0	0	0	0	0	0	0	0	0	0	0	0	0	0	0	0	0
medium top 10 machine learning courses						0	0	0	0	0	0	0	0	0	0	0	0	0	0	0	0	0	0	0	0	0	0	0	0	0	0	0	0	0	0	0	0	0	0	0	0	0	0	0	0	0	0	0	0	0	0	0	0
meta machine learning course	10	High	81	0.310931	1.57	0	0	0	0	0	0	0	0	0	0	0	0	0	0	0	0	0	0	0	0	0	0	0	0	0	0	0	0	0	20	20	20	10	10	10	10	10	10	10	10	10	20	10	10	10	10	10	10
michael jordan machine learning course						0	0	0	0	0	0	0	0	0	0	0	0	0	0	0	0	0	0	0	0	0	0	0	0	0	0	0	0	0	0	0	0	0	0	0	0	0	0	0	0	0	0	0	0	0	0	0	0
michigan machine learning course						0	0	0	0	0	0	0	0	0	0	0	0	0	0	0	0	0	0	0	0	0	0	0	0	0	0	0	0	0	0	0	0	0	0	0	0	0	0	0	0	0	0	0	0	0	0	0	0
microsoft ai engineer program simplilearn	110	Medium	51	0.681739	7.739805	0	0	0	0	0	0	0	0	0	0	0	0	0	0	0	0	0	0	0	0	0	0	0	0	0	0	0	0	0	0	0	0	0	0	0	0	0	0	0	0	170	90	390	140	90	170	140	140
microsoft ai school						0	0	0	0	0	0	0	0	0	0	0	0	0	0	0	0	0	0	0	0	0	0	0	0	0	0	0	0	0	0	0	0	0	0	0	0	0	0	0	0	0	0	0	0	0	0	0	0
microsoft machine learning certification course						0	0	0	0	0	0	0	0	0	0	0	0	0	0	0	0	0	0	0	0	0	0	0	0	0	0	0	0	0	0	0	0	0	0	0	0	0	0	0	0	0	0	0	0	0	0	0	0
mit ai masters degree	30	High	77	2.23	12.32	0	0	0	0	0	0	0	0	0	0	0	0	0	0	0	0	40	30	30	10	40	40	50	50	40	50	50	40	50	50	50	50	50	40	30	20	20	10	20	30	40	50	50	70	10	10	20	10
mit ai ml certification	20	High	81	1.02466	12.885185	0	0	0	0	0	0	0	0	0	0	0	0	0	0	0	0	0	0	0	0	0	0	0	0	20	20	20	20	50	40	10	20	20	10	10	20	10	10	10	20	30	20	30	30	10	20	20	30
mit ai programs	590	Medium	63	4.421282	18.861626	40	50	70	50	50	90	50	70	70	110	170	170	170	260	320	320	260	260	260	260	320	260	390	320	480	390	390	390	390	320	390	390	480	320	590	390	390	390	480	590	480	720	590	590	480	480	720	720
mit college application						0	0	0	0	0	0	0	0	0	0	0	0	0	0	0	0	0	0	0	0	0	0	0	0	0	0	0	0	0	0	0	0	0	0	0	0	0	0	0	0	0	0	0	0	0	0	0	0
mit free python course with certificate	20	Low	22	0.676774	3.246753	0	0	0	0	0	0	0	0	0	0	0	0	0	0	0	0	0	0	0	0	0	0	0	0	0	0	0	0	0	0	0	0	0	0	0	0	0	0	0	10	40	40	30	50	20	30	30	30
mit high school summer programs						0	0	0	0	0	0	0	0	0	0	0	0	0	0	0	0	0	0	0	0	0	0	0	0	0	0	0	0	0	0	0	0	0	0	0	0	0	0	0	0	0	0	0	0	0	0	0	0
mit internships for high school students						0	0	0	0	0	0	0	0	0	0	0	0	0	0	0	0	0	0	0	0	0	0	0	0	0	0	0	0	0	0	0	0	0	0	0	0	0	0	0	0	0	0	0	0	0	0	0	0
mit machine learning course certificate						0	0	0	0	0	0	0	0	0	0	0	0	0	0	0	0	0	0	0	0	0	0	0	0	0	0	0	0	0	0	0	0	0	0	0	0	0	0	0	0	0	0	0	0	0	0	0	0
mit machine learning course fees						0	0	0	0	0	0	0	0	0	0	0	0	0	0	0	0	0	0	0	0	0	0	0	0	0	0	0	0	0	0	0	0	0	0	0	0	0	0	0	0	0	0	0	0	0	0	0	0
mit machine learning course online cost						0	0	0	0	0	0	0	0	0	0	0	0	0	0	0	0	0	0	0	0	0	0	0	0	0	0	0	0	0	0	0	0	0	0	0	0	0	0	0	0	0	0	0	0	0	0	0	0
mit machine learning online course cost						0	0	0	0	0	0	0	0	0	0	0	0	0	0	0	0	0	0	0	0	0	0	0	0	0	0	0	0	0	0	0	0	0	0	0	0	0	0	0	0	0	0	0	0	0	0	0	0
mit pre college programs						0	0	0	0	0	0	0	0	0	0	0	0	0	0	0	0	0	0	0	0	0	0	0	0	0	0	0	0	0	0	0	0	0	0	0	0	0	0	0	0	0	0	0	0	0	0	0	0
mit programs for high school students						0	0	0	0	0	0	0	0	0	0	0	0	0	0	0	0	0	0	0	0	0	0	0	0	0	0	0	0	0	0	0	0	0	0	0	0	0	0	0	0	0	0	0	0	0	0	0	0
mit registration 2026	210	Medium	39	0.325637	1.766561	0	0	0	0	0	0	0	0	0	0	0	0	0	0	0	0	0	0	0	0	0	0	0	0	0	0	0	0	0	0	0	0	0	0	0	0	0	0	0	0	0	0	30	110	390	390	720	880
mit research science institute rsi	5400	Low	16	1.064671	4.06	2400	1600	1300	1600	1900	1900	1600	2400	4400	2900	2400	2400	1900	1900	1900	2400	2900	2900	2900	3600	5400	6600	4400	3600	2900	2900	2400	2400	3600	2900	2900	4400	6600	8100	4400	3600	4400	4400	4400	5400	4400	3600	4400	6600	8100	12100	8100	6600
mit sloan machine learning course cost						0	0	0	0	0	0	0	0	0	0	0	0	0	0	0	0	0	0	0	0	0	0	0	0	0	0	0	0	0	0	0	0	0	0	0	0	0	0	0	0	0	0	0	0	0	0	0	0
mit sloan machine learning course review						0	0	0	0	0	0	0	0	0	0	0	0	0	0	0	0	0	0	0	0	0	0	0	0	0	0	0	0	0	0	0	0	0	0	0	0	0	0	0	0	0	0	0	0	0	0	0	0
mitx online certificate	50	Low	10	0.9	4.39	0	0	0	0	0	0	0	0	0	0	0	0	0	0	0	0	0	0	0	0	0	50	70	50	50	70	50	50	50	70	20	50	40	50	70	40	30	30	40	90	40	50	40	30	50	70	40	50
ml b machine learning crash course						0	0	0	0	0	0	0	0	0	0	0	0	0	0	0	0	0	0	0	0	0	0	0	0	0	0	0	0	0	0	0	0	0	0	0	0	0	0	0	0	0	0	0	0	0	0	0	0
ml engineer roadmap 2026	10	Low	22	0.453896	8.279999	0	0	0	0	0	0	0	0	0	0	0	0	0	0	0	0	0	0	0	0	0	0	0	0	0	0	0	0	0	0	0	0	0	0	0	0	0	0	0	0	0	0	0	0	0	0	40	30
mlcourse ai open machine learning course						0	0	0	0	0	0	0	0	0	0	0	0	0	0	0	0	0	0	0	0	0	0	0	0	0	0	0	0	0	0	0	0	0	0	0	0	0	0	0	0	0	0	0	0	0	0	0	0
mle projects	30	Low	3			10	10	10	10	10	20	20	10	10	20	10	20	10	10	10	10	10	20	20	10	10	10	10	20	20	20	20	10	70	40	50	40	30	40	30	30	50	30	30	30	40	30	30	40	20	20	40	30
mlu explain github io	260	Low	4	1.14	5.484315	0	0	0	0	0	0	0	0	0	0	0	0	0	0	0	0	0	0	0	0	0	0	0	0	0	0	0	0	0	10	1000	1000	1600	480	320	210	110	140	70	30	20	70	50	880	590	480	480	210
model context protocol courses	20	Medium	44	0.257635	5.444799	0	0	0	0	0	0	0	0	0	0	0	0	0	0	0	0	0	0	0	0	0	0	0	0	0	0	0	0	0	0	0	0	0	0	0	0	0	30	50	40	20	20	20	20	20	20	20	10
modeling for engineering						0	0	0	0	0	0	0	0	0	0	0	0	0	0	0	0	0	0	0	0	0	0	0	0	0	0	0	0	0	0	0	0	0	0	0	0	0	0	0	0	0	0	0	0	0	0	0	0
mohri machine learning course						0	0	0	0	0	0	0	0	0	0	0	0	0	0	0	0	0	0	0	0	0	0	0	0	0	0	0	0	0	0	0	0	0	0	0	0	0	0	0	0	0	0	0	0	0	0	0	0
monash machine learning course						0	0	0	0	0	0	0	0	0	0	0	0	0	0	0	0	0	0	0	0	0	0	0	0	0	0	0	0	0	0	0	0	0	0	0	0	0	0	0	0	0	0	0	0	0	0	0	0
most advanced online machine learning course						0	0	0	0	0	0	0	0	0	0	0	0	0	0	0	0	0	0	0	0	0	0	0	0	0	0	0	0	0	0	0	0	0	0	0	0	0	0	0	0	0	0	0	0	0	0	0	0
most advanced online machine learning courses						0	0	0	0	0	0	0	0	0	0	0	0	0	0	0	0	0	0	0	0	0	0	0	0	0	0	0	0	0	0	0	0	0	0	0	0	0	0	0	0	0	0	0	0	0	0	0	0
most popular ai and machine learning courses 2025						0	0	0	0	0	0	0	0	0	0	0	0	0	0	0	0	0	0	0	0	0	0	0	0	0	0	0	0	0	0	0	0	0	0	0	0	0	0	0	0	0	0	0	0	0	0	0	0
most popular machine learning online course in python						0	0	0	0	0	0	0	0	0	0	0	0	0	0	0	0	0	0	0	0	0	0	0	0	0	0	0	0	0	0	0	0	0	0	0	0	0	0	0	0	0	0	0	0	0	0	0	0
mouredev link cs50	320	Medium	51	0.481468	4.556156	0	0	0	0	0	0	0	0	0	0	0	0	0	0	0	0	0	0	0	0	0	0	0	0	0	0	0	0	0	170	170	70	40	40	3600	1600	1000	320	110	70	880	390	320	140	170	110	30	10
mphil in machine learning and machine intelligence courses						0	0	0	0	0	0	0	0	0	0	0	0	0	0	0	0	0	0	0	0	0	0	0	0	0	0	0	0	0	0	0	0	0	0	0	0	0	0	0	0	0	0	0	0	0	0	0	0
naftali tishby machine learning course						0	0	0	0	0	0	0	0	0	0	0	0	0	0	0	0	0	0	0	0	0	0	0	0	0	0	0	0	0	0	0	0	0	0	0	0	0	0	0	0	0	0	0	0	0	0	0	0
ncsu machine learning course						0	0	0	0	0	0	0	0	0	0	0	0	0	0	0	0	0	0	0	0	0	0	0	0	0	0	0	0	0	0	0	0	0	0	0	0	0	0	0	0	0	0	0	0	0	0	0	0
neural networks for machine learning course materials						0	0	0	0	0	0	0	0	0	0	0	0	0	0	0	0	0	0	0	0	0	0	0	0	0	0	0	0	0	0	0	0	0	0	0	0	0	0	0	0	0	0	0	0	0	0	0	0
neurallogs machine learning course						0	0	0	0	0	0	0	0	0	0	0	0	0	0	0	0	0	0	0	0	0	0	0	0	0	0	0	0	0	0	0	0	0	0	0	0	0	0	0	0	0	0	0	0	0	0	0	0
ng andrew machine learning course lab solusion						0	0	0	0	0	0	0	0	0	0	0	0	0	0	0	0	0	0	0	0	0	0	0	0	0	0	0	0	0	0	0	0	0	0	0	0	0	0	0	0	0	0	0	0	0	0	0	0
ngo machine learning course						0	0	0	0	0	0	0	0	0	0	0	0	0	0	0	0	0	0	0	0	0	0	0	0	0	0	0	0	0	0	0	0	0	0	0	0	0	0	0	0	0	0	0	0	0	0	0	0
nit warangal machine learning short course	140	Low	5			0	0	0	0	0	0	0	0	0	0	0	0	0	0	0	0	0	0	0	0	0	0	0	0	0	0	0	0	0	0	0	0	0	0	0	0	0	0	0	0	0	0	0	1600	10	10	0	10
nlp machine learning courses						0	0	0	0	0	0	0	0	0	0	0	0	0	0	0	0	0	0	0	0	0	0	0	0	0	0	0	0	0	0	0	0	0	0	0	0	0	0	0	0	0	0	0	0	0	0	0	0
nlp machine learning python course						0	0	0	0	0	0	0	0	0	0	0	0	0	0	0	0	0	0	0	0	0	0	0	0	0	0	0	0	0	0	0	0	0	0	0	0	0	0	0	0	0	0	0	0	0	0	0	0
nonconvex optimization for machine learning course						0	0	0	0	0	0	0	0	0	0	0	0	0	0	0	0	0	0	0	0	0	0	0	0	0	0	0	0	0	0	0	0	0	0	0	0	0	0	0	0	0	0	0	0	0	0	0	0
northeastern university machine learning course						0	0	0	0	0	0	0	0	0	0	0	0	0	0	0	0	0	0	0	0	0	0	0	0	0	0	0	0	0	0	0	0	0	0	0	0	0	0	0	0	0	0	0	0	0	0	0	0
northwestern machine learning course						0	0	0	0	0	0	0	0	0	0	0	0	0	0	0	0	0	0	0	0	0	0	0	0	0	0	0	0	0	0	0	0	0	0	0	0	0	0	0	0	0	0	0	0	0	0	0	0
nvida online machine learning course						0	0	0	0	0	0	0	0	0	0	0	0	0	0	0	0	0	0	0	0	0	0	0	0	0	0	0	0	0	0	0	0	0	0	0	0	0	0	0	0	0	0	0	0	0	0	0	0
nvidia course ai	880	Medium	49	0.294485	3.05	0	0	0	0	0	0	0	0	0	0	0	0	0	0	0	0	0	0	0	0	0	0	0	0	0	0	0	0	480	480	320	14800	40500	720	1300	590	2900	1600	1000	1300	1000	720	390	320	260	210	210	260
nvidia deep learning institute isaac sim	30	Low	7			0	0	0	0	0	0	0	0	0	0	0	0	0	0	0	0	0	0	0	0	0	0	0	0	0	0	0	0	0	0	0	0	0	0	0	0	0	0	0	0	0	0	50	50	70	110	40	10
nvidia machine learning courses	390	Medium	35	0.254025	2.208223	30	20	30	30	20	30	20	30	20	30	20	30	30	30	30	30	20	30	30	20	30	20	50	30	90	110	90	140	140	140	170	170	140	140	320	260	210	320	260	390	720	720	320	320	480	260	170	90
nvidia online machine learning course						0	0	0	0	0	0	0	0	0	0	0	0	0	0	0	0	0	0	0	0	0	0	0	0	0	0	0	0	0	0	0	0	0	0	0	0	0	0	0	0	0	0	0	0	0	0	0	0
nyc machine learning course						0	0	0	0	0	0	0	0	0	0	0	0	0	0	0	0	0	0	0	0	0	0	0	0	0	0	0	0	0	0	0	0	0	0	0	0	0	0	0	0	0	0	0	0	0	0	0	0
nyu cs courses machine learning						0	0	0	0	0	0	0	0	0	0	0	0	0	0	0	0	0	0	0	0	0	0	0	0	0	0	0	0	0	0	0	0	0	0	0	0	0	0	0	0	0	0	0	0	0	0	0	0
nyu machine learning courses						0	0	0	0	0	0	0	0	0	0	0	0	0	0	0	0	0	0	0	0	0	0	0	0	0	0	0	0	0	0	0	0	0	0	0	0	0	0	0	0	0	0	0	0	0	0	0	0
offline machine learning course						0	0	0	0	0	0	0	0	0	0	0	0	0	0	0	0	0	0	0	0	0	0	0	0	0	0	0	0	0	0	0	0	0	0	0	0	0	0	0	0	0	0	0	0	0	0	0	0
offline machine learning courses						0	0	0	0	0	0	0	0	0	0	0	0	0	0	0	0	0	0	0	0	0	0	0	0	0	0	0	0	0	0	0	0	0	0	0	0	0	0	0	0	0	0	0	0	0	0	0	0
oms cs easiest course trading for machine learning						0	0	0	0	0	0	0	0	0	0	0	0	0	0	0	0	0	0	0	0	0	0	0	0	0	0	0	0	0	0	0	0	0	0	0	0	0	0	0	0	0	0	0	0	0	0	0	0
omscs courses machine learning						0	0	0	0	0	0	0	0	0	0	0	0	0	0	0	0	0	0	0	0	0	0	0	0	0	0	0	0	0	0	0	0	0	0	0	0	0	0	0	0	0	0	0	0	0	0	0	0
omscs machine learning course schedule						0	0	0	0	0	0	0	0	0	0	0	0	0	0	0	0	0	0	0	0	0	0	0	0	0	0	0	0	0	0	0	0	0	0	0	0	0	0	0	0	0	0	0	0	0	0	0	0
omscs machine learning course sullabus						0	0	0	0	0	0	0	0	0	0	0	0	0	0	0	0	0	0	0	0	0	0	0	0	0	0	0	0	0	0	0	0	0	0	0	0	0	0	0	0	0	0	0	0	0	0	0	0
omscs machine learning courses						0	0	0	0	0	0	0	0	0	0	0	0	0	0	0	0	0	0	0	0	0	0	0	0	0	0	0	0	0	0	0	0	0	0	0	0	0	0	0	0	0	0	0	0	0	0	0	0
omscs machine learning specialization courses						0	0	0	0	0	0	0	0	0	0	0	0	0	0	0	0	0	0	0	0	0	0	0	0	0	0	0	0	0	0	0	0	0	0	0	0	0	0	0	0	0	0	0	0	0	0	0	0
on campus certificate course machine learning michigan university						0	0	0	0	0	0	0	0	0	0	0	0	0	0	0	0	0	0	0	0	0	0	0	0	0	0	0	0	0	0	0	0	0	0	0	0	0	0	0	0	0	0	0	0	0	0	0	0
on campus courses in machine learning						0	0	0	0	0	0	0	0	0	0	0	0	0	0	0	0	0	0	0	0	0	0	0	0	0	0	0	0	0	0	0	0	0	0	0	0	0	0	0	0	0	0	0	0	0	0	0	0
one google come join ai student	9900	Low	14	0.300495	8.06	0	0	0	0	0	0	0	0	0	0	0	0	0	0	0	0	0	0	0	0	0	0	0	0	0	0	0	0	0	0	0	0	0	0	0	0	0	0	22200	49500	14800	6600	6600	8100	5400	5400	2900	1600
one million coders program	1000	Low	6	1.220131	3.430392	0	0	0	0	0	0	0	0	0	0	0	0	0	0	0	0	0	0	0	0	0	0	0	0	0	0	0	0	0	0	90	40	20	30	40	20	170	9900	1600	210	110	170	110	140	140	70	110	110
online advanced machine learning with python course						0	0	0	0	0	0	0	0	0	0	0	0	0	0	0	0	0	0	0	0	0	0	0	0	0	0	0	0	0	0	0	0	0	0	0	0	0	0	0	0	0	0	0	0	0	0	0	0
online ai and machine learning courses for beginners						0	0	0	0	0	0	0	0	0	0	0	0	0	0	0	0	0	0	0	0	0	0	0	0	0	0	0	0	0	0	0	0	0	0	0	0	0	0	0	0	0	0	0	0	0	0	0	0
online ai machine learning courses industry entry requirements						0	0	0	0	0	0	0	0	0	0	0	0	0	0	0	0	0	0	0	0	0	0	0	0	0	0	0	0	0	0	0	0	0	0	0	0	0	0	0	0	0	0	0	0	0	0	0	0
online artificial intelligence and machine learning courses in india						0	0	0	0	0	0	0	0	0	0	0	0	0	0	0	0	0	0	0	0	0	0	0	0	0	0	0	0	0	0	0	0	0	0	0	0	0	0	0	0	0	0	0	0	0	0	0	0
online certification course machine learning						0	0	0	0	0	0	0	0	0	0	0	0	0	0	0	0	0	0	0	0	0	0	0	0	0	0	0	0	0	0	0	0	0	0	0	0	0	0	0	0	0	0	0	0	0	0	0	0
online course in machine learning python						0	0	0	0	0	0	0	0	0	0	0	0	0	0	0	0	0	0	0	0	0	0	0	0	0	0	0	0	0	0	0	0	0	0	0	0	0	0	0	0	0	0	0	0	0	0	0	0
online course machin learning						0	0	0	0	0	0	0	0	0	0	0	0	0	0	0	0	0	0	0	0	0	0	0	0	0	0	0	0	0	0	0	0	0	0	0	0	0	0	0	0	0	0	0	0	0	0	0	0
online course machine learning ai python						0	0	0	0	0	0	0	0	0	0	0	0	0	0	0	0	0	0	0	0	0	0	0	0	0	0	0	0	0	0	0	0	0	0	0	0	0	0	0	0	0	0	0	0	0	0	0	0
online course machine learning boosting						0	0	0	0	0	0	0	0	0	0	0	0	0	0	0	0	0	0	0	0	0	0	0	0	0	0	0	0	0	0	0	0	0	0	0	0	0	0	0	0	0	0	0	0	0	0	0	0
online course path to becoming machine learning engineer						0	0	0	0	0	0	0	0	0	0	0	0	0	0	0	0	0	0	0	0	0	0	0	0	0	0	0	0	0	0	0	0	0	0	0	0	0	0	0	0	0	0	0	0	0	0	0	0
online courses ai machine learning for battery electrode manufacturing						0	0	0	0	0	0	0	0	0	0	0	0	0	0	0	0	0	0	0	0	0	0	0	0	0	0	0	0	0	0	0	0	0	0	0	0	0	0	0	0	0	0	0	0	0	0	0	0
online courses ai machine learning for battery manufacturing process engineering						0	0	0	0	0	0	0	0	0	0	0	0	0	0	0	0	0	0	0	0	0	0	0	0	0	0	0	0	0	0	0	0	0	0	0	0	0	0	0	0	0	0	0	0	0	0	0	0
online courses ai machine learning for battery manufacturing process engineers						0	0	0	0	0	0	0	0	0	0	0	0	0	0	0	0	0	0	0	0	0	0	0	0	0	0	0	0	0	0	0	0	0	0	0	0	0	0	0	0	0	0	0	0	0	0	0	0
online courses for machine learning research						0	0	0	0	0	0	0	0	0	0	0	0	0	0	0	0	0	0	0	0	0	0	0	0	0	0	0	0	0	0	0	0	0	0	0	0	0	0	0	0	0	0	0	0	0	0	0	0
online courses for python for machine learning						0	0	0	0	0	0	0	0	0	0	0	0	0	0	0	0	0	0	0	0	0	0	0	0	0	0	0	0	0	0	0	0	0	0	0	0	0	0	0	0	0	0	0	0	0	0	0	0
online courses in machine learning and artificial intelligence						0	0	0	0	0	0	0	0	0	0	0	0	0	0	0	0	0	0	0	0	0	0	0	0	0	0	0	0	0	0	0	0	0	0	0	0	0	0	0	0	0	0	0	0	0	0	0	0
online courses machine learning reddit						0	0	0	0	0	0	0	0	0	0	0	0	0	0	0	0	0	0	0	0	0	0	0	0	0	0	0	0	0	0	0	0	0	0	0	0	0	0	0	0	0	0	0	0	0	0	0	0
online machine learning course for beginners						0	0	0	0	0	0	0	0	0	0	0	0	0	0	0	0	0	0	0	0	0	0	0	0	0	0	0	0	0	0	0	0	0	0	0	0	0	0	0	0	0	0	0	0	0	0	0	0
online machine learning course for engineers						0	0	0	0	0	0	0	0	0	0	0	0	0	0	0	0	0	0	0	0	0	0	0	0	0	0	0	0	0	0	0	0	0	0	0	0	0	0	0	0	0	0	0	0	0	0	0	0
online machine learning course in hyderabad						0	0	0	0	0	0	0	0	0	0	0	0	0	0	0	0	0	0	0	0	0	0	0	0	0	0	0	0	0	0	0	0	0	0	0	0	0	0	0	0	0	0	0	0	0	0	0	0
online machine learning course python						0	0	0	0	0	0	0	0	0	0	0	0	0	0	0	0	0	0	0	0	0	0	0	0	0	0	0	0	0	0	0	0	0	0	0	0	0	0	0	0	0	0	0	0	0	0	0	0
online machine learning course quora						0	0	0	0	0	0	0	0	0	0	0	0	0	0	0	0	0	0	0	0	0	0	0	0	0	0	0	0	0	0	0	0	0	0	0	0	0	0	0	0	0	0	0	0	0	0	0	0
online machine learning courses usa						0	0	0	0	0	0	0	0	0	0	0	0	0	0	0	0	0	0	0	0	0	0	0	0	0	0	0	0	0	0	0	0	0	0	0	0	0	0	0	0	0	0	0	0	0	0	0	0
online machine learning iim course						0	0	0	0	0	0	0	0	0	0	0	0	0	0	0	0	0	0	0	0	0	0	0	0	0	0	0	0	0	0	0	0	0	0	0	0	0	0	0	0	0	0	0	0	0	0	0	0
online machine learning python course						0	0	0	0	0	0	0	0	0	0	0	0	0	0	0	0	0	0	0	0	0	0	0	0	0	0	0	0	0	0	0	0	0	0	0	0	0	0	0	0	0	0	0	0	0	0	0	0
online machine learning training course						0	0	0	0	0	0	0	0	0	0	0	0	0	0	0	0	0	0	0	0	0	0	0	0	0	0	0	0	0	0	0	0	0	0	0	0	0	0	0	0	0	0	0	0	0	0	0	0
online machine shop learning course						0	0	0	0	0	0	0	0	0	0	0	0	0	0	0	0	0	0	0	0	0	0	0	0	0	0	0	0	0	0	0	0	0	0	0	0	0	0	0	0	0	0	0	0	0	0	0	0
online phd in ai and machine learning	50	Medium	56	1.904307	13.02	0	0	0	0	0	0	0	0	0	0	0	0	0	0	0	0	0	50	50	30	10	20	20	50	40	50	30	40	20	30	20	20	20	30	30	50	30	50	50	70	70	90	50	70	70	50	70	50
online robotics engineering courses	50	Medium	40	0.310893	2.27	50	50	40	70	70	50	50	70	40	50	70	50	90	70	110	50	50	40	50	50	90	70	50	70	70	90	70	110	70	70	90	70	70	50	40	50	70	70	70	50	70	90	50	50	30	50	40	50
open course ware machine learning						0	0	0	0	0	0	0	0	0	0	0	0	0	0	0	0	0	0	0	0	0	0	0	0	0	0	0	0	0	0	0	0	0	0	0	0	0	0	0	0	0	0	0	0	0	0	0	0
open courses machine learning						0	0	0	0	0	0	0	0	0	0	0	0	0	0	0	0	0	0	0	0	0	0	0	0	0	0	0	0	0	0	0	0	0	0	0	0	0	0	0	0	0	0	0	0	0	0	0	0
open data science machine learning course						0	0	0	0	0	0	0	0	0	0	0	0	0	0	0	0	0	0	0	0	0	0	0	0	0	0	0	0	0	0	0	0	0	0	0	0	0	0	0	0	0	0	0	0	0	0	0	0
open machine learning course by opendatascience						0	0	0	0	0	0	0	0	0	0	0	0	0	0	0	0	0	0	0	0	0	0	0	0	0	0	0	0	0	0	0	0	0	0	0	0	0	0	0	0	0	0	0	0	0	0	0	0
open machine learning course medium 1						0	0	0	0	0	0	0	0	0	0	0	0	0	0	0	0	0	0	0	0	0	0	0	0	0	0	0	0	0	0	0	0	0	0	0	0	0	0	0	0	0	0	0	0	0	0	0	0
open machine learning course time series						0	0	0	0	0	0	0	0	0	0	0	0	0	0	0	0	0	0	0	0	0	0	0	0	0	0	0	0	0	0	0	0	0	0	0	0	0	0	0	0	0	0	0	0	0	0	0	0
open machine learning course time series python						0	0	0	0	0	0	0	0	0	0	0	0	0	0	0	0	0	0	0	0	0	0	0	0	0	0	0	0	0	0	0	0	0	0	0	0	0	0	0	0	0	0	0	0	0	0	0	0
open machine learning course topic 2						0	0	0	0	0	0	0	0	0	0	0	0	0	0	0	0	0	0	0	0	0	0	0	0	0	0	0	0	0	0	0	0	0	0	0	0	0	0	0	0	0	0	0	0	0	0	0	0
open machine learning course topic 3						0	0	0	0	0	0	0	0	0	0	0	0	0	0	0	0	0	0	0	0	0	0	0	0	0	0	0	0	0	0	0	0	0	0	0	0	0	0	0	0	0	0	0	0	0	0	0	0
open machine learning course topic 9						0	0	0	0	0	0	0	0	0	0	0	0	0	0	0	0	0	0	0	0	0	0	0	0	0	0	0	0	0	0	0	0	0	0	0	0	0	0	0	0	0	0	0	0	0	0	0	0
open machine learning course topic 9 part 1						0	0	0	0	0	0	0	0	0	0	0	0	0	0	0	0	0	0	0	0	0	0	0	0	0	0	0	0	0	0	0	0	0	0	0	0	0	0	0	0	0	0	0	0	0	0	0	0
open read academy	880	Low	22	0.123403	0.8	0	0	0	0	0	0	0	0	0	0	0	0	90	110	20	90	140	140	140	140	260	390	880	720	880	880	880	590	480	590	880	1000	1000	720	480	720	590	720	590	390	480	720	880	1300	1000	2400	1000	590
open sap course machine learning						0	0	0	0	0	0	0	0	0	0	0	0	0	0	0	0	0	0	0	0	0	0	0	0	0	0	0	0	0	0	0	0	0	0	0	0	0	0	0	0	0	0	0	0	0	0	0	0
open sap courses machine learning						0	0	0	0	0	0	0	0	0	0	0	0	0	0	0	0	0	0	0	0	0	0	0	0	0	0	0	0	0	0	0	0	0	0	0	0	0	0	0	0	0	0	0	0	0	0	0	0
open sap machine learning course						0	0	0	0	0	0	0	0	0	0	0	0	0	0	0	0	0	0	0	0	0	0	0	0	0	0	0	0	0	0	0	0	0	0	0	0	0	0	0	0	0	0	0	0	0	0	0	0
open source machine learning course						0	0	0	0	0	0	0	0	0	0	0	0	0	0	0	0	0	0	0	0	0	0	0	0	0	0	0	0	0	0	0	0	0	0	0	0	0	0	0	0	0	0	0	0	0	0	0	0
openai machine learning course						0	0	0	0	0	0	0	0	0	0	0	0	0	0	0	0	0	0	0	0	0	0	0	0	0	0	0	0	0	0	0	0	0	0	0	0	0	0	0	0	0	0	0	0	0	0	0	0
operating systems course machine learning						0	0	0	0	0	0	0	0	0	0	0	0	0	0	0	0	0	0	0	0	0	0	0	0	0	0	0	0	0	0	0	0	0	0	0	0	0	0	0	0	0	0	0	0	0	0	0	0
optimization in machine learning course						0	0	0	0	0	0	0	0	0	0	0	0	0	0	0	0	0	0	0	0	0	0	0	0	0	0	0	0	0	0	0	0	0	0	0	0	0	0	0	0	0	0	0	0	0	0	0	0
options machine learning course						0	0	0	0	0	0	0	0	0	0	0	0	0	0	0	0	0	0	0	0	0	0	0	0	0	0	0	0	0	0	0	0	0	0	0	0	0	0	0	0	0	0	0	0	0	0	0	0
oracle machine learning course	20	Low	14	0.550179	4.758501	0	0	0	0	0	0	0	0	0	0	0	0	0	0	0	0	0	0	0	0	0	70	30	20	20	20	20	20	20	10	10	10	10	10	10	20	10	10	20	10	30	30	30	20	10	10	20	20
osu machine learning course						0	0	0	0	0	0	0	0	0	0	0	0	0	0	0	0	0	0	0	0	0	0	0	0	0	0	0	0	0	0	0	0	0	0	0	0	0	0	0	0	0	0	0	0	0	0	0	0
ottawa machine learning course						0	0	0	0	0	0	0	0	0	0	0	0	0	0	0	0	0	0	0	0	0	0	0	0	0	0	0	0	0	0	0	0	0	0	0	0	0	0	0	0	0	0	0	0	0	0	0	0
outlier ai training jobs	320	Low	12	0.06	3.790446	0	0	0	0	0	0	0	0	0	0	0	0	0	0	0	0	0	0	0	0	0	0	0	140	210	170	260	390	210	110	170	140	210	210	210	210	170	210	260	260	210	260	170	170	210	390	880	390
oxford machine learning course torch						0	0	0	0	0	0	0	0	0	0	0	0	0	0	0	0	0	0	0	0	0	0	0	0	0	0	0	0	0	0	0	0	0	0	0	0	0	0	0	0	0	0	0	0	0	0	0	0
pabitra mitra machine learning course						0	0	0	0	0	0	0	0	0	0	0	0	0	0	0	0	0	0	0	0	0	0	0	0	0	0	0	0	0	0	0	0	0	0	0	0	0	0	0	0	0	0	0	0	0	0	0	0
paid online courses machine learning						0	0	0	0	0	0	0	0	0	0	0	0	0	0	0	0	0	0	0	0	0	0	0	0	0	0	0	0	0	0	0	0	0	0	0	0	0	0	0	0	0	0	0	0	0	0	0	0
part time machine learning course london						0	0	0	0	0	0	0	0	0	0	0	0	0	0	0	0	0	0	0	0	0	0	0	0	0	0	0	0	0	0	0	0	0	0	0	0	0	0	0	0	0	0	0	0	0	0	0	0
pattern recognition and machine learning online course						0	0	0	0	0	0	0	0	0	0	0	0	0	0	0	0	0	0	0	0	0	0	0	0	0	0	0	0	0	0	0	0	0	0	0	0	0	0	0	0	0	0	0	0	0	0	0	0
pattern recognition and machine learning open course						0	0	0	0	0	0	0	0	0	0	0	0	0	0	0	0	0	0	0	0	0	0	0	0	0	0	0	0	0	0	0	0	0	0	0	0	0	0	0	0	0	0	0	0	0	0	0	0
penn state machine learning courses						0	0	0	0	0	0	0	0	0	0	0	0	0	0	0	0	0	0	0	0	0	0	0	0	0	0	0	0	0	0	0	0	0	0	0	0	0	0	0	0	0	0	0	0	0	0	0	0
peter wittek quantum machine learning course						0	0	0	0	0	0	0	0	0	0	0	0	0	0	0	0	0	0	0	0	0	0	0	0	0	0	0	0	0	0	0	0	0	0	0	0	0	0	0	0	0	0	0	0	0	0	0	0
pg diploma courses in machine learning						0	0	0	0	0	0	0	0	0	0	0	0	0	0	0	0	0	0	0	0	0	0	0	0	0	0	0	0	0	0	0	0	0	0	0	0	0	0	0	0	0	0	0	0	0	0	0	0
phd courses machine learning business						0	0	0	0	0	0	0	0	0	0	0	0	0	0	0	0	0	0	0	0	0	0	0	0	0	0	0	0	0	0	0	0	0	0	0	0	0	0	0	0	0	0	0	0	0	0	0	0
phd level machine learning courses						0	0	0	0	0	0	0	0	0	0	0	0	0	0	0	0	0	0	0	0	0	0	0	0	0	0	0	0	0	0	0	0	0	0	0	0	0	0	0	0	0	0	0	0	0	0	0	0
phd machine learning courses						0	0	0	0	0	0	0	0	0	0	0	0	0	0	0	0	0	0	0	0	0	0	0	0	0	0	0	0	0	0	0	0	0	0	0	0	0	0	0	0	0	0	0	0	0	0	0	0
pijak in collaboration with ibm skillsbuild	70	Low	2			0	0	0	0	0	0	0	0	0	0	0	0	0	0	0	0	0	0	0	0	0	0	0	0	0	0	0	0	0	0	0	0	0	0	0	0	0	0	0	0	0	0	70	90	210	320	140	70
pitt machine learning course						0	0	0	0	0	0	0	0	0	0	0	0	0	0	0	0	0	0	0	0	0	0	0	0	0	0	0	0	0	0	0	0	0	0	0	0	0	0	0	0	0	0	0	0	0	0	0	0
pitt machine learning undergraduate course						0	0	0	0	0	0	0	0	0	0	0	0	0	0	0	0	0	0	0	0	0	0	0	0	0	0	0	0	0	0	0	0	0	0	0	0	0	0	0	0	0	0	0	0	0	0	0	0
pluralsight course understanding machine learning						0	0	0	0	0	0	0	0	0	0	0	0	0	0	0	0	0	0	0	0	0	0	0	0	0	0	0	0	0	0	0	0	0	0	0	0	0	0	0	0	0	0	0	0	0	0	0	0
pluralsight courses machine learning						0	0	0	0	0	0	0	0	0	0	0	0	0	0	0	0	0	0	0	0	0	0	0	0	0	0	0	0	0	0	0	0	0	0	0	0	0	0	0	0	0	0	0	0	0	0	0	0
power bi machine learning course						0	0	0	0	0	0	0	0	0	0	0	0	0	0	0	0	0	0	0	0	0	0	0	0	0	0	0	0	0	0	0	0	0	0	0	0	0	0	0	0	0	0	0	0	0	0	0	0
practical machine learning course project quiz						0	0	0	0	0	0	0	0	0	0	0	0	0	0	0	0	0	0	0	0	0	0	0	0	0	0	0	0	0	0	0	0	0	0	0	0	0	0	0	0	0	0	0	0	0	0	0	0
practical machine learning course project submission						0	0	0	0	0	0	0	0	0	0	0	0	0	0	0	0	0	0	0	0	0	0	0	0	0	0	0	0	0	0	0	0	0	0	0	0	0	0	0	0	0	0	0	0	0	0	0	0
practical machine learning course project write up						0	0	0	0	0	0	0	0	0	0	0	0	0	0	0	0	0	0	0	0	0	0	0	0	0	0	0	0	0	0	0	0	0	0	0	0	0	0	0	0	0	0	0	0	0	0	0	0
practical machine learning summer course						0	0	0	0	0	0	0	0	0	0	0	0	0	0	0	0	0	0	0	0	0	0	0	0	0	0	0	0	0	0	0	0	0	0	0	0	0	0	0	0	0	0	0	0	0	0	0	0
practical machine learning summer course queen mary university summer school						0	0	0	0	0	0	0	0	0	0	0	0	0	0	0	0	0	0	0	0	0	0	0	0	0	0	0	0	0	0	0	0	0	0	0	0	0	0	0	0	0	0	0	0	0	0	0	0
pramod khargonekar uci course machine learning						0	0	0	0	0	0	0	0	0	0	0	0	0	0	0	0	0	0	0	0	0	0	0	0	0	0	0	0	0	0	0	0	0	0	0	0	0	0	0	0	0	0	0	0	0	0	0	0
predictive analytics and machine learning course						0	0	0	0	0	0	0	0	0	0	0	0	0	0	0	0	0	0	0	0	0	0	0	0	0	0	0	0	0	0	0	0	0	0	0	0	0	0	0	0	0	0	0	0	0	0	0	0
predictive maintenance machine learning course						0	0	0	0	0	0	0	0	0	0	0	0	0	0	0	0	0	0	0	0	0	0	0	0	0	0	0	0	0	0	0	0	0	0	0	0	0	0	0	0	0	0	0	0	0	0	0	0
prerequisite courses to machine learning						0	0	0	0	0	0	0	0	0	0	0	0	0	0	0	0	0	0	0	0	0	0	0	0	0	0	0	0	0	0	0	0	0	0	0	0	0	0	0	0	0	0	0	0	0	0	0	0
prerequisites for advanced machine learning course						0	0	0	0	0	0	0	0	0	0	0	0	0	0	0	0	0	0	0	0	0	0	0	0	0	0	0	0	0	0	0	0	0	0	0	0	0	0	0	0	0	0	0	0	0	0	0	0
princeton applied math courses machine learning						0	0	0	0	0	0	0	0	0	0	0	0	0	0	0	0	0	0	0	0	0	0	0	0	0	0	0	0	0	0	0	0	0	0	0	0	0	0	0	0	0	0	0	0	0	0	0	0
princeton machine learning courses						0	0	0	0	0	0	0	0	0	0	0	0	0	0	0	0	0	0	0	0	0	0	0	0	0	0	0	0	0	0	0	0	0	0	0	0	0	0	0	0	0	0	0	0	0	0	0	0
princeton university machine learning course						0	0	0	0	0	0	0	0	0	0	0	0	0	0	0	0	0	0	0	0	0	0	0	0	0	0	0	0	0	0	0	0	0	0	0	0	0	0	0	0	0	0	0	0	0	0	0	0
probability for machine learning online course						0	0	0	0	0	0	0	0	0	0	0	0	0	0	0	0	0	0	0	0	0	0	0	0	0	0	0	0	0	0	0	0	0	0	0	0	0	0	0	0	0	0	0	0	0	0	0	0
prof cv jawahar cvj machine learning courses						0	0	0	0	0	0	0	0	0	0	0	0	0	0	0	0	0	0	0	0	0	0	0	0	0	0	0	0	0	0	0	0	0	0	0	0	0	0	0	0	0	0	0	0	0	0	0	0
professional certificate course in ai and machine learning	20	High	73	0.714619	2.858058	0	0	0	0	0	0	0	0	0	0	0	0	0	0	0	0	0	30	30	20	20	20	40	50	70	90	50	40	20	30	30	30	20	20	30	20	20	20	20	30	20	30	10	20	10	10	10	10
professional certificate course in generative ai and machine learning	90	High	72	1.034031	3.36253	0	0	0	0	0	0	0	0	0	0	0	0	0	0	0	0	0	0	0	0	0	0	0	0	0	0	0	0	0	20	40	40	50	70	110	90	50	70	90	70	90	140	90	70	70	70	90	70
professional machine learning certificate						0	0	0	0	0	0	0	0	0	0	0	0	0	0	0	0	0	0	0	0	0	0	0	0	0	0	0	0	0	0	0	0	0	0	0	0	0	0	0	0	0	0	0	0	0	0	0	0
protected course machine learning for free with certificate						0	0	0	0	0	0	0	0	0	0	0	0	0	0	0	0	0	0	0	0	0	0	0	0	0	0	0	0	0	0	0	0	0	0	0	0	0	0	0	0	0	0	0	0	0	0	0	0
protected machine learning course						0	0	0	0	0	0	0	0	0	0	0	0	0	0	0	0	0	0	0	0	0	0	0	0	0	0	0	0	0	0	0	0	0	0	0	0	0	0	0	0	0	0	0	0	0	0	0	0
purdue cs machine learning grad course						0	0	0	0	0	0	0	0	0	0	0	0	0	0	0	0	0	0	0	0	0	0	0	0	0	0	0	0	0	0	0	0	0	0	0	0	0	0	0	0	0	0	0	0	0	0	0	0
purdue machine learning course	10	Low	17			0	0	0	0	0	0	0	0	0	0	0	0	0	0	0	0	0	0	0	0	0	0	0	0	0	0	0	0	30	30	210	140	30	20	70	10	10	10	10	10	10	10	10	10	20	10	20	10
pyspark machine learning course online						0	0	0	0	0	0	0	0	0	0	0	0	0	0	0	0	0	0	0	0	0	0	0	0	0	0	0	0	0	0	0	0	0	0	0	0	0	0	0	0	0	0	0	0	0	0	0	0
python 3 machine learning course						0	0	0	0	0	0	0	0	0	0	0	0	0	0	0	0	0	0	0	0	0	0	0	0	0	0	0	0	0	0	0	0	0	0	0	0	0	0	0	0	0	0	0	0	0	0	0	0
python ai machine learning course	20	Medium	65	0.6093	4.292677	0	0	0	0	0	0	0	0	0	0	0	0	0	0	0	0	0	0	0	0	0	0	0	0	0	0	0	0	0	0	0	0	0	0	0	0	20	20	10	20	30	30	10	10	10	20	10	10
python and machine learning course in noida						0	0	0	0	0	0	0	0	0	0	0	0	0	0	0	0	0	0	0	0	0	0	0	0	0	0	0	0	0	0	0	0	0	0	0	0	0	0	0	0	0	0	0	0	0	0	0	0
python course eu machine learning						0	0	0	0	0	0	0	0	0	0	0	0	0	0	0	0	0	0	0	0	0	0	0	0	0	0	0	0	0	0	0	0	0	0	0	0	0	0	0	0	0	0	0	0	0	0	0	0
python courses for machine learning						0	0	0	0	0	0	0	0	0	0	0	0	0	0	0	0	0	0	0	0	0	0	0	0	0	0	0	0	0	0	0	0	0	0	0	0	0	0	0	0	0	0	0	0	0	0	0	0
python crash course for machine learning	20	Low				0	0	0	0	0	0	0	0	0	0	0	0	0	0	0	0	0	0	0	0	0	0	0	0	0	0	0	0	0	10	10	10	10	10	10	10	10	10	10	20	20	30	10	10	10	30	30	10
python data science and machine learning certificate course online						0	0	0	0	0	0	0	0	0	0	0	0	0	0	0	0	0	0	0	0	0	0	0	0	0	0	0	0	0	0	0	0	0	0	0	0	0	0	0	0	0	0	0	0	0	0	0	0
python data science machine learning bootcamp course						0	0	0	0	0	0	0	0	0	0	0	0	0	0	0	0	0	0	0	0	0	0	0	0	0	0	0	0	0	0	0	0	0	0	0	0	0	0	0	0	0	0	0	0	0	0	0	0
python for data science and machine learning course						0	0	0	0	0	0	0	0	0	0	0	0	0	0	0	0	0	0	0	0	0	0	0	0	0	0	0	0	0	0	0	0	0	0	0	0	0	0	0	0	0	0	0	0	0	0	0	0
python for machine learning and data mining course						0	0	0	0	0	0	0	0	0	0	0	0	0	0	0	0	0	0	0	0	0	0	0	0	0	0	0	0	0	0	0	0	0	0	0	0	0	0	0	0	0	0	0	0	0	0	0	0
python for machine learning online courses						0	0	0	0	0	0	0	0	0	0	0	0	0	0	0	0	0	0	0	0	0	0	0	0	0	0	0	0	0	0	0	0	0	0	0	0	0	0	0	0	0	0	0	0	0	0	0	0
python for machine learning training course						0	0	0	0	0	0	0	0	0	0	0	0	0	0	0	0	0	0	0	0	0	0	0	0	0	0	0	0	0	0	0	0	0	0	0	0	0	0	0	0	0	0	0	0	0	0	0	0
python machine learning course bay area						0	0	0	0	0	0	0	0	0	0	0	0	0	0	0	0	0	0	0	0	0	0	0	0	0	0	0	0	0	0	0	0	0	0	0	0	0	0	0	0	0	0	0	0	0	0	0	0
python machine learning course content						0	0	0	0	0	0	0	0	0	0	0	0	0	0	0	0	0	0	0	0	0	0	0	0	0	0	0	0	0	0	0	0	0	0	0	0	0	0	0	0	0	0	0	0	0	0	0	0
python machine learning course for beginners						0	0	0	0	0	0	0	0	0	0	0	0	0	0	0	0	0	0	0	0	0	0	0	0	0	0	0	0	0	0	0	0	0	0	0	0	0	0	0	0	0	0	0	0	0	0	0	0
python machine learning course germany						0	0	0	0	0	0	0	0	0	0	0	0	0	0	0	0	0	0	0	0	0	0	0	0	0	0	0	0	0	0	0	0	0	0	0	0	0	0	0	0	0	0	0	0	0	0	0	0
python machine learning course hong kong						0	0	0	0	0	0	0	0	0	0	0	0	0	0	0	0	0	0	0	0	0	0	0	0	0	0	0	0	0	0	0	0	0	0	0	0	0	0	0	0	0	0	0	0	0	0	0	0
python machine learning course in chennai						0	0	0	0	0	0	0	0	0	0	0	0	0	0	0	0	0	0	0	0	0	0	0	0	0	0	0	0	0	0	0	0	0	0	0	0	0	0	0	0	0	0	0	0	0	0	0	0
python machine learning course in mumbai						0	0	0	0	0	0	0	0	0	0	0	0	0	0	0	0	0	0	0	0	0	0	0	0	0	0	0	0	0	0	0	0	0	0	0	0	0	0	0	0	0	0	0	0	0	0	0	0
python machine learning course in pune						0	0	0	0	0	0	0	0	0	0	0	0	0	0	0	0	0	0	0	0	0	0	0	0	0	0	0	0	0	0	0	0	0	0	0	0	0	0	0	0	0	0	0	0	0	0	0	0
python machine learning course london						0	0	0	0	0	0	0	0	0	0	0	0	0	0	0	0	0	0	0	0	0	0	0	0	0	0	0	0	0	0	0	0	0	0	0	0	0	0	0	0	0	0	0	0	0	0	0	0
python machine learning course outline						0	0	0	0	0	0	0	0	0	0	0	0	0	0	0	0	0	0	0	0	0	0	0	0	0	0	0	0	0	0	0	0	0	0	0	0	0	0	0	0	0	0	0	0	0	0	0	0
python machine learning course principal component analysis						0	0	0	0	0	0	0	0	0	0	0	0	0	0	0	0	0	0	0	0	0	0	0	0	0	0	0	0	0	0	0	0	0	0	0	0	0	0	0	0	0	0	0	0	0	0	0	0
python machine learning course san francisco						0	0	0	0	0	0	0	0	0	0	0	0	0	0	0	0	0	0	0	0	0	0	0	0	0	0	0	0	0	0	0	0	0	0	0	0	0	0	0	0	0	0	0	0	0	0	0	0
python machine learning course singapore						0	0	0	0	0	0	0	0	0	0	0	0	0	0	0	0	0	0	0	0	0	0	0	0	0	0	0	0	0	0	0	0	0	0	0	0	0	0	0	0	0	0	0	0	0	0	0	0
python machine learning courses for beginners						0	0	0	0	0	0	0	0	0	0	0	0	0	0	0	0	0	0	0	0	0	0	0	0	0	0	0	0	0	0	0	0	0	0	0	0	0	0	0	0	0	0	0	0	0	0	0	0
python machine learning courses online						0	0	0	0	0	0	0	0	0	0	0	0	0	0	0	0	0	0	0	0	0	0	0	0	0	0	0	0	0	0	0	0	0	0	0	0	0	0	0	0	0	0	0	0	0	0	0	0
python machine learning online course for beginners						0	0	0	0	0	0	0	0	0	0	0	0	0	0	0	0	0	0	0	0	0	0	0	0	0	0	0	0	0	0	0	0	0	0	0	0	0	0	0	0	0	0	0	0	0	0	0	0
python machine learning online courses						0	0	0	0	0	0	0	0	0	0	0	0	0	0	0	0	0	0	0	0	0	0	0	0	0	0	0	0	0	0	0	0	0	0	0	0	0	0	0	0	0	0	0	0	0	0	0	0
python machine learning projects course						0	0	0	0	0	0	0	0	0	0	0	0	0	0	0	0	0	0	0	0	0	0	0	0	0	0	0	0	0	0	0	0	0	0	0	0	0	0	0	0	0	0	0	0	0	0	0	0
python machine learning python machine learning course						0	0	0	0	0	0	0	0	0	0	0	0	0	0	0	0	0	0	0	0	0	0	0	0	0	0	0	0	0	0	0	0	0	0	0	0	0	0	0	0	0	0	0	0	0	0	0	0
pytorch machine learning course	10	High	68	2.085205	8.52	0	0	0	0	0	0	0	0	0	0	0	0	0	0	0	0	0	0	0	0	0	0	0	0	10	20	30	20	20	20	20	10	20	10	10	10	10	10	10	10	10	10	10	10	10	10	10	10
quant machine learning						0	0	0	0	0	0	0	0	0	0	0	0	0	0	0	0	0	0	0	0	0	0	0	0	0	0	0	0	0	0	0	0	0	0	0	0	0	0	0	0	0	0	0	0	0	0	0	0
quantum computing and machine learning course	10	Low	15			0	0	0	0	0	0	0	0	0	0	0	0	0	0	0	0	0	0	0	0	0	0	0	30	10	10	10	20	30	30	20	10	10	20	20	30	10	30	20	10	10	10	10	20	20	10	20	10
quantum computing machine learning course						0	0	0	0	0	0	0	0	0	0	0	0	0	0	0	0	0	0	0	0	0	0	0	0	0	0	0	0	0	0	0	0	0	0	0	0	0	0	0	0	0	0	0	0	0	0	0	0
quantum machine learning course eth zurich						0	0	0	0	0	0	0	0	0	0	0	0	0	0	0	0	0	0	0	0	0	0	0	0	0	0	0	0	0	0	0	0	0	0	0	0	0	0	0	0	0	0	0	0	0	0	0	0
quantum machine learning course online						0	0	0	0	0	0	0	0	0	0	0	0	0	0	0	0	0	0	0	0	0	0	0	0	0	0	0	0	0	0	0	0	0	0	0	0	0	0	0	0	0	0	0	0	0	0	0	0
quantum machine learning online course with certificate						0	0	0	0	0	0	0	0	0	0	0	0	0	0	0	0	0	0	0	0	0	0	0	0	0	0	0	0	0	0	0	0	0	0	0	0	0	0	0	0	0	0	0	0	0	0	0	0
quora best machine learning courses						0	0	0	0	0	0	0	0	0	0	0	0	0	0	0	0	0	0	0	0	0	0	0	0	0	0	0	0	0	0	0	0	0	0	0	0	0	0	0	0	0	0	0	0	0	0	0	0
quora best machine learning courses bangalore						0	0	0	0	0	0	0	0	0	0	0	0	0	0	0	0	0	0	0	0	0	0	0	0	0	0	0	0	0	0	0	0	0	0	0	0	0	0	0	0	0	0	0	0	0	0	0	0
quora machine learning course						0	0	0	0	0	0	0	0	0	0	0	0	0	0	0	0	0	0	0	0	0	0	0	0	0	0	0	0	0	0	0	0	0	0	0	0	0	0	0	0	0	0	0	0	0	0	0	0
quora machine learning courses						0	0	0	0	0	0	0	0	0	0	0	0	0	0	0	0	0	0	0	0	0	0	0	0	0	0	0	0	0	0	0	0	0	0	0	0	0	0	0	0	0	0	0	0	0	0	0	0
r for machine learning course						0	0	0	0	0	0	0	0	0	0	0	0	0	0	0	0	0	0	0	0	0	0	0	0	0	0	0	0	0	0	0	0	0	0	0	0	0	0	0	0	0	0	0	0	0	0	0	0
r machine learning course era						0	0	0	0	0	0	0	0	0	0	0	0	0	0	0	0	0	0	0	0	0	0	0	0	0	0	0	0	0	0	0	0	0	0	0	0	0	0	0	0	0	0	0	0	0	0	0	0
r machine learning course london						0	0	0	0	0	0	0	0	0	0	0	0	0	0	0	0	0	0	0	0	0	0	0	0	0	0	0	0	0	0	0	0	0	0	0	0	0	0	0	0	0	0	0	0	0	0	0	0
random tree machine learning course						0	0	0	0	0	0	0	0	0	0	0	0	0	0	0	0	0	0	0	0	0	0	0	0	0	0	0	0	0	0	0	0	0	0	0	0	0	0	0	0	0	0	0	0	0	0	0	0
recommendation system machine learning course						0	0	0	0	0	0	0	0	0	0	0	0	0	0	0	0	0	0	0	0	0	0	0	0	0	0	0	0	0	0	0	0	0	0	0	0	0	0	0	0	0	0	0	0	0	0	0	0
reddirt bets online machine learning course						0	0	0	0	0	0	0	0	0	0	0	0	0	0	0	0	0	0	0	0	0	0	0	0	0	0	0	0	0	0	0	0	0	0	0	0	0	0	0	0	0	0	0	0	0	0	0	0
reddit best course on time series for machine learning						0	0	0	0	0	0	0	0	0	0	0	0	0	0	0	0	0	0	0	0	0	0	0	0	0	0	0	0	0	0	0	0	0	0	0	0	0	0	0	0	0	0	0	0	0	0	0	0
reddit best machine learning crash course						0	0	0	0	0	0	0	0	0	0	0	0	0	0	0	0	0	0	0	0	0	0	0	0	0	0	0	0	0	0	0	0	0	0	0	0	0	0	0	0	0	0	0	0	0	0	0	0
reddit best machine learning online courses						0	0	0	0	0	0	0	0	0	0	0	0	0	0	0	0	0	0	0	0	0	0	0	0	0	0	0	0	0	0	0	0	0	0	0	0	0	0	0	0	0	0	0	0	0	0	0	0
reddit machine learning for biology major course						0	0	0	0	0	0	0	0	0	0	0	0	0	0	0	0	0	0	0	0	0	0	0	0	0	0	0	0	0	0	0	0	0	0	0	0	0	0	0	0	0	0	0	0	0	0	0	0
reddit online course machine learning hardware						0	0	0	0	0	0	0	0	0	0	0	0	0	0	0	0	0	0	0	0	0	0	0	0	0	0	0	0	0	0	0	0	0	0	0	0	0	0	0	0	0	0	0	0	0	0	0	0
reddit online machine learning courses						0	0	0	0	0	0	0	0	0	0	0	0	0	0	0	0	0	0	0	0	0	0	0	0	0	0	0	0	0	0	0	0	0	0	0	0	0	0	0	0	0	0	0	0	0	0	0	0
remote ai research internship	10	Low	10			0	0	0	0	0	0	0	0	0	0	0	0	0	0	0	0	0	0	0	0	0	0	0	0	0	0	0	0	0	0	0	0	0	0	0	0	0	0	0	0	0	10	10	10	10	20	10	20
research science institute rsi mit	5400	Low	16	1.064671	4.06	2400	1600	1300	1600	1900	1900	1600	2400	4400	2900	2400	2400	1900	1900	1900	2400	2900	2900	2900	3600	5400	6600	4400	3600	2900	2900	2400	2400	3600	2900	2900	4400	6600	8100	4400	3600	4400	4400	4400	5400	4400	3600	4400	6600	8100	12100	8100	6600
review machine learning course						0	0	0	0	0	0	0	0	0	0	0	0	0	0	0	0	0	0	0	0	0	0	0	0	0	0	0	0	0	0	0	0	0	0	0	0	0	0	0	0	0	0	0	0	0	0	0	0
review of machine learning courses						0	0	0	0	0	0	0	0	0	0	0	0	0	0	0	0	0	0	0	0	0	0	0	0	0	0	0	0	0	0	0	0	0	0	0	0	0	0	0	0	0	0	0	0	0	0	0	0
rice elec machine learning course						0	0	0	0	0	0	0	0	0	0	0	0	0	0	0	0	0	0	0	0	0	0	0	0	0	0	0	0	0	0	0	0	0	0	0	0	0	0	0	0	0	0	0	0	0	0	0	0
rice machine learning course						0	0	0	0	0	0	0	0	0	0	0	0	0	0	0	0	0	0	0	0	0	0	0	0	0	0	0	0	0	0	0	0	0	0	0	0	0	0	0	0	0	0	0	0	0	0	0	0
rice machine learning courses						0	0	0	0	0	0	0	0	0	0	0	0	0	0	0	0	0	0	0	0	0	0	0	0	0	0	0	0	0	0	0	0	0	0	0	0	0	0	0	0	0	0	0	0	0	0	0	0
rice university machine learning course						0	0	0	0	0	0	0	0	0	0	0	0	0	0	0	0	0	0	0	0	0	0	0	0	0	0	0	0	0	0	0	0	0	0	0	0	0	0	0	0	0	0	0	0	0	0	0	0
rit machine learning course						0	0	0	0	0	0	0	0	0	0	0	0	0	0	0	0	0	0	0	0	0	0	0	0	0	0	0	0	0	0	0	0	0	0	0	0	0	0	0	0	0	0	0	0	0	0	0	0
rit machine learning courses						0	0	0	0	0	0	0	0	0	0	0	0	0	0	0	0	0	0	0	0	0	0	0	0	0	0	0	0	0	0	0	0	0	0	0	0	0	0	0	0	0	0	0	0	0	0	0	0
ritesh bhagwat machine learning course						0	0	0	0	0	0	0	0	0	0	0	0	0	0	0	0	0	0	0	0	0	0	0	0	0	0	0	0	0	0	0	0	0	0	0	0	0	0	0	0	0	0	0	0	0	0	0	0
robotics and iot courses	30	Medium	51	0.080559	0.698869	0	0	0	0	0	0	0	0	0	0	0	0	0	0	0	0	50	30	30	20	10	20	40	30	40	40	20	40	40	30	30	30	30	10	40	30	50	40	30	30	40	30	20	10	10	20	10	10
robotics and machine learning course	10	Medium	64	0.377964	2.27305	0	0	0	0	0	0	0	0	0	0	0	0	0	0	0	0	0	0	0	0	0	0	0	0	0	0	0	0	0	0	0	0	0	0	0	0	0	0	0	0	20	10	10	10	10	10	10	20
robotics course with certificate						0	0	0	0	0	0	0	0	0	0	0	0	0	0	0	0	0	0	0	0	0	0	0	0	0	0	0	0	0	0	0	0	0	0	0	0	0	0	0	0	0	0	0	0	0	0	0	0
rpi machine learning course						0	0	0	0	0	0	0	0	0	0	0	0	0	0	0	0	0	0	0	0	0	0	0	0	0	0	0	0	0	0	0	0	0	0	0	0	0	0	0	0	0	0	0	0	0	0	0	0
rpi machine learning open source course						0	0	0	0	0	0	0	0	0	0	0	0	0	0	0	0	0	0	0	0	0	0	0	0	0	0	0	0	0	0	0	0	0	0	0	0	0	0	0	0	0	0	0	0	0	0	0	0
rpubs practical machine learning course project						0	0	0	0	0	0	0	0	0	0	0	0	0	0	0	0	0	0	0	0	0	0	0	0	0	0	0	0	0	0	0	0	0	0	0	0	0	0	0	0	0	0	0	0	0	0	0	0
rss machine learning course						0	0	0	0	0	0	0	0	0	0	0	0	0	0	0	0	0	0	0	0	0	0	0	0	0	0	0	0	0	0	0	0	0	0	0	0	0	0	0	0	0	0	0	0	0	0	0	0
san francisco machine learning course						0	0	0	0	0	0	0	0	0	0	0	0	0	0	0	0	0	0	0	0	0	0	0	0	0	0	0	0	0	0	0	0	0	0	0	0	0	0	0	0	0	0	0	0	0	0	0	0
sap leonardo machine learning course						0	0	0	0	0	0	0	0	0	0	0	0	0	0	0	0	0	0	0	0	0	0	0	0	0	0	0	0	0	0	0	0	0	0	0	0	0	0	0	0	0	0	0	0	0	0	0	0
sap leonardo machine learning course content						0	0	0	0	0	0	0	0	0	0	0	0	0	0	0	0	0	0	0	0	0	0	0	0	0	0	0	0	0	0	0	0	0	0	0	0	0	0	0	0	0	0	0	0	0	0	0	0
sap machine learning courses						0	0	0	0	0	0	0	0	0	0	0	0	0	0	0	0	0	0	0	0	0	0	0	0	0	0	0	0	0	0	0	0	0	0	0	0	0	0	0	0	0	0	0	0	0	0	0	0
sas machine learning courses						0	0	0	0	0	0	0	0	0	0	0	0	0	0	0	0	0	0	0	0	0	0	0	0	0	0	0	0	0	0	0	0	0	0	0	0	0	0	0	0	0	0	0	0	0	0	0	0
satinder singh machine learning course umich						0	0	0	0	0	0	0	0	0	0	0	0	0	0	0	0	0	0	0	0	0	0	0	0	0	0	0	0	0	0	0	0	0	0	0	0	0	0	0	0	0	0	0	0	0	0	0	0
scala machine learning course						0	0	0	0	0	0	0	0	0	0	0	0	0	0	0	0	0	0	0	0	0	0	0	0	0	0	0	0	0	0	0	0	0	0	0	0	0	0	0	0	0	0	0	0	0	0	0	0
scalable machine learning course						0	0	0	0	0	0	0	0	0	0	0	0	0	0	0	0	0	0	0	0	0	0	0	0	0	0	0	0	0	0	0	0	0	0	0	0	0	0	0	0	0	0	0	0	0	0	0	0
scientific computing machine learning						0	0	0	0	0	0	0	0	0	0	0	0	0	0	0	0	0	0	0	0	0	0	0	0	0	0	0	0	0	0	0	0	0	0	0	0	0	0	0	0	0	0	0	0	0	0	0	0
scientific machine learning course	50	Low	30	1.12	4.863551	0	0	0	0	0	0	0	0	0	0	0	0	0	0	0	0	0	0	50	40	30	70	90	110	70	70	70	90	90	50	70	110	70	50	70	90	70	70	70	70	40	50	70	30	40	50	40	50
sertifikasi ai gratis	20	Medium	57	0.070838	0.33	0	0	0	0	0	0	0	0	0	0	0	0	0	0	0	0	0	0	0	0	0	0	0	0	0	0	0	0	0	0	0	0	0	0	0	0	0	0	20	30	30	20	30	30	20	20	40	40
shai ben david machine learning course						0	0	0	0	0	0	0	0	0	0	0	0	0	0	0	0	0	0	0	0	0	0	0	0	0	0	0	0	0	0	0	0	0	0	0	0	0	0	0	0	0	0	0	0	0	0	0	0
short course machine learning epidemiology						0	0	0	0	0	0	0	0	0	0	0	0	0	0	0	0	0	0	0	0	0	0	0	0	0	0	0	0	0	0	0	0	0	0	0	0	0	0	0	0	0	0	0	0	0	0	0	0
short courses in machine learning						0	0	0	0	0	0	0	0	0	0	0	0	0	0	0	0	0	0	0	0	0	0	0	0	0	0	0	0	0	0	0	0	0	0	0	0	0	0	0	0	0	0	0	0	0	0	0	0
short term courses on machine learning						0	0	0	0	0	0	0	0	0	0	0	0	0	0	0	0	0	0	0	0	0	0	0	0	0	0	0	0	0	0	0	0	0	0	0	0	0	0	0	0	0	0	0	0	0	0	0	0
should i take a machine learning course						0	0	0	0	0	0	0	0	0	0	0	0	0	0	0	0	0	0	0	0	0	0	0	0	0	0	0	0	0	0	0	0	0	0	0	0	0	0	0	0	0	0	0	0	0	0	0	0
signal processing machine learning course						0	0	0	0	0	0	0	0	0	0	0	0	0	0	0	0	0	0	0	0	0	0	0	0	0	0	0	0	0	0	0	0	0	0	0	0	0	0	0	0	0	0	0	0	0	0	0	0
simplilearn machine learning full course	10	Low				0	0	0	0	0	0	0	0	0	0	0	0	0	0	0	0	0	0	0	0	0	0	0	0	0	0	0	0	0	0	10	0	0	10	10	10	0	0	10	10	10	10	10	10	10	10	10	10
simulation course machine learning						0	0	0	0	0	0	0	0	0	0	0	0	0	0	0	0	0	0	0	0	0	0	0	0	0	0	0	0	0	0	0	0	0	0	0	0	0	0	0	0	0	0	0	0	0	0	0	0
siraj raval machine learning course scam						0	0	0	0	0	0	0	0	0	0	0	0	0	0	0	0	0	0	0	0	0	0	0	0	0	0	0	0	0	0	0	0	0	0	0	0	0	0	0	0	0	0	0	0	0	0	0	0
sjsu machine learning course						0	0	0	0	0	0	0	0	0	0	0	0	0	0	0	0	0	0	0	0	0	0	0	0	0	0	0	0	0	0	0	0	0	0	0	0	0	0	0	0	0	0	0	0	0	0	0	0
sklearn python machine learning course						0	0	0	0	0	0	0	0	0	0	0	0	0	0	0	0	0	0	0	0	0	0	0	0	0	0	0	0	0	0	0	0	0	0	0	0	0	0	0	0	0	0	0	0	0	0	0	0
slu edu machine learning course soccer						0	0	0	0	0	0	0	0	0	0	0	0	0	0	0	0	0	0	0	0	0	0	0	0	0	0	0	0	0	0	0	0	0	0	0	0	0	0	0	0	0	0	0	0	0	0	0	0
software engineer for machine learning courses						0	0	0	0	0	0	0	0	0	0	0	0	0	0	0	0	0	0	0	0	0	0	0	0	0	0	0	0	0	0	0	0	0	0	0	0	0	0	0	0	0	0	0	0	0	0	0	0
soledad galli deployment of machine learning models course						0	0	0	0	0	0	0	0	0	0	0	0	0	0	0	0	0	0	0	0	40	10	0	0	0	0	0	0	0	0	0	0	0	0	0	0	0	0	0	0	0	0	0	0	0	0	0	0
spark for machine learning course						0	0	0	0	0	0	0	0	0	0	0	0	0	0	0	0	0	0	0	0	0	0	0	0	0	0	0	0	0	0	0	0	0	0	0	0	0	0	0	0	0	0	0	0	0	0	0	0
spark machine learning online course						0	0	0	0	0	0	0	0	0	0	0	0	0	0	0	0	0	0	0	0	0	0	0	0	0	0	0	0	0	0	0	0	0	0	0	0	0	0	0	0	0	0	0	0	0	0	0	0
specs of a machine learning lab undergraduate courses						0	0	0	0	0	0	0	0	0	0	0	0	0	0	0	0	0	0	0	0	0	0	0	0	0	0	0	0	0	0	0	0	0	0	0	0	0	0	0	0	0	0	0	0	0	0	0	0
speech recognition machine learning course						0	0	0	0	0	0	0	0	0	0	0	0	0	0	0	0	0	0	0	0	0	0	0	0	0	0	0	0	0	0	0	0	0	0	0	0	0	0	0	0	0	0	0	0	0	0	0	0
speed reading memory become a superlearner learning machine course						0	0	0	0	0	0	0	0	0	0	0	0	0	0	0	0	0	0	0	0	0	0	0	0	0	0	0	0	0	0	0	0	0	0	0	0	0	0	0	0	0	0	0	0	0	0	0	0
splunk machine learning course						0	0	0	0	0	0	0	0	0	0	0	0	0	0	0	0	0	0	0	0	0	0	0	0	0	0	0	0	0	0	0	0	0	0	0	0	0	0	0	0	0	0	0	0	0	0	0	0
springboard machine learning course review						0	0	0	0	0	0	0	0	0	0	0	0	0	0	0	0	0	0	0	0	0	0	0	0	0	0	0	0	0	0	0	0	0	0	0	0	0	0	0	0	0	0	0	0	0	0	0	0
sql server machine learning course						0	0	0	0	0	0	0	0	0	0	0	0	0	0	0	0	0	0	0	0	0	0	0	0	0	0	0	0	0	0	0	0	0	0	0	0	0	0	0	0	0	0	0	0	0	0	0	0
sql server machine learning training courses						0	0	0	0	0	0	0	0	0	0	0	0	0	0	0	0	0	0	0	0	0	0	0	0	0	0	0	0	0	0	0	0	0	0	0	0	0	0	0	0	0	0	0	0	0	0	0	0
stanford cs336	1900	Low	4	0.729823	3.448955	0	0	0	0	0	0	0	0	0	0	0	0	0	0	0	0	0	0	0	0	0	0	0	0	0	0	0	0	40	70	110	170	140	140	170	110	170	1000	1600	2400	2900	1900	2400	2400	1900	1900	1600	1900
stanford machine learning course cost						0	0	0	0	0	0	0	0	0	0	0	0	0	0	0	0	0	0	0	0	0	0	0	0	0	0	0	0	0	0	0	0	0	0	0	0	0	0	0	0	0	0	0	0	0	0	0	0
stanford machine learning course online with certificate						0	0	0	0	0	0	0	0	0	0	0	0	0	0	0	0	0	0	0	0	0	0	0	0	0	0	0	0	0	0	0	0	0	0	0	0	0	0	0	0	0	0	0	0	0	0	0	0
stanford machine learning course price						0	0	0	0	0	0	0	0	0	0	0	0	0	0	0	0	0	0	0	0	0	0	0	0	0	0	0	0	0	0	0	0	0	0	0	0	0	0	0	0	0	0	0	0	0	0	0	0
stanford machine learning open course certificate						0	0	0	0	0	0	0	0	0	0	0	0	0	0	0	0	0	0	0	0	0	0	0	0	0	0	0	0	0	0	0	0	0	0	0	0	0	0	0	0	0	0	0	0	0	0	0	0
stanford university machine learning free course with certificate	10	Low	29	0.329729	4.084262	0	0	0	0	0	0	0	0	0	0	0	0	0	0	0	0	0	0	0	0	0	0	0	0	0	0	0	0	0	0	0	0	0	0	0	0	0	0	0	0	0	0	0	0	0	0	50	50
starter courses on machine learning for beginners						0	0	0	0	0	0	0	0	0	0	0	0	0	0	0	0	0	0	0	0	0	0	0	0	0	0	0	0	0	0	0	0	0	0	0	0	0	0	0	0	0	0	0	0	0	0	0	0
stastical machine learning course						0	0	0	0	0	0	0	0	0	0	0	0	0	0	0	0	0	0	0	0	0	0	0	0	0	0	0	0	0	0	0	0	0	0	0	0	0	0	0	0	0	0	0	0	0	0	0	0
stata machine learning course						0	0	0	0	0	0	0	0	0	0	0	0	0	0	0	0	0	0	0	0	0	0	0	0	0	0	0	0	0	0	0	0	0	0	0	0	0	0	0	0	0	0	0	0	0	0	0	0
statisitics course for machine learning						0	0	0	0	0	0	0	0	0	0	0	0	0	0	0	0	0	0	0	0	0	0	0	0	0	0	0	0	0	0	0	0	0	0	0	0	0	0	0	0	0	0	0	0	0	0	0	0
statistical machine learning course content						0	0	0	0	0	0	0	0	0	0	0	0	0	0	0	0	0	0	0	0	0	0	0	0	0	0	0	0	0	0	0	0	0	0	0	0	0	0	0	0	0	0	0	0	0	0	0	0
statistical machine learning courses						0	0	0	0	0	0	0	0	0	0	0	0	0	0	0	0	0	0	0	0	0	0	0	0	0	0	0	0	0	0	0	0	0	0	0	0	0	0	0	0	0	0	0	0	0	0	0	0
statistical machine learning online course						0	0	0	0	0	0	0	0	0	0	0	0	0	0	0	0	0	0	0	0	0	0	0	0	0	0	0	0	0	0	0	0	0	0	0	0	0	0	0	0	0	0	0	0	0	0	0	0
statistical machine learning short course usc						0	0	0	0	0	0	0	0	0	0	0	0	0	0	0	0	0	0	0	0	0	0	0	0	0	0	0	0	0	0	0	0	0	0	0	0	0	0	0	0	0	0	0	0	0	0	0	0
statistics and machine learning cmu course						0	0	0	0	0	0	0	0	0	0	0	0	0	0	0	0	0	0	0	0	0	0	0	0	0	0	0	0	0	0	0	0	0	0	0	0	0	0	0	0	0	0	0	0	0	0	0	0
statistics and probability for machine learning courses						0	0	0	0	0	0	0	0	0	0	0	0	0	0	0	0	0	0	0	0	0	0	0	0	0	0	0	0	0	0	0	0	0	0	0	0	0	0	0	0	0	0	0	0	0	0	0	0
statistics course for machine learning edu						0	0	0	0	0	0	0	0	0	0	0	0	0	0	0	0	0	0	0	0	0	0	0	0	0	0	0	0	0	0	0	0	0	0	0	0	0	0	0	0	0	0	0	0	0	0	0	0
statistics course for machine learning reading list						0	0	0	0	0	0	0	0	0	0	0	0	0	0	0	0	0	0	0	0	0	0	0	0	0	0	0	0	0	0	0	0	0	0	0	0	0	0	0	0	0	0	0	0	0	0	0	0
statistics course for machine learning reading list lecture						0	0	0	0	0	0	0	0	0	0	0	0	0	0	0	0	0	0	0	0	0	0	0	0	0	0	0	0	0	0	0	0	0	0	0	0	0	0	0	0	0	0	0	0	0	0	0	0
statistics courses to take for machine learning						0	0	0	0	0	0	0	0	0	0	0	0	0	0	0	0	0	0	0	0	0	0	0	0	0	0	0	0	0	0	0	0	0	0	0	0	0	0	0	0	0	0	0	0	0	0	0	0
stochastic gradient descent machine learning course						0	0	0	0	0	0	0	0	0	0	0	0	0	0	0	0	0	0	0	0	0	0	0	0	0	0	0	0	0	0	0	0	0	0	0	0	0	0	0	0	0	0	0	0	0	0	0	0
stony brook machine learning course						0	0	0	0	0	0	0	0	0	0	0	0	0	0	0	0	0	0	0	0	0	0	0	0	0	0	0	0	0	0	0	0	0	0	0	0	0	0	0	0	0	0	0	0	0	0	0	0
study fetch ai	14800	Low	18	0.0893	0.98	0	0	0	0	0	0	0	0	0	0	0	0	0	0	0	0	0	0	2400	9900	14800	14800	12100	9900	8100	6600	5400	2900	2900	8100	18100	18100	18100	22200	27100	22200	22200	14800	14800	6600	5400	9900	18100	18100	18100	14800	18100	18100
studyhobby ai	50	Low	10	0.593401	2.71	0	0	0	0	0	0	0	0	0	0	0	0	0	0	0	0	0	0	0	0	0	0	0	0	0	0	0	0	0	0	0	0	0	0	0	0	0	0	0	0	0	0	0	90	140	140	90	110
studying a course machine learning with the adept method						0	0	0	0	0	0	0	0	0	0	0	0	0	0	0	0	0	0	0	0	0	0	0	0	0	0	0	0	0	0	0	0	0	0	0	0	0	0	0	0	0	0	0	0	0	0	0	0
submit assignemnts coursear machine learning without paying						0	0	0	0	0	0	0	0	0	0	0	0	0	0	0	0	0	0	0	0	0	0	0	0	0	0	0	0	0	0	0	0	0	0	0	0	0	0	0	0	0	0	0	0	0	0	0	0
submitwith configureation issue machine learning course						0	0	0	0	0	0	0	0	0	0	0	0	0	0	0	0	0	0	0	0	0	0	0	0	0	0	0	0	0	0	0	0	0	0	0	0	0	0	0	0	0	0	0	0	0	0	0	0
summer courses machine learning						0	0	0	0	0	0	0	0	0	0	0	0	0	0	0	0	0	0	0	0	0	0	0	0	0	0	0	0	0	0	0	0	0	0	0	0	0	0	0	0	0	0	0	0	0	0	0	0
summer courses machine learning boston						0	0	0	0	0	0	0	0	0	0	0	0	0	0	0	0	0	0	0	0	0	0	0	0	0	0	0	0	0	0	0	0	0	0	0	0	0	0	0	0	0	0	0	0	0	0	0	0
supervised machine learning online course						0	0	0	0	0	0	0	0	0	0	0	0	0	0	0	0	0	0	0	0	0	0	0	0	0	0	0	0	0	0	0	0	0	0	0	0	0	0	0	0	0	0	0	0	0	0	0	0
supervised vs unsupervised machine learning course hero						0	0	0	0	0	0	0	0	0	0	0	0	0	0	0	0	0	0	0	0	0	0	0	0	0	0	0	0	0	0	0	0	0	0	0	0	0	0	0	0	0	0	0	0	0	0	0	0
supply chain machine learning course						0	0	0	0	0	0	0	0	0	0	0	0	0	0	0	0	0	0	0	0	0	0	0	0	0	0	0	0	0	0	0	0	0	0	0	0	0	0	0	0	0	0	0	0	0	0	0	0
susan athey machine learning course						0	0	0	0	0	0	0	0	0	0	0	0	0	0	0	0	0	0	0	0	0	0	0	0	0	0	0	0	0	0	0	0	0	0	0	0	0	0	0	0	0	0	0	0	0	0	0	0
swamidass machine learning course wustl						0	0	0	0	0	0	0	0	0	0	0	0	0	0	0	0	0	0	0	0	0	0	0	0	0	0	0	0	0	0	0	0	0	0	0	0	0	0	0	0	0	0	0	0	0	0	0	0
tableau machine learning course						0	0	0	0	0	0	0	0	0	0	0	0	0	0	0	0	0	0	0	0	0	0	0	0	0	0	0	0	0	0	0	0	0	0	0	0	0	0	0	0	0	0	0	0	0	0	0	0
taking a machine learning course online instead of class						0	0	0	0	0	0	0	0	0	0	0	0	0	0	0	0	0	0	0	0	0	0	0	0	0	0	0	0	0	0	0	0	0	0	0	0	0	0	0	0	0	0	0	0	0	0	0	0
taking machine learning course in college jobs						0	0	0	0	0	0	0	0	0	0	0	0	0	0	0	0	0	0	0	0	0	0	0	0	0	0	0	0	0	0	0	0	0	0	0	0	0	0	0	0	0	0	0	0	0	0	0	0
tamu machine learning course						0	0	0	0	0	0	0	0	0	0	0	0	0	0	0	0	0	0	0	0	0	0	0	0	0	0	0	0	0	0	0	0	0	0	0	0	0	0	0	0	0	0	0	0	0	0	0	0
tanford machine learning course						0	0	0	0	0	0	0	0	0	0	0	0	0	0	0	0	0	0	0	0	0	0	0	0	0	0	0	0	0	0	0	0	0	0	0	0	0	0	0	0	0	0	0	0	0	0	0	0
techworld developers galleriesbest online courses for machine learning techworld						0	0	0	0	0	0	0	0	0	0	0	0	0	0	0	0	0	0	0	0	0	0	0	0	0	0	0	0	0	0	0	0	0	0	0	0	0	0	0	0	0	0	0	0	0	0	0	0
tensorflow crash course machine learning						0	0	0	0	0	0	0	0	0	0	0	0	0	0	0	0	0	0	0	0	0	0	0	0	0	0	0	0	0	0	0	0	0	0	0	0	0	0	0	0	0	0	0	0	0	0	0	0
text analysis machine learning python course						0	0	0	0	0	0	0	0	0	0	0	0	0	0	0	0	0	0	0	0	0	0	0	0	0	0	0	0	0	0	0	0	0	0	0	0	0	0	0	0	0	0	0	0	0	0	0	0
text based machine learning course						0	0	0	0	0	0	0	0	0	0	0	0	0	0	0	0	0	0	0	0	0	0	0	0	0	0	0	0	0	0	0	0	0	0	0	0	0	0	0	0	0	0	0	0	0	0	0	0
the best machine learning courses						0	0	0	0	0	0	0	0	0	0	0	0	0	0	0	0	0	0	0	0	0	0	0	0	0	0	0	0	0	0	0	0	0	0	0	0	0	0	0	0	0	0	0	0	0	0	0	0
the best udemy machine learning course matla						0	0	0	0	0	0	0	0	0	0	0	0	0	0	0	0	0	0	0	0	0	0	0	0	0	0	0	0	0	0	0	0	0	0	0	0	0	0	0	0	0	0	0	0	0	0	0	0
the complete python course for machine learning engineers downloady						0	0	0	0	0	0	0	0	0	0	0	0	0	0	0	0	0	0	0	0	0	0	0	0	0	0	0	0	0	0	0	0	0	0	0	0	0	0	0	0	0	0	0	0	0	0	0	0
the hundred page language models book hands on with pytorch	110	Medium	40			0	0	0	0	0	0	0	0	0	0	0	0	0	0	0	0	0	0	0	0	0	0	0	0	0	0	0	0	0	0	0	0	0	0	140	320	210	170	140	110	110	90	70	90	90	140	90	50
the machine learning crash course						0	0	0	0	0	0	0	0	0	0	0	0	0	0	0	0	0	0	0	0	0	0	0	0	0	0	0	0	0	0	0	0	0	0	0	0	0	0	0	0	0	0	0	0	0	0	0	0
the most famous machine learning course						0	0	0	0	0	0	0	0	0	0	0	0	0	0	0	0	0	0	0	0	0	0	0	0	0	0	0	0	0	0	0	0	0	0	0	0	0	0	0	0	0	0	0	0	0	0	0	0
the prompt report a systematic survey of prompt engineering techniques	210	Low	3	2.528744	11.313575	0	0	0	0	0	0	0	0	0	0	0	0	0	0	0	0	0	0	0	0	0	0	0	0	0	0	0	0	0	0	0	0	0	0	0	0	110	140	170	210	210	260	260	210	210	260	390	260
tibshirani machine learning course						0	0	0	0	0	0	0	0	0	0	0	0	0	0	0	0	0	0	0	0	0	0	0	0	0	0	0	0	0	0	0	0	0	0	0	0	0	0	0	0	0	0	0	0	0	0	0	0
tixu ai	18100	Low	30	0.53	3.16	0	0	0	0	0	0	0	0	0	0	0	0	0	0	0	0	0	0	0	0	0	0	0	0	0	0	0	0	0	0	0	0	0	0	0	0	0	390	1000	4400	5400	2400	6600	14800	33100	40500	74000	40500
top 10 machine learning courses online						0	0	0	0	0	0	0	0	0	0	0	0	0	0	0	0	0	0	0	0	0	0	0	0	0	0	0	0	0	0	0	0	0	0	0	0	0	0	0	0	0	0	0	0	0	0	0	0
top 10 online machine learning courses						0	0	0	0	0	0	0	0	0	0	0	0	0	0	0	0	0	0	0	0	0	0	0	0	0	0	0	0	0	0	0	0	0	0	0	0	0	0	0	0	0	0	0	0	0	0	0	0
top ai and machine learning courses	10	High	81	0.862286	4.600646	0	0	0	0	0	0	0	0	0	0	0	0	0	0	0	0	0	0	0	0	0	0	0	0	0	0	0	0	0	10	10	10	10	10	20	10	10	10	10	10	20	10	10	10	10	10	10	10
top ai and machine learning courses in us						0	0	0	0	0	0	0	0	0	0	0	0	0	0	0	0	0	0	0	0	0	0	0	0	0	0	0	0	0	0	0	0	0	0	0	0	0	0	0	0	0	0	0	0	0	0	0	0
top ai and machine learning courses online						0	0	0	0	0	0	0	0	0	0	0	0	0	0	0	0	0	0	0	0	0	0	0	0	0	0	0	0	0	0	0	0	0	0	0	0	0	0	0	0	0	0	0	0	0	0	0	0
top alternatives to udemy for machine learning courses						0	0	0	0	0	0	0	0	0	0	0	0	0	0	0	0	0	0	0	0	0	0	0	0	0	0	0	0	0	0	0	0	0	0	0	0	0	0	0	0	0	0	0	0	0	0	0	0
top generative ai and machine learning course						0	0	0	0	0	0	0	0	0	0	0	0	0	0	0	0	0	0	0	0	0	0	0	0	0	0	0	0	0	0	0	0	0	0	0	0	0	0	0	0	0	0	0	0	0	0	0	0
top generative ai and machine learning course in us						0	0	0	0	0	0	0	0	0	0	0	0	0	0	0	0	0	0	0	0	0	0	0	0	0	0	0	0	0	0	0	0	0	0	0	0	0	0	0	0	0	0	0	0	0	0	0	0
top generative ai and machine learning course online						0	0	0	0	0	0	0	0	0	0	0	0	0	0	0	0	0	0	0	0	0	0	0	0	0	0	0	0	0	0	0	0	0	0	0	0	0	0	0	0	0	0	0	0	0	0	0	0
top machine learning course bay area						0	0	0	0	0	0	0	0	0	0	0	0	0	0	0	0	0	0	0	0	0	0	0	0	0	0	0	0	0	0	0	0	0	0	0	0	0	0	0	0	0	0	0	0	0	0	0	0
top machine learning course san francisco						0	0	0	0	0	0	0	0	0	0	0	0	0	0	0	0	0	0	0	0	0	0	0	0	0	0	0	0	0	0	0	0	0	0	0	0	0	0	0	0	0	0	0	0	0	0	0	0
top machine learning courses 2018						0	0	0	0	0	0	0	0	0	0	0	0	0	0	0	0	0	0	0	0	0	0	0	0	0	0	0	0	0	0	0	0	0	0	0	0	0	0	0	0	0	0	0	0	0	0	0	0
top machine learning courses in bangalore						0	0	0	0	0	0	0	0	0	0	0	0	0	0	0	0	0	0	0	0	0	0	0	0	0	0	0	0	0	0	0	0	0	0	0	0	0	0	0	0	0	0	0	0	0	0	0	0
top machine learning courses in hyderabad						0	0	0	0	0	0	0	0	0	0	0	0	0	0	0	0	0	0	0	0	0	0	0	0	0	0	0	0	0	0	0	0	0	0	0	0	0	0	0	0	0	0	0	0	0	0	0	0
top machine learning courses on udemy	10					0	0	0	0	0	0	0	0	0	0	0	0	0	0	0	0	0	0	0	0	10	20	20	20	20	20	20	20	20	10	10	10	10	10	10	10	10	10	10	10	10	10	10	10	10	10	0	0
top machine learning python coursera course						0	0	0	0	0	0	0	0	0	0	0	0	0	0	0	0	0	0	0	0	0	0	0	0	0	0	0	0	0	0	0	0	0	0	0	0	0	0	0	0	0	0	0	0	0	0	0	0
top online courses in machine learning						0	0	0	0	0	0	0	0	0	0	0	0	0	0	0	0	0	0	0	0	0	0	0	0	0	0	0	0	0	0	0	0	0	0	0	0	0	0	0	0	0	0	0	0	0	0	0	0
top paid courses applied machine learning 2025						0	0	0	0	0	0	0	0	0	0	0	0	0	0	0	0	0	0	0	0	0	0	0	0	0	0	0	0	0	0	0	0	0	0	0	0	0	0	0	0	0	0	0	0	0	0	0	0
top rated machine learning courses						0	0	0	0	0	0	0	0	0	0	0	0	0	0	0	0	0	0	0	0	0	0	0	0	0	0	0	0	0	0	0	0	0	0	0	0	0	0	0	0	0	0	0	0	0	0	0	0
top rated online machine learning courses coursera edx udemy						0	0	0	0	0	0	0	0	0	0	0	0	0	0	0	0	0	0	0	0	0	0	0	0	0	0	0	0	0	0	0	0	0	0	0	0	0	0	0	0	0	0	0	0	0	0	0	0
trustworthy machine learning course						0	0	0	0	0	0	0	0	0	0	0	0	0	0	0	0	0	0	0	0	0	0	0	0	0	0	0	0	0	0	0	0	0	0	0	0	0	0	0	0	0	0	0	0	0	0	0	0
tum machine learning course	20	Low	15			0	0	0	0	0	0	0	0	0	0	0	0	0	0	0	0	0	0	0	0	0	0	0	0	0	0	0	0	0	0	0	20	20	10	10	20	20	20	40	20	10	10	10	20	10	10	10	10
uae machine learning courses career development						0	0	0	0	0	0	0	0	0	0	0	0	0	0	0	0	0	0	0	0	0	0	0	0	0	0	0	0	0	0	0	0	0	0	0	0	0	0	0	0	0	0	0	0	0	0	0	0
ualbany machine learning course description						0	0	0	0	0	0	0	0	0	0	0	0	0	0	0	0	0	0	0	0	0	0	0	0	0	0	0	0	0	0	0	0	0	0	0	0	0	0	0	0	0	0	0	0	0	0	0	0
uc berkeley certificate courses machine learning						0	0	0	0	0	0	0	0	0	0	0	0	0	0	0	0	0	0	0	0	0	0	0	0	0	0	0	0	0	0	0	0	0	0	0	0	0	0	0	0	0	0	0	0	0	0	0	0
uc berkeley extension machine learning course						0	0	0	0	0	0	0	0	0	0	0	0	0	0	0	0	0	0	0	0	0	0	0	0	0	0	0	0	0	0	0	0	0	0	0	0	0	0	0	0	0	0	0	0	0	0	0	0
uc berkeley machine learning course spring 2020						0	0	0	0	0	0	0	0	0	0	0	0	0	0	0	0	0	0	0	0	0	0	0	0	0	0	0	0	0	0	0	0	0	0	0	0	0	0	0	0	0	0	0	0	0	0	0	0
uc berkeley machine learning short course						0	0	0	0	0	0	0	0	0	0	0	0	0	0	0	0	0	0	0	0	0	0	0	0	0	0	0	0	0	0	0	0	0	0	0	0	0	0	0	0	0	0	0	0	0	0	0	0
uc davis machine learning courses						0	0	0	0	0	0	0	0	0	0	0	0	0	0	0	0	0	0	0	0	0	0	0	0	0	0	0	0	0	0	0	0	0	0	0	0	0	0	0	0	0	0	0	0	0	0	0	0
uc irvine machine learning course						0	0	0	0	0	0	0	0	0	0	0	0	0	0	0	0	0	0	0	0	0	0	0	0	0	0	0	0	0	0	0	0	0	0	0	0	0	0	0	0	0	0	0	0	0	0	0	0
ucb machine learning course						0	0	0	0	0	0	0	0	0	0	0	0	0	0	0	0	0	0	0	0	0	0	0	0	0	0	0	0	0	0	0	0	0	0	0	0	0	0	0	0	0	0	0	0	0	0	0	0
ucf machine learning course						0	0	0	0	0	0	0	0	0	0	0	0	0	0	0	0	0	0	0	0	0	0	0	0	0	0	0	0	0	0	0	0	0	0	0	0	0	0	0	0	0	0	0	0	0	0	0	0
ucla course hero neural signal processing and machine learning						0	0	0	0	0	0	0	0	0	0	0	0	0	0	0	0	0	0	0	0	0	0	0	0	0	0	0	0	0	0	0	0	0	0	0	0	0	0	0	0	0	0	0	0	0	0	0	0
uconn machine learning course						0	0	0	0	0	0	0	0	0	0	0	0	0	0	0	0	0	0	0	0	0	0	0	0	0	0	0	0	0	0	0	0	0	0	0	0	0	0	0	0	0	0	0	0	0	0	0	0
ucsb online courses machine learning						0	0	0	0	0	0	0	0	0	0	0	0	0	0	0	0	0	0	0	0	0	0	0	0	0	0	0	0	0	0	0	0	0	0	0	0	0	0	0	0	0	0	0	0	0	0	0	0
ucsd cogs machine learning courses						0	0	0	0	0	0	0	0	0	0	0	0	0	0	0	0	0	0	0	0	0	0	0	0	0	0	0	0	0	0	0	0	0	0	0	0	0	0	0	0	0	0	0	0	0	0	0	0
ucsd cse machine learning courses						0	0	0	0	0	0	0	0	0	0	0	0	0	0	0	0	0	0	0	0	0	0	0	0	0	0	0	0	0	0	0	0	0	0	0	0	0	0	0	0	0	0	0	0	0	0	0	0
ucsd machine learning course catlog						0	0	0	0	0	0	0	0	0	0	0	0	0	0	0	0	0	0	0	0	0	0	0	0	0	0	0	0	0	0	0	0	0	0	0	0	0	0	0	0	0	0	0	0	0	0	0	0
ucsd machine learning course electrical engineering						0	0	0	0	0	0	0	0	0	0	0	0	0	0	0	0	0	0	0	0	0	0	0	0	0	0	0	0	0	0	0	0	0	0	0	0	0	0	0	0	0	0	0	0	0	0	0	0
ucsd machine learning course for math						0	0	0	0	0	0	0	0	0	0	0	0	0	0	0	0	0	0	0	0	0	0	0	0	0	0	0	0	0	0	0	0	0	0	0	0	0	0	0	0	0	0	0	0	0	0	0	0
ucsf machine learning course						0	0	0	0	0	0	0	0	0	0	0	0	0	0	0	0	0	0	0	0	0	0	0	0	0	0	0	0	0	0	0	0	0	0	0	0	0	0	0	0	0	0	0	0	0	0	0	0
ucsf machine learning course schedule						0	0	0	0	0	0	0	0	0	0	0	0	0	0	0	0	0	0	0	0	0	0	0	0	0	0	0	0	0	0	0	0	0	0	0	0	0	0	0	0	0	0	0	0	0	0	0	0
ucsf machine learning course schedule jeremy howard						0	0	0	0	0	0	0	0	0	0	0	0	0	0	0	0	0	0	0	0	0	0	0	0	0	0	0	0	0	0	0	0	0	0	0	0	0	0	0	0	0	0	0	0	0	0	0	0
udacity intro to machine learning course						0	0	0	0	0	0	0	0	0	0	0	0	0	0	0	0	0	0	0	0	0	0	0	0	0	0	0	0	0	0	0	0	0	0	0	0	0	0	0	0	0	0	0	0	0	0	0	0
udacity intro to machine learning with pytorch course						0	0	0	0	0	0	0	0	0	0	0	0	0	0	0	0	0	0	0	0	0	0	0	0	0	0	0	0	0	0	0	0	0	0	0	0	0	0	0	0	0	0	0	0	0	0	0	0
udacity introduction to machine learning course						0	0	0	0	0	0	0	0	0	0	0	0	0	0	0	0	0	0	0	0	0	0	0	0	0	0	0	0	0	0	0	0	0	0	0	0	0	0	0	0	0	0	0	0	0	0	0	0
udacity machine learning course fee						0	0	0	0	0	0	0	0	0	0	0	0	0	0	0	0	0	0	0	0	0	0	0	0	0	0	0	0	0	0	0	0	0	0	0	0	0	0	0	0	0	0	0	0	0	0	0	0
udacity machine learning courses for students						0	0	0	0	0	0	0	0	0	0	0	0	0	0	0	0	0	0	0	0	0	0	0	0	0	0	0	0	0	0	0	0	0	0	0	0	0	0	0	0	0	0	0	0	0	0	0	0
udacity machine learning nanodegree course list						0	0	0	0	0	0	0	0	0	0	0	0	0	0	0	0	0	0	0	0	0	0	0	0	0	0	0	0	0	0	0	0	0	0	0	0	0	0	0	0	0	0	0	0	0	0	0	0
udemy best machine learning course for beginners						0	0	0	0	0	0	0	0	0	0	0	0	0	0	0	0	0	0	0	0	0	0	0	0	0	0	0	0	0	0	0	0	0	0	0	0	0	0	0	0	0	0	0	0	0	0	0	0
udemy best machine learning courses 2026						0	0	0	0	0	0	0	0	0	0	0	0	0	0	0	0	0	0	0	0	0	0	0	0	0	0	0	0	0	0	0	0	0	0	0	0	0	0	0	0	0	0	0	0	0	0	0	0
udemy machine learning course review quora						0	0	0	0	0	0	0	0	0	0	0	0	0	0	0	0	0	0	0	0	0	0	0	0	0	0	0	0	0	0	0	0	0	0	0	0	0	0	0	0	0	0	0	0	0	0	0	0
udemy vs coursera machine learning courses						0	0	0	0	0	0	0	0	0	0	0	0	0	0	0	0	0	0	0	0	0	0	0	0	0	0	0	0	0	0	0	0	0	0	0	0	0	0	0	0	0	0	0	0	0	0	0	0
udemy vs coursera machine learning courses comparison						0	0	0	0	0	0	0	0	0	0	0	0	0	0	0	0	0	0	0	0	0	0	0	0	0	0	0	0	0	0	0	0	0	0	0	0	0	0	0	0	0	0	0	0	0	0	0	0
uf machine learning course						0	0	0	0	0	0	0	0	0	0	0	0	0	0	0	0	0	0	0	0	0	0	0	0	0	0	0	0	0	0	0	0	0	0	0	0	0	0	0	0	0	0	0	0	0	0	0	0
ufldl machine learning course						0	0	0	0	0	0	0	0	0	0	0	0	0	0	0	0	0	0	0	0	0	0	0	0	0	0	0	0	0	0	0	0	0	0	0	0	0	0	0	0	0	0	0	0	0	0	0	0
uic machine learning course						0	0	0	0	0	0	0	0	0	0	0	0	0	0	0	0	0	0	0	0	0	0	0	0	0	0	0	0	0	0	0	0	0	0	0	0	0	0	0	0	0	0	0	0	0	0	0	0
umass lowell machine learning course						0	0	0	0	0	0	0	0	0	0	0	0	0	0	0	0	0	0	0	0	0	0	0	0	0	0	0	0	0	0	0	0	0	0	0	0	0	0	0	0	0	0	0	0	0	0	0	0
umd machine learning course						0	0	0	0	0	0	0	0	0	0	0	0	0	0	0	0	0	0	0	0	0	0	0	0	0	0	0	0	0	0	0	0	0	0	0	0	0	0	0	0	0	0	0	0	0	0	0	0
umich machine learning courses	20	Low	27			20	20	20	10	10	20	20	20	20	10	20	10	10	10	10	10	10	10	10	10	10	20	40	30	50	20	30	20	20	20	70	170	50	10	20	10	10	10	10	10	10	20	10	20	20	10	20	10
uml machine learning course page						0	0	0	0	0	0	0	0	0	0	0	0	0	0	0	0	0	0	0	0	0	0	0	0	0	0	0	0	0	0	0	0	0	0	0	0	0	0	0	0	0	0	0	0	0	0	0	0
umn machine learning course						0	0	0	0	0	0	0	0	0	0	0	0	0	0	0	0	0	0	0	0	0	0	0	0	0	0	0	0	0	0	0	0	0	0	0	0	0	0	0	0	0	0	0	0	0	0	0	0
unc machine learning course cost						0	0	0	0	0	0	0	0	0	0	0	0	0	0	0	0	0	0	0	0	0	0	0	0	0	0	0	0	0	0	0	0	0	0	0	0	0	0	0	0	0	0	0	0	0	0	0	0
undergraduate courses needed for machine learning						0	0	0	0	0	0	0	0	0	0	0	0	0	0	0	0	0	0	0	0	0	0	0	0	0	0	0	0	0	0	0	0	0	0	0	0	0	0	0	0	0	0	0	0	0	0	0	0
undergraduate machine learning course						0	0	0	0	0	0	0	0	0	0	0	0	0	0	0	0	0	0	0	0	0	0	0	0	0	0	0	0	0	0	0	0	0	0	0	0	0	0	0	0	0	0	0	0	0	0	0	0
understanding machine learning course						0	0	0	0	0	0	0	0	0	0	0	0	0	0	0	0	0	0	0	0	0	0	0	0	0	0	0	0	0	0	0	0	0	0	0	0	0	0	0	0	0	0	0	0	0	0	0	0
understanding machine learning course website						0	0	0	0	0	0	0	0	0	0	0	0	0	0	0	0	0	0	0	0	0	0	0	0	0	0	0	0	0	0	0	0	0	0	0	0	0	0	0	0	0	0	0	0	0	0	0	0
unity machine learning obstacle course challenge						0	0	0	0	0	0	0	0	0	0	0	0	0	0	0	0	0	0	0	0	0	0	0	0	0	0	0	0	0	0	0	0	0	0	0	0	0	0	0	0	0	0	0	0	0	0	0	0
univeristy good with machine learning courses						0	0	0	0	0	0	0	0	0	0	0	0	0	0	0	0	0	0	0	0	0	0	0	0	0	0	0	0	0	0	0	0	0	0	0	0	0	0	0	0	0	0	0	0	0	0	0	0
university of alberta machine learning course						0	0	0	0	0	0	0	0	0	0	0	0	0	0	0	0	0	0	0	0	0	0	0	0	0	0	0	0	0	0	0	0	0	0	0	0	0	0	0	0	0	0	0	0	0	0	0	0
university of amsterdam machine learning course						0	0	0	0	0	0	0	0	0	0	0	0	0	0	0	0	0	0	0	0	0	0	0	0	0	0	0	0	0	0	0	0	0	0	0	0	0	0	0	0	0	0	0	0	0	0	0	0
university of calgary machine learning courses						0	0	0	0	0	0	0	0	0	0	0	0	0	0	0	0	0	0	0	0	0	0	0	0	0	0	0	0	0	0	0	0	0	0	0	0	0	0	0	0	0	0	0	0	0	0	0	0
university of helsinki machine learning course						0	0	0	0	0	0	0	0	0	0	0	0	0	0	0	0	0	0	0	0	0	0	0	0	0	0	0	0	0	0	0	0	0	0	0	0	0	0	0	0	0	0	0	0	0	0	0	0
university of illinois at chicago machine learning course						0	0	0	0	0	0	0	0	0	0	0	0	0	0	0	0	0	0	0	0	0	0	0	0	0	0	0	0	0	0	0	0	0	0	0	0	0	0	0	0	0	0	0	0	0	0	0	0
university of toronto machine learning courses						0	0	0	0	0	0	0	0	0	0	0	0	0	0	0	0	0	0	0	0	0	0	0	0	0	0	0	0	0	0	0	0	0	0	0	0	0	0	0	0	0	0	0	0	0	0	0	0
university of waterloo machine learning course						0	0	0	0	0	0	0	0	0	0	0	0	0	0	0	0	0	0	0	0	0	0	0	0	0	0	0	0	0	0	0	0	0	0	0	0	0	0	0	0	0	0	0	0	0	0	0	0
university of waterloo machine learning courses						0	0	0	0	0	0	0	0	0	0	0	0	0	0	0	0	0	0	0	0	0	0	0	0	0	0	0	0	0	0	0	0	0	0	0	0	0	0	0	0	0	0	0	0	0	0	0	0
unsw machine learning course						0	0	0	0	0	0	0	0	0	0	0	0	0	0	0	0	0	0	0	0	0	0	0	0	0	0	0	0	0	0	0	0	0	0	0	0	0	0	0	0	0	0	0	0	0	0	0	0
upenn machine learning course						0	0	0	0	0	0	0	0	0	0	0	0	0	0	0	0	0	0	0	0	0	0	0	0	0	0	0	0	0	0	0	0	0	0	0	0	0	0	0	0	0	0	0	0	0	0	0	0
upenn machine learning course spring 2018						0	0	0	0	0	0	0	0	0	0	0	0	0	0	0	0	0	0	0	0	0	0	0	0	0	0	0	0	0	0	0	0	0	0	0	0	0	0	0	0	0	0	0	0	0	0	0	0
uq machine learning course						0	0	0	0	0	0	0	0	0	0	0	0	0	0	0	0	0	0	0	0	0	0	0	0	0	0	0	0	0	0	0	0	0	0	0	0	0	0	0	0	0	0	0	0	0	0	0	0
usc machine learning courses						0	0	0	0	0	0	0	0	0	0	0	0	0	0	0	0	0	0	0	0	0	0	0	0	0	0	0	0	0	0	0	0	0	0	0	0	0	0	0	0	0	0	0	0	0	0	0	0
usf machine learning course						0	0	0	0	0	0	0	0	0	0	0	0	0	0	0	0	0	0	0	0	0	0	0	0	0	0	0	0	0	0	0	0	0	0	0	0	0	0	0	0	0	0	0	0	0	0	0	0
using machine learning to automate grading in introductory statistics courses						0	0	0	0	0	0	0	0	0	0	0	0	0	0	0	0	0	0	0	0	0	0	0	0	0	0	0	0	0	0	0	0	0	0	0	0	0	0	0	0	0	0	0	0	0	0	0	0
ut dallas machine learning course						0	0	0	0	0	0	0	0	0	0	0	0	0	0	0	0	0	0	0	0	0	0	0	0	0	0	0	0	0	0	0	0	0	0	0	0	0	0	0	0	0	0	0	0	0	0	0	0
ut machine learning courses						0	0	0	0	0	0	0	0	0	0	0	0	0	0	0	0	0	0	0	0	0	0	0	0	0	0	0	0	0	0	0	0	0	0	0	0	0	0	0	0	0	0	0	0	0	0	0	0
ut machine learning courses sds						0	0	0	0	0	0	0	0	0	0	0	0	0	0	0	0	0	0	0	0	0	0	0	0	0	0	0	0	0	0	0	0	0	0	0	0	0	0	0	0	0	0	0	0	0	0	0	0
uta heng huang machine learning course content						0	0	0	0	0	0	0	0	0	0	0	0	0	0	0	0	0	0	0	0	0	0	0	0	0	0	0	0	0	0	0	0	0	0	0	0	0	0	0	0	0	0	0	0	0	0	0	0
utd course catalog machine learning						0	0	0	0	0	0	0	0	0	0	0	0	0	0	0	0	0	0	0	0	0	0	0	0	0	0	0	0	0	0	0	0	0	0	0	0	0	0	0	0	0	0	0	0	0	0	0	0
utd course catalog machine learning 6375						0	0	0	0	0	0	0	0	0	0	0	0	0	0	0	0	0	0	0	0	0	0	0	0	0	0	0	0	0	0	0	0	0	0	0	0	0	0	0	0	0	0	0	0	0	0	0	0
utd machine learning course	10	Medium	46			0	0	0	0	0	0	0	0	0	0	0	0	0	0	0	0	0	0	0	0	0	10	20	10	10	10	20	10	10	20	10	10	10	10	10	10	10	10	10	10	10	10	10	10	10	10	10	10
utsw machine learning course						0	0	0	0	0	0	0	0	0	0	0	0	0	0	0	0	0	0	0	0	0	0	0	0	0	0	0	0	0	0	0	0	0	0	0	0	0	0	0	0	0	0	0	0	0	0	0	0
uva machine learning course						0	0	0	0	0	0	0	0	0	0	0	0	0	0	0	0	0	0	0	0	0	0	0	0	0	0	0	0	0	0	0	0	0	0	0	0	0	0	0	0	0	0	0	0	0	0	0	0
uw machine learning course difficult						0	0	0	0	0	0	0	0	0	0	0	0	0	0	0	0	0	0	0	0	0	0	0	0	0	0	0	0	0	0	0	0	0	0	0	0	0	0	0	0	0	0	0	0	0	0	0	0
uw machine learning courses						0	0	0	0	0	0	0	0	0	0	0	0	0	0	0	0	0	0	0	0	0	0	0	0	0	0	0	0	0	0	0	0	0	0	0	0	0	0	0	0	0	0	0	0	0	0	0	0
uw madison machine learning course						0	0	0	0	0	0	0	0	0	0	0	0	0	0	0	0	0	0	0	0	0	0	0	0	0	0	0	0	0	0	0	0	0	0	0	0	0	0	0	0	0	0	0	0	0	0	0	0
uwaterloo machine learning courses						0	0	0	0	0	0	0	0	0	0	0	0	0	0	0	0	0	0	0	0	0	0	0	0	0	0	0	0	0	0	0	0	0	0	0	0	0	0	0	0	0	0	0	0	0	0	0	0
veritas ai research program	10	Low	26	0.75	2.558635	0	0	0	0	0	0	0	0	0	0	0	0	0	0	0	0	0	0	0	0	0	0	0	0	0	0	0	0	0	0	0	0	0	0	0	0	0	0	0	0	0	0	10	30	10	20	20	10
virginia tech machine learning course						0	0	0	0	0	0	0	0	0	0	0	0	0	0	0	0	0	0	0	0	0	0	0	0	0	0	0	0	0	0	0	0	0	0	0	0	0	0	0	0	0	0	0	0	0	0	0	0
weka machine learning course						0	0	0	0	0	0	0	0	0	0	0	0	0	0	0	0	0	0	0	0	0	0	0	0	0	0	0	0	0	0	0	0	0	0	0	0	0	0	0	0	0	0	0	0	0	0	0	0
wgu machine learning course						0	0	0	0	0	0	0	0	0	0	0	0	0	0	0	0	0	0	0	0	0	0	0	0	0	0	0	0	0	0	0	0	0	0	0	0	0	0	0	0	0	0	0	0	0	0	0	0
wgu machine learning course computer science						0	0	0	0	0	0	0	0	0	0	0	0	0	0	0	0	0	0	0	0	0	0	0	0	0	0	0	0	0	0	0	0	0	0	0	0	0	0	0	0	0	0	0	0	0	0	0	0
what are the best machine learning courses online						0	0	0	0	0	0	0	0	0	0	0	0	0	0	0	0	0	0	0	0	0	0	0	0	0	0	0	0	0	0	0	0	0	0	0	0	0	0	0	0	0	0	0	0	0	0	0	0
what is the best statistics probability course for machine learning						0	0	0	0	0	0	0	0	0	0	0	0	0	0	0	0	0	0	0	0	0	0	0	0	0	0	0	0	0	0	0	0	0	0	0	0	0	0	0	0	0	0	0	0	0	0	0	0
whats the best course to learn machine learning						0	0	0	0	0	0	0	0	0	0	0	0	0	0	0	0	0	0	0	0	0	0	0	0	0	0	0	0	0	0	0	0	0	0	0	0	0	0	0	0	0	0	0	0	0	0	0	0
which basic courses i need to do for machine learning						0	0	0	0	0	0	0	0	0	0	0	0	0	0	0	0	0	0	0	0	0	0	0	0	0	0	0	0	0	0	0	0	0	0	0	0	0	0	0	0	0	0	0	0	0	0	0	0
which computer science course is best for machine learning						0	0	0	0	0	0	0	0	0	0	0	0	0	0	0	0	0	0	0	0	0	0	0	0	0	0	0	0	0	0	0	0	0	0	0	0	0	0	0	0	0	0	0	0	0	0	0	0
which course is best for ai and machine learning	30	Medium	61	0.42967	2.699505	0	0	0	0	0	0	0	0	0	0	0	0	0	0	0	0	0	0	0	0	0	0	0	40	50	50	70	50	30	30	30	20	20	10	10	10	20	10	20	40	40	40	30	30	30	30	40	40
which course to take first machine learning or deep learning						0	0	0	0	0	0	0	0	0	0	0	0	0	0	0	0	0	0	0	0	0	0	0	0	0	0	0	0	0	0	0	0	0	0	0	0	0	0	0	0	0	0	0	0	0	0	0	0
which machine learning course is best for odds						0	0	0	0	0	0	0	0	0	0	0	0	0	0	0	0	0	0	0	0	0	0	0	0	0	0	0	0	0	0	0	0	0	0	0	0	0	0	0	0	0	0	0	0	0	0	0	0
which machine learning course is best for predictions						0	0	0	0	0	0	0	0	0	0	0	0	0	0	0	0	0	0	0	0	0	0	0	0	0	0	0	0	0	0	0	0	0	0	0	0	0	0	0	0	0	0	0	0	0	0	0	0
which university machine learning online course best						0	0	0	0	0	0	0	0	0	0	0	0	0	0	0	0	0	0	0	0	0	0	0	0	0	0	0	0	0	0	0	0	0	0	0	0	0	0	0	0	0	0	0	0	0	0	0	0
wilmott machine learning course						0	0	0	0	0	0	0	0	0	0	0	0	0	0	0	0	0	0	0	0	0	0	0	0	0	0	0	0	0	0	0	0	0	0	0	0	0	0	0	0	0	0	0	0	0	0	0	0
winter python course and bi boston machine learning						0	0	0	0	0	0	0	0	0	0	0	0	0	0	0	0	0	0	0	0	0	0	0	0	0	0	0	0	0	0	0	0	0	0	0	0	0	0	0	0	0	0	0	0	0	0	0	0
wscube tech machine learning course review						0	0	0	0	0	0	0	0	0	0	0	0	0	0	0	0	0	0	0	0	0	0	0	0	0	0	0	0	0	0	0	0	0	0	0	0	0	0	0	0	0	0	0	0	0	0	0	0
wustl courses intro to machine learning						0	0	0	0	0	0	0	0	0	0	0	0	0	0	0	0	0	0	0	0	0	0	0	0	0	0	0	0	0	0	0	0	0	0	0	0	0	0	0	0	0	0	0	0	0	0	0	0
yale courses machine learning						0	0	0	0	0	0	0	0	0	0	0	0	0	0	0	0	0	0	0	0	0	0	0	0	0	0	0	0	0	0	0	0	0	0	0	0	0	0	0	0	0	0	0	0	0	0	0	0
yale machine learning course						0	0	0	0	0	0	0	0	0	0	0	0	0	0	0	0	0	0	0	0	0	0	0	0	0	0	0	0	0	0	0	0	0	0	0	0	0	0	0	0	0	0	0	0	0	0	0	0
zero to mastery machine learning course						0	0	0	0	0	0	0	0	0	0	0	0	0	0	0	0	0	0	0	0	0	0	0	0	0	0	0	0	0	0	0	0	0	0	0	0	0	0	0	0	0	0	0	0	0	0	0	0
zoo dev text to cad	2900	Low	11	0.194956	2.868265	0	0	0	0	0	0	0	0	0	0	0	0	0	0	0	0	0	0	0	0	0	0	0	0	0	0	0	0	50	20	20	20	20	20	1000	27100	5400	6600	4400	2400	2400	1900	2400	1900	2900	1600	1300	1300
