Day,t_Clicks_OptCost,t_Clicks_ActCost,tm1_Clicks_OptCost,Actual_Clicks,Opt_Cost,Act_Cost,Hist_MSE,Hist_R2,Hist_Bias,Day_MSE,Day_R2,Day_Bias,N_Obs,N_Opt,SlurmJobId,SlurmArrayTaskId,x_max,alpha
2025-12-02,48.370079040527344,228.93316650390625,333.08787788018424,292.0,399.77085672954234,350.34000000000003,5.263859272003174,0.9604615569114685,-0.0019330754936824764,0.2018638253211975,0.9991461634635925,-0.0862741470336914,32,173,8173218,1,5.0,0.15
