Day,t_Clicks_OptCost,t_Clicks_ActCost,tm1_Clicks_OptCost,Actual_Clicks,Opt_Cost,Act_Cost,Hist_MSE,Hist_R2,Hist_Bias,Day_MSE,Day_R2,Day_Bias,N_Obs,N_Opt,SlurmJobId,SlurmArrayTaskId,x_max,alpha
2025-12-28,315.23321533203125,230.87679290771484,394.3918891587316,309.0,399.8783298310478,338.32,7.494844436645508,0.9485574960708618,-0.0011653303931305047,0.08515597879886627,0.9995026588439941,-0.03908027159540277,38,134,8173555,27,5.0,0.15
