Day,t_Clicks_OptCost,t_Clicks_ActCost,tm1_Clicks_OptCost,Actual_Clicks,Opt_Cost,Act_Cost,Hist_MSE,Hist_R2,Hist_Bias,Day_MSE,Day_R2,Day_Bias,N_Obs,N_Opt,SlurmJobId,SlurmArrayTaskId,x_max,alpha
2025-12-11,126.95481872558594,158.53372955322266,420.1633816693876,218.0,399.99999999999943,227.73,7.10622501373291,0.9521609544754028,-0.001646549396571659,0.11442513018846512,0.9987303018569946,-0.0628469399043492,35,186,8173291,10,5.0,0.15
