Day,t_Clicks_OptCost,t_Clicks_ActCost,tm1_Clicks_OptCost,Actual_Clicks,Opt_Cost,Act_Cost,Hist_MSE,Hist_R2,Hist_Bias,Day_MSE,Day_R2,Day_Bias,N_Obs,N_Opt,SlurmJobId,SlurmArrayTaskId,x_max,alpha
2025-12-01,271.74676513671875,270.7044143676758,373.892644492232,322.0,399.9211036442884,355.41,6.1103291511535645,0.9539635181427002,-0.002251170379914231,0.31627070903778076,0.9989595413208008,-0.10453353389616936,31,160,8173217,0,5.0,0.15
