Day,t_Clicks_OptCost,t_Clicks_ActCost,tm1_Clicks_OptCost,Actual_Clicks,Opt_Cost,Act_Cost,Hist_MSE,Hist_R2,Hist_Bias,Day_MSE,Day_R2,Day_Bias,N_Obs,N_Opt,SlurmJobId,SlurmArrayTaskId,x_max,alpha
2025-12-21,107.77497100830078,224.799072265625,318.7774812958802,270.0,399.9649033327924,340.28000000000003,6.956490993499756,0.9514049887657166,-0.0001329508641787657,0.12477037310600281,0.999349057674408,-0.05675015739492468,37,186,8173460,20,5.0,0.15
