Day,t_Clicks_OptCost,t_Clicks_ActCost,tm1_Clicks_OptCost,Actual_Clicks,Opt_Cost,Act_Cost,Hist_MSE,Hist_R2,Hist_Bias,Day_MSE,Day_R2,Day_Bias,N_Obs,N_Opt,SlurmJobId,SlurmArrayTaskId,x_max,alpha
2025-12-13,232.95352172851562,235.0763702392578,338.8713008905262,325.0,399.99999999999955,450.57,6.441049098968506,0.9534739851951599,-0.00021521377790722964,0.23128117620944977,0.9988805055618286,-0.06823620024849386,34,171,8173326,12,5.0,0.15
