Day,t_Clicks_OptCost,t_Clicks_ActCost,tm1_Clicks_OptCost,Actual_Clicks,Opt_Cost,Act_Cost,Hist_MSE,Hist_R2,Hist_Bias,Day_MSE,Day_R2,Day_Bias,N_Obs,N_Opt,SlurmJobId,SlurmArrayTaskId,x_max,alpha
2025-12-14,286.17279052734375,286.40231704711914,316.8893990760939,353.0,399.9209541380268,524.29,7.274457931518555,0.9510093927383423,-0.001132052028878437,0.17779068648815155,0.9992941617965698,-0.07039937759057069,39,205,8173384,13,5.0,0.15
