Day,t_Clicks_OptCost,t_Clicks_ActCost,tm1_Clicks_OptCost,Actual_Clicks,Opt_Cost,Act_Cost,Hist_MSE,Hist_R2,Hist_Bias,Day_MSE,Day_R2,Day_Bias,N_Obs,N_Opt,SlurmJobId,SlurmArrayTaskId,x_max,alpha
2025-12-29,43.123809814453125,212.67302703857422,425.2179237806055,302.0,399.9499463154266,329.52,6.907710075378418,0.9532703161239624,-0.00048178130030383093,0.17193777859210968,0.9990757703781128,-0.07512669685559395,39,166,8173567,28,5.0,0.15
