Search keyword,Search keyword match type,Search term,Conversion action,Conversions
.mit courses,Broad,aerospace engineering mit,SysEng - Add to cart - iDimension,0.66
.mit courses,Broad,massachusetts institute of technology,SysEng - Add to cart - iDimension,1.00
.mit courses,Broad,mit,SysEng - Add to cart - iDimension,1.00
.mit courses,Broad,mit xpro,Purchase,1.72
.mit courses,Broad,mit xpro,SysEng - Add to cart - iDimension,2.26
.mit courses,Broad,mit xpro promotional code,Purchase,0.05
.mit courses,Broad,mit xpro promotional code,SysEng - Add to cart - iDimension,0.25
.mit courses,Broad,mitcourses,SysEng - Add to cart - iDimension,1.00
.mit courses,Broad,mitxpro,Purchase,0.40
.mit courses,Broad,mitxpro,SysEng - Add to cart - iDimension,1.25
AutomaticContent,Broad,model based systems engineering,SysEng - Add to cart - iDimension,1.00
INCOSE systems engineering course,Phrase,asep certification incose,SysEng - Add to cart - iDimension,1.00
INCOSE systems engineering course,Phrase,asep certification incose,idimension - account create,1.00
MBSE online training,Exact,mbse certification course,idimension - account create,1.00
MIT architecture and systems engineering,Exact,mit architecture of complex systems,SysEng - Add to cart - iDimension,0.50
MIT architecture and systems engineering,Exact,mit architecture of complex systems,idimension - account create,0.50
MIT architecture and systems engineering,Exact,mit pro x,SysEng - Add to cart - iDimension,1.00
MIT architecture and systems engineering,Exact,mit xpro,idimension - account create,3.00
MIT engineering certificate program,Exact,mit engineering program,idimension - account create,1.00
MIT online certificate engineering,Exact,mit engineering online courses,idimension - account create,2.00
MIT professional development certificate,Exact,mit certificate programs,SysEng - Add to cart - iDimension,1.00
MIT professional development certificate,Exact,mit certificate programs,idimension - account create,3.00
MIT professional development certificate,Exact,mit certification courses,idimension - account create,2.00
MIT professional development certificate,Exact,mit professional certificate,SysEng - Add to cart - iDimension,1.00
MIT professional development certificate,Exact,mit xpro certificate,SysEng - Add to cart - iDimension,1.00
MIT professional development certificate,Exact,mit xpro certificate,idimension - account create,1.00
MIT professional development certificate,Exact,mit certification,idimension - account create,1.00
MIT professional development certificate,Exact,mit certificate programs,SysEng - Add to cart - iDimension,0.50
MIT professional development certificate,Exact,mit certificate programs,idimension - account create,0.50
MIT professional development certificate,Exact,mit certificate courses,idimension - account create,2.00
MIT professional development certificate,Exact,mit certification,idimension - account create,1.00
MIT systems engineering course,Exact,mit systems engineering course,idimension - account create,1.00
MIT systems engineering course,Exact,mit systems engineering course,idimension - account create,1.00
MIT systems engineering course,Exact,mit degree online,idimension - account create,1.00
Mbse certificate,Exact,model based system engineering course,SysEng - Add to cart - iDimension,1.00
Mbse certificate,Broad,mbse,SysEng - Add to cart - iDimension,2.09
Mbse certificate,Exact,mbse certificate,SysEng - Add to cart - iDimension,0.02
Mbse certificate,Exact,mbse certification,SysEng - Add to cart - iDimension,1.46
Mbse certificate,Exact,mbse certification online,SysEng - Add to cart - iDimension,1.00
Mbse certificate,Phrase,mbse certification,SysEng - Add to cart - iDimension,0.02
Mbse certificate,Broad,sysml certification,SysEng - Add to cart - iDimension,1.03
Mit architecture course,Exact,mit system architecture,Purchase,1.00
Mit architecture course,Exact,mit system architecture,SysEng - Add to cart - iDimension,1.00
System engineering Training,Broad,mit online courses,SysEng - Add to cart - iDimension,1.00
System engineering Training,Broad,mit systems engineering course,SysEng - Add to cart - iDimension,0.04
System engineering Training,Broad,product systems engineering,SysEng - Add to cart - iDimension,1.00
System engineering Training,Broad,systems engineering master's programs,SysEng - Add to cart - iDimension,0.30
System engineering Training,Broad,systems engineering training,Purchase,1.00
System engineering Training,Broad,systems engineering training,SysEng - Add to cart - iDimension,5.00
System engineering Training,Phrase,mit xpro architecture and systems engineering,Purchase,1.00
System engineering Training,Phrase,mit xpro architecture and systems engineering,SysEng - Add to cart - iDimension,2.00
System engineering Training,Phrase,mit xpro systems engineering,SysEng - Add to cart - iDimension,0.89
System engineering Training,Exact,systems engineering course,SysEng - Add to cart - iDimension,0.83
System engineering Training,Broad,architecture and system engineering,SysEng - Add to cart - iDimension,0.50
System engineering Training,Broad,propulsion course,SysEng - Add to cart - iDimension,1.00
System engineering Training,Broad,quantitative methods in systems engineering,SysEng - Add to cart - iDimension,3.00
System engineering Training,Broad,system engineering training courses,SysEng - Add to cart - iDimension,1.00
System engineering Training,Broad,systems engineering training,SysEng - Add to cart - iDimension,0.28
System engineering Training,Broad,systems engineering v model,Purchase,1.00
System engineering Training,Broad,systems engineering v model,SysEng - Add to cart - iDimension,1.00
System engineering Training,Phrase,architecture and systems engineering models and methods to manage complex systems,SysEng - Add to cart - iDimension,1.39
System engineering Training,Phrase,masters in systems engineering,SysEng - Add to cart - iDimension,0.30
System engineering Training,Phrase,scada systems training,SysEng - Add to cart - iDimension,1.00
System engineering Training,Phrase,system engineering training,SysEng - Add to cart - iDimension,3.50
System engineering Training,Phrase,systems engineering training,SysEng - Add to cart - iDimension,3.00
System engineering Training,Phrase,university of michigan systems engineering,SysEng - Add to cart - iDimension,1.12
System engineering Training,Phrase,colorado state university systems engineering,SysEng - Add to cart - iDimension,1.00
System engineering Training,Phrase,fundamentals of systems engineering,SysEng - Add to cart - iDimension,0.33
System engineering Training,Phrase,systems engineering short courses,SysEng - Add to cart - iDimension,1.00
System engineering Training,Exact,system engineering training,SysEng - Add to cart - iDimension,0.52
System engineering Training,Exact,systems engineering courses,SysEng - Add to cart - iDimension,1.00
System engineering Training,Exact,systems engineering training,SysEng - Add to cart - iDimension,2.00
System engineering Training,Phrase,embedded systems degree,idimension - account create,1.00
System engineering Training,Phrase,systems engineering masters,SysEng - Add to cart - iDimension,1.00
System engineering Training,Phrase,systems engineering masters,idimension - account create,1.00
System engineering Training,Phrase,masters degree in systems engineering,Purchase,1.00
System engineering Training,Phrase,masters degree in systems engineering,SysEng - Add to cart - iDimension,2.00
System engineering Training,Phrase,masters degree in systems engineering,idimension - account create,1.00
System engineering Training,Phrase,system engineering master,Purchase,0.25
System engineering Training,Phrase,system engineering master,SysEng - Add to cart - iDimension,0.50
System engineering Training,Phrase,system engineering master,idimension - account create,0.50
System engineering Training,Phrase,best free online embedded systems course with certificate,idimension - account create,0.33
System engineering Training,Phrase,complex system engineering and management,SysEng - Add to cart - iDimension,4.00
System engineering Training,Phrase,complex system engineering and management,idimension - account create,1.00
System engineering Training,Phrase,free embedded systems course,idimension - account create,1.00
System engineering Training,Exact,systems engineering training,SysEng - Add to cart - iDimension,3.00
System engineering Training,Phrase,best system design course,SysEng - Add to cart - iDimension,0.50
System engineering Training,Phrase,best system design course,idimension - account create,0.50
System engineering Training,Phrase,master in systems engineering,SysEng - Add to cart - iDimension,0.50
System engineering Training,Phrase,systems engineering degree online,SysEng - Add to cart - iDimension,1.00
System engineering Training,Phrase,masters degree online systems engineering,SysEng - Add to cart - iDimension,1.00
System engineering Training,Phrase,best system design course,idimension - account create,1.00
System engineering Training,Phrase,coursera control systems,idimension - account create,0.50
System engineering Training,Phrase,system design courses,idimension - account create,1.00
System engineering Training,Phrase,edx systems thinking,Purchase,1.00
System engineering Training,Phrase,edx systems thinking,SysEng - Add to cart - iDimension,1.00
System engineering Training,Phrase,edx systems thinking,idimension - account create,1.00
System engineering Training,Phrase,mit distributed systems course,SysEng - Add to cart - iDimension,0.99
System engineering Training,Phrase,online ms systems engineering,SysEng - Add to cart - iDimension,0.50
System engineering Training,Phrase,online ms systems engineering,idimension - account create,0.50
System engineering Training,Phrase,software system design course,idimension - account create,1.00
System engineering Training,Phrase,system design course,SysEng - Add to cart - iDimension,1.00
System engineering Training,Phrase,system design course,idimension - account create,1.00
System engineering Training,Phrase,systems architecture course,idimension - account create,1.50
System engineering Training,Phrase,systems engineering masters,idimension - account create,1.00
System engineering Training,Exact,how to become a systems engineer,idimension - account create,0.67
System engineering Training,Phrase,best system design course,SysEng - Add to cart - iDimension,1.00
System engineering Training,Phrase,best system design course,idimension - account create,1.00
System engineering Training,Phrase,fpga course,idimension - account create,1.00
System engineering Training,Phrase,model based systems engineering documentation and analysis,SysEng - Add to cart - iDimension,1.00
System engineering Training,Phrase,model based systems engineering documentation and analysis,idimension - account create,1.00
System engineering Training,Phrase,system design certification,SysEng - Add to cart - iDimension,1.00
System engineering Training,Phrase,system design certification,idimension - account create,1.00
System engineering Training,Phrase,system design course,SysEng - Add to cart - iDimension,1.00
System engineering Training,Phrase,system design course,idimension - account create,1.00
System engineering Training,Phrase,system engineering tutorial,idimension - account create,1.00
System engineering Training,Phrase,embedded system diploma,SysEng - Add to cart - iDimension,1.00
System engineering Training,Phrase,embedded system diploma,idimension - account create,1.00
System engineering Training,Phrase,system architecture training courses,SysEng - Add to cart - iDimension,1.00
System engineering Training,Phrase,system architecture training courses,idimension - account create,1.00
System engineering Training,Phrase,systems analysis and design course,idimension - account create,1.00
System engineering Training,Broad,cisco networking academy,idimension - account create,0.33
System engineering Training,Broad,microbotics learnership,idimension - account create,1.00
System engineering Training,Phrase,best system design course,SysEng - Add to cart - iDimension,1.00
System engineering Training,Phrase,certification in agentic system and design,idimension - account create,1.00
System engineering Training,Phrase,high level system design course,idimension - account create,1.00
System engineering Training,Phrase,introduction to systems engineering,SysEng - Add to cart - iDimension,1.00
System engineering Training,Phrase,introduction to systems engineering,idimension - account create,1.00
System engineering Training,Phrase,master in systems engineering,SysEng - Add to cart - iDimension,1.00
System engineering Training,Phrase,master in systems engineering,idimension - account create,1.00
System engineering Training,Phrase,masters in system engineering,idimension - account create,1.00
System engineering Training,Phrase,masters in systems engineering,SysEng - Add to cart - iDimension,1.00
System engineering Training,Phrase,scada online course with certificate,idimension - account create,1.00
System engineering Training,Phrase,system architecture full course,SysEng - Add to cart - iDimension,1.00
System engineering Training,Phrase,system architecture full course,idimension - account create,1.00
System engineering Training,Phrase,system design course,SysEng - Add to cart - iDimension,1.00
System engineering Training,Phrase,system design course,idimension - account create,3.00
System engineering Training,Phrase,vlsi courses,idimension - account create,1.00
advanced engineering online course,Exact,free engineering courses online,idimension - account create,1.00
advanced engineering online course,Exact,harvard cs50,idimension - account create,1.00
aeronautical engineering courses,Phrase,aerospace engineering 4 year plan,SysEng - Add to cart - iDimension,1.00
aeronautical engineering courses,Broad,aerodynamic courses,SysEng - Add to cart - iDimension,1.00
aeronautical engineering courses,Phrase,aerodynamics course,idimension - account create,1.00
aeronautical engineering courses,Broad,aerospace online courses,SysEng - Add to cart - iDimension,1.00
aeronautical engineering courses,Broad,trans global training,idimension - account create,1.00
aeronautical engineering courses,Broad,asme mechanical engineering scholarships,SysEng - Add to cart - iDimension,1.00
aeronautical engineering courses,Broad,nasa certificate courses,idimension - account create,1.00
aeronautical engineering courses,Broad,online internship for aerospace engineering students,SysEng - Add to cart - iDimension,1.00
aeronautical engineering courses,Broad,online internship for aerospace engineering students,idimension - account create,1.00
aerospace and engineering,Broad,aerospace engineering,SysEng - Add to cart - iDimension,2.00
aerospace and engineering,Broad,aerospace engineering curriculum,SysEng - Add to cart - iDimension,3.00
aerospace certificate programs,Exact,aerospace course,idimension - account create,1.00
aerospace certificate programs,Exact,aerospace engineer training,SysEng - Add to cart - iDimension,1.00
aerospace certificate programs,Exact,aerospace engineer training,idimension - account create,2.00
aerospace engineer,Broad,aerospace engineering,SysEng - Add to cart - iDimension,1.33
aerospace engineer,Broad,aerospace engineering bootcamp,SysEng - Add to cart - iDimension,1.00
aerospace engineer,Broad,aerospace engineering online,SysEng - Add to cart - iDimension,0.67
aerospace engineer,Broad,avionics course,SysEng - Add to cart - iDimension,3.05
aerospace engineer,Broad,airworthiness engineering,SysEng - Add to cart - iDimension,2.00
aerospace engineer,Broad,aerospace engineering certificate,SysEng - Add to cart - iDimension,0.33
aerospace engineer,Broad,mit aerospace engineering,SysEng - Add to cart - iDimension,1.02
aerospace engineering course,Exact,aerospace engineering course,idimension - account create,1.00
aerospace engineering course,Exact,aerospace engineering course,idimension - account create,1.00
aerospace engineering program,Exact,aerospace engineering programs near me,idimension - account create,1.00
aerospace engineering program,Exact,aircraft engineering school,idimension - account create,1.00
aerospace engineering program,Exact,best aerospace engineering programs,idimension - account create,1.00
aerospace masters programs,Broad,aerospace certificate programs,SysEng - Add to cart - iDimension,2.34
aerospace masters programs,Broad,masters in aerospace engineering,SysEng - Add to cart - iDimension,0.50
aerospace schools,Broad,associate degree aerospace engineering,Purchase,1.00
aerospace schools,Broad,associate degree aerospace engineering,SysEng - Add to cart - iDimension,2.00
aerospace systems engineering course,Phrase,learn aerospace engineering,idimension - account create,1.00
aerospace technology,Broad,spacecraft systems engineering,SysEng - Add to cart - iDimension,0.64
aerospace technology,Broad,aeronautical maintenance engineering,Purchase,2.00
aerospace technology,Broad,aeronautical maintenance engineering,SysEng - Add to cart - iDimension,4.00
aerospace technology,Broad,aeronautics course,SysEng - Add to cart - iDimension,0.01
architecture and systems engineering,Phrase,architecture and systems engineering models and methods to manage complex systems,SysEng - Add to cart - iDimension,0.33
architecture and systems engineering,Exact,architecture and systems engineering,SysEng - Add to cart - iDimension,1.00
architecture and systems engineering,Phrase,architecture and systems engineering models and methods to manage complex systems,Purchase,1.00
architecture and systems engineering,Phrase,architecture and systems engineering models and methods to manage complex systems,SysEng - Add to cart - iDimension,7.00
architecture and systems engineering,Exact,architecture systems engineering,SysEng - Add to cart - iDimension,1.00
architecture and systems engineering,Exact,architecture systems engineering,idimension - account create,2.00
architecture and systems engineering,Phrase,architecture and systems engineering models and methods to manage complex systems,Purchase,2.00
architecture and systems engineering,Phrase,architecture and systems engineering models and methods to manage complex systems,SysEng - Add to cart - iDimension,8.77
architecture and systems engineering,Phrase,architecture and systems engineering models and methods to manage complex systems,Purchase,2.00
architecture and systems engineering,Phrase,architecture and systems engineering models and methods to manage complex systems,SysEng - Add to cart - iDimension,10.00
architecture and systems engineering,Phrase,architecture and systems engineering models and methods to manage complex systems,SysEng - Add to cart - iDimension,3.49
architecture and systems engineering,Phrase,system architecture course,SysEng - Add to cart - iDimension,4.00
architecture and systems engineering,Phrase,architecture and systems engineering models and methods to manage complex systems,SysEng - Add to cart - iDimension,4.00
architecture and systems engineering,Phrase,architecture and systems engineering models and methods to manage complex systems,idimension - account create,0.50
architecture and systems engineering,Phrase,architecture and systems engineering models and methods to manage complex systems,Purchase,1.00
architecture and systems engineering,Phrase,architecture and systems engineering models and methods to manage complex systems,SysEng - Add to cart - iDimension,4.50
architecture and systems engineering,Phrase,architecture and systems engineering models and methods to manage complex systems,idimension - account create,0.50
architecture and systems engineering,Phrase,architecture and systems engineering models and methods to manage complex systems,SysEng - Add to cart - iDimension,2.12
architecture and systems engineering,Phrase,architecture and systems engineering models and methods to manage complex systems,idimension - account create,1.00
architecture and systems engineering,Phrase,architecture and systems engineering models and methods to manage complex systems,SysEng - Add to cart - iDimension,1.00
architecture and systems engineering,Phrase,architecture and systems engineering models and methods to manage complex systems,idimension - account create,1.00
architecture and systems engineering,Phrase,mbse,SysEng - Add to cart - iDimension,1.00
architecture and systems engineering,Phrase,mbse,idimension - account create,1.00
architecture and systems engineering,Phrase,systems design and architecture,idimension - account create,0.25
architecture and systems engineering,Phrase,what is model based systems engineering,Purchase,1.00
architecture and systems engineering,Phrase,what is model based systems engineering,SysEng - Add to cart - iDimension,1.00
architecture and systems engineering,Phrase,what is model based systems engineering,idimension - account create,1.00
architecture and systems engineering,Exact,architecture and systems engineering,SysEng - Add to cart - iDimension,1.00
architecture and systems engineering,Exact,architecture and systems engineering,idimension - account create,1.00
architecture and systems engineering,Phrase,architecture and systems engineering models and methods to manage complex systems,idimension - account create,0.94
architecture and systems engineering,Phrase,model based system engineering,idimension - account create,1.00
architecture and systems engineering,Broad,system thinking online course,idimension - account create,1.00
architecture and systems engineering,Broad,systems thinking certification,idimension - account create,0.25
architecture and systems engineering,Exact,architecture and systems engineering,idimension - account create,0.25
architecture and systems engineering,Phrase,architecture and systems engineering models and methods to manage complex systems,idimension - account create,0.06
architecture and systems engineering,Phrase,embedded software and hardware architecture,SysEng - Add to cart - iDimension,1.00
architecture and systems engineering,Phrase,embedded software and hardware architecture,idimension - account create,1.00
architecture and systems engineering,Phrase,incose systems engineering,SysEng - Add to cart - iDimension,1.00
architecture and systems engineering,Phrase,incose systems engineering,idimension - account create,1.00
architecture and systems engineering,Broad,system engineering,idimension - account create,1.00
architecture and systems engineering,Phrase,ai in architecture course online,idimension - account create,1.00
architecture and systems engineering,Phrase,architecture and systems engineering models and methods to manage complex systems,SysEng - Add to cart - iDimension,1.00
architecture and systems engineering,Phrase,architecture and systems engineering models and methods to manage complex systems,idimension - account create,1.00
architecture and systems engineering mit,Exact,architecture and systems engineering mit,SysEng - Add to cart - iDimension,4.00
architecture and systems engineering mit,Exact,architecture and systems engineering mit,SysEng - Add to cart - iDimension,1.00
architecture and systems engineering mit,Exact,system architecture mit,SysEng - Add to cart - iDimension,0.50
architecture and systems engineering mit,Exact,architecture and systems engineering mit,idimension - account create,1.00
architecture and systems engineering mit,Exact,architecture and systems engineering mit,SysEng - Add to cart - iDimension,1.00
architecture and systems engineering mit,Exact,architecture and systems engineering mit,idimension - account create,1.00
architecture degree online,Broad,software architecture courses,SysEng - Add to cart - iDimension,0.05
architecture degree online,Broad,mit architecture,SysEng - Add to cart - iDimension,4.61
architecture degree online,Broad,architectural drawings course,SysEng - Add to cart - iDimension,1.00
architecture degree online,Broad,system architecture courses,SysEng - Add to cart - iDimension,2.06
architecture of complex systems,Exact,architecture of complex systems,SysEng - Add to cart - iDimension,3.33
architecture of complex systems,Exact,mit xpro architecture of complex systems,Purchase,0.25
architecture of complex systems,Exact,mit xpro architecture of complex systems,SysEng - Add to cart - iDimension,0.25
architecture of complex systems,Phrase,systems architecture strategy and product development for complex systems,SysEng - Add to cart - iDimension,0.50
architecture of complex systems,Exact,architecture of complex systems,Purchase,1.00
architecture of complex systems,Exact,architecture of complex systems,SysEng - Add to cart - iDimension,2.00
architecture of complex systems,Exact,mit architecture of complex systems,Purchase,2.00
architecture of complex systems,Exact,mit architecture of complex systems,SysEng - Add to cart - iDimension,5.00
architecture of complex systems,Exact,mit architecture of complex systems,idimension - account create,2.00
architecture of complex systems,Exact,mit xpro architecture of complex systems,SysEng - Add to cart - iDimension,1.70
architecture of complex systems,Exact,architecture of complex systems,SysEng - Add to cart - iDimension,0.50
architecture of complex systems,Exact,mit architecture of complex systems,Purchase,0.67
architecture of complex systems,Exact,mit architecture of complex systems,SysEng - Add to cart - iDimension,1.67
architecture of complex systems,Exact,mit architecture of complex systems,idimension - account create,1.33
architecture of complex systems,Exact,architecture of complex systems mit,SysEng - Add to cart - iDimension,0.50
architecture of complex systems,Exact,mit architecture of complex systems,SysEng - Add to cart - iDimension,1.00
architecture of complex systems,Exact,mit architecture of complex systems,idimension - account create,1.00
architecture of complex systems,Exact,architecture of complex systems,SysEng - Add to cart - iDimension,1.00
architecture of complex systems,Exact,architecture of complex systems,idimension - account create,1.00
architecture of complex systems,Exact,architecture of complex systems mit,SysEng - Add to cart - iDimension,1.00
architecture of complex systems,Exact,architecture of complex systems mit,idimension - account create,1.00
architecture of complex systems,Exact,mit architecture of complex systems,SysEng - Add to cart - iDimension,1.00
architecture of complex systems,Exact,mit architecture of complex systems,idimension - account create,1.00
architecture of complex systems,Broad,topper world computer organization and architecture,idimension - account create,2.00
automotive systems engineering training,Phrase,vehicle dynamics course online,idimension - account create,1.00
best online courses for aerospace engineering,Broad,spacex online courses,SysEng - Add to cart - iDimension,1.00
best online courses for aerospace engineering,Broad,spacex online courses,idimension - account create,1.00
best online engineering courses,Exact,nuclear engineer education requirements,idimension - account create,2.00
best systems engineering phd programs,Exact,phd system engineering,SysEng - Add to cart - iDimension,1.00
career advancement for engineers,Exact,bechtel careers,idimension - account create,1.00
career advancement for engineers,Exact,internships in intel,idimension - account create,1.00
career advancement for engineers,Exact,marotta controls careers,idimension - account create,1.00
career advancement for engineers,Phrase,civil engineering skill development,idimension - account create,1.00
certified systems engineering professional csep,Exact,certified systems engineering professional csep,SysEng - Add to cart - iDimension,0.50
certified systems engineering professional csep,Exact,certified systems engineering professional csep,SysEng - Add to cart - iDimension,0.01
certified systems engineering professional csep,Broad,certified systems engineering professional csep,SysEng - Add to cart - iDimension,0.67
certified systems engineering professional csep,Broad,certified systems engineering professional csep,idimension - account create,0.67
certified systems engineering professional csep,Exact,csep certificate,SysEng - Add to cart - iDimension,1.00
certified systems engineering professional csep,Exact,csep certificate,idimension - account create,0.99
complex systems engineering,Broad,mit systems thinking,idimension - account create,1.00
computer science course online,Broad,cs50 harvard,SysEng - Add to cart - iDimension,1.00
computer systems engineering,Broad,hardware and software projects,SysEng - Add to cart - iDimension,1.00
computer systems engineering,Broad,model based system engineering,SysEng - Add to cart - iDimension,1.00
computer systems engineering course,Broad,6.0001 introduction to computer science and programming in python,idimension - account create,1.00
computer systems engineering course,Broad,c# microsoft certification,idimension - account create,1.00
computer systems engineering course,Broad,cs50 edx harvard,idimension - account create,1.00
computer systems engineering course,Broad,cs50 harvard edu x 2025,SysEng - Add to cart - iDimension,1.00
computer systems engineering course,Broad,cs50 harvard edu x 2025,idimension - account create,1.00
computer systems engineering course,Broad,https cs50 harvard edu python,idimension - account create,1.00
computer systems engineering course,Broad,https www edx org course introduction computer science harvard cs50,SysEng - Add to cart - iDimension,1.00
computer systems engineering course,Broad,ibm courses,idimension - account create,0.12
computer systems engineering course,Broad,python programming course,idimension - account create,2.00
computer systems engineering course,Broad,school infosec4tc,idimension - account create,2.00
computer systems engineering course,Broad,google java certification,idimension - account create,1.00
computer systems engineering course,Broad,https www edx org learn cybersecurity harvard university cs50 s introduction to cybersecurity,idimension - account create,1.00
computer systems engineering course,Broad,introduction to quantum computing quantum algorithms and qiskit course,idimension - account create,0.50
computer systems engineering course,Broad,software engineer,idimension - account create,1.00
computer systems engineering course,Broad,stp computer,idimension - account create,1.00
computer systems engineering course,Broad,stp computer education,idimension - account create,1.00
computer systems engineering course,Broad,what is cs50,idimension - account create,1.00
computer systems engineering courses,Broad,cs50 harvard edu x 2026,SysEng - Add to cart - iDimension,1.00
computer systems engineering courses,Broad,diplomado desarrollo de software,SysEng - Add to cart - iDimension,1.00
computer systems engineering courses,Broad,diplomado desarrollo de software,idimension - account create,1.00
computer systems engineering courses,Broad,computer course,SysEng - Add to cart - iDimension,1.00
computer systems engineering courses,Broad,computer course,idimension - account create,1.00
computer systems engineering courses,Broad,cs50 harvard edx,idimension - account create,1.00
computer systems engineering courses,Broad,internship for btech cse 1st year students,idimension - account create,1.00
computer systems engineering courses,Broad,introduction to quantum computing quantum algorithms and qiskit course,idimension - account create,3.50
computer systems engineering courses,Broad,programming language,idimension - account create,1.00
control systems course,Exact,control course,SysEng - Add to cart - iDimension,1.00
control systems course,Phrase,plc certification free,idimension - account create,1.00
control systems course,Phrase,plc free course,idimension - account create,1.00
control systems course,Phrase,plc lessons,idimension - account create,1.00
control systems course,Exact,control systems engineering course,idimension - account create,1.00
courses online with certification,Broad,mit xpro,Purchase,1.50
courses online with certification,Broad,mit xpro,SysEng - Add to cart - iDimension,6.00
embedded engineering,Broad,automotive embedded systems,SysEng - Add to cart - iDimension,1.00
embedded engineering,Broad,embedded systems conference,SysEng - Add to cart - iDimension,1.00
embedded engineering,Broad,learn firmware development,SysEng - Add to cart - iDimension,2.00
engineering certificate programs,Phrase,aerospace engineering certificate,SysEng - Add to cart - iDimension,1.00
engineering certificate programs,Phrase,certifications for mechanical engineers,SysEng - Add to cart - iDimension,0.33
engineering certificate programs,Phrase,optical engineering courses,SysEng - Add to cart - iDimension,1.00
engineering certificate programs,Phrase,top electrical engineering masters programs,SysEng - Add to cart - iDimension,4.00
engineering certificate programs,Phrase,free engineering membership certificate,SysEng - Add to cart - iDimension,1.00
engineering certificate programs,Exact,engineering certificate programs,SysEng - Add to cart - iDimension,9.00
engineering certificate programs,Exact,engineering certificate programs,idimension - account create,1.00
engineering certificate programs,Phrase,industrial engineering certificate,SysEng - Add to cart - iDimension,1.00
engineering certificate programs,Phrase,civil engineering internship certificate,SysEng - Add to cart - iDimension,1.00
engineering certificate programs,Phrase,diploma courses in engineering,SysEng - Add to cart - iDimension,0.03
engineering certificate programs,Phrase,electrical engineering experience certificate,SysEng - Add to cart - iDimension,1.00
engineering certificate programs,Phrase,electrical engineering experience certificate,idimension - account create,1.00
engineering certificate programs,Phrase,mechanical diploma certificate,idimension - account create,1.00
engineering certificate programs,Exact,certificate courses for engineering students,idimension - account create,0.50
engineering certificate programs,Phrase,automation engineering classes,idimension - account create,1.00
engineering certificate programs,Exact,certified professional in engineering management cpem,SysEng - Add to cart - iDimension,0.33
engineering certificate programs,Exact,certified professional in engineering management cpem,idimension - account create,0.33
engineering certificate programs,Exact,internships for engineering,SysEng - Add to cart - iDimension,1.00
engineering certificate programs,Exact,internships for engineering,idimension - account create,1.00
engineering certificate programs,Phrase,engineer intern certification,idimension - account create,1.00
engineering certificate programs,Phrase,engineering management graduate certificate,idimension - account create,1.00
engineering certificate programs,Phrase,software architecture certification courses,idimension - account create,1.00
engineering certificate programs,Exact,engineering certificate,SysEng - Add to cart - iDimension,1.00
engineering certificate programs,Exact,engineering certificate,idimension - account create,1.00
engineering certificate programs,Broad,electrical engineering certifications,SysEng - Add to cart - iDimension,1.00
engineering certificate programs,Broad,electrical engineering certifications,idimension - account create,1.00
engineering certificate programs,Broad,mit classes,idimension - account create,1.00
engineering certificate programs,Broad,mit xpro,idimension - account create,1.00
engineering certificate programs,Broad,stationary engineer license,idimension - account create,1.00
engineering certificate programs,Broad,cce course engineering,idimension - account create,1.00
engineering certificate programs,Broad,how to teach yourself mechanical engineering,idimension - account create,2.00
engineering certificate programs,Broad,mechatronics course online,SysEng - Add to cart - iDimension,1.00
engineering certificate programs,Broad,mechatronics course online,idimension - account create,1.00
engineering certificate programs,Broad,online degree certificate,idimension - account create,1.00
engineering certificate programs,Broad,summer programs for engineering students,SysEng - Add to cart - iDimension,1.00
engineering certificate programs,Broad,summer programs for engineering students,idimension - account create,1.00
engineering certificate programs,Phrase,civil engineering 6 month course,idimension - account create,1.00
engineering certificate programs,Phrase,mep diploma,idimension - account create,1.00
engineering certificate programs,Phrase,model based systems engineering certificate program,SysEng - Add to cart - iDimension,1.00
engineering certificate programs,Phrase,model based systems engineering certificate program,idimension - account create,1.00
engineering certificate programs,Broad,application for engineering college 2026,idimension - account create,2.00
engineering certificate programs,Broad,architectural engineering certificate online,idimension - account create,1.00
engineering certificate programs,Broad,autodesk certified,idimension - account create,1.00
engineering certificate programs,Broad,catia course,idimension - account create,1.00
engineering certificate programs,Broad,course cs50,idimension - account create,1.00
engineering certificate programs,Broad,data engineering courses,idimension - account create,1.00
engineering certificate programs,Broad,electrical engineering certifications,SysEng - Add to cart - iDimension,1.00
engineering certificate programs,Broad,electrical engineering certifications,idimension - account create,1.00
engineering certificate programs,Broad,engineering khan academy,SysEng - Add to cart - iDimension,1.00
engineering certificate programs,Broad,engineering khan academy,idimension - account create,1.00
engineering certificate programs,Broad,engineering learnerships 2026,idimension - account create,1.00
engineering certificate programs,Broad,fitting and machining course,idimension - account create,1.00
engineering certificate programs,Broad,google career certificates,idimension - account create,1.00
engineering certificate programs,Broad,harvard certificate,SysEng - Add to cart - iDimension,1.00
engineering certificate programs,Broad,harvard certificate,idimension - account create,1.00
engineering certificate programs,Broad,ieee course certificate,idimension - account create,1.00
engineering certificate programs,Broad,learn petroleum engineering,idimension - account create,1.00
engineering certificate programs,Broad,machining courses,idimension - account create,1.00
engineering certificate programs,Broad,mahara tech,idimension - account create,2.00
engineering certificate programs,Broad,mechanical engineering online program,idimension - account create,1.00
engineering certificate programs,Broad,merseta,idimension - account create,0.96
engineering certificate programs,Broad,mining and engineering learnerships 2026 online application,SysEng - Add to cart - iDimension,1.00
engineering certificate programs,Broad,mining and engineering learnerships 2026 online application,idimension - account create,1.00
engineering certificate programs,Broad,mining engineering at tvet colleges,idimension - account create,1.00
engineering certificate programs,Broad,mining online courses,idimension - account create,1.00
engineering certificate programs,Broad,online certificate,idimension - account create,1.00
engineering certificate programs,Broad,online mining courses,SysEng - Add to cart - iDimension,1.00
engineering certificate programs,Broad,online mining courses,idimension - account create,1.00
engineering certificate programs,Broad,skill certificate,idimension - account create,1.00
engineering certificate programs,Broad,system engineering course,SysEng - Add to cart - iDimension,1.00
engineering certificate programs,Broad,system engineering course,idimension - account create,1.00
engineering certificate programs,Broad,technicon sa application,idimension - account create,1.50
engineering certificate programs,Broad,vaal technical institute online application,idimension - account create,1.00
engineering certificate programs,Exact,engineering certification courses,idimension - account create,2.00
engineering certificate programs,Phrase,claude certified architect certification,idimension - account create,2.00
engineering certificate programs,Exact,engineering certifications,idimension - account create,1.00
engineering certificate programs,Broad,certificate,idimension - account create,4.00
engineering certificate programs,Broad,certificate online,idimension - account create,1.00
engineering certificate programs,Broad,certification program,idimension - account create,1.00
engineering certificate programs,Broad,class central certificate,idimension - account create,1.00
engineering certificate programs,Broad,course for aeronautical engineering,idimension - account create,1.00
engineering certificate programs,Broad,electrical engineering certificate online,idimension - account create,1.00
engineering certificate programs,Broad,embedded systems course,SysEng - Add to cart - iDimension,1.00
engineering certificate programs,Broad,embedded systems course,idimension - account create,1.00
engineering certificate programs,Broad,free iit online courses,idimension - account create,2.00
engineering certificate programs,Broad,free online workshop with certificate for engineering students,SysEng - Add to cart - iDimension,1.00
engineering certificate programs,Broad,free online workshop with certificate for engineering students,idimension - account create,1.00
engineering certificate programs,Broad,google career certificates,idimension - account create,2.00
engineering certificate programs,Broad,google cloud certification,SysEng - Add to cart - iDimension,1.00
engineering certificate programs,Broad,google cloud certification,idimension - account create,1.00
engineering certificate programs,Broad,government all india technical education aicte online courses with certificate,idimension - account create,1.00
engineering certificate programs,Broad,ibm skillsbuild certificate,idimension - account create,1.00
engineering certificate programs,Broad,itronix solutions certificate,idimension - account create,1.00
engineering certificate programs,Broad,mindluster certificate,idimension - account create,1.00
engineering certificate programs,Broad,national institute of industrial engineering mumbai,idimension - account create,2.00
engineering certificate programs,Broad,nptel courses,idimension - account create,1.00
engineering certificate programs,Broad,online certificate,idimension - account create,1.00
engineering certificate programs,Broad,online internship for engineering students with certificate,idimension - account create,1.00
engineering certificate programs,Broad,professional machine learning engineer certification google,idimension - account create,2.00
engineering certificate programs,Broad,robotics certification online,SysEng - Add to cart - iDimension,1.00
engineering certificate programs,Broad,robotics certification online,idimension - account create,2.00
engineering certificate programs,Broad,siemens certification,idimension - account create,1.00
engineering certificate programs,Broad,tata certification courses,idimension - account create,1.00
engineering certificate programs,Broad,vlsi courses,idimension - account create,1.00
engineering certificate programs,Broad,systems engineering classes,idimension - account create,1.00
engineering professional development course,Phrase,automation engineer training,SysEng - Add to cart - iDimension,1.00
engineering professional development course,Phrase,automation engineer training,idimension - account create,1.00
engineering professional development course,Phrase,civil engineering autocad course,idimension - account create,1.00
engineering professional development course,Phrase,prompt engineering certification,SysEng - Add to cart - iDimension,1.00
engineering professional development course,Phrase,prompt engineering certification,idimension - account create,1.00
engineering professional development course,Phrase,prompt engineering course,SysEng - Add to cart - iDimension,1.00
engineering professional development course,Phrase,prompt engineering course,idimension - account create,1.00
engineering professional development course,Phrase,ai engineer courses,idimension - account create,1.00
engineering professional development course,Phrase,ansys innovation courses,idimension - account create,1.00
engineering professional development course,Phrase,civil engineering short courses online,idimension - account create,1.00
engineering professional development course,Phrase,instrumentation engineering short courses,idimension - account create,4.00
engineering professional development course,Phrase,prompt engineer certification,SysEng - Add to cart - iDimension,1.00
engineering professional development course,Phrase,prompt engineer certification,idimension - account create,1.00
engineering professional development course,Phrase,prompt engineering course,idimension - account create,1.00
engineering professional development course,Phrase,ansys software course,idimension - account create,1.00
engineering professional development course,Phrase,ansys structural analysis course,SysEng - Add to cart - iDimension,1.00
engineering professional development course,Phrase,ansys structural analysis course,idimension - account create,1.00
engineering professional development course,Phrase,best prompt engineering certification,idimension - account create,0.50
engineering professional development course,Phrase,data engineering zoomcamp certificate,idimension - account create,0.50
engineering professional development course,Phrase,google prompt engineering course,idimension - account create,2.00
engineering professional development course,Phrase,https class 100xengineers com unt8tj,idimension - account create,1.00
engineering professional development course,Phrase,ieee course,idimension - account create,1.00
engineering professional development course,Phrase,matlab course for mechanical engineers,idimension - account create,1.00
engineering professional development course,Phrase,prompt engineering course,SysEng - Add to cart - iDimension,1.00
engineering professional development course,Phrase,prompt engineering course,idimension - account create,4.50
engineering professional development course,Phrase,prompt engineering course with certificate,idimension - account create,1.00
engineering study,Phrase,courses for network engineer,SysEng - Add to cart - iDimension,1.00
engineering technology degree online,Broad,electrical engineering courses,SysEng - Add to cart - iDimension,0.50
engineering technology degree online,Broad,mit courses online,SysEng - Add to cart - iDimension,1.00
engineering technology degree online,Broad,mit engineering certificates,SysEng - Add to cart - iDimension,2.00
engineering technology degree online,Broad,mit online,SysEng - Add to cart - iDimension,2.00
engineering technology degree online,Broad,mit online courses,SysEng - Add to cart - iDimension,0.23
engineering technology degree online,Broad,mit online degrees,SysEng - Add to cart - iDimension,0.08
engineering technology degree online,Broad,process engineering certification,SysEng - Add to cart - iDimension,0.06
engineering technology degree online,Broad,process engineering courses,SysEng - Add to cart - iDimension,0.94
engineering training courses,Phrase,cameo systems modeler training,Purchase,1.00
engineering training courses,Phrase,cameo systems modeler training,SysEng - Add to cart - iDimension,2.00
engineering training courses,Phrase,electrical engineering courses,SysEng - Add to cart - iDimension,0.13
engineering training courses,Phrase,pcb design course,SysEng - Add to cart - iDimension,1.00
engineering training courses,Phrase,pcb design courses,SysEng - Add to cart - iDimension,1.00
engineering training courses,Phrase,requirements engineering training course,SysEng - Add to cart - iDimension,1.00
engineering training courses,Phrase,systems engineer training,SysEng - Add to cart - iDimension,0.03
engineering training courses,Phrase,systems engineering courses,SysEng - Add to cart - iDimension,1.00
engineering training courses,Phrase,alx courses,SysEng - Add to cart - iDimension,1.00
engineering training courses,Phrase,mechanical engineering programs,SysEng - Add to cart - iDimension,1.00
engineering training courses,Phrase,mechatronics training,SysEng - Add to cart - iDimension,0.02
engineering training courses,Phrase,mit embedded systems course,idimension - account create,1.00
engineering training courses,Phrase,analog design courses,SysEng - Add to cart - iDimension,0.05
engineering training courses,Phrase,sre course,SysEng - Add to cart - iDimension,0.04
engineering training courses,Phrase,sysml certification training,SysEng - Add to cart - iDimension,0.17
engineering training courses,Phrase,engineering short courses,Purchase,2.00
engineering training courses,Phrase,engineering short courses,idimension - account create,1.00
engineering training courses,Phrase,mechanical engineering study,idimension - account create,0.33
engineering training courses,Phrase,computer engineering free courses,SysEng - Add to cart - iDimension,0.02
engineering training courses,Phrase,engineering online classes app,idimension - account create,1.00
engineering training courses,Phrase,free online courses for engineering students with certificate,idimension - account create,1.00
engineering training courses,Phrase,iit backed product engineering,idimension - account create,1.00
engineering training courses,Phrase,mobile engineering course,idimension - account create,1.00
engineering training courses,Phrase,prompt engineering course,idimension - account create,1.00
engineering training courses,Exact,engineering courses,idimension - account create,1.00
engineering training courses,Phrase,engineering seta,idimension - account create,1.00
engineering training courses,Phrase,free engineering courses,idimension - account create,0.50
engineering training courses,Phrase,mechatronics engineering course,SysEng - Add to cart - iDimension,2.00
engineering training courses,Phrase,mechatronics engineering course,idimension - account create,1.00
engineering training courses,Phrase,software engineering course,idimension - account create,1.00
engineering training courses,Phrase,software engineering courses,SysEng - Add to cart - iDimension,1.00
engineering training courses,Exact,electrical engineering courses for free,idimension - account create,1.00
engineering training courses,Exact,engineering online courses free,idimension - account create,1.00
engineering training courses,Exact,free cad certification,idimension - account create,1.00
engineering training courses,Exact,free certificate courses for engineering students,SysEng - Add to cart - iDimension,1.00
engineering training courses,Exact,free certificate courses for engineering students,idimension - account create,1.00
engineering training courses,Exact,free online computer engineering courses with certificate,idimension - account create,1.00
engineering training courses,Exact,free online mechanical engineering courses with certificates,idimension - account create,1.00
engineering training courses,Exact,online engineering courses free,idimension - account create,1.00
engineering training courses,Broad,autocad free course with certificate online,idimension - account create,1.00
engineering training courses,Broad,autocad online course free,idimension - account create,1.00
engineering training courses,Broad,engineering leadership certificate,SysEng - Add to cart - iDimension,1.00
engineering training courses,Broad,engineering leadership certificate,idimension - account create,1.00
engineering training courses,Broad,free engineering courses,idimension - account create,2.00
engineering training courses,Broad,free mechanical engineering courses,SysEng - Add to cart - iDimension,1.00
engineering training courses,Broad,free mechanical engineering courses,idimension - account create,1.00
engineering training courses,Broad,prompt engineering course free certificate,SysEng - Add to cart - iDimension,1.00
engineering training courses,Broad,prompt engineering course free certificate,idimension - account create,1.00
engineering training courses,Broad,rf engineering certificate online,idimension - account create,1.00
engineering training courses,Broad,advanced fluid mechanics,idimension - account create,1.00
engineering training courses,Broad,autocad course,idimension - account create,2.00
engineering training courses,Broad,math boot camp for engineers,idimension - account create,1.00
engineering training courses,Broad,mit minority introduction to engineering and science,idimension - account create,1.00
engineering training courses,Broad,petroleum engineering notes,idimension - account create,1.00
engineering training courses,Broad,signal processing stanford,idimension - account create,1.00
engineering training courses,Broad,autocad tutorial course,SysEng - Add to cart - iDimension,1.00
engineering training courses,Broad,autocad tutorial course,idimension - account create,1.00
engineering training courses,Exact,engineering courses,idimension - account create,1.00
engineering training courses,Broad,boilermaker learnership,idimension - account create,1.00
engineering training courses,Broad,cisco networking academy,idimension - account create,2.00
engineering training courses,Broad,civil engineering learnerships 2026,idimension - account create,1.00
engineering training courses,Broad,cs50,idimension - account create,0.33
engineering training courses,Broad,cs50 edx,idimension - account create,2.00
engineering training courses,Broad,durban university of technology dut,idimension - account create,1.00
engineering training courses,Broad,electronics learnership,idimension - account create,1.00
engineering training courses,Broad,fitting and turning learnership,idimension - account create,1.00
engineering training courses,Broad,http www seta training co za,idimension - account create,1.00
engineering training courses,Broad,ibm skillsbuild courses,idimension - account create,1.00
engineering training courses,Broad,internship electrical engineering,SysEng - Add to cart - iDimension,1.00
engineering training courses,Broad,internship electrical engineering,idimension - account create,1.00
engineering training courses,Broad,limpopo institute of science and technology online application,idimension - account create,1.00
engineering training courses,Broad,machine learning course,idimension - account create,2.00
engineering training courses,Broad,rhodes technical college online application,idimension - account create,2.00
engineering training courses,Broad,scholarships for software engineering,SysEng - Add to cart - iDimension,2.00
engineering training courses,Broad,scholarships for software engineering,idimension - account create,1.00
engineering training courses,Broad,skills academy courses,idimension - account create,1.00
engineering training courses,Broad,software developer learnership,SysEng - Add to cart - iDimension,1.00
engineering training courses,Broad,software developer learnership,idimension - account create,1.00
engineering training courses,Broad,www kasiyouth co za engineering apprenticeship,idimension - account create,1.00
engineering training courses,Broad,www resolutioncircle co za,idimension - account create,1.00
engineering training courses,Exact,engineering certification courses,idimension - account create,1.00
engineering training courses,Broad,ai courses for mechanical engineers,SysEng - Add to cart - iDimension,1.00
engineering training courses,Broad,ai courses for mechanical engineers,idimension - account create,1.00
engineering training courses,Broad,dj sanghvi application form 2025,idimension - account create,1.00
engineering training courses,Broad,edx courses,SysEng - Add to cart - iDimension,1.00
engineering training courses,Broad,edx courses,idimension - account create,2.00
engineering training courses,Broad,edx how to get certificate,idimension - account create,1.00
engineering training courses,Broad,eict iit roorkee,idimension - account create,2.00
engineering training courses,Broad,http nptel iitm ac in,idimension - account create,1.00
engineering training courses,Broad,nptel,idimension - account create,6.00
engineering training courses,Broad,nptel courses,idimension - account create,1.00
engineering training courses,Broad,online internship for engineering students,idimension - account create,1.00
engineering training courses,Broad,online internship for mechanical engineering students,idimension - account create,1.00
engineering training courses,Broad,reliance foundation skilling academy,idimension - account create,4.00
enterprise architecture,Broad,enterprise architect,Purchase,0.10
enterprise architecture,Broad,enterprise architect online training,SysEng - Add to cart - iDimension,7.05
enterprise architecture,Broad,enterprise architecture patterns,SysEng - Add to cart - iDimension,1.00
enterprise architecture,Broad,togaf,SysEng - Add to cart - iDimension,4.00
enterprise architecture system,Broad,enterprise architect,Purchase,0.10
enterprise architecture system,Broad,enterprise architect,SysEng - Add to cart - iDimension,5.49
fundamentals of systems engineering mit,Exact,mit fundamentals of systems engineering,idimension - account create,1.00
fundamentals of systems engineering mit,Exact,mit fundamentals of systems engineering,SysEng - Add to cart - iDimension,1.00
fundamentals of systems engineering mit,Broad,mit opencourseware calculus linear algebra,idimension - account create,1.00
incose certification,Broad,associate systems engineering professional asep,SysEng - Add to cart - iDimension,0.54
incose certification,Broad,incose,Purchase,0.01
incose certification,Broad,incose,SysEng - Add to cart - iDimension,1.00
incose certification,Broad,incose asep,SysEng - Add to cart - iDimension,0.04
incose certification,Broad,incose certification,SysEng - Add to cart - iDimension,5.01
incose certification,Broad,incose systems engineering course,Purchase,0.24
incose certification,Broad,incose systems engineering course,SysEng - Add to cart - iDimension,3.93
incose certification,Broad,incose certification,SysEng - Add to cart - iDimension,2.00
incose certification,Broad,incose certified systems engineering professional,SysEng - Add to cart - iDimension,1.50
incose certification,Broad,incose csep training,SysEng - Add to cart - iDimension,0.50
incose certification,Broad,incose systems engineering certification,Purchase,0.40
incose certification,Broad,incose systems engineering certification,SysEng - Add to cart - iDimension,0.33
incose certification,Exact,incose certification,SysEng - Add to cart - iDimension,1.00
incose certification,Exact,incose certification,idimension - account create,1.00
incose certification,Exact,incose systems engineering certification,SysEng - Add to cart - iDimension,0.99
incose certification,Exact,incose certification,SysEng - Add to cart - iDimension,1.00
incose certification,Exact,incose certification training,Purchase,1.00
incose certification,Exact,incose certification training,SysEng - Add to cart - iDimension,4.00
incose certification,Exact,incose training,SysEng - Add to cart - iDimension,1.00
incose certification,Exact,incose certification,SysEng - Add to cart - iDimension,0.50
incose certification,Exact,incose certification,idimension - account create,0.50
incose certification,Exact,incose certification,SysEng - Add to cart - iDimension,1.00
incose certification,Exact,incose certification,idimension - account create,0.94
incose certification,Exact,incose certification,SysEng - Add to cart - iDimension,1.00
information technology programs,Phrase,information technology online course,SysEng - Add to cart - iDimension,1.00
intro to systems engineering,Exact,define system,idimension - account create,1.00
intro to systems engineering,Exact,https ieeexplore ieee org,idimension - account create,1.00
it degree programs,Phrase,best online computer science degree reddit,SysEng - Add to cart - iDimension,1.00
learn embedded systems,Broad,embedded systems course,SysEng - Add to cart - iDimension,1.00
learn it courses online,Broad,it courses online,SysEng - Add to cart - iDimension,1.00
learn it courses online,Broad,mit xpro,Purchase,0.03
learn online,Broad,biotech classes online,SysEng - Add to cart - iDimension,0.01
learn online,Broad,city and guilds courses online,SysEng - Add to cart - iDimension,1.00
learn online,Broad,iit hyderabad online courses,SysEng - Add to cart - iDimension,1.00
learn online,Broad,mit xpro,Purchase,1.50
learn online,Broad,mit xpro,SysEng - Add to cart - iDimension,2.50
learn online,Broad,mitx courses,SysEng - Add to cart - iDimension,2.00
learn online,Broad,statistics course,SysEng - Add to cart - iDimension,0.67
manufacturing engineering courses,Broad,python for manufacturing engineers,SysEng - Add to cart - iDimension,1.00
manufacturing engineering courses,Broad,python for manufacturing engineers,idimension - account create,1.00
manufacturing engineering courses,Broad,f1 aerodynamics course,idimension - account create,1.00
manufacturing engineering courses,Broad,fitting and turning training centre,SysEng - Add to cart - iDimension,1.00
manufacturing engineering courses,Broad,fitting and turning training centre,idimension - account create,1.00
manufacturing engineering courses,Broad,gd&t training,idimension - account create,1.00
masters engineering,Broad,aerospace masters online,SysEng - Add to cart - iDimension,2.52
masters engineering,Broad,aerospace masters programs,SysEng - Add to cart - iDimension,5.03
masters engineering,Broad,master in systems engineering,SysEng - Add to cart - iDimension,0.50
masters engineering,Broad,mit master,SysEng - Add to cart - iDimension,1.50
masters engineering,Broad,mit master degree,SysEng - Add to cart - iDimension,1.00
masters engineering,Broad,nuclear engineering online masters,SysEng - Add to cart - iDimension,0.47
masters engineering,Broad,online ms engineering,SysEng - Add to cart - iDimension,2.00
mbse certificate,Exact,mbse certification online,idimension - account create,1.00
mbse certification,Exact,mbse certification,SysEng - Add to cart - iDimension,1.50
mbse certification,Broad,mit opencourseware certificate,SysEng - Add to cart - iDimension,1.00
mbse certification,Broad,model based system engineering,SysEng - Add to cart - iDimension,2.00
mbse certification,Broad,mbse software,SysEng - Add to cart - iDimension,3.00
mbse certification,Broad,ai and systems engineering,idimension - account create,0.50
mbse certification,Broad,architecture and systems engineering models and methods to manage complex systems,SysEng - Add to cart - iDimension,1.00
mbse certification,Broad,architecture and systems engineering models and methods to manage complex systems,idimension - account create,11.00
mbse certification,Broad,best system design course,idimension - account create,0.50
mbse certification,Broad,mbse,SysEng - Add to cart - iDimension,2.00
mbse certification,Broad,mit pro,idimension - account create,1.00
mbse certification,Broad,mit systems thinking course,Purchase,0.50
mbse certification,Broad,mit systems thinking course,SysEng - Add to cart - iDimension,0.50
mbse certification,Broad,mit xpro,Purchase,1.50
mbse certification,Broad,mit xpro,SysEng - Add to cart - iDimension,5.77
mbse certification,Broad,mit xpro,idimension - account create,4.22
mbse certification,Broad,mit xpro architecture and systems engineering,SysEng - Add to cart - iDimension,0.50
mbse certification,Broad,model based systems engineer,Purchase,0.82
mbse certification,Broad,model based systems engineer,SysEng - Add to cart - iDimension,0.92
mbse certification,Broad,model based systems engineering,Purchase,1.00
mbse certification,Broad,model based systems engineering,SysEng - Add to cart - iDimension,1.00
mbse certification,Broad,model based systems engineering,idimension - account create,1.00
mbse certification,Broad,online masters engineering,SysEng - Add to cart - iDimension,1.00
mbse certification,Broad,quantitative methods in systems engineering,SysEng - Add to cart - iDimension,1.00
mbse certification,Broad,sysml certification,Purchase,1.00
mbse certification,Broad,sysml certification,SysEng - Add to cart - iDimension,6.00
mbse certification,Broad,sysml training course,Purchase,1.00
mbse certification,Broad,sysml training course,SysEng - Add to cart - iDimension,8.00
mbse certification,Broad,system design fundamentals,idimension - account create,1.00
mbse certification,Broad,systems engineering,Purchase,1.00
mbse certification,Broad,systems engineering,SysEng - Add to cart - iDimension,4.00
mbse certification,Broad,systems engineering,idimension - account create,1.00
mbse certification,Broad,systems engineering courses,SysEng - Add to cart - iDimension,1.00
mbse certification,Broad,systems engineering courses,idimension - account create,1.00
mbse certification,Broad,systems thinking mit,SysEng - Add to cart - iDimension,1.00
mbse certification,Exact,mbse certification,SysEng - Add to cart - iDimension,1.00
mbse certification,Exact,mbse certification,idimension - account create,1.00
mbse certification,Broad,mbse,SysEng - Add to cart - iDimension,0.83
mbse certification,Broad,mit xpro,SysEng - Add to cart - iDimension,1.00
mbse certification,Broad,mit idss dsml,idimension - account create,0.40
mbse certification,Broad,model based systems engineering mit,Purchase,1.00
mbse certification,Broad,mbse,SysEng - Add to cart - iDimension,1.00
mbse certification,Broad,mbse meaning,Purchase,1.00
mbse certification,Broad,mbse meaning,SysEng - Add to cart - iDimension,1.00
mbse certification,Broad,mbse tools,SysEng - Add to cart - iDimension,2.50
mbse certification,Broad,model based systems engineering,Purchase,1.00
mbse certification,Broad,model based systems engineering,SysEng - Add to cart - iDimension,1.50
mbse certification,Broad,best software architecture certification,idimension - account create,0.50
mbse certification,Broad,software architect certification,SysEng - Add to cart - iDimension,0.91
mbse certification,Broad,software architect course,SysEng - Add to cart - iDimension,1.00
mbse certification,Broad,system design courses,idimension - account create,1.00
mbse certification,Broad,systems engineering,idimension - account create,1.00
mbse certification,Exact,mbse certification course,idimension - account create,1.00
mbse certification,Exact,mbse certification,idimension - account create,1.00
mbse certification,Broad,model based systems engineering documentation and analysis,SysEng - Add to cart - iDimension,0.83
mbse certification,Broad,mbse mit,SysEng - Add to cart - iDimension,1.00
mbse certification,Exact,mbse certification,SysEng - Add to cart - iDimension,1.00
mbse certification,Exact,mbse certification,idimension - account create,1.00
mbse course,Broad,mbse,Purchase,1.00
mbse course,Broad,mbse tools,SysEng - Add to cart - iDimension,0.05
mbse course,Exact,mbse course,Purchase,0.40
mbse course,Exact,mbse course,SysEng - Add to cart - iDimension,0.29
mbse course,Broad,mbse engineering,SysEng - Add to cart - iDimension,1.00
mbse course,Broad,delligatti sysml training,SysEng - Add to cart - iDimension,1.00
mbse course,Broad,mbse courses,Purchase,1.00
mbse course,Broad,mbse courses,SysEng - Add to cart - iDimension,3.00
mbse course,Broad,mit mbse course,SysEng - Add to cart - iDimension,2.00
mbse course,Broad,sysml certification,SysEng - Add to cart - iDimension,0.50
mbse course,Phrase,mit mbse certificate program,SysEng - Add to cart - iDimension,2.00
mbse course,Exact,mbse courses,SysEng - Add to cart - iDimension,1.00
mbse course,Exact,mbse course,Purchase,0.25
mbse course,Exact,mbse course,SysEng - Add to cart - iDimension,1.50
mbse course,Exact,mbse course,idimension - account create,0.50
mbse course,Phrase,mit mbse certification,SysEng - Add to cart - iDimension,0.50
mbse course,Phrase,mit mbse certification,idimension - account create,0.50
mbse course,Exact,mbse online course,idimension - account create,1.00
mbse course,Exact,mbse certification course,idimension - account create,1.00
mbse course,Exact,mbse course,SysEng - Add to cart - iDimension,1.00
mbse course,Exact,mbse course,idimension - account create,2.00
mbse examples,Broad,systems engineering projects,SysEng - Add to cart - iDimension,1.00
mbse examples,Broad,systems engineering projects,idimension - account create,1.00
mbse examples,Broad,mbse,SysEng - Add to cart - iDimension,1.00
mbse examples,Broad,mbse,idimension - account create,1.00
mbse training,Exact,model based systems engineering course,SysEng - Add to cart - iDimension,0.07
mbse training,Broad,mbse architecture,Purchase,0.40
mbse training,Broad,mbse architecture,SysEng - Add to cart - iDimension,0.25
mbse training,Broad,learn mbse,Purchase,0.50
mbse training,Broad,learn mbse,SysEng - Add to cart - iDimension,1.00
mbse training,Broad,mbse certification,SysEng - Add to cart - iDimension,1.65
mbse training,Broad,mbse training,SysEng - Add to cart - iDimension,0.45
mbse training,Broad,mit architecture of complex systems,SysEng - Add to cart - iDimension,0.50
mbse training,Broad,mit complex systems,Purchase,0.50
mbse training,Broad,mit complex systems,SysEng - Add to cart - iDimension,1.31
mbse training,Broad,mit engineering certificates,SysEng - Add to cart - iDimension,1.00
mbse training,Broad,model based systems engineering certificate program,SysEng - Add to cart - iDimension,1.00
mbse training,Broad,model based systems engineering mbse tools,SysEng - Add to cart - iDimension,0.50
mbse training,Broad,mit xpro leadership at all levels,SysEng - Add to cart - iDimension,1.00
mbse training,Broad,mitprox,SysEng - Add to cart - iDimension,1.81
mbse training,Broad,machine learning modeling and simulation engineering problem solving in the age of ai,idimension - account create,1.00
mbse training,Broad,mit xpro,Purchase,1.00
mbse training,Broad,mit xpro,SysEng - Add to cart - iDimension,4.00
mbse training,Broad,mit xpro,idimension - account create,1.00
mbse training,Broad,mit xpro courses,SysEng - Add to cart - iDimension,1.00
mbse training,Broad,mit xpro courses,idimension - account create,1.00
mbse training,Broad,mitx pro,idimension - account create,0.78
mbse training,Broad,models in engineering,SysEng - Add to cart - iDimension,1.00
mbse training,Broad,systems engineering,SysEng - Add to cart - iDimension,2.00
mbse training,Exact,mbse training,Purchase,3.00
mbse training,Exact,mbse training,SysEng - Add to cart - iDimension,6.00
mbse training,Broad,best embedded systems course,SysEng - Add to cart - iDimension,0.91
mbse training,Broad,mbse model based systems engineering,SysEng - Add to cart - iDimension,1.00
mbse training,Broad,mbse example,SysEng - Add to cart - iDimension,1.00
mbse training,Broad,mit idss dsml,idimension - account create,0.20
mbse training,Broad,mit xpro,idimension - account create,2.00
mbse training,Broad,system engineering models,Purchase,1.00
mbse training,Broad,system engineering models,SysEng - Add to cart - iDimension,1.00
mbse training,Broad,incose systems engineering certification,idimension - account create,0.50
mbse training,Broad,mbse,SysEng - Add to cart - iDimension,0.78
mbse training,Broad,mit xpro,idimension - account create,2.00
mbse training,Broad,mit xpro courses,Purchase,1.00
mbse training,Broad,mit xpro courses,SysEng - Add to cart - iDimension,1.00
mbse training,Broad,systems engineering,SysEng - Add to cart - iDimension,6.00
mbse training,Broad,architecture and systems engineering models and methods to manage complex systems,SysEng - Add to cart - iDimension,5.00
mbse training,Broad,mit xpro,SysEng - Add to cart - iDimension,0.97
mbse training,Broad,systems engineering,SysEng - Add to cart - iDimension,1.36
mbse training,Broad,systems engineering,idimension - account create,1.98
mbse training,Broad,mbse,SysEng - Add to cart - iDimension,1.00
mbse training,Broad,mbse,idimension - account create,1.00
mbse training,Broad,systems dynamics course,SysEng - Add to cart - iDimension,1.00
mbse training,Broad,systems dynamics course,idimension - account create,1.00
mbse training,Broad,mechatronics course,idimension - account create,0.50
mbse training,Broad,systems thinking course harvard,idimension - account create,0.25
mechatronic systems engineering,Broad,mit mechatronics,SysEng - Add to cart - iDimension,0.76
mechatronics online course,Exact,mechatronics degree online,idimension - account create,1.00
mechatronics online course,Exact,mechatronics course online,idimension - account create,1.00
mit architecture and systems engineering,Broad,complex systems mit,SysEng - Add to cart - iDimension,1.00
mit architecture and systems engineering,Broad,master mit online,SysEng - Add to cart - iDimension,8.03
mit architecture and systems engineering,Broad,mit architecture and systems engineering,SysEng - Add to cart - iDimension,1.50
mit architecture and systems engineering,Broad,mit online degrees,SysEng - Add to cart - iDimension,1.00
mit architecture and systems engineering,Broad,mit pro,SysEng - Add to cart - iDimension,1.00
mit architecture and systems engineering,Broad,mit prox,SysEng - Add to cart - iDimension,2.00
mit architecture and systems engineering,Broad,mit systems,SysEng - Add to cart - iDimension,1.00
mit architecture and systems engineering,Broad,mit x pro,Purchase,0.16
mit architecture and systems engineering,Broad,mit x pro,SysEng - Add to cart - iDimension,4.50
mit architecture and systems engineering,Broad,mit xpro,Purchase,0.48
mit architecture and systems engineering,Broad,mit xpro,SysEng - Add to cart - iDimension,9.79
mit architecture and systems engineering,Broad,mit xpro courses,SysEng - Add to cart - iDimension,2.00
mit architecture and systems engineering,Broad,mitx online,Purchase,0.40
mit architecture and systems engineering,Broad,mitx online,SysEng - Add to cart - iDimension,1.00
mit architecture and systems engineering,Broad,mitxpro,Purchase,1.20
mit architecture and systems engineering,Broad,mitxpro,SysEng - Add to cart - iDimension,2.00
mit architecture and systems engineering,Broad,xpro mit,Purchase,1.00
mit architecture and systems engineering,Broad,xpro mit,SysEng - Add to cart - iDimension,2.33
mit architecture and systems engineering,Exact,architecture and systems engineering mit,Purchase,1.20
mit architecture and systems engineering,Exact,architecture and systems engineering mit,SysEng - Add to cart - iDimension,1.84
mit architecture and systems engineering,Exact,mit architecture and systems engineering,Purchase,2.41
mit architecture and systems engineering,Exact,mit architecture and systems engineering,SysEng - Add to cart - iDimension,4.10
mit architecture and systems engineering,Phrase,mit architecture and systems engineering,Purchase,1.00
mit architecture and systems engineering,Phrase,mit architecture and systems engineering,SysEng - Add to cart - iDimension,1.07
mit architecture and systems engineering,Phrase,systems engineering mit,SysEng - Add to cart - iDimension,0.50
mit architecture and systems engineering,Broad,learn xpro mit,Purchase,1.00
mit architecture and systems engineering,Broad,learn xpro mit,SysEng - Add to cart - iDimension,7.00
mit architecture and systems engineering,Broad,mit xpro,Purchase,0.85
mit architecture and systems engineering,Broad,mit xpro,SysEng - Add to cart - iDimension,7.25
mit architecture and systems engineering,Broad,mit xpro systems engineering,Purchase,0.50
mit architecture and systems engineering,Broad,mit xpro systems engineering,SysEng - Add to cart - iDimension,2.50
mit architecture and systems engineering,Exact,architecture and systems engineering mit,SysEng - Add to cart - iDimension,1.00
mit architecture and systems engineering,Broad,mit,Purchase,1.00
mit architecture and systems engineering,Broad,mit,SysEng - Add to cart - iDimension,4.00
mit architecture and systems engineering,Broad,mit certificate programs,SysEng - Add to cart - iDimension,3.00
mit architecture and systems engineering,Broad,mit courses for working professionals,SysEng - Add to cart - iDimension,1.00
mit architecture and systems engineering,Broad,mit engineering certificate programs,Purchase,0.04
mit architecture and systems engineering,Broad,mit engineering certificate programs,SysEng - Add to cart - iDimension,0.03
mit architecture and systems engineering,Broad,mit online certificate programs,SysEng - Add to cart - iDimension,1.00
mit architecture and systems engineering,Broad,mit online course catalog,SysEng - Add to cart - iDimension,2.00
mit architecture and systems engineering,Broad,mit pro,Purchase,0.20
mit architecture and systems engineering,Broad,mit pro,SysEng - Add to cart - iDimension,0.60
mit architecture and systems engineering,Broad,mit x pro,Purchase,0.40
mit architecture and systems engineering,Broad,mit x pro,SysEng - Add to cart - iDimension,17.00
mit architecture and systems engineering,Broad,mit xpro,Purchase,5.30
mit architecture and systems engineering,Broad,mit xpro,SysEng - Add to cart - iDimension,47.86
mit architecture and systems engineering,Broad,mitx pro,SysEng - Add to cart - iDimension,5.00
mit architecture and systems engineering,Broad,mitxpro,Purchase,1.00
mit architecture and systems engineering,Broad,mitxpro,SysEng - Add to cart - iDimension,3.67
mit architecture and systems engineering,Broad,online mit degree,SysEng - Add to cart - iDimension,1.00
mit architecture and systems engineering,Broad,xpro mit,Purchase,1.50
mit architecture and systems engineering,Broad,xpro mit,SysEng - Add to cart - iDimension,13.96
mit architecture and systems engineering,Exact,architecture and systems engineering mit,Purchase,2.00
mit architecture and systems engineering,Exact,architecture and systems engineering mit,SysEng - Add to cart - iDimension,2.00
mit architecture and systems engineering,Exact,mit architecture and systems engineering,Purchase,1.00
mit architecture and systems engineering,Exact,mit architecture and systems engineering,SysEng - Add to cart - iDimension,4.00
mit architecture and systems engineering,Exact,mit architecture and systems engineering,Purchase,0.07
mit architecture and systems engineering,Exact,mit architecture and systems engineering,SysEng - Add to cart - iDimension,2.50
mit architecture and systems engineering,Exact,mit architecture and systems engineering,Purchase,1.50
mit architecture and systems engineering,Exact,mit architecture and systems engineering,SysEng - Add to cart - iDimension,2.50
mit architecture and systems engineering,Exact,architecture and system engineering mit,idimension - account create,1.00
mit architecture and systems engineering,Exact,mit architecture and systems engineering,SysEng - Add to cart - iDimension,1.00
mit architecture and systems engineering,Exact,mit architecture and systems engineering,idimension - account create,1.00
mit architecture and systems engineering,Exact,mit architecture and systems engineering,SysEng - Add to cart - iDimension,1.00
mit architecture and systems engineering,Exact,mit architecture and systems engineering,idimension - account create,1.00
mit architecture and systems engineering,Exact,mit architecture and systems engineering,SysEng - Add to cart - iDimension,1.00
mit architecture and systems engineering,Exact,mit architecture and systems engineering,idimension - account create,1.00
mit course ware,Broad,c++ course mit,SysEng - Add to cart - iDimension,1.00
mit course ware,Broad,mit,SysEng - Add to cart - iDimension,1.49
mit course ware,Broad,mit sloan courses,SysEng - Add to cart - iDimension,2.00
mit engineering certificate,Phrase,xpro mit,Purchase,1.00
mit engineering certificate,Phrase,xpro mit,SysEng - Add to cart - iDimension,3.00
mit engineering certificate,Broad,business analytics certificate mit,idimension - account create,1.00
mit engineering certificate,Broad,mit becoming an entrepreneur,SysEng - Add to cart - iDimension,1.00
mit engineering certificate,Broad,mit becoming an entrepreneur,idimension - account create,1.00
mit engineering certificate,Broad,mit neuroscience courses,idimension - account create,0.04
mit engineering certificate,Broad,mit sloan application,idimension - account create,0.50
mit engineering certificate,Broad,cursos gratuitos mit,SysEng - Add to cart - iDimension,1.00
mit engineering certificates,Broad,mit free computer science courses,SysEng - Add to cart - iDimension,1.00
mit engineering certificates,Broad,mit online courses,Purchase,1.00
mit engineering certificates,Broad,mit online courses,SysEng - Add to cart - iDimension,1.00
mit engineering certificates,Broad,mit xpro,SysEng - Add to cart - iDimension,5.45
mit engineering certificates,Broad,mit free certification courses,SysEng - Add to cart - iDimension,0.18
mit engineering certificates,Broad,mit opencourseware,SysEng - Add to cart - iDimension,1.00
mit engineering certificates,Broad,mit,idimension - account create,2.00
mit engineering certificates,Broad,mit ai course,Purchase,0.50
mit engineering certificates,Broad,mit ai course,SysEng - Add to cart - iDimension,0.50
mit engineering certificates,Broad,mit application,SysEng - Add to cart - iDimension,1.17
mit engineering certificates,Broad,mit application,idimension - account create,1.50
mit engineering certificates,Broad,mit application portal,SysEng - Add to cart - iDimension,0.83
mit engineering certificates,Broad,mit application portal,idimension - account create,0.50
mit engineering certificates,Broad,mit sloan,Purchase,1.00
mit engineering certificates,Broad,mit sloan,SysEng - Add to cart - iDimension,1.00
mit engineering certificates,Broad,mit ocw,SysEng - Add to cart - iDimension,1.00
mit engineering certificates,Broad,mit opencourseware certificate,SysEng - Add to cart - iDimension,1.00
mit engineering certificates,Broad,mit xpro,SysEng - Add to cart - iDimension,1.50
mit engineering certificates,Broad,mit xpro,Purchase,1.00
mit engineering certificates,Broad,mit xpro,SysEng - Add to cart - iDimension,7.00
mit engineering certificates,Broad,free mit courses,SysEng - Add to cart - iDimension,1.00
mit engineering certificates,Broad,m i t university,SysEng - Add to cart - iDimension,1.00
mit engineering certificates,Broad,mit,SysEng - Add to cart - iDimension,1.00
mit engineering certificates,Broad,mit continuing ed,SysEng - Add to cart - iDimension,1.00
mit engineering certificates,Broad,mit ocw,SysEng - Add to cart - iDimension,1.00
mit engineering certificates,Broad,mit xpro,SysEng - Add to cart - iDimension,1.00
mit engineering certificates,Broad,mitx pro,Purchase,1.00
mit engineering certificates,Broad,mitx pro,SysEng - Add to cart - iDimension,2.00
mit engineering certificates,Broad,ocw mit edu,SysEng - Add to cart - iDimension,1.00
mit engineering certificates,Broad,ocw mit edu courses,SysEng - Add to cart - iDimension,1.00
mit engineering certificates,Broad,opencourseware mit,SysEng - Add to cart - iDimension,1.00
mit engineering certificates,Broad,edx,idimension - account create,1.00
mit engineering certificates,Broad,edx electrical engineering,idimension - account create,1.00
mit engineering certificates,Broad,mit,SysEng - Add to cart - iDimension,0.50
mit engineering certificates,Broad,mit xpro,Purchase,1.00
mit engineering certificates,Broad,mit xpro,SysEng - Add to cart - iDimension,1.00
mit engineering certificates,Broad,edx,idimension - account create,2.00
mit engineering certificates,Broad,mitx,SysEng - Add to cart - iDimension,2.00
mit engineering certificates,Broad,mit quantum computing fundamentals,idimension - account create,1.00
mit engineering certificates,Broad,mit summer program,idimension - account create,1.00
mit mbse,Broad,mbse mit,Purchase,1.00
mit mbse,Broad,mbse mit,SysEng - Add to cart - iDimension,2.00
mit mbse,Exact,mbse mit,SysEng - Add to cart - iDimension,0.46
mit mbse,Exact,mit mbse,Purchase,2.00
mit mbse,Exact,mit mbse,SysEng - Add to cart - iDimension,15.05
mit mbse,Exact,mit mbse,Purchase,0.50
mit mbse,Exact,mit mbse,SysEng - Add to cart - iDimension,1.00
mit mbse,Exact,mit mbse,Purchase,4.10
mit mbse,Exact,mit mbse,SysEng - Add to cart - iDimension,37.34
mit mbse,Exact,mit mbse course,Purchase,1.00
mit mbse,Exact,mit mbse course,SysEng - Add to cart - iDimension,1.00
mit mbse,Exact,mit model based systems engineering certification,SysEng - Add to cart - iDimension,0.44
mit mbse,Phrase,mbse mit,Purchase,1.00
mit mbse,Phrase,mbse mit,SysEng - Add to cart - iDimension,0.89
mit mbse,Exact,mbse mit,SysEng - Add to cart - iDimension,1.00
mit mbse,Exact,mit mbse,Purchase,3.00
mit mbse,Exact,mit mbse,SysEng - Add to cart - iDimension,5.00
mit mbse,Exact,mit mbse course,SysEng - Add to cart - iDimension,1.00
mit mbse,Exact,mit mbse course,idimension - account create,2.00
mit mbse,Exact,mit mbse,SysEng - Add to cart - iDimension,0.50
mit mbse,Exact,mbse mit,Purchase,0.50
mit mbse,Exact,mbse mit,SysEng - Add to cart - iDimension,1.50
mit mbse,Exact,mbse mit,idimension - account create,1.00
mit mbse,Exact,mit mbse,Purchase,0.50
mit mbse,Exact,mit mbse,SysEng - Add to cart - iDimension,1.50
mit mbse,Exact,mit mbse,SysEng - Add to cart - iDimension,0.33
mit mbse,Exact,mit mbse course,SysEng - Add to cart - iDimension,0.50
mit mbse,Exact,mbse mit,SysEng - Add to cart - iDimension,2.00
mit mbse,Exact,mit mbse,SysEng - Add to cart - iDimension,0.50
mit mbse,Exact,mit mbse,idimension - account create,0.50
mit mbse,Exact,mit mbse,SysEng - Add to cart - iDimension,1.00
mit mbse,Exact,mit mbse,idimension - account create,2.00
mit mbse,Exact,mit mbse,SysEng - Add to cart - iDimension,1.00
mit mbse,Exact,mit mbse,idimension - account create,1.00
mit mbse,Exact,mit mbse course,SysEng - Add to cart - iDimension,1.00
mit mbse,Broad,artificial intelligence with python mit,idimension - account create,1.00
mit mbse,Exact,mbse mit,SysEng - Add to cart - iDimension,0.92
mit mbse,Exact,mit mbse,Purchase,1.00
mit mbse,Exact,mit mbse,SysEng - Add to cart - iDimension,1.69
mit mbse,Exact,mit mbse,idimension - account create,0.81
mit mbse,Broad,mit learn,SysEng - Add to cart - iDimension,1.00
mit mbse,Broad,mit learn,idimension - account create,1.00
mit mbse,Broad,mit opencourseware,idimension - account create,1.00
mit mbse,Broad,mitx micromasters supply chain,idimension - account create,1.00
mit mbse,Exact,mbse mit,SysEng - Add to cart - iDimension,1.00
mit mbse,Exact,mit mbse,SysEng - Add to cart - iDimension,1.00
mit mbse,Broad,mit launchx,idimension - account create,1.00
mit mbse certificate,Broad,mbse mit,Purchase,1.00
mit mbse certificate,Broad,mbse mit,SysEng - Add to cart - iDimension,2.00
mit mbse certificate,Broad,mit sloan sustainability certificate,SysEng - Add to cart - iDimension,1.00
mit mbse certificate,Exact,mit mbse certificate,SysEng - Add to cart - iDimension,6.08
mit mbse certificate,Exact,mit mbse certificate,SysEng - Add to cart - iDimension,1.00
mit mbse certificate,Exact,mit mbse certificate,SysEng - Add to cart - iDimension,1.00
mit mbse certificate,Exact,mit mbse certificate,idimension - account create,1.00
mit model based systems engineering,Broad,mit model based systems engineering,Purchase,1.00
mit model based systems engineering,Broad,mit model based systems engineering,SysEng - Add to cart - iDimension,8.35
mit model based systems engineering,Broad,mit online,SysEng - Add to cart - iDimension,6.00
mit model based systems engineering,Broad,mit pro x,SysEng - Add to cart - iDimension,3.35
mit model based systems engineering,Broad,mit prox,SysEng - Add to cart - iDimension,1.00
mit model based systems engineering,Broad,mit short courses,SysEng - Add to cart - iDimension,1.00
mit model based systems engineering,Broad,mit systems thinking,Purchase,0.10
mit model based systems engineering,Broad,mit systems thinking,SysEng - Add to cart - iDimension,0.22
mit model based systems engineering,Broad,mit xpro,Purchase,1.60
mit model based systems engineering,Broad,mit xpro,SysEng - Add to cart - iDimension,12.48
mit model based systems engineering,Broad,mit xpro architecture of complex systems,Purchase,1.00
mit model based systems engineering,Broad,mit xpro architecture of complex systems,SysEng - Add to cart - iDimension,2.00
mit model based systems engineering,Broad,mit xpro certificates,SysEng - Add to cart - iDimension,0.04
mit model based systems engineering,Broad,mitprox,SysEng - Add to cart - iDimension,2.02
mit model based systems engineering,Broad,mitxpro,Purchase,1.00
mit model based systems engineering,Broad,mitxpro,SysEng - Add to cart - iDimension,1.08
mit model based systems engineering,Broad,xpro mit,SysEng - Add to cart - iDimension,1.00
mit model based systems engineering,Exact,mbse mit,SysEng - Add to cart - iDimension,0.54
mit model based systems engineering,Exact,mit mbse course,SysEng - Add to cart - iDimension,1.00
mit model based systems engineering,Exact,mit model based systems engineering,Purchase,0.40
mit model based systems engineering,Exact,mit model based systems engineering,SysEng - Add to cart - iDimension,5.34
mit model based systems engineering,Exact,mit system engineering course,SysEng - Add to cart - iDimension,0.05
mit model based systems engineering,Exact,mit systems engineering course,Purchase,0.50
mit model based systems engineering,Exact,mit systems engineering course,SysEng - Add to cart - iDimension,1.50
mit model based systems engineering,Exact,systems engineering mit,Purchase,1.00
mit model based systems engineering,Exact,systems engineering mit,SysEng - Add to cart - iDimension,2.61
mit model based systems engineering,Broad,mitxpro,SysEng - Add to cart - iDimension,1.00
mit model based systems engineering,Exact,mit model based systems engineering,Purchase,1.00
mit model based systems engineering,Exact,mit model based systems engineering,SysEng - Add to cart - iDimension,2.00
mit model based systems engineering,Exact,systems engineering mit,SysEng - Add to cart - iDimension,0.50
mit model based systems engineering,Broad,mit xpro,SysEng - Add to cart - iDimension,2.33
mit model based systems engineering,Broad,mit xpro online course,SysEng - Add to cart - iDimension,2.00
mit model based systems engineering,Exact,mbse mit,Purchase,1.00
mit model based systems engineering,Exact,mbse mit,SysEng - Add to cart - iDimension,2.00
mit model based systems engineering,Exact,mit mbse course,Purchase,2.00
mit model based systems engineering,Exact,mit mbse course,SysEng - Add to cart - iDimension,8.33
mit model based systems engineering,Exact,mit model based systems engineering,Purchase,2.50
mit model based systems engineering,Exact,mit model based systems engineering,SysEng - Add to cart - iDimension,13.00
mit model based systems engineering,Exact,mit model based systems engineering certification,SysEng - Add to cart - iDimension,1.00
mit model based systems engineering,Exact,mit system engineering course,SysEng - Add to cart - iDimension,1.72
mit model based systems engineering,Exact,model based systems engineering mit,SysEng - Add to cart - iDimension,9.00
mit model based systems engineering,Exact,systems engineering mit,SysEng - Add to cart - iDimension,1.32
mit model based systems engineering,Exact,mit model based systems engineering,Purchase,1.07
mit model based systems engineering,Exact,mit model based systems engineering,SysEng - Add to cart - iDimension,1.67
mit model based systems engineering,Exact,model based systems engineering mit,SysEng - Add to cart - iDimension,0.54
mit model based systems engineering,Exact,model based systems engineering mit,idimension - account create,1.00
mit model based systems engineering,Exact,mit model based systems engineering,SysEng - Add to cart - iDimension,0.33
mit model based systems engineering,Exact,mit model based systems engineering,SysEng - Add to cart - iDimension,3.00
mit model based systems engineering,Exact,model based systems engineering mit,Purchase,1.00
mit model based systems engineering,Exact,model based systems engineering mit,SysEng - Add to cart - iDimension,1.00
mit model based systems engineering,Exact,model based systems engineering mit,idimension - account create,1.00
mit model based systems engineering,Exact,mit model based systems engineering,SysEng - Add to cart - iDimension,1.00
mit model based systems engineering certification,Exact,mit mbse certification,SysEng - Add to cart - iDimension,0.10
mit ocw,Broad,introduction to computer science and programming using python mit,SysEng - Add to cart - iDimension,1.00
mit ocw,Broad,mit certificate programs,SysEng - Add to cart - iDimension,4.00
mit ocw,Broad,mit edu courses,SysEng - Add to cart - iDimension,0.39
mit ocw,Broad,mit open course wave,SysEng - Add to cart - iDimension,1.00
mit ocw,Broad,mit xpro courses,Purchase,1.00
mit ocw,Broad,mit xpro courses,SysEng - Add to cart - iDimension,1.00
mit ocw courses,Broad,introduction to computation and programming using python,SysEng - Add to cart - iDimension,1.00
mit online,Broad,mit,Purchase,2.00
mit online,Broad,mit,SysEng - Add to cart - iDimension,5.87
mit online,Broad,mit online,SysEng - Add to cart - iDimension,1.00
mit online,Broad,mit pro,SysEng - Add to cart - iDimension,1.00
mit online,Broad,mit xpro,SysEng - Add to cart - iDimension,1.00
mit online course,Broad,bootcamp mit,SysEng - Add to cart - iDimension,3.00
mit online course,Broad,ceu mit,SysEng - Add to cart - iDimension,1.99
mit online course,Broad,edx micromasters,SysEng - Add to cart - iDimension,0.20
mit online course,Broad,mit additive manufacturing course,SysEng - Add to cart - iDimension,1.00
mit online course,Broad,mit certificate programs,SysEng - Add to cart - iDimension,1.72
mit online course,Broad,mit cybersecurity course,SysEng - Add to cart - iDimension,1.00
mit online course,Broad,mit digital transformation certificate,SysEng - Add to cart - iDimension,0.69
mit online course,Broad,mit extension school,SysEng - Add to cart - iDimension,1.00
mit online course,Broad,mit foundations of modern finance,SysEng - Add to cart - iDimension,1.00
mit online course,Broad,mit graduate certificate,SysEng - Add to cart - iDimension,1.34
mit online course,Broad,mit pro,Purchase,2.00
mit online course,Broad,mit pro,SysEng - Add to cart - iDimension,6.00
mit online course,Broad,mit professional certificates,SysEng - Add to cart - iDimension,0.13
mit online course,Broad,mit professional education,SysEng - Add to cart - iDimension,3.00
mit online course,Broad,mit prox,SysEng - Add to cart - iDimension,1.00
mit online course,Broad,mit trainings,SysEng - Add to cart - iDimension,2.00
mit online course,Broad,mit xpro courses,Purchase,2.00
mit online course,Broad,mit xpro courses,SysEng - Add to cart - iDimension,10.83
mit online course,Broad,mit xpro login,SysEng - Add to cart - iDimension,12.84
mit online course,Broad,mit xpro quantum computing,SysEng - Add to cart - iDimension,1.00
mit online course,Broad,mitx online mitx on edx,SysEng - Add to cart - iDimension,1.00
mit online course,Broad,xpro mit,SysEng - Add to cart - iDimension,2.00
mit online course,Broad,xpro mit edu,SysEng - Add to cart - iDimension,1.00
mit online courses,Exact,mit courses online,SysEng - Add to cart - iDimension,1.70
mit online courses,Exact,mit online,SysEng - Add to cart - iDimension,3.00
mit online courses,Exact,mit online courses,SysEng - Add to cart - iDimension,3.50
mit online courses,Phrase,mit online bachelor degree,SysEng - Add to cart - iDimension,4.00
mit online courses,Phrase,mit online courses certificate,SysEng - Add to cart - iDimension,0.15
mit online courses,Phrase,ocw mit,Purchase,1.00
mit online courses,Phrase,ocw mit,SysEng - Add to cart - iDimension,8.00
mit online courses,Broad,cursos massachusetts institute of technology,SysEng - Add to cart - iDimension,1.00
mit online courses,Broad,mit pro,Purchase,0.50
mit online courses,Broad,mit pro,SysEng - Add to cart - iDimension,1.00
mit online courses,Broad,mit xpro,Purchase,2.60
mit online courses,Broad,mit xpro,SysEng - Add to cart - iDimension,8.38
mit online courses,Broad,mitx courses,SysEng - Add to cart - iDimension,1.00
mit online courses,Broad,mitx pro,SysEng - Add to cart - iDimension,1.00
mit online courses,Broad,mitxpro,Purchase,0.50
mit online courses,Broad,mitxpro,SysEng - Add to cart - iDimension,2.17
mit online courses,Broad,xpro mit,SysEng - Add to cart - iDimension,4.92
mit online courses,Phrase,mit online courses,SysEng - Add to cart - iDimension,2.00
mit professional education,Broad,mit xpro,Purchase,1.00
mit professional education,Broad,mit xpro,SysEng - Add to cart - iDimension,2.00
mit professional education,Broad,mitpro,Purchase,1.00
mit professional education,Broad,mit xpro,Purchase,1.00
mit professional education,Broad,mit xpro,SysEng - Add to cart - iDimension,2.00
mit system engineering,Broad,mit university,Purchase,0.40
mit system engineering,Broad,mit university,SysEng - Add to cart - iDimension,0.50
mit system engineering,Exact,mit system engineering,Purchase,1.05
mit system engineering,Exact,mit system engineering,SysEng - Add to cart - iDimension,13.53
mit system engineering,Exact,mit systems engineering course,SysEng - Add to cart - iDimension,2.30
mit system engineering,Exact,mitx system,Purchase,1.00
mit system engineering,Exact,mitx system,SysEng - Add to cart - iDimension,5.00
mit system engineering,Exact,systems engineering mit,Purchase,0.20
mit system engineering,Exact,systems engineering mit,SysEng - Add to cart - iDimension,3.02
mit system engineering,Phrase,mit system engineering,Purchase,1.43
mit system engineering,Phrase,mit system engineering,SysEng - Add to cart - iDimension,15.00
mit system engineering,Phrase,mit system engineering course,Purchase,0.10
mit system engineering,Phrase,mit system engineering course,SysEng - Add to cart - iDimension,1.33
mit system engineering,Exact,mit system engineering,SysEng - Add to cart - iDimension,7.96
mit system engineering,Exact,systems engineering mit,SysEng - Add to cart - iDimension,0.22
mit system engineering,Broad,mit classes,SysEng - Add to cart - iDimension,1.00
mit system engineering,Broad,mit cources,SysEng - Add to cart - iDimension,0.02
mit system engineering,Broad,mit professional,SysEng - Add to cart - iDimension,1.00
mit system engineering,Broad,mit xpro,Purchase,0.90
mit system engineering,Broad,mit xpro,SysEng - Add to cart - iDimension,1.72
mit system engineering,Exact,mit system engineering,Purchase,1.00
mit system engineering,Exact,mit system engineering,SysEng - Add to cart - iDimension,15.09
mit system engineering,Exact,mit systems engineering course,Purchase,1.00
mit system engineering,Exact,mit systems engineering course,SysEng - Add to cart - iDimension,1.38
mit system engineering,Exact,system engineering mit,SysEng - Add to cart - iDimension,0.84
mit system engineering,Exact,systems engineering course mit,Purchase,1.00
mit system engineering,Exact,systems engineering course mit,SysEng - Add to cart - iDimension,1.00
mit system engineering certificate,Broad,mit prox,SysEng - Add to cart - iDimension,4.00
mit system engineering certificate,Broad,mitxpro,Purchase,0.08
mit system engineering certificate,Exact,mit systems engineering course,Purchase,0.40
mit system engineering certificate,Exact,mit xpro systems engineering,SysEng - Add to cart - iDimension,2.00
mit system engineering certificate,Exact,mitx systems engineering,Purchase,0.62
mit system engineering certificate,Exact,mitx systems engineering,SysEng - Add to cart - iDimension,2.18
mit system engineering certificate,Broad,mit xpro architecture of complex systems,Purchase,1.00
mit system engineering certificate,Broad,mit xpro architecture of complex systems,SysEng - Add to cart - iDimension,2.00
mit system engineering certificate,Exact,mit system engineering certificate,Purchase,1.00
mit system engineering certificate,Exact,mit system engineering certificate,SysEng - Add to cart - iDimension,1.50
mit system engineering certificate,Broad,edx mit,SysEng - Add to cart - iDimension,1.00
mit system engineering certificate,Broad,mit university courses,SysEng - Add to cart - iDimension,1.00
mit system engineering certificate,Broad,mit xpro,Purchase,1.98
mit system engineering certificate,Broad,mit xpro,SysEng - Add to cart - iDimension,13.47
mit system engineering certificate,Broad,mitprox,SysEng - Add to cart - iDimension,3.27
mit system engineering certificate,Broad,mitx pro,SysEng - Add to cart - iDimension,2.00
mit system engineering certificate,Broad,artificial intelligence mit ocw,SysEng - Add to cart - iDimension,1.00
mit system engineering certificate,Broad,edx mit courses,SysEng - Add to cart - iDimension,1.00
mit system engineering certificate,Broad,mit certificate programs,SysEng - Add to cart - iDimension,1.00
mit system engineering certificate,Broad,mit computer science masters online,SysEng - Add to cart - iDimension,1.00
mit system engineering certificate,Broad,mit machine learning,SysEng - Add to cart - iDimension,1.00
mit system engineering certificate,Broad,mit online degree computer science,SysEng - Add to cart - iDimension,1.00
mit system engineering certificate,Broad,mit opencourseware embedded systems,SysEng - Add to cart - iDimension,1.00
mit system engineering certificate,Broad,mit pro,SysEng - Add to cart - iDimension,1.50
mit system engineering certificate,Broad,mit university,SysEng - Add to cart - iDimension,1.00
mit system engineering certificate,Broad,mit xpro,Purchase,1.00
mit system engineering certificate,Broad,mit xpro,SysEng - Add to cart - iDimension,6.56
mit system engineering certificate,Broad,mit xpro courses,SysEng - Add to cart - iDimension,1.00
mit system engineering certificate,Broad,ocw mit,SysEng - Add to cart - iDimension,1.00
mit system engineering certificate,Broad,ocw mit edu courses,SysEng - Add to cart - iDimension,0.20
mit system engineering certificate,Broad,www mit edu online,SysEng - Add to cart - iDimension,1.26
mit system engineering certificate,Broad,mit learn,idimension - account create,1.00
mit system engineering certificate,Broad,mit professional education,SysEng - Add to cart - iDimension,1.00
mit system engineering certificate,Broad,mit xpro,Purchase,2.50
mit system engineering certificate,Broad,mit xpro,SysEng - Add to cart - iDimension,15.96
mit system engineering certificate,Broad,mit xpro login,SysEng - Add to cart - iDimension,1.00
mit system engineering certificate,Broad,mit xpro project management,Purchase,0.33
mit system engineering certificate,Broad,mit xpro project management,SysEng - Add to cart - iDimension,1.62
mit system engineering certificate,Broad,mitx pro,SysEng - Add to cart - iDimension,2.08
mit system engineering certificate,Exact,mit system engineering certificate,Purchase,1.51
mit system engineering certificate,Exact,mit system engineering certificate,SysEng - Add to cart - iDimension,5.52
mit system engineering certificate,Exact,mit system engineering certificate,idimension - account create,1.00
mit system engineering certificate,Exact,systems engineering certificate mit,idimension - account create,1.00
mit system engineering certificate,Broad,mit opencourseware certificate,SysEng - Add to cart - iDimension,0.50
mit system engineering certificate,Broad,mit xpro,Purchase,12.00
mit system engineering certificate,Broad,mit xpro,SysEng - Add to cart - iDimension,68.67
mit system engineering certificate,Broad,mitx,SysEng - Add to cart - iDimension,1.00
mit system engineering certificate,Broad,mit learn,idimension - account create,1.00
mit system engineering certificate,Broad,mit pro,SysEng - Add to cart - iDimension,0.33
mit system engineering certificate,Broad,mit sloan,idimension - account create,1.00
mit system engineering certificate,Broad,mit xpro,Purchase,1.00
mit system engineering certificate,Broad,mit xpro,SysEng - Add to cart - iDimension,2.00
mit system engineering certificate,Broad,mit xpro,idimension - account create,2.00
mit system engineering certificate,Broad,mit xpro courses,SysEng - Add to cart - iDimension,0.98
mit system engineering certificate,Exact,mit system engineering certificate,SysEng - Add to cart - iDimension,1.00
mit system engineering certificate,Broad,mit system design,SysEng - Add to cart - iDimension,1.00
mit system engineering certificate,Broad,mit xpro courses,SysEng - Add to cart - iDimension,1.33
mit system engineering certificate,Broad,https www edx org school mitx,idimension - account create,0.50
mit system engineering certificate,Broad,mit,SysEng - Add to cart - iDimension,0.50
mit system engineering certificate,Broad,mit,idimension - account create,3.03
mit system engineering certificate,Broad,mit apply online,idimension - account create,0.50
mit system engineering certificate,Broad,mit architecture,SysEng - Add to cart - iDimension,2.00
mit system engineering certificate,Broad,mit programming course,idimension - account create,0.50
mit system engineering certificate,Broad,mit xpro,Purchase,1.00
mit system engineering certificate,Broad,mit xpro,SysEng - Add to cart - iDimension,10.00
mit system engineering certificate,Broad,my mit,idimension - account create,0.50
mit system engineering certificate,Broad,edx,idimension - account create,2.00
mit system engineering certificate,Broad,mit,idimension - account create,2.00
mit system engineering certificate,Broad,mit certificate programs,SysEng - Add to cart - iDimension,1.00
mit system engineering certificate,Broad,mit pro,idimension - account create,1.00
mit system engineering certificate,Broad,mit xpro,Purchase,1.00
mit system engineering certificate,Broad,mit xpro,SysEng - Add to cart - iDimension,4.00
mit system engineering certificate,Broad,mit xpro,idimension - account create,2.00
mit system engineering certificate,Broad,mitx,SysEng - Add to cart - iDimension,1.00
mit system engineering certificate,Exact,mit mbse course,Purchase,1.00
mit system engineering certificate,Exact,mit mbse course,SysEng - Add to cart - iDimension,3.33
mit system engineering certificate,Broad,bwsi mit,SysEng - Add to cart - iDimension,1.00
mit system engineering certificate,Broad,bwsi mit,idimension - account create,1.00
mit system engineering certificate,Broad,mit xpro,SysEng - Add to cart - iDimension,1.00
mit system engineering certificate,Broad,mit 公开 课,idimension - account create,1.00
mit system engineering certificate,Broad,mitx pro,SysEng - Add to cart - iDimension,1.00
mit system engineering certificate,Broad,mitx pro,idimension - account create,1.00
mit system engineering certificate,Broad,research science institute rsi mit,SysEng - Add to cart - iDimension,1.00
mit system engineering certificate,Broad,research science institute rsi mit,idimension - account create,1.00
mit system engineering certificate,Exact,mit system engineering,SysEng - Add to cart - iDimension,0.12
mit system engineering certificate,Exact,mit system engineering,idimension - account create,0.03
mit system engineering certificate,Exact,mit system engineering certificate,SysEng - Add to cart - iDimension,1.00
mit system engineering certificate,Exact,mit system engineering certificate,idimension - account create,2.00
mit system engineering certificate,Broad,mit machine learning,idimension - account create,0.33
mit system engineering certificate,Broad,mit machine learning course,idimension - account create,0.33
mit system engineering certificate,Broad,mit system engineering,SysEng - Add to cart - iDimension,1.00
mit system engineering certificate,Broad,xpro mit edu,idimension - account create,1.00
mit system engineering certificate,Broad,software architecture course mit,idimension - account create,1.00
mit systems architecture,Exact,mit architecture of complex systems,SysEng - Add to cart - iDimension,0.66
mit systems architecture,Exact,mit system architecture,Purchase,1.00
mit systems architecture,Exact,mit system architecture,SysEng - Add to cart - iDimension,1.00
mit systems architecture,Exact,mit systems architecture,Purchase,0.50
mit systems architecture,Broad,architecture and systems engineering models and methods to manage complex systems,SysEng - Add to cart - iDimension,1.00
mit systems architecture,Broad,architecture of complex systems mit,SysEng - Add to cart - iDimension,0.08
mit systems architecture,Broad,mit complex systems,SysEng - Add to cart - iDimension,4.50
mit systems architecture,Broad,mit courses,Purchase,0.04
mit systems architecture,Broad,mit courses,SysEng - Add to cart - iDimension,4.02
mit systems architecture,Broad,mit online course,SysEng - Add to cart - iDimension,0.50
mit systems architecture,Broad,mit system architecture,SysEng - Add to cart - iDimension,1.00
mit systems architecture,Broad,mit xpro architecture of complex systems,SysEng - Add to cart - iDimension,1.00
mit systems architecture,Phrase,mit architecture of complex systems,Purchase,1.00
mit systems architecture,Phrase,mit architecture of complex systems,SysEng - Add to cart - iDimension,2.00
mit systems architecture,Phrase,mit xpro architecture of complex systems,SysEng - Add to cart - iDimension,0.69
mit systems architecture,Exact,system architecture mit,SysEng - Add to cart - iDimension,1.33
mit systems architecture,Broad,architecture and systems engineering models and methods to manage complex systems,Purchase,1.00
mit systems architecture,Broad,architecture and systems engineering models and methods to manage complex systems,SysEng - Add to cart - iDimension,1.00
mit systems architecture,Broad,architecture of complex systems,SysEng - Add to cart - iDimension,0.03
mit systems architecture,Broad,mit system architecture,Purchase,0.50
mit systems architecture,Broad,mit system architecture,SysEng - Add to cart - iDimension,4.00
mit systems architecture,Exact,architecture of complex systems mit,Purchase,2.00
mit systems architecture,Exact,architecture of complex systems mit,SysEng - Add to cart - iDimension,1.00
mit systems architecture,Exact,mit systems architecture,Purchase,1.50
mit systems architecture,Exact,mit systems architecture,SysEng - Add to cart - iDimension,45.00
mit systems architecture,Broad,mit architecture courses,Purchase,2.00
mit systems architecture,Broad,mit architecture courses,SysEng - Add to cart - iDimension,6.00
mit systems architecture,Broad,mit architecture of complex systems,Purchase,0.50
mit systems architecture,Broad,mit systems architecture,Purchase,1.00
mit systems architecture,Broad,mit systems architecture,SysEng - Add to cart - iDimension,1.00
mit systems architecture,Exact,mit systems architecture,Purchase,2.00
mit systems architecture,Exact,mit systems architecture,SysEng - Add to cart - iDimension,2.00
mit systems architecture,Exact,mit system architecture,SysEng - Add to cart - iDimension,1.00
mit systems architecture,Exact,mit system architecture,idimension - account create,1.00
mit systems architecture,Exact,mit systems architecture,SysEng - Add to cart - iDimension,3.14
mit systems architecture,Exact,mit systems architecture,idimension - account create,1.00
mit systems architecture,Exact,system architecture mit,SysEng - Add to cart - iDimension,2.00
mit systems architecture,Exact,system architecture mit,idimension - account create,1.00
mit systems architecture,Exact,architecture of complex systems mit,Purchase,0.66
mit systems architecture,Exact,architecture of complex systems mit,SysEng - Add to cart - iDimension,4.46
mit systems architecture,Exact,mit architecture of complex systems,SysEng - Add to cart - iDimension,2.00
mit systems architecture,Phrase,mit xpro architecture of complex systems,Purchase,2.00
mit systems architecture,Phrase,mit xpro architecture of complex systems,SysEng - Add to cart - iDimension,5.00
mit systems architecture,Exact,mit system architecture,Purchase,1.00
mit systems architecture,Exact,mit system architecture,SysEng - Add to cart - iDimension,1.00
mit systems architecture,Exact,mit system architecture,Purchase,1.00
mit systems architecture,Exact,mit system architecture,SysEng - Add to cart - iDimension,3.00
mit systems architecture,Exact,system architecture mit,SysEng - Add to cart - iDimension,4.00
mit systems architecture,Exact,architecture of complex systems mit,idimension - account create,0.96
mit systems architecture,Exact,mit architecture of complex systems,SysEng - Add to cart - iDimension,1.00
mit systems architecture,Exact,mit architecture of complex systems,idimension - account create,1.00
mit systems architecture,Exact,mit xpro architecture of complex systems,Purchase,0.50
mit systems architecture,Exact,mit xpro architecture of complex systems,SysEng - Add to cart - iDimension,1.50
mit systems architecture,Exact,mit architecture of complex systems,Purchase,1.00
mit systems architecture,Exact,mit architecture of complex systems,SysEng - Add to cart - iDimension,0.99
mit systems architecture,Exact,mit architecture of complex systems,idimension - account create,1.00
mit systems architecture,Exact,mit systems architecture,SysEng - Add to cart - iDimension,0.50
mit systems architecture,Exact,mit systems architecture,idimension - account create,0.50
mit systems architecture,Exact,mit architecture of complex systems,SysEng - Add to cart - iDimension,1.00
mit systems architecture,Exact,mit software architecture,SysEng - Add to cart - iDimension,1.00
mit systems engineering,Broad,mit esd,SysEng - Add to cart - iDimension,0.50
mit systems engineering,Broad,mit ocw systems engineering,Purchase,1.00
mit systems engineering,Broad,mit ocw systems engineering,SysEng - Add to cart - iDimension,2.00
mit systems engineering,Broad,mit online programs,SysEng - Add to cart - iDimension,0.43
mit systems engineering,Broad,mit prox,Purchase,0.40
mit systems engineering,Broad,mit prox,SysEng - Add to cart - iDimension,0.25
mit systems engineering,Broad,mit system dynamics,Purchase,0.01
mit systems engineering,Broad,mit system dynamics,SysEng - Add to cart - iDimension,0.02
mit systems engineering,Broad,mit system engineering course,Purchase,0.10
mit systems engineering,Broad,mit system engineering course,SysEng - Add to cart - iDimension,0.25
mit systems engineering,Broad,mit systems engineering,Purchase,1.00
mit systems engineering,Broad,mit systems engineering,SysEng - Add to cart - iDimension,4.08
mit systems engineering,Broad,mit training courses,SysEng - Add to cart - iDimension,3.00
mit systems engineering,Broad,mit xpro systems engineering,Purchase,0.70
mit systems engineering,Broad,mit xpro systems engineering,SysEng - Add to cart - iDimension,3.10
mit systems engineering,Broad,system engineering mit,SysEng - Add to cart - iDimension,4.06
mit systems engineering,Exact,mit systems engineering,Purchase,10.15
mit systems engineering,Exact,mit systems engineering,SysEng - Add to cart - iDimension,76.29
mit systems engineering,Exact,mit systems engineering course,Purchase,1.00
mit systems engineering,Exact,mit systems engineering course,SysEng - Add to cart - iDimension,7.73
mit systems engineering,Exact,mit systems engineering online,SysEng - Add to cart - iDimension,1.00
mit systems engineering,Exact,mit xpro systems engineering,SysEng - Add to cart - iDimension,1.00
mit systems engineering,Exact,mitx systems engineering,Purchase,0.40
mit systems engineering,Exact,mitx systems engineering,SysEng - Add to cart - iDimension,2.18
mit systems engineering,Exact,system engineering mit,SysEng - Add to cart - iDimension,2.09
mit systems engineering,Exact,systems engineering mit,Purchase,0.44
mit systems engineering,Exact,systems engineering mit,SysEng - Add to cart - iDimension,5.44
mit systems engineering,Broad,mit 6 s081,SysEng - Add to cart - iDimension,1.00
mit systems engineering,Broad,mit xpro,SysEng - Add to cart - iDimension,0.67
mit systems engineering,Exact,mit systems engineering,Purchase,2.00
mit systems engineering,Exact,mit systems engineering,SysEng - Add to cart - iDimension,25.99
mit systems engineering,Exact,system engineering mit,SysEng - Add to cart - iDimension,1.24
mit systems engineering,Exact,systems engineering mit,SysEng - Add to cart - iDimension,5.51
mit systems engineering,Phrase,architecture and systems engineering mit,SysEng - Add to cart - iDimension,2.00
mit systems engineering,Phrase,mit systems engineering,SysEng - Add to cart - iDimension,3.00
mit systems engineering,Phrase,mit systems engineering course,Purchase,1.50
mit systems engineering,Phrase,mit systems engineering course,SysEng - Add to cart - iDimension,6.00
mit systems engineering,Phrase,mit xpro architecture and systems engineering,Purchase,0.40
mit systems engineering,Exact,architecture and system engineering mit,Purchase,0.50
mit systems engineering,Exact,architecture and system engineering mit,SysEng - Add to cart - iDimension,1.00
mit systems engineering,Exact,mit system engineering course,Purchase,1.00
mit systems engineering,Exact,mit system engineering course,SysEng - Add to cart - iDimension,4.56
mit systems engineering,Exact,mit systems engineering,Purchase,23.12
mit systems engineering,Exact,mit systems engineering,SysEng - Add to cart - iDimension,150.83
mit systems engineering,Exact,mit systems engineering course,Purchase,1.00
mit systems engineering,Exact,mit systems engineering course,SysEng - Add to cart - iDimension,1.28
mit systems engineering,Exact,mitx systems,Purchase,2.00
mit systems engineering,Exact,mitx systems,SysEng - Add to cart - iDimension,10.15
mit systems engineering,Exact,system engineer mit,SysEng - Add to cart - iDimension,0.13
mit systems engineering,Exact,system engineering mit,SysEng - Add to cart - iDimension,1.32
mit systems engineering,Exact,systems engineering certificate mit,SysEng - Add to cart - iDimension,1.01
mit systems engineering,Exact,systems engineering course mit,Purchase,1.00
mit systems engineering,Exact,systems engineering course mit,SysEng - Add to cart - iDimension,1.00
mit systems engineering,Exact,systems engineering mit,Purchase,2.90
mit systems engineering,Exact,systems engineering mit,SysEng - Add to cart - iDimension,12.72
mit systems engineering,Phrase,mit opencourseware systems engineering,SysEng - Add to cart - iDimension,0.67
mit systems engineering,Exact,mit system engineering online,SysEng - Add to cart - iDimension,5.41
mit systems engineering,Exact,mit systems engineering,Purchase,3.00
mit systems engineering,Exact,mit systems engineering,SysEng - Add to cart - iDimension,18.72
mit systems engineering,Phrase,mit system architecture,SysEng - Add to cart - iDimension,2.00
mit systems engineering,Exact,mit systems engineering,SysEng - Add to cart - iDimension,1.00
mit systems engineering,Exact,mit system engineering,Purchase,1.00
mit systems engineering,Exact,mit system engineering,SysEng - Add to cart - iDimension,7.92
mit systems engineering,Exact,mit system engineering,idimension - account create,0.50
mit systems engineering,Exact,mit system engineering online,Purchase,1.00
mit systems engineering,Exact,mit system engineering online,SysEng - Add to cart - iDimension,1.00
mit systems engineering,Exact,mit systems engineering,Purchase,11.00
mit systems engineering,Exact,mit systems engineering,SysEng - Add to cart - iDimension,32.98
mit systems engineering,Exact,mit systems engineering,idimension - account create,6.00
mit systems engineering,Exact,system engineering mit,SysEng - Add to cart - iDimension,0.16
mit systems engineering,Phrase,mit systems design and management,Purchase,1.00
mit systems engineering,Phrase,mit systems design and management,SysEng - Add to cart - iDimension,2.00
mit systems engineering,Exact,mit system engineering,Purchase,1.00
mit systems engineering,Exact,mit system engineering,SysEng - Add to cart - iDimension,1.00
mit systems engineering,Exact,mit systems engineering,Purchase,2.00
mit systems engineering,Exact,mit systems engineering,SysEng - Add to cart - iDimension,11.62
mit systems engineering,Exact,mit system engineering,Purchase,1.00
mit systems engineering,Exact,mit system engineering,SysEng - Add to cart - iDimension,3.00
mit systems engineering,Exact,mit system engineering course,Purchase,1.00
mit systems engineering,Exact,mit system engineering course,SysEng - Add to cart - iDimension,3.00
mit systems engineering,Exact,mit systems engineering,Purchase,5.03
mit systems engineering,Exact,mit systems engineering,SysEng - Add to cart - iDimension,16.01
mit systems engineering,Exact,mit systems engineering,idimension - account create,2.80
mit systems engineering,Phrase,mit systems,idimension - account create,0.50
mit systems engineering,Phrase,mit xpro systems engineering reddit,Purchase,0.95
mit systems engineering,Phrase,mit xpro systems engineering reddit,SysEng - Add to cart - iDimension,2.95
mit systems engineering,Phrase,mit xpro systems thinking,Purchase,0.50
mit systems engineering,Exact,mit systems engineering,Purchase,6.50
mit systems engineering,Exact,mit systems engineering,SysEng - Add to cart - iDimension,28.55
mit systems engineering,Exact,system engineering mit,SysEng - Add to cart - iDimension,1.66
mit systems engineering,Phrase,mit complex systems,SysEng - Add to cart - iDimension,2.50
mit systems engineering,Exact,mit system engineering,idimension - account create,0.50
mit systems engineering,Exact,mit systems engineering,idimension - account create,2.00
mit systems engineering,Exact,mit system engineering,SysEng - Add to cart - iDimension,1.64
mit systems engineering,Exact,mit system engineering,idimension - account create,0.02
mit systems engineering,Exact,mit systems engineering,Purchase,2.00
mit systems engineering,Exact,mit systems engineering,SysEng - Add to cart - iDimension,8.19
mit systems engineering,Phrase,mit complex systems,Purchase,2.00
mit systems engineering,Phrase,mit complex systems,SysEng - Add to cart - iDimension,4.00
mit systems engineering,Phrase,mit system engineering course,SysEng - Add to cart - iDimension,1.00
mit systems engineering,Phrase,mit system engineering course,idimension - account create,0.96
mit systems engineering,Exact,mit systems engineering,Purchase,10.00
mit systems engineering,Exact,mit systems engineering,SysEng - Add to cart - iDimension,7.45
mit systems engineering,Exact,mit systems engineering,idimension - account create,11.98
mit systems engineering,Phrase,mit 6.824 distributed systems,SysEng - Add to cart - iDimension,2.01
mit systems engineering,Phrase,mit 6.824 distributed systems,idimension - account create,1.00
mit systems engineering,Phrase,mit system design & management sdm,SysEng - Add to cart - iDimension,1.00
mit systems engineering,Phrase,mit system design & management sdm,idimension - account create,1.00
mit systems engineering,Phrase,mit systems design and management,SysEng - Add to cart - iDimension,1.00
mit systems engineering,Broad,apply mit,idimension - account create,1.00
mit systems engineering,Broad,edx mit,idimension - account create,1.00
mit systems engineering,Broad,mit 6 s191 introduction to deep learning,SysEng - Add to cart - iDimension,1.00
mit systems engineering,Broad,mit 6 s191 introduction to deep learning,idimension - account create,1.00
mit systems engineering,Broad,mit artificial intelligence course free with certificate,idimension - account create,1.00
mit systems engineering,Broad,mit beaver works summer institute,SysEng - Add to cart - iDimension,1.00
mit systems engineering,Broad,mit beaver works summer institute,idimension - account create,1.00
mit systems engineering,Broad,mit beaver works summer institute bwsi,idimension - account create,1.00
mit systems engineering,Broad,mit college,idimension - account create,1.00
mit systems engineering,Broad,mit cs50 course,idimension - account create,1.00
mit systems engineering,Broad,mit designing and building ai products,idimension - account create,1.00
mit systems engineering,Broad,mit extension school,idimension - account create,1.00
mit systems engineering,Broad,mit learn,idimension - account create,1.00
mit systems engineering,Broad,mit online cs,SysEng - Add to cart - iDimension,1.00
mit systems engineering,Broad,mit online professional certificate,idimension - account create,1.00
mit systems engineering,Broad,mit open learning library,SysEng - Add to cart - iDimension,1.00
mit systems engineering,Broad,mit open learning library,idimension - account create,1.00
mit systems engineering,Broad,mit professional education,SysEng - Add to cart - iDimension,1.00
mit systems engineering,Broad,mit professional education,idimension - account create,1.00
mit systems engineering,Broad,mit research science institute,idimension - account create,1.00
mit systems engineering,Broad,mit sloan,idimension - account create,0.50
mit systems engineering,Broad,mit sloan artificial intelligence implications for business strategy,SysEng - Add to cart - iDimension,1.00
mit systems engineering,Broad,mit summer programs,idimension - account create,1.00
mit systems engineering,Broad,mit supply chain micromasters,idimension - account create,1.00
mit systems engineering,Broad,mites mit,SysEng - Add to cart - iDimension,2.00
mit systems engineering,Broad,mites mit,idimension - account create,2.00
mit systems engineering,Broad,mites mit introduction to technology engineering and science,idimension - account create,1.00
mit systems engineering,Broad,mites mit program,idimension - account create,1.00
mit systems engineering,Broad,mites summer,idimension - account create,0.42
mit systems engineering,Broad,mites summer program,SysEng - Add to cart - iDimension,1.00
mit systems engineering,Broad,mites summer program,idimension - account create,1.00
mit systems engineering,Broad,mites summer program application,idimension - account create,1.00
mit systems engineering,Broad,mitx,SysEng - Add to cart - iDimension,1.00
mit systems engineering,Broad,mymit,idimension - account create,1.00
mit systems engineering,Exact,mit system engineering course,SysEng - Add to cart - iDimension,2.00
mit systems engineering,Exact,mit system engineering course,idimension - account create,1.00
mit systems engineering,Exact,mit systems engineering,Purchase,0.25
mit systems engineering,Exact,mit systems engineering,SysEng - Add to cart - iDimension,5.00
mit systems engineering,Exact,mit systems engineering,idimension - account create,1.00
mit systems engineering,Exact,system engineering mit,SysEng - Add to cart - iDimension,1.00
mit systems engineering,Exact,system engineering mit,idimension - account create,1.00
mit systems engineering,Phrase,mit opencourseware system dynamics,idimension - account create,1.00
mit systems engineering,Phrase,mit xpro system thinking,idimension - account create,1.00
mit systems engineering,Broad,mit application,idimension - account create,1.00
mit systems engineering,Broad,mit micromasters,SysEng - Add to cart - iDimension,1.00
mit systems engineering,Broad,mit ocw,idimension - account create,1.00
mit systems engineering,Broad,mit opencourseware,idimension - account create,1.00
mit systems engineering,Broad,mit pro,idimension - account create,1.00
mit systems engineering,Exact,mit systems engineering,Purchase,1.00
mit systems engineering,Exact,mit systems engineering,SysEng - Add to cart - iDimension,1.00
mit systems engineering,Exact,mit systems engineering,idimension - account create,6.00
mit systems engineering,Exact,mit system engineering,idimension - account create,0.25
mit systems engineering,Exact,mit systems engineering,idimension - account create,6.50
mit systems engineering,Phrase,mit complex systems,idimension - account create,1.00
mit systems engineering,Broad,mit application,idimension - account create,2.00
mit systems engineering,Broad,mit cybersecurity,idimension - account create,2.00
mit systems engineering,Broad,mit space systems engineering,idimension - account create,1.00
mit systems engineering,Broad,mit xpro architecture of complex systems,SysEng - Add to cart - iDimension,1.00
mit systems engineering,Broad,mit xpro architecture of complex systems,idimension - account create,1.00
mit systems engineering,Broad,ocw mit edu courses 6 s087 foundation,SysEng - Add to cart - iDimension,1.00
mit systems engineering,Broad,ocw mit edu courses 6 s087 foundation,idimension - account create,1.00
mit systems engineering,Exact,mit systems engineering,SysEng - Add to cart - iDimension,1.00
mit systems engineering,Exact,mit systems engineering,idimension - account create,1.84
mit systems engineering,Phrase,mit complex systems,idimension - account create,1.00
mit systems engineering,Phrase,mit xpro system thinking,idimension - account create,1.00
mit systems engineering,Phrase,system design course mit,SysEng - Add to cart - iDimension,1.00
mit systems engineering,Phrase,system design course mit,idimension - account create,1.00
mit systems engineering,Broad,mit america,idimension - account create,1.00
mit systems engineering,Broad,mit courses certificate,idimension - account create,1.00
mit systems engineering,Broad,mit ocw 6.0001,idimension - account create,0.98
mit systems engineering,Broad,mit python,idimension - account create,1.00
mit systems engineering,Broad,mit sign up,SysEng - Add to cart - iDimension,1.00
mit systems engineering,Broad,mit sign up,idimension - account create,1.00
mit systems engineering,Broad,mit university application,idimension - account create,1.00
mit systems engineering,Broad,mit webinar,idimension - account create,1.00
mit systems engineering,Broad,mit xpro,idimension - account create,1.00
mit systems engineering,Broad,mites semester program,idimension - account create,1.00
mit systems engineering,Broad,mitx edx,idimension - account create,1.00
mit systems engineering,Broad,no code ai and machine learning mit,idimension - account create,1.00
mit systems engineering,Broad,mit architecture of complex systems,SysEng - Add to cart - iDimension,0.50
mit systems engineering,Broad,mit architecture of complex systems,idimension - account create,0.50
mit systems engineering,Broad,mit pro,SysEng - Add to cart - iDimension,1.00
mit systems engineering,Broad,mit pro,idimension - account create,1.00
mit systems engineering,Broad,mit systems engineering,SysEng - Add to cart - iDimension,1.00
mit systems engineering,Broad,mit systems engineering,idimension - account create,3.00
mit systems engineering,Broad,mit xpro,SysEng - Add to cart - iDimension,1.00
mit systems engineering,Broad,mit xpro,idimension - account create,3.00
mit systems engineering,Broad,mit xpro courses,idimension - account create,1.00
mit systems engineering certificate,Exact,mit systems engineering certificate,Purchase,0.02
mit systems engineering certificate,Exact,mit systems engineering certificate,SysEng - Add to cart - iDimension,2.21
mit systems engineering certificate,Phrase,mit systems engineering certificate,SysEng - Add to cart - iDimension,0.50
mit systems engineering certificate,Phrase,mit xpro systems engineering,SysEng - Add to cart - iDimension,0.20
mit systems engineering certificate,Broad,mit pro,Purchase,0.40
mit systems engineering certificate,Broad,mit pro,SysEng - Add to cart - iDimension,1.26
mit systems engineering certificate,Exact,mit mbse certificate,SysEng - Add to cart - iDimension,2.02
mit systems engineering certificate,Exact,mit system engineering certificate,SysEng - Add to cart - iDimension,2.00
mit systems engineering certificate,Exact,mit system engineering course,SysEng - Add to cart - iDimension,3.00
mit systems engineering certificate,Exact,mit systems engineering certificate,Purchase,11.32
mit systems engineering certificate,Exact,mit systems engineering certificate,SysEng - Add to cart - iDimension,78.06
mit systems engineering certificate,Exact,mit systems engineering certificate,SysEng - Add to cart - iDimension,2.02
mit systems engineering certificate,Exact,mit systems engineering certificate,Purchase,1.93
mit systems engineering certificate,Exact,mit systems engineering certificate,SysEng - Add to cart - iDimension,26.41
mit systems engineering certificate,Exact,mit systems engineering certificate,idimension - account create,2.00
mit systems engineering certificate,Exact,systems engineering certificate mit,SysEng - Add to cart - iDimension,1.00
mit systems engineering certificate,Exact,mit systems engineering certificate,Purchase,0.25
mit systems engineering certificate,Exact,mit systems engineering certificate,SysEng - Add to cart - iDimension,9.02
mit systems engineering certificate,Exact,mit systems engineering certificate,SysEng - Add to cart - iDimension,1.00
mit systems engineering certificate,Exact,mit systems engineering certificate,idimension - account create,1.00
mit systems engineering certificate,Exact,mit systems engineering certificate,SysEng - Add to cart - iDimension,2.00
mit systems engineering certificate,Exact,mit systems engineering certificate,idimension - account create,4.93
mit systems engineering certificate,Broad,mit beaver works summer institute,idimension - account create,1.00
mit systems engineering certificate,Broad,mit certificates,idimension - account create,1.00
mit systems engineering certificate,Broad,mit continuing education,idimension - account create,1.00
mit systems engineering certificate,Broad,mit courseware,idimension - account create,1.00
mit systems engineering certificate,Broad,mit deep learning online course,idimension - account create,2.00
mit systems engineering certificate,Broad,mit learning,idimension - account create,1.00
mit systems engineering certificate,Broad,mit management online course,SysEng - Add to cart - iDimension,1.00
mit systems engineering certificate,Broad,mit micromasters,SysEng - Add to cart - iDimension,1.00
mit systems engineering certificate,Broad,mit micromasters,idimension - account create,1.00
mit systems engineering certificate,Broad,mit ocw,idimension - account create,1.00
mit systems engineering certificate,Broad,mit online college,idimension - account create,1.00
mit systems engineering certificate,Broad,mit pro courses,idimension - account create,1.00
mit systems engineering certificate,Broad,mit professional education,idimension - account create,1.00
mit systems engineering certificate,Broad,mit professional education login,idimension - account create,1.00
mit systems engineering certificate,Broad,mit sloan executive certificates,idimension - account create,1.00
mit systems engineering certificate,Broad,mit x,idimension - account create,1.00
mit systems engineering certificate,Broad,mit x courses,idimension - account create,1.00
mit systems engineering certificate,Broad,mit xpro,idimension - account create,1.00
mit systems engineering certificate,Broad,mitx micromasters in supply chain management edx,idimension - account create,1.00
mit systems engineering certificate,Broad,ocw mit edu,idimension - account create,2.00
mit systems engineering certificate,Exact,mit systems engineering certificate,SysEng - Add to cart - iDimension,1.00
mit systems engineering certificate,Exact,mit systems engineering certificate,SysEng - Add to cart - iDimension,1.00
mit systems engineering certificate,Exact,mit systems engineering certificate,idimension - account create,1.00
mit systems engineering certificate,Broad,mit open courses,idimension - account create,1.00
mit systems engineering certificate,Broad,mit opencourseware certificates,SysEng - Add to cart - iDimension,1.00
mit systems engineering certificate,Broad,mit opencourseware certificates,idimension - account create,1.00
mit systems engineering certificate,Broad,mit professional education,idimension - account create,1.00
mit systems engineering certificate,Broad,mit robotics courses,idimension - account create,0.84
mit systems engineering certificate,Broad,mit xpro courses,SysEng - Add to cart - iDimension,1.00
mit systems engineering certificate,Broad,mit xpro courses,idimension - account create,2.00
mit systems engineering certificate,Broad,mit data science course,idimension - account create,2.00
mit systems engineering certificate,Broad,mit engineering course online,idimension - account create,1.00
mit systems engineering certificate,Broad,mit online certificate courses,SysEng - Add to cart - iDimension,1.00
mit systems engineering certificate,Broad,mit online certificate courses,idimension - account create,1.00
mit systems engineering certificate,Broad,mit online courses with certificates,idimension - account create,1.00
mit systems engineering certificate,Broad,mit x,idimension - account create,1.00
mit systems engineering certificate,Broad,mit xpro,idimension - account create,1.00
mit systems engineering course,Phrase,mit xpro systems engineering reddit,SysEng - Add to cart - iDimension,1.10
mit systems engineering course,Exact,mit systems engineering course,SysEng - Add to cart - iDimension,4.00
mit systems engineering course,Exact,mit systems engineering course,Purchase,5.00
mit systems engineering course,Exact,mit systems engineering course,SysEng - Add to cart - iDimension,9.82
mit systems engineering course,Exact,mit systems engineering course,idimension - account create,2.00
mit systems engineering course,Exact,mit systems engineering course,Purchase,1.00
mit systems engineering course,Exact,mit systems engineering course,SysEng - Add to cart - iDimension,1.00
mit systems engineering course,Exact,mit systems engineering course,Purchase,1.00
mit systems engineering course,Exact,mit systems engineering course,SysEng - Add to cart - iDimension,2.00
mit systems engineering course,Exact,systems engineering certificate mit,SysEng - Add to cart - iDimension,3.65
mit systems engineering course,Exact,mit systems engineering course,SysEng - Add to cart - iDimension,1.00
mit systems engineering course,Exact,mit systems engineering course,idimension - account create,1.00
mit systems engineering course,Exact,mit systems engineering course,idimension - account create,1.00
mit systems engineering masters,Broad,mit xpro systems engineering,SysEng - Add to cart - iDimension,0.20
mit systems engineering masters,Exact,system engineering mit,SysEng - Add to cart - iDimension,1.79
mit systems engineering masters,Exact,mit systems engineering masters,Purchase,0.40
mit systems engineering masters,Exact,mit systems engineering masters,SysEng - Add to cart - iDimension,1.00
mit systems engineering masters,Exact,mit masters systems engineering,SysEng - Add to cart - iDimension,1.00
mit systems engineering masters,Exact,mit systems engineering masters,SysEng - Add to cart - iDimension,4.91
mit systems engineering masters,Exact,mit systems engineering masters,SysEng - Add to cart - iDimension,0.07
mit systems engineering masters,Exact,mit systems engineering masters,idimension - account create,1.00
mit systems engineering masters,Broad,mit technology,idimension - account create,2.00
mit systems engineering masters,Broad,mit online application,idimension - account create,2.00
mit systems engineering masters,Broad,opencourseware mit,idimension - account create,2.00
mit xpro architecture and systems engineering,Exact,mit xpro architecture and systems engineering,SysEng - Add to cart - iDimension,0.50
mit xpro architecture and systems engineering,Exact,mit xpro architecture and systems engineering,Purchase,2.00
mit xpro architecture and systems engineering,Exact,mit xpro architecture and systems engineering,SysEng - Add to cart - iDimension,5.00
mit xpro architecture and systems engineering,Exact,mit xpro architecture and systems engineering,Purchase,1.00
mit xpro architecture and systems engineering,Exact,mit system architecture,SysEng - Add to cart - iDimension,0.17
mit xpro architecture and systems engineering,Exact,mit xpro architecture and systems engineering,SysEng - Add to cart - iDimension,4.00
mit xpro architecture and systems engineering,Exact,mit xpro architecture of complex systems,SysEng - Add to cart - iDimension,0.33
mit xpro architecture and systems engineering,Exact,mit xpro architecture and systems engineering,idimension - account create,0.13
mit xpro architecture and systems engineering,Exact,mit software architecture,SysEng - Add to cart - iDimension,5.00
mit xpro architecture and systems engineering,Exact,mit xpro architecture and systems engineering,SysEng - Add to cart - iDimension,1.00
mit xpro architecture and systems engineering,Exact,mit xpro architecture and systems engineering,idimension - account create,1.00
mit xpro architecture and systems engineering,Exact,mit xpro architecture and systems engineering,SysEng - Add to cart - iDimension,1.00
mit xpro architecture and systems engineering,Exact,mit xpro architecture and systems engineering,idimension - account create,2.33
mit xpro architecture and systems engineering,Exact,mit xpro architecture and systems engineering,idimension - account create,1.00
mit xpro architecture and systems engineering,Exact,mit xpro architecture and systems engineering,SysEng - Add to cart - iDimension,1.00
mit xpro architecture and systems engineering,Exact,mit xpro architecture and systems engineering,idimension - account create,1.00
mit xpro systems engineering,Exact,mit xpro systems engineering,Purchase,1.46
mit xpro systems engineering,Exact,mit xpro systems engineering,SysEng - Add to cart - iDimension,21.01
mit xpro systems engineering,Exact,mit xpro systems engineering,Purchase,1.00
mit xpro systems engineering,Exact,mit xpro systems engineering,SysEng - Add to cart - iDimension,7.56
mit xpro systems engineering,Exact,mitx systems,SysEng - Add to cart - iDimension,3.50
mit xpro systems engineering,Broad,mit pro x,SysEng - Add to cart - iDimension,2.00
mit xpro systems engineering,Broad,mit professional education login,SysEng - Add to cart - iDimension,1.00
mit xpro systems engineering,Broad,mit xpro login,SysEng - Add to cart - iDimension,1.46
mit xpro systems engineering,Broad,mit xpro systems engineering reddit,Purchase,0.40
mit xpro systems engineering,Broad,mit xpro systems engineering reddit,SysEng - Add to cart - iDimension,0.53
mit xpro systems engineering,Exact,architecture and systems engineering mit,SysEng - Add to cart - iDimension,0.04
mit xpro systems engineering,Exact,mbse mit,SysEng - Add to cart - iDimension,2.50
mit xpro systems engineering,Exact,mit mbse certificate,SysEng - Add to cart - iDimension,0.02
mit xpro systems engineering,Exact,mit system architecture,SysEng - Add to cart - iDimension,1.00
mit xpro systems engineering,Exact,mit system engineering online,Purchase,0.40
mit xpro systems engineering,Exact,mit system engineering online,SysEng - Add to cart - iDimension,1.00
mit xpro systems engineering,Exact,mit systems engineering course,SysEng - Add to cart - iDimension,3.56
mit xpro systems engineering,Exact,mit systems engineering online course,Purchase,0.40
mit xpro systems engineering,Exact,mit systems engineering online course,SysEng - Add to cart - iDimension,1.12
mit xpro systems engineering,Exact,mit xpro architecture and systems engineering,SysEng - Add to cart - iDimension,10.29
mit xpro systems engineering,Exact,mit xpro architecture of complex systems,Purchase,1.00
mit xpro systems engineering,Exact,mit xpro architecture of complex systems,SysEng - Add to cart - iDimension,7.00
mit xpro systems engineering,Exact,mit xpro systems engineering,Purchase,19.11
mit xpro systems engineering,Exact,mit xpro systems engineering,SysEng - Add to cart - iDimension,158.05
mit xpro systems engineering,Phrase,system engineering mit,SysEng - Add to cart - iDimension,0.79
mit xpro systems engineering,Exact,mit xpro systems engineering,SysEng - Add to cart - iDimension,4.00
mit xpro systems engineering,Exact,mit xpro systems engineering,Purchase,5.00
mit xpro systems engineering,Exact,mit xpro systems engineering,SysEng - Add to cart - iDimension,24.97
mit xpro systems engineering,Exact,mit xpro systems engineering,idimension - account create,2.50
mit xpro systems engineering,Exact,mit xpro systems engineering,SysEng - Add to cart - iDimension,2.00
mit xpro systems engineering,Exact,mit xpro systems engineering,Purchase,2.67
mit xpro systems engineering,Exact,mit xpro systems engineering,SysEng - Add to cart - iDimension,10.67
mit xpro systems engineering,Exact,mit xpro systems engineering,idimension - account create,2.00
mit xpro systems engineering,Exact,mit xpro systems engineering,Purchase,4.25
mit xpro systems engineering,Exact,mit xpro systems engineering,SysEng - Add to cart - iDimension,15.78
mit xpro systems engineering,Exact,mit xpro systems engineering,SysEng - Add to cart - iDimension,1.00
mit xpro systems engineering,Exact,mit xpro systems engineering,SysEng - Add to cart - iDimension,1.67
mit xpro systems engineering,Broad,mit opencourseware,idimension - account create,1.00
mit xpro systems engineering,Broad,mit xpro,idimension - account create,1.00
mit xpro systems engineering,Broad,mit xpro courses,idimension - account create,1.00
mit xpro systems engineering,Exact,mit xpro systems engineering,Purchase,2.50
mit xpro systems engineering,Exact,mit xpro systems engineering,SysEng - Add to cart - iDimension,4.50
mit xpro systems engineering,Exact,mit xpro systems engineering,idimension - account create,2.50
mit xpro systems engineering,Broad,apply to mit,idimension - account create,1.00
mit xpro systems engineering,Broad,mit application,idimension - account create,1.00
mit xpro systems engineering,Broad,mit deep learning certificate,idimension - account create,1.00
mit xpro systems engineering,Broad,mit edu,SysEng - Add to cart - iDimension,1.00
mit xpro systems engineering,Broad,mit edu,idimension - account create,1.00
mit xpro systems engineering,Broad,mit idss,SysEng - Add to cart - iDimension,1.00
mit xpro systems engineering,Broad,mit online course,idimension - account create,1.00
mit xpro systems engineering,Broad,mit open learning,idimension - account create,1.00
mit xpro systems engineering,Broad,mit pro,idimension - account create,1.00
mit xpro systems engineering,Broad,mit xpro courses,idimension - account create,3.00
mit xpro systems engineering,Broad,mit xpro programs,idimension - account create,1.00
mit xpro systems engineering,Broad,mites summer program,SysEng - Add to cart - iDimension,1.00
mit xpro systems engineering,Broad,mitx courses,SysEng - Add to cart - iDimension,1.00
mit xpro systems engineering,Broad,mitx courses,idimension - account create,2.00
mit xpro systems engineering,Broad,mitx online,idimension - account create,2.00
mit xpro systems engineering,Broad,online mit courses,SysEng - Add to cart - iDimension,1.00
mit xpro systems engineering,Broad,online mit courses,idimension - account create,1.00
mit xpro systems engineering,Broad,edx,idimension - account create,1.00
mit xpro systems engineering,Exact,mit xpro systems engineering,SysEng - Add to cart - iDimension,1.00
mit xpro systems engineering,Exact,mit xpro systems engineering,idimension - account create,2.00
mit xpro systems engineering,Exact,mit xpro systems engineering,Purchase,3.00
mit xpro systems engineering,Exact,mit xpro systems engineering,SysEng - Add to cart - iDimension,6.00
mit xpro systems engineering,Exact,mit xpro systems engineering,idimension - account create,2.00
mit xpro systems engineering,Broad,edx,idimension - account create,1.00
mit xpro systems engineering,Broad,massachusetts institute of technology online courses,idimension - account create,1.00
mit xpro systems engineering,Broad,mit certificates,idimension - account create,1.00
mit xpro systems engineering,Broad,mit open learning,idimension - account create,1.00
mit xpro systems engineering,Broad,mit xpro ai,idimension - account create,0.50
mit xpro systems engineering,Broad,mitx courses,idimension - account create,1.00
mit xpro systems engineering,Broad,mitx pro,Purchase,0.50
mit xpro systems engineering,Broad,mitx pro,SysEng - Add to cart - iDimension,0.50
mit xpro systems engineering,Broad,mitx pro,idimension - account create,0.50
mit xpro systems engineering,Broad,mit pro,idimension - account create,1.00
mit xpro systems engineering,Broad,cad mit,idimension - account create,1.00
mit xpro systems engineering,Broad,mit 6 s087 foundation models and generative ai,idimension - account create,1.00
mit xpro systems engineering,Broad,mit graduate fellowships,idimension - account create,1.00
mit xpro systems engineering,Broad,xpro mit,Purchase,0.90
mit xpro systems engineering,Broad,xpro mit,SysEng - Add to cart - iDimension,3.90
mit xpro systems engineering,Broad,edx,idimension - account create,1.00
mit xpro systems engineering,Broad,mit x pro,idimension - account create,1.00
mit xpro systems engineering,Broad,edx mit,idimension - account create,1.00
mit xpro systems engineering,Broad,edxmit,idimension - account create,1.00
mit xpro systems engineering,Broad,https www edx org school mitx,idimension - account create,1.00
mit xpro systems engineering,Broad,mit admissions website,idimension - account create,1.00
mit xpro systems engineering,Broad,mit blockchain course,idimension - account create,1.00
mit xpro systems engineering,Broad,mit certificate courses,idimension - account create,1.00
mit xpro systems engineering,Broad,mit courses with certificate,SysEng - Add to cart - iDimension,1.00
mit xpro systems engineering,Broad,mit courses with certificate,idimension - account create,1.00
mit xpro systems engineering,Broad,mit courseware,idimension - account create,1.00
mit xpro systems engineering,Broad,mit intro to deep learning,idimension - account create,1.00
mit xpro systems engineering,Broad,mit ocw,SysEng - Add to cart - iDimension,1.00
mit xpro systems engineering,Broad,mit ocw,idimension - account create,1.00
mit xpro systems engineering,Broad,mit opencourseware certificate,idimension - account create,1.00
mit xpro systems engineering,Broad,mit part time courses,idimension - account create,1.00
mit xpro systems engineering,Broad,mit think,idimension - account create,1.00
mit xpro systems engineering,Broad,mit xpro courses,SysEng - Add to cart - iDimension,1.00
mit xpro systems engineering,Broad,mit xpro courses,idimension - account create,3.00
mit xpro systems engineering,Broad,mit xpro quantum computing,idimension - account create,1.00
mit xpro systems engineering,Broad,mit xpro quantum computing fundamentals,SysEng - Add to cart - iDimension,1.00
mit xpro systems engineering,Broad,mit xpro quantum computing fundamentals,idimension - account create,2.00
mit xpro systems engineering,Broad,mitx,idimension - account create,2.00
mit xpro systems engineering,Broad,mitx micromasters,idimension - account create,4.00
mit xpro systems engineering,Broad,ocw mit edu,idimension - account create,3.00
mit xpro systems engineering,Broad,https www edx org school mitx,idimension - account create,1.00
mit xpro systems engineering,Broad,mit xpro courses,idimension - account create,1.00
mit xpro systems engineering,Exact,mit xpro systems engineering,SysEng - Add to cart - iDimension,1.00
mit xpro systems engineering,Broad,mit xpro systems engineering,SysEng - Add to cart - iDimension,1.00
mitx pro,Broad,mit professional education,SysEng - Add to cart - iDimension,2.00
mitx pro,Broad,mitx pro,Purchase,3.00
mitx pro,Broad,mitx pro,SysEng - Add to cart - iDimension,8.26
mitx systems engineering,Exact,mitx systems engineering,Purchase,1.60
mitx systems engineering,Exact,mitx systems engineering,SysEng - Add to cart - iDimension,3.09
mitx systems engineering,Exact,mitx systems engineering,SysEng - Add to cart - iDimension,4.00
mitx systems engineering,Exact,mitx systems engineering,Purchase,2.80
mitx systems engineering,Exact,mitx systems engineering,SysEng - Add to cart - iDimension,17.84
mitx systems engineering,Exact,mit system engineering online,Purchase,1.00
mitx systems engineering,Exact,mit system engineering online,SysEng - Add to cart - iDimension,4.66
mitx systems engineering,Exact,mitx systems engineering,Purchase,1.00
mitx systems engineering,Exact,mitx systems engineering,SysEng - Add to cart - iDimension,1.00
mitx systems engineering,Exact,mitx systems engineering,idimension - account create,1.00
mitx systems engineering,Exact,mitx systems engineering,Purchase,1.00
mitx systems engineering,Exact,mitx systems engineering,SysEng - Add to cart - iDimension,1.00
mitx systems engineering,Exact,mitx systems engineering,SysEng - Add to cart - iDimension,1.00
mitx systems engineering,Exact,mitx systems engineering,Purchase,0.50
mitx systems engineering,Exact,mitx systems engineering,SysEng - Add to cart - iDimension,1.50
mitx systems engineering,Broad,harvard edx,idimension - account create,1.00
mitx systems engineering,Broad,mit xpro quantum computing fundamentals,idimension - account create,1.00
mitx systems engineering,Broad,mit machine learning with python,SysEng - Add to cart - iDimension,1.00
mitx systems engineering,Broad,mit machine learning with python,idimension - account create,2.00
mitx systems engineering,Broad,open course ware,idimension - account create,1.00
model based engineering,Broad,agent based modelling course,SysEng - Add to cart - iDimension,1.00
model based engineering,Broad,agent based modelling course,idimension - account create,1.00
model based engineering,Broad,how to model software,SysEng - Add to cart - iDimension,1.00
model based engineering,Broad,context engineering certification,idimension - account create,1.00
model based engineering,Broad,control systems engineering,SysEng - Add to cart - iDimension,1.00
model based engineering,Broad,control systems engineering,idimension - account create,1.00
model based system design,Exact,catia v5,SysEng - Add to cart - iDimension,0.50
model based systems engineering,Exact,engineering conferences 2026,idimension - account create,1.00
model based systems engineering,Exact,engineering marvels,SysEng - Add to cart - iDimension,1.00
model based systems engineering,Exact,engineering marvels,idimension - account create,1.00
model based systems engineering,Broad,coursera mbse,Purchase,0.50
model based systems engineering,Broad,coursera mbse,SysEng - Add to cart - iDimension,0.50
model based systems engineering,Broad,coursera mbse,idimension - account create,0.50
model based systems engineering,Broad,mbse,SysEng - Add to cart - iDimension,2.00
model based systems engineering,Broad,mbse,idimension - account create,1.04
model based systems engineering,Broad,sysml,idimension - account create,1.00
model based systems engineering,Broad,architecture and systems engineering models and methods to manage complex systems,SysEng - Add to cart - iDimension,1.00
model based systems engineering,Broad,mbse certification course,SysEng - Add to cart - iDimension,1.00
model based systems engineering,Broad,mbse certification course,idimension - account create,1.00
model based systems engineering,Broad,model based control,idimension - account create,0.50
model based systems engineering,Broad,model based development course,idimension - account create,1.00
model based systems engineering,Broad,mbse courses,idimension - account create,1.00
model based systems engineering,Broad,mit mbse certificate program,idimension - account create,1.00
model based systems engineering,Broad,model based system engineering,idimension - account create,1.00
model based systems engineering,Broad,model based system engineering course,idimension - account create,1.00
model based systems engineering,Broad,model based systems engineering,idimension - account create,1.00
model based systems engineering,Exact,model based system engineering,SysEng - Add to cart - iDimension,1.00
model based systems engineering,Exact,model based system engineering,idimension - account create,1.00
model based systems engineering MBSE,Exact,model based systems engineering mbse,idimension - account create,1.00
model based systems engineering certification,Broad,mit xpro courses,SysEng - Add to cart - iDimension,0.80
model based systems engineering certification,Broad,mit xpro,SysEng - Add to cart - iDimension,1.00
model based systems engineering certification,Broad,mit xpro,idimension - account create,2.00
model based systems engineering certification,Broad,mit xpro certificate,idimension - account create,1.00
model based systems engineering certification,Broad,systems architecture,SysEng - Add to cart - iDimension,1.00
model based systems engineering certification,Exact,model based systems engineering certification,SysEng - Add to cart - iDimension,4.00
model based systems engineering certification,Exact,model based systems engineering certification,idimension - account create,1.00
model based systems engineering certification,Broad,mit xpro,SysEng - Add to cart - iDimension,3.00
model based systems engineering certification,Broad,mit xpro courses,SysEng - Add to cart - iDimension,2.00
model based systems engineering certification,Broad,https ocw mit edu,idimension - account create,0.67
model based systems engineering certification,Broad,mit x pro,Purchase,0.50
model based systems engineering certification,Broad,mit x pro,SysEng - Add to cart - iDimension,0.50
model based systems engineering certification,Broad,mit x pro,idimension - account create,1.50
model based systems engineering certification,Broad,mit xpro,Purchase,0.50
model based systems engineering certification,Broad,mit xpro login,Purchase,1.00
model based systems engineering certification,Broad,mit xpro login,SysEng - Add to cart - iDimension,1.00
model based systems engineering certification,Broad,msc systems engineering,SysEng - Add to cart - iDimension,0.33
model based systems engineering certification,Broad,msc systems engineering distance learning,SysEng - Add to cart - iDimension,0.66
model based systems engineering certification,Broad,systems engineering online courses,SysEng - Add to cart - iDimension,0.50
model based systems engineering certification,Broad,systems engineering online courses,idimension - account create,0.50
model based systems engineering certification,Broad,learnvern,idimension - account create,1.00
model based systems engineering certification,Broad,system architect,idimension - account create,1.00
model based systems engineering certification,Broad,udemy certificate,idimension - account create,1.00
model based systems engineering certification,Broad,mahara tech,idimension - account create,1.00
model based systems engineering certification,Broad,mit xpro,SysEng - Add to cart - iDimension,3.41
model based systems engineering certification,Broad,mit xpro,idimension - account create,1.00
model based systems engineering certification,Broad,associate systems engineering professional asep,idimension - account create,1.00
model based systems engineering certification,Broad,systems engineering,SysEng - Add to cart - iDimension,1.00
model based systems engineering certification,Broad,systems engineering,idimension - account create,1.00
model based systems engineering certification,Exact,model based systems engineering certification,idimension - account create,1.00
model based systems engineering certification,Broad,system integration course,SysEng - Add to cart - iDimension,0.50
model based systems engineering certification,Broad,system integration course,idimension - account create,0.50
model based systems engineering certification,Broad,systems engineering,idimension - account create,1.00
model based systems engineering certification,Exact,model based systems engineering certification,SysEng - Add to cart - iDimension,1.00
model based systems engineering certification,Exact,model based systems engineering certification,idimension - account create,2.00
model based systems engineering course,Broad,model based system engineering,SysEng - Add to cart - iDimension,0.06
model based systems engineering course,Broad,model based systems engineering,Purchase,0.40
model based systems engineering course,Broad,model based systems engineering,SysEng - Add to cart - iDimension,3.20
model based systems engineering course,Exact,model based systems engineering course,SysEng - Add to cart - iDimension,4.12
model based systems engineering course,Phrase,model based systems engineering documentation and analysis,SysEng - Add to cart - iDimension,0.50
model based systems engineering course,Broad,model based system engineering,SysEng - Add to cart - iDimension,1.00
model based systems engineering course,Broad,model based systems engineering,SysEng - Add to cart - iDimension,0.13
model based systems engineering course,Broad,architecture and systems engineering models and methods to manage complex systems,Purchase,1.00
model based systems engineering course,Broad,architecture and systems engineering models and methods to manage complex systems,SysEng - Add to cart - iDimension,2.22
model based systems engineering course,Broad,mbse,SysEng - Add to cart - iDimension,2.56
model based systems engineering course,Broad,mbse simulation,SysEng - Add to cart - iDimension,1.00
model based systems engineering course,Broad,mit mbse certification,SysEng - Add to cart - iDimension,1.91
model based systems engineering course,Broad,model based systems engineering,SysEng - Add to cart - iDimension,6.53
model based systems engineering course,Exact,mbse,SysEng - Add to cart - iDimension,0.50
model based systems engineering course,Exact,mbse certification,SysEng - Add to cart - iDimension,0.10
model based systems engineering course,Exact,mbse courses,SysEng - Add to cart - iDimension,21.00
model based systems engineering course,Exact,mbse programs,SysEng - Add to cart - iDimension,0.16
model based systems engineering course,Broad,mbse,SysEng - Add to cart - iDimension,3.42
model based systems engineering course,Broad,mitx pro,SysEng - Add to cart - iDimension,0.55
model based systems engineering course,Broad,architecture and systems engineering models and methods to manage complex systems,Purchase,1.00
model based systems engineering course,Broad,architecture and systems engineering models and methods to manage complex systems,SysEng - Add to cart - iDimension,6.00
model based systems engineering course,Broad,mitx pro,SysEng - Add to cart - iDimension,1.49
model based systems engineering course,Broad,systems modeling and simulation,Purchase,1.00
model based systems engineering course,Broad,systems modeling and simulation,SysEng - Add to cart - iDimension,2.00
model based systems engineering course,Exact,model based systems engineering course,Purchase,1.00
model based systems engineering course,Exact,model based systems engineering course,SysEng - Add to cart - iDimension,2.00
model based systems engineering course,Broad,mbse model based systems engineering,SysEng - Add to cart - iDimension,2.00
model based systems engineering course,Broad,mit pro,SysEng - Add to cart - iDimension,2.00
model based systems engineering course,Broad,mit xpro,Purchase,2.40
model based systems engineering course,Broad,mit xpro,SysEng - Add to cart - iDimension,3.75
model based systems engineering course,Broad,model based system engineering course,SysEng - Add to cart - iDimension,1.00
model based systems engineering course,Broad,mit courseware,idimension - account create,1.00
model based systems engineering course,Broad,systems thinking mit xpro,idimension - account create,1.00
model based systems engineering course,Broad,ansys workbench training,idimension - account create,1.00
model based systems engineering course,Broad,best course on distributed systems,idimension - account create,1.00
model based systems engineering course,Broad,system design,idimension - account create,1.00
model based systems engineering course,Broad,system design for llm application,idimension - account create,1.00
model based systems engineering course,Exact,model based systems engineering course,SysEng - Add to cart - iDimension,1.00
model based systems engineering course,Exact,model based systems engineering course,idimension - account create,1.00
model based systems engineering course,Broad,mit continuing education,idimension - account create,1.00
model based systems engineering course,Broad,mit online graduate programs,SysEng - Add to cart - iDimension,0.50
model based systems engineering course,Broad,mit online graduate programs,idimension - account create,0.50
model based systems engineering course,Exact,model based system engineering course,SysEng - Add to cart - iDimension,1.00
model based systems engineering course,Exact,model based systems engineering course,idimension - account create,1.00
model based systems engineering program,Phrase,model based systems engineering,SysEng - Add to cart - iDimension,4.00
model based systems engineering program,Exact,mbse,SysEng - Add to cart - iDimension,3.00
model based systems engineering program,Exact,model based systems engineering mbse,SysEng - Add to cart - iDimension,2.00
model based systems engineering program,Exact,model based systems engineering mbse,idimension - account create,1.00
model based systems engineering program,Phrase,model based systems engineering,SysEng - Add to cart - iDimension,7.00
model based systems engineering program,Broad,systems engineering salary,idimension - account create,1.00
model based systems engineering program,Exact,mbse model based systems engineering,SysEng - Add to cart - iDimension,0.50
model based systems engineering program,Phrase,capella mbse tutorial,Purchase,0.50
model based systems engineering program,Phrase,capella mbse tutorial,SysEng - Add to cart - iDimension,0.50
model based systems engineering program,Phrase,capella mbse tutorial,idimension - account create,0.50
model based systems engineering training,Phrase,model based system engineering course,SysEng - Add to cart - iDimension,1.00
model based systems engineering training,Broad,model based engineering,SysEng - Add to cart - iDimension,2.00
model based systems engineering training,Broad,model based system engineering,SysEng - Add to cart - iDimension,1.00
model based systems engineering training,Phrase,mbd course,SysEng - Add to cart - iDimension,1.00
model based systems engineering training,Phrase,mbd course,idimension - account create,1.00
model based systems engineering training,Broad,simulation modelling practice and theory,idimension - account create,1.00
modern enterprise architecture,Broad,enterprise system architecture,SysEng - Add to cart - iDimension,0.67
msc engineering,Broad,master of engineering vs master of science,Purchase,0.16
msc engineering,Broad,master of science in engineering,Purchase,0.40
msc engineering,Broad,mit masters software engineering,SysEng - Add to cart - iDimension,1.00
online MBSE training,Phrase,model based systems engineering documentation and analysis,SysEng - Add to cart - iDimension,1.00
online aerospace engineering programs,Broad,online nuclear engineering degree,SysEng - Add to cart - iDimension,1.00
online architecture program,Broad,business architect certification,SysEng - Add to cart - iDimension,1.00
online architecture program,Broad,software architecture course,SysEng - Add to cart - iDimension,1.00
online architecture program,Broad,architecture course online,SysEng - Add to cart - iDimension,2.00
online architecture program,Broad,mit xpro architecture of complex systems,Purchase,4.00
online architecture program,Broad,mit xpro architecture of complex systems,SysEng - Add to cart - iDimension,13.00
online architecture program,Broad,system architecture courses,Purchase,1.00
online architecture program,Broad,system architecture courses,SysEng - Add to cart - iDimension,1.88
online architecture program,Exact,online architecture courses with certificates,SysEng - Add to cart - iDimension,1.00
online architecture program,Phrase,architectural drafting degree online,idimension - account create,1.00
online architecture program,Phrase,architectural engineering degree online,SysEng - Add to cart - iDimension,1.00
online architecture program,Phrase,architectural engineering degree online,idimension - account create,1.00
online architecture program,Phrase,architecture degree online free,idimension - account create,1.00
online architecture program,Phrase,edx architecture courses,idimension - account create,1.00
online architecture program,Phrase,free architecture courses,idimension - account create,2.00
online architecture program,Phrase,free online architecture courses,idimension - account create,1.00
online architecture program,Phrase,free online architecture courses for beginners,SysEng - Add to cart - iDimension,0.50
online architecture program,Phrase,free online architecture courses for beginners,idimension - account create,0.50
online architecture program,Phrase,free online architecture courses with certificates,idimension - account create,3.00
online architecture program,Phrase,harvard online architecture course,idimension - account create,1.00
online architecture program,Phrase,online architecture classes,idimension - account create,1.00
online architecture program,Phrase,online architecture courses for beginners,SysEng - Add to cart - iDimension,0.50
online architecture program,Phrase,online architecture courses for beginners,idimension - account create,0.50
online architecture program,Phrase,online architecture degree,idimension - account create,3.00
online architecture program,Phrase,online classes for architecture,idimension - account create,1.00
online architecture program,Phrase,www hanleywooduniversity com,idimension - account create,1.00
online architecture program,Phrase,free online architecture courses with certificates,SysEng - Add to cart - iDimension,0.03
online architecture program,Exact,online architecture courses,idimension - account create,1.00
online architecture program,Exact,free architecture classes,SysEng - Add to cart - iDimension,1.00
online architecture program,Exact,free architecture classes,idimension - account create,2.00
online architecture program,Exact,architecture online courses,idimension - account create,1.00
online architecture program,Broad,autocad courses,SysEng - Add to cart - iDimension,1.00
online architecture program,Broad,autocad courses,idimension - account create,1.00
online architecture program,Exact,architect courses online,SysEng - Add to cart - iDimension,1.00
online architecture program,Exact,architect courses online,idimension - account create,1.00
online architecture program,Exact,best online architecture courses,idimension - account create,1.00
online certificate courses in engineering,Broad,devops course,Purchase,1.00
online certificate courses in engineering,Broad,devops course,SysEng - Add to cart - iDimension,3.00
online certificate courses in engineering,Broad,requirements engineering course,Purchase,0.10
online certificate courses in engineering,Broad,requirements engineering course,SysEng - Add to cart - iDimension,0.23
online certificate courses in engineering,Phrase,online courses for civil engineering,SysEng - Add to cart - iDimension,1.00
online certificate courses in engineering,Phrase,reliability engineer course online,SysEng - Add to cart - iDimension,1.00
online certificate courses in engineering,Phrase,emeritus mit xpro,SysEng - Add to cart - iDimension,4.00
online certificate courses in engineering,Phrase,free certificate courses for btech students,idimension - account create,1.00
online certificate courses in engineering,Phrase,free certificate courses for engineering students,idimension - account create,2.00
online certificate courses in engineering,Phrase,mit mechanical engineering free courses,idimension - account create,1.00
online certificate courses in engineering,Phrase,plc scada online course free with certificate,idimension - account create,0.50
online certificate courses in engineering,Exact,online engineering studies,idimension - account create,0.50
online certificate courses in engineering,Phrase,automotive engineering courses online free,SysEng - Add to cart - iDimension,1.00
online certificate courses in engineering,Phrase,chemical engineering online courses free,SysEng - Add to cart - iDimension,1.00
online certificate courses in engineering,Phrase,chemical engineering online courses free,idimension - account create,1.00
online certificate courses in engineering,Phrase,free online computer engineering courses with certificate,SysEng - Add to cart - iDimension,0.50
online certificate courses in engineering,Phrase,free online computer engineering courses with certificate,idimension - account create,0.50
online certificate courses in engineering,Phrase,free online engineering courses with certificates,idimension - account create,1.50
online certificate courses in engineering,Phrase,how to study electrical engineering online,idimension - account create,1.00
online certificate courses in engineering,Phrase,n1 n2 n3 courses online south africa,idimension - account create,0.50
online certificate courses in engineering,Phrase,online course for electrical engineering,idimension - account create,0.50
online certificate courses in engineering,Phrase,software engineering course free,idimension - account create,1.00
online certificate courses in engineering,Exact,free ai certificate,SysEng - Add to cart - iDimension,1.00
online certificate courses in engineering,Exact,free ai certificate,idimension - account create,1.00
online certificate courses in engineering,Exact,free ai courses with certificate,SysEng - Add to cart - iDimension,1.00
online certificate courses in engineering,Exact,free ai courses with certificate,idimension - account create,1.00
online certificate courses in engineering,Exact,free c language course,Purchase,1.00
online certificate courses in engineering,Exact,free c language course,SysEng - Add to cart - iDimension,1.00
online certificate courses in engineering,Exact,free courses with certificate,SysEng - Add to cart - iDimension,2.00
online certificate courses in engineering,Exact,free harvard courses online with certificates,idimension - account create,1.00
online certificate courses in engineering,Exact,free online courses,idimension - account create,1.00
online certificate courses in engineering,Exact,free online courses with certificate,idimension - account create,1.00
online certificate courses in engineering,Exact,free online electrical courses,idimension - account create,1.00
online certificate courses in engineering,Exact,free solidworks course with certificate,idimension - account create,2.00
online certificate courses in engineering,Exact,harvard free online courses,SysEng - Add to cart - iDimension,1.00
online certificate courses in engineering,Exact,harvard free online courses,idimension - account create,1.00
online certificate courses in engineering,Exact,machine learning course free,SysEng - Add to cart - iDimension,1.00
online certificate courses in engineering,Exact,machine learning course free,idimension - account create,1.00
online certificate courses in engineering,Exact,product design course free,idimension - account create,1.00
online certificate courses in engineering,Exact,where to get free courses with certificate,idimension - account create,1.00
online certificate courses in engineering,Phrase,coursera mechanical engineering courses,idimension - account create,1.00
online certificate courses in engineering,Exact,engineering online programs,idimension - account create,1.00
online certificate courses in engineering,Exact,online engineering certificate,SysEng - Add to cart - iDimension,1.00
online certificate courses in engineering,Exact,online engineering certificate,idimension - account create,1.00
online certificate courses in engineering,Exact,study engineering online,idimension - account create,1.00
online certificate courses in engineering,Phrase,electrical engineering course online,SysEng - Add to cart - iDimension,1.00
online certificate courses in engineering,Phrase,electrical engineering course online,idimension - account create,1.00
online certificate courses in engineering,Phrase,electrical engineering short courses online,idimension - account create,1.00
online certificate courses in engineering,Phrase,fitter and turner online course,idimension - account create,1.00
online certificate courses in engineering,Phrase,ibm ai developer professional certificate,SysEng - Add to cart - iDimension,0.50
online certificate courses in engineering,Phrase,ibm ai developer professional certificate,idimension - account create,0.50
online certificate courses in engineering,Phrase,mining engineering courses online,idimension - account create,1.00
online certificate courses in engineering,Phrase,online instrumentation courses,idimension - account create,1.00
online certificate courses in engineering,Phrase,pro engineer certification,SysEng - Add to cart - iDimension,1.00
online certificate courses in engineering,Phrase,pro engineer certification,idimension - account create,1.00
online certificate courses in engineering,Broad,alison courses,idimension - account create,3.00
online certificate courses in engineering,Broad,class central courses,idimension - account create,1.00
online certificate courses in engineering,Broad,coursera edx,idimension - account create,2.00
online certificate courses in engineering,Broad,cursa courses,idimension - account create,1.00
online certificate courses in engineering,Broad,digitaldefynd,idimension - account create,1.00
online certificate courses in engineering,Broad,discudemy,idimension - account create,1.00
online certificate courses in engineering,Broad,edx courses,SysEng - Add to cart - iDimension,1.00
online certificate courses in engineering,Broad,edx courses,idimension - account create,3.79
online certificate courses in engineering,Broad,find your next course,idimension - account create,2.00
online certificate courses in engineering,Broad,harvard ocw,idimension - account create,1.00
online certificate courses in engineering,Broad,harvard online learning,idimension - account create,0.88
online certificate courses in engineering,Broad,https matlabacademy mathworks com,idimension - account create,1.00
online certificate courses in engineering,Broad,mahara tech,idimension - account create,15.00
online certificate courses in engineering,Broad,matlab academy,idimension - account create,1.00
online certificate courses in engineering,Broad,mind luster certificate,idimension - account create,1.00
online certificate courses in engineering,Broad,mygreatlearning free courses,idimension - account create,1.00
online certificate courses in engineering,Broad,saylor academy,idimension - account create,1.00
online certificate courses in engineering,Broad,simplilearn,idimension - account create,1.00
online certificate courses in engineering,Exact,engineering online courses,idimension - account create,1.00
online certificate courses in engineering,Exact,online studies for engineering,idimension - account create,1.00
online certificate courses in engineering,Exact,engineering certificate online,idimension - account create,2.00
online certificate courses in engineering,Phrase,certificate courses for eee students,idimension - account create,1.00
online certificate courses in engineering,Phrase,data engineering zoomcamp,idimension - account create,0.50
online certificate courses in engineering,Phrase,https www coursera org professional certificates ibm ai engineering,idimension - account create,1.00
online certificate courses in engineering,Phrase,machine learning engineer certification,idimension - account create,1.00
online certificate courses in engineering,Phrase,mechanical engineering certificate courses,idimension - account create,1.00
online certificate courses in engineering,Phrase,online certification courses for ece students,idimension - account create,1.00
online certificate courses in engineering,Phrase,online course for civil engineering students,idimension - account create,1.00
online certificate courses in engineering,Phrase,online design courses for mechanical engineers,idimension - account create,1.00
online certificate courses in engineering,Phrase,vlsi courses online,idimension - account create,1.00
online certificate courses in engineering,Broad,5 day gen ai intensive course with google kaggle,idimension - account create,0.50
online certificate courses in engineering,Broad,ai certificate course,idimension - account create,1.00
online certificate courses in engineering,Broad,alison courses,idimension - account create,1.00
online certificate courses in engineering,Broad,best certification platforms,idimension - account create,1.00
online certificate courses in engineering,Broad,best online python course with certificate,SysEng - Add to cart - iDimension,1.00
online certificate courses in engineering,Broad,best online python course with certificate,idimension - account create,1.00
online certificate courses in engineering,Broad,capcprc,idimension - account create,1.00
online certificate courses in engineering,Broad,class central,idimension - account create,1.00
online certificate courses in engineering,Broad,courseneed com,idimension - account create,1.00
online certificate courses in engineering,Broad,deep learning certificate course,SysEng - Add to cart - iDimension,1.00
online certificate courses in engineering,Broad,deep learning certificate course,idimension - account create,1.00
online certificate courses in engineering,Broad,edx courses,idimension - account create,1.00
online certificate courses in engineering,Broad,forage certificate,idimension - account create,1.00
online certificate courses in engineering,Broad,freecodecamp,idimension - account create,1.00
online certificate courses in engineering,Broad,google career certificates via coursera,idimension - account create,1.00
online certificate courses in engineering,Broad,google cloud skills boost,SysEng - Add to cart - iDimension,1.00
online certificate courses in engineering,Broad,google cloud skills boost,idimension - account create,1.00
online certificate courses in engineering,Broad,google kaggle ai course,idimension - account create,0.50
online certificate courses in engineering,Broad,google machine learning crash course,idimension - account create,1.00
online certificate courses in engineering,Broad,great learning certificate,idimension - account create,1.00
online certificate courses in engineering,Broad,great learning free courses,idimension - account create,1.00
online certificate courses in engineering,Broad,http mindluster com,idimension - account create,3.00
online certificate courses in engineering,Broad,https nptel ac in login,idimension - account create,2.00
online certificate courses in engineering,Broad,infosys course certificate,idimension - account create,3.00
online certificate courses in engineering,Broad,internship online for engineering students,idimension - account create,1.00
online certificate courses in engineering,Broad,learnvern,idimension - account create,7.00
online certificate courses in engineering,Broad,learnvern spe,idimension - account create,1.00
online certificate courses in engineering,Broad,machine learning crash course google,idimension - account create,2.00
online certificate courses in engineering,Broad,microsoft certification courses,idimension - account create,1.00
online certificate courses in engineering,Broad,mind luster,idimension - account create,12.00
online certificate courses in engineering,Broad,mind luster certificate value,idimension - account create,1.00
online certificate courses in engineering,Broad,mind luster come,idimension - account create,1.00
online certificate courses in engineering,Broad,mind luster con,idimension - account create,3.00
online certificate courses in engineering,Broad,mind luster website,SysEng - Add to cart - iDimension,1.00
online certificate courses in engineering,Broad,mind luster website,idimension - account create,2.00
online certificate courses in engineering,Broad,mindluster certificate,idimension - account create,3.00
online certificate courses in engineering,Broad,mindluster com,idimension - account create,1.00
online certificate courses in engineering,Broad,mooc courses,idimension - account create,2.00
online certificate courses in engineering,Broad,moocs course,idimension - account create,1.00
online certificate courses in engineering,Broad,nptel courses,idimension - account create,1.00
online certificate courses in engineering,Broad,simplilearn skillup,idimension - account create,1.00
online certificate courses in engineering,Broad,simplilearn skillup login,idimension - account create,1.00
online certificate courses in engineering,Broad,skillup by simplilearn,SysEng - Add to cart - iDimension,0.50
online certificate courses in engineering,Broad,skillup by simplilearn,idimension - account create,0.50
online certificate courses in engineering,Broad,the mind luster,idimension - account create,4.00
online certificate courses in engineering,Broad,udemy,idimension - account create,1.00
online certificate courses in engineering,Broad,udemy certificate,idimension - account create,2.00
online certificate courses in engineering,Broad,websites for online courses with certificates,idimension - account create,1.00
online certificate courses in engineering,Exact,engineering certificate online,idimension - account create,1.00
online certificate courses in engineering,Exact,engineering online courses,idimension - account create,1.00
online certificate courses in engineering,Exact,online workshop with certificate for engineering students,idimension - account create,1.00
online certification courses for engineering,Phrase,free online courses with certificate for electrical engineering,idimension - account create,1.00
online certification courses for engineering,Phrase,free online embedded systems course with certificate,idimension - account create,0.67
online certification courses for engineering,Phrase,free online mechanical engineering courses with certificates,idimension - account create,1.00
online certification courses for engineering,Phrase,abb online courses,SysEng - Add to cart - iDimension,2.00
online certification courses for engineering,Phrase,abb online courses,idimension - account create,1.00
online certification courses for engineering,Exact,cisco networking academy free courses with certificates,idimension - account create,1.00
online certification courses for engineering,Exact,free ai certificate,SysEng - Add to cart - iDimension,1.00
online certification courses for engineering,Exact,free ai certificate,idimension - account create,1.00
online certification courses for engineering,Exact,free certification courses,idimension - account create,0.67
online certification courses for engineering,Exact,free online courses,idimension - account create,2.00
online certification courses for engineering,Exact,iit free certificate courses,idimension - account create,1.00
online certification courses for engineering,Exact,online learning platforms like coursera,idimension - account create,1.00
online certification courses for engineering,Exact,onshape certification,SysEng - Add to cart - iDimension,1.00
online certification courses for engineering,Exact,onshape certification,idimension - account create,1.00
online certification courses for engineering,Exact,stanford courses on ai,idimension - account create,1.00
online certification courses for engineering,Exact,udemy,idimension - account create,1.00
online certification courses for engineering,Broad,cs50x harvard,idimension - account create,1.00
online certification courses for engineering,Broad,mindluster com,idimension - account create,1.00
online certification courses for engineering,Broad,python online course,idimension - account create,1.00
online certification courses for engineering,Broad,disc udemy,idimension - account create,1.00
online certification courses for engineering,Broad,mind luster,idimension - account create,2.00
online certification courses for engineering,Broad,mindluster,idimension - account create,1.00
online certification courses for engineering,Broad,mindluster com,idimension - account create,2.00
online certification courses for engineering,Broad,opencourseware,idimension - account create,1.00
online certification courses for engineering,Broad,portswigger web security academy,SysEng - Add to cart - iDimension,1.00
online certification courses for engineering,Broad,portswigger web security academy,idimension - account create,2.00
online certification courses for engineering,Broad,programming for everybody coursera,idimension - account create,2.00
online certification courses for engineering,Broad,skillup,idimension - account create,1.00
online certification courses for engineering,Broad,udemy,SysEng - Add to cart - iDimension,1.00
online certification courses for engineering,Broad,udemy,idimension - account create,12.00
online computer engineering degree,Broad,mit university,SysEng - Add to cart - iDimension,3.19
online courses aerospace engineering,Exact,aeronautical engineering courses online,Purchase,2.00
online courses aerospace engineering,Exact,aeronautical engineering courses online,SysEng - Add to cart - iDimension,10.00
online courses aerospace engineering,Exact,aerospace engineering online class,idimension - account create,0.50
online courses aerospace engineering,Exact,online aerospace engineering courses,idimension - account create,1.00
online courses aerospace engineering,Exact,online aerospace engineering degree,idimension - account create,1.00
online courses aerospace engineering,Phrase,free online certificate courses in aerospace engineering,SysEng - Add to cart - iDimension,1.00
online courses aerospace engineering,Phrase,free aerospace engineering courses,idimension - account create,0.50
online courses aerospace engineering,Exact,aerospace engineering certificate online,idimension - account create,0.50
online courses aerospace engineering,Exact,best online courses for aerospace engineering,idimension - account create,1.00
online courses aerospace engineering,Exact,aeronautical engineering online classes,idimension - account create,1.00
online courses aerospace engineering,Exact,online aerospace degree,idimension - account create,1.00
online engineering degree,Exact,engineering courses online,SysEng - Add to cart - iDimension,0.09
online engineering degree,Exact,online engineering degree usa,SysEng - Add to cart - iDimension,0.91
online engineering degree courses,Phrase,mit process engineering course,Purchase,0.20
online engineering degree courses,Phrase,mit process engineering course,SysEng - Add to cart - iDimension,0.56
online engineering degree courses,Phrase,aerospace online degree,SysEng - Add to cart - iDimension,4.00
online engineering degree courses,Phrase,online engineering phd programs,SysEng - Add to cart - iDimension,3.00
online engineering degree courses,Exact,online engineering certificate,SysEng - Add to cart - iDimension,1.00
online engineering degree courses,Exact,online engineering degrees,SysEng - Add to cart - iDimension,1.00
online engineering degree courses,Phrase,online master's degree mechanical engineering,SysEng - Add to cart - iDimension,1.00
online engineering degree courses,Exact,best online classes for engineering,Purchase,1.00
online engineering degree courses,Phrase,online masters in electrical and computer engineering,idimension - account create,0.13
online engineering degree courses,Broad,electrical engineering with computing,idimension - account create,1.00
online engineering degree courses,Phrase,industrial engineering online degree,idimension - account create,1.00
online engineering degree courses,Exact,studying engineering online,SysEng - Add to cart - iDimension,1.00
online engineering degree courses,Exact,studying engineering online,idimension - account create,1.00
online engineering degree courses,Phrase,electrical engineering learn online,idimension - account create,1.00
online engineering degree courses,Phrase,mechanical engineering online courses,idimension - account create,1.00
online engineering degree courses,Phrase,online electrical engineering courses,idimension - account create,1.00
online engineering degree courses,Phrase,online engineering courses south africa,idimension - account create,1.00
online engineering degree courses,Phrase,online engineering masters,SysEng - Add to cart - iDimension,1.00
online engineering degree courses,Phrase,online engineering masters,idimension - account create,1.00
online engineering degree courses,Phrase,study electrical engineering online,idimension - account create,1.00
online engineering degree courses,Broad,berea technical college online application,idimension - account create,0.50
online engineering degree courses,Broad,rostec college online application,idimension - account create,1.00
online engineering degree courses,Broad,university of technology online application,idimension - account create,1.04
online engineering degree courses,Exact,online classes engineering courses,idimension - account create,1.00
online engineering degree courses,Exact,online engineering degree,idimension - account create,1.00
online systems engineering degree,Broad,mit free online courses,idimension - account create,2.00
online systems engineering degree,Broad,fundamentals of engineering,SysEng - Add to cart - iDimension,1.00
online systems engineering degree,Broad,fundamentals of engineering,idimension - account create,1.00
online systems engineering degree,Broad,distributed computer systems engineering,SysEng - Add to cart - iDimension,1.00
online systems engineering degree,Broad,distributed computer systems engineering,idimension - account create,1.00
online systems engineering degree,Broad,systems engineering fernstudium,idimension - account create,1.00
online systems engineering degree,Broad,system engineering courses,SysEng - Add to cart - iDimension,0.33
online systems engineering degree,Broad,systems thinking courses online,idimension - account create,1.00
online systems engineering degree,Broad,mit online systems engineering,SysEng - Add to cart - iDimension,1.00
online systems engineering degree,Broad,mit online systems engineering,idimension - account create,1.00
online tech courses,Phrase,mit online courses,SysEng - Add to cart - iDimension,4.25
online tech courses,Phrase,mitx courses,SysEng - Add to cart - iDimension,2.00
online tech courses,Phrase,ocw mit edu courses,SysEng - Add to cart - iDimension,1.00
online tech courses,Phrase,caltech online courses,SysEng - Add to cart - iDimension,1.00
online tech courses,Phrase,clases de computacion online,SysEng - Add to cart - iDimension,1.00
online tech courses,Phrase,mit cad course,SysEng - Add to cart - iDimension,1.00
online tech courses,Phrase,mit media lab online course,SysEng - Add to cart - iDimension,1.00
online tech courses,Phrase,mit online courses,SysEng - Add to cart - iDimension,1.25
online tech courses,Phrase,mit xpro,Purchase,3.00
online tech courses,Phrase,mit xpro,SysEng - Add to cart - iDimension,17.86
online tech courses,Phrase,mitx courses,SysEng - Add to cart - iDimension,1.00
online tech degree,Broad,mit certificate programs,SysEng - Add to cart - iDimension,1.00
online technology courses,Phrase,digital twin online course,SysEng - Add to cart - iDimension,0.25
online technology courses,Phrase,mit online,SysEng - Add to cart - iDimension,0.50
online technology courses,Phrase,mit online courses,SysEng - Add to cart - iDimension,1.59
online technology courses,Phrase,mit online programs,SysEng - Add to cart - iDimension,0.50
online technology courses,Phrase,mit prox,SysEng - Add to cart - iDimension,0.96
online technology courses,Phrase,mit x courses,SysEng - Add to cart - iDimension,2.00
online technology courses,Phrase,mit xpro,Purchase,1.15
online technology courses,Phrase,mit xpro,SysEng - Add to cart - iDimension,18.28
online technology courses,Phrase,mitx courses,SysEng - Add to cart - iDimension,5.42
online technology courses,Phrase,mitx pro,SysEng - Add to cart - iDimension,2.00
online technology courses,Phrase,online process engineering courses,Purchase,0.20
online technology courses,Phrase,online process engineering courses,SysEng - Add to cart - iDimension,0.84
online technology courses,Phrase,mining engineering online course,SysEng - Add to cart - iDimension,0.25
online technology courses,Phrase,mining engineering online courses,SysEng - Add to cart - iDimension,0.25
online technology courses,Phrase,mit online courses,SysEng - Add to cart - iDimension,4.50
online technology courses,Phrase,mit xpro,Purchase,1.50
online technology courses,Phrase,mit xpro,SysEng - Add to cart - iDimension,2.00
online technology courses,Phrase,mitx online,SysEng - Add to cart - iDimension,1.98
online technology courses,Phrase,software engineer courses online,SysEng - Add to cart - iDimension,0.89
online technology courses,Phrase,cybersecurity mit course,SysEng - Add to cart - iDimension,21.00
online technology courses,Phrase,labview courses online,Purchase,1.00
online technology courses,Phrase,labview courses online,SysEng - Add to cart - iDimension,0.25
online technology courses,Phrase,mit classes online,SysEng - Add to cart - iDimension,1.85
online technology courses,Phrase,mit courses online,SysEng - Add to cart - iDimension,1.11
online technology courses,Phrase,mit online courses,Purchase,1.50
online technology courses,Phrase,mit online courses,SysEng - Add to cart - iDimension,9.50
online technology courses,Phrase,mit opencourse,SysEng - Add to cart - iDimension,0.58
online technology courses,Phrase,mit pro,Purchase,1.00
online technology courses,Phrase,mit pro,SysEng - Add to cart - iDimension,2.00
online technology courses,Phrase,mit xpro,Purchase,11.00
online technology courses,Phrase,mit xpro,SysEng - Add to cart - iDimension,63.74
online technology courses,Phrase,mit xpro courses,Purchase,3.00
online technology courses,Phrase,mit xpro courses,SysEng - Add to cart - iDimension,4.09
online technology courses,Phrase,mitpro,SysEng - Add to cart - iDimension,1.00
online technology courses,Phrase,mitx classes,SysEng - Add to cart - iDimension,1.00
online technology courses,Phrase,mitx courses,SysEng - Add to cart - iDimension,2.00
online technology courses,Phrase,mitx online,SysEng - Add to cart - iDimension,2.55
online technology courses,Phrase,mitx pro,SysEng - Add to cart - iDimension,1.00
online technology courses,Phrase,online courses for embedded systems,SysEng - Add to cart - iDimension,1.00
online technology courses,Phrase,xpro mit,SysEng - Add to cart - iDimension,1.46
online technology courses,Phrase,xpro mit edu,SysEng - Add to cart - iDimension,1.00
propulsion engineer,Broad,entry level propulsion engineer,SysEng - Add to cart - iDimension,0.19
radar systems engineering course,Exact,radar engineering course,idimension - account create,1.00
solutions architecture certification,Exact,solutions architect course,SysEng - Add to cart - iDimension,1.00
solutions architecture certification,Exact,solutions architect course,idimension - account create,1.00
solutions architecture certification,Exact,solution architect certification,SysEng - Add to cart - iDimension,1.00
solutions architecture certification,Exact,systems architect certifications,SysEng - Add to cart - iDimension,0.50
solutions architecture certification,Exact,system architecture certification,idimension - account create,2.00
solutions architecture certification,Exact,solution architect training,SysEng - Add to cart - iDimension,1.00
solutions architecture certification,Exact,solution architect training,idimension - account create,1.00
solutions architecture certification,Broad,google cloud certification,idimension - account create,3.00
solutions architecture certification,Broad,ibm certification,SysEng - Add to cart - iDimension,0.50
solutions architecture certification,Broad,ibm certification,idimension - account create,0.50
solutions architecture certification,Broad,infosys certificate,idimension - account create,2.00
solutions architecture certification,Broad,infosys springboard certificate,idimension - account create,1.00
sysml training,Broad,ocsmp certification,SysEng - Add to cart - iDimension,0.01
sysml training,Broad,sysml tools comparison,Purchase,0.11
sysml training,Broad,sysml training,SysEng - Add to cart - iDimension,1.40
sysml training,Broad,mbse certification,SysEng - Add to cart - iDimension,1.54
sysml training,Broad,omg sysml certification,SysEng - Add to cart - iDimension,0.84
sysml training,Broad,sysml certification,SysEng - Add to cart - iDimension,0.50
sysml training,Broad,sysml course,Purchase,0.20
sysml training,Broad,sysml course,SysEng - Add to cart - iDimension,2.50
sysml training,Broad,sysml courses,SysEng - Add to cart - iDimension,5.00
sysml training,Broad,sysml modeling,SysEng - Add to cart - iDimension,7.14
sysml training,Broad,sysml training,Purchase,0.40
sysml training,Broad,sysml training,SysEng - Add to cart - iDimension,12.00
system architecture,Broad,metaverse system architecture,Purchase,0.03
system architecture,Broad,monolithic architecture,Purchase,1.00
system architecture,Broad,monolithic architecture,SysEng - Add to cart - iDimension,1.00
system architecture,Broad,mit architecture of complex systems,Purchase,0.80
system architecture,Broad,mit architecture of complex systems,SysEng - Add to cart - iDimension,4.50
system architecture,Broad,mit xpro architecture of complex systems,Purchase,1.00
system engineer,Broad,architecture of complex systems,Purchase,0.44
system engineer,Broad,architecture of complex systems,SysEng - Add to cart - iDimension,3.51
system engineer,Broad,systems architect certification,SysEng - Add to cart - iDimension,0.23
system engineer,Phrase,mit xpro systems engineering,Purchase,0.40
system engineer,Phrase,mit xpro systems engineering,SysEng - Add to cart - iDimension,2.00
system engineer,Phrase,model based systems engineering,SysEng - Add to cart - iDimension,2.06
system engineer,Phrase,electronic system engineer,SysEng - Add to cart - iDimension,1.02
system engineer,Phrase,mit system engineering course,SysEng - Add to cart - iDimension,1.00
system engineer,Phrase,model based system engineering,SysEng - Add to cart - iDimension,0.50
system engineer,Phrase,system engineer,SysEng - Add to cart - iDimension,0.50
system engineer,Phrase,system engineering course,SysEng - Add to cart - iDimension,0.02
system engineer,Phrase,systems engineering mit,SysEng - Add to cart - iDimension,2.00
system engineer,Broad,architecture and systems engineering models and methods to manage complex systems,SysEng - Add to cart - iDimension,0.25
system engineer,Broad,architecture of complex systems,Purchase,1.00
system engineer,Broad,architecture of complex systems,SysEng - Add to cart - iDimension,2.25
system engineer,Broad,controls systems engineer,SysEng - Add to cart - iDimension,0.47
system engineer,Broad,cornell system engineering,SysEng - Add to cart - iDimension,0.01
system engineer,Broad,engineering technician,SysEng - Add to cart - iDimension,1.00
system engineer,Broad,incose,SysEng - Add to cart - iDimension,1.07
system engineer,Broad,masters in systems engineering,SysEng - Add to cart - iDimension,1.00
system engineer,Broad,mathworks mbse,SysEng - Add to cart - iDimension,1.00
system engineer,Broad,mit complex systems,Purchase,0.50
system engineer,Broad,mit complex systems,SysEng - Add to cart - iDimension,0.69
system engineer,Broad,mit system dynamics,SysEng - Add to cart - iDimension,0.49
system engineer,Broad,mit system engineering certificate,SysEng - Add to cart - iDimension,2.50
system engineer,Broad,model based system engineer,SysEng - Add to cart - iDimension,1.33
system engineer,Broad,model based systems engineering,Purchase,1.00
system engineer,Broad,model based systems engineering,SysEng - Add to cart - iDimension,1.67
system engineer,Broad,purdue systems engineering masters,SysEng - Add to cart - iDimension,0.52
system engineer,Broad,radar engineering course,SysEng - Add to cart - iDimension,1.00
system engineer,Broad,supportability engineering,SysEng - Add to cart - iDimension,0.25
system engineer,Broad,system engineer degree,Purchase,0.60
system engineer,Broad,system engineer degree,SysEng - Add to cart - iDimension,4.00
system engineer,Broad,system engineering certificate,SysEng - Add to cart - iDimension,4.67
system engineer,Broad,system engineering university,SysEng - Add to cart - iDimension,0.17
system engineer,Broad,system integration engineer,SysEng - Add to cart - iDimension,1.00
system engineer,Broad,systems architecture,SysEng - Add to cart - iDimension,0.61
system engineer,Broad,systems engineer certification,SysEng - Add to cart - iDimension,0.50
system engineer,Broad,systems engineering program,SysEng - Add to cart - iDimension,0.50
system engineering,Broad,controls engineering,SysEng - Add to cart - iDimension,1.00
system engineering,Broad,incose,SysEng - Add to cart - iDimension,2.17
system engineering,Broad,mit xpro systems engineering,Purchase,0.03
system engineering,Broad,model based development tools,SysEng - Add to cart - iDimension,2.00
system engineering,Broad,models in engineering,Purchase,0.97
system engineering,Broad,models in engineering,SysEng - Add to cart - iDimension,1.00
system engineering,Exact,system engineering,SysEng - Add to cart - iDimension,1.00
system engineering,Exact,systems engineering,Purchase,1.00
system engineering,Exact,systems engineering,SysEng - Add to cart - iDimension,2.00
system engineering,Phrase,mit system engineering course,SysEng - Add to cart - iDimension,0.05
system engineering,Phrase,model based system engineering,Purchase,0.40
system engineering,Phrase,model based system engineering,SysEng - Add to cart - iDimension,1.00
system engineering,Phrase,online masters in systems engineering,SysEng - Add to cart - iDimension,1.00
system engineering,Phrase,online masters systems engineering,SysEng - Add to cart - iDimension,0.75
system engineering,Phrase,quantitative methods in systems engineering,SysEng - Add to cart - iDimension,3.00
system engineering,Phrase,system architecture software engineering,Purchase,0.06
system engineering,Phrase,system engineering course,SysEng - Add to cart - iDimension,1.00
system engineering,Phrase,system engineering mit,Purchase,0.10
system engineering,Phrase,system safety engineering course,SysEng - Add to cart - iDimension,1.00
system engineering,Phrase,systems engineer,SysEng - Add to cart - iDimension,0.01
system engineering,Phrase,systems engineering masters uk,SysEng - Add to cart - iDimension,1.00
system engineering,Phrase,systems safety engineering,SysEng - Add to cart - iDimension,6.00
system engineering,Exact,system engineering,SysEng - Add to cart - iDimension,1.01
system engineering,Exact,systems engineering,SysEng - Add to cart - iDimension,0.05
system engineering,Phrase,architecture and system engineering mit,SysEng - Add to cart - iDimension,0.01
system engineering,Phrase,architecture and systems engineering,SysEng - Add to cart - iDimension,2.00
system engineering,Phrase,architecture and systems engineering models and methods to manage complex systems,SysEng - Add to cart - iDimension,1.50
system engineering,Phrase,architecture systems engineering,Purchase,0.03
system engineering,Phrase,architecture systems engineering,SysEng - Add to cart - iDimension,3.14
system engineering,Phrase,mit system engineering course,Purchase,0.40
system engineering,Phrase,mit system engineering course,SysEng - Add to cart - iDimension,12.28
system engineering,Phrase,mit xpro systems engineering,Purchase,0.40
system engineering,Phrase,mit xpro systems engineering,SysEng - Add to cart - iDimension,1.33
system engineering,Phrase,mit xpro systems engineering reddit,Purchase,0.03
system engineering,Phrase,mit xpro systems engineering reddit,SysEng - Add to cart - iDimension,2.14
system engineering,Phrase,model based systems engineering,SysEng - Add to cart - iDimension,1.00
system engineering,Phrase,system engineering course mit,SysEng - Add to cart - iDimension,1.00
system engineering,Phrase,systems engineering grundlagen und anwendung,Purchase,0.07
system engineering,Phrase,systems engineering grundlagen und anwendung,SysEng - Add to cart - iDimension,0.50
system engineering,Phrase,systems engineering short course,Purchase,0.50
system engineering,Phrase,systems engineering short course,SysEng - Add to cart - iDimension,0.50
system engineering,Exact,system engineering,SysEng - Add to cart - iDimension,5.38
system engineering,Exact,system engineering,Purchase,1.00
system engineering,Exact,system engineering,SysEng - Add to cart - iDimension,1.00
system engineering courses,Broad,architecture and systems engineering models and methods to manage complex systems,SysEng - Add to cart - iDimension,0.50
system engineering courses,Broad,human factors engineering course,SysEng - Add to cart - iDimension,0.16
system engineering courses,Phrase,mit model based systems engineering certification,Purchase,0.01
system engineering courses,Phrase,mit model based systems engineering certification,SysEng - Add to cart - iDimension,0.02
system engineering courses,Phrase,systems engineering mit,SysEng - Add to cart - iDimension,0.50
system engineering courses,Exact,systems engineering course,SysEng - Add to cart - iDimension,6.50
system engineering courses,Broad,course software engineering,SysEng - Add to cart - iDimension,1.00
system engineering courses,Broad,msc mechatronics engineering,SysEng - Add to cart - iDimension,0.50
system engineering courses,Broad,software engineering at google,SysEng - Add to cart - iDimension,0.07
system engineering courses,Broad,system engineering courses,SysEng - Add to cart - iDimension,1.00
system engineering courses,Broad,system engineering mit,SysEng - Add to cart - iDimension,1.00
system engineering courses,Broad,systems engineering,SysEng - Add to cart - iDimension,0.54
system engineering courses,Phrase,fundamentals of systems engineering,SysEng - Add to cart - iDimension,3.00
system engineering courses,Phrase,systems engineering courses,SysEng - Add to cart - iDimension,1.28
system engineering courses,Exact,system engineering courses,Purchase,0.40
system engineering courses,Exact,system engineering courses,SysEng - Add to cart - iDimension,0.29
system engineering courses,Exact,systems engineering courses online,SysEng - Add to cart - iDimension,1.00
system engineering education,Broad,architecture and systems engineering models and methods to manage complex systems,Purchase,0.07
system engineering education,Broad,architecture and systems engineering models and methods to manage complex systems,SysEng - Add to cart - iDimension,1.50
system engineering education,Broad,mit system engineering course,SysEng - Add to cart - iDimension,1.06
system engineering education,Broad,systems engineering,Purchase,1.00
system engineering education,Broad,systems engineering,SysEng - Add to cart - iDimension,1.00
system engineering education,Exact,systems engineering training,SysEng - Add to cart - iDimension,2.00
system engineering education,Phrase,radar systems engineering course,SysEng - Add to cart - iDimension,2.00
system engineering education,Phrase,systems engineering master's online,SysEng - Add to cart - iDimension,0.30
system engineering education,Broad,architecture of complex systems,SysEng - Add to cart - iDimension,1.00
system engineering education,Broad,system of systems engineering,SysEng - Add to cart - iDimension,0.02
system engineering education,Broad,architecture and systems engineering,Purchase,1.00
system engineering education,Broad,architecture and systems engineering,SysEng - Add to cart - iDimension,2.00
system engineering education,Broad,bachelor degree systems engineering,SysEng - Add to cart - iDimension,0.50
system engineering education,Broad,mit architecture of complex systems,SysEng - Add to cart - iDimension,1.00
system engineering education,Broad,mit courses online,SysEng - Add to cart - iDimension,0.11
system engineering education,Broad,mit embedded systems,SysEng - Add to cart - iDimension,1.00
system engineering education,Broad,mit online courses with certificate,SysEng - Add to cart - iDimension,1.00
system engineering education,Broad,model based systems engineering,SysEng - Add to cart - iDimension,3.00
system engineering education,Broad,model based systems engineering certification,SysEng - Add to cart - iDimension,1.72
system engineering education,Broad,nasa systems engineer,SysEng - Add to cart - iDimension,1.00
system engineering education,Broad,online mechatronics degree,SysEng - Add to cart - iDimension,1.00
system engineering education,Broad,systems engineer,SysEng - Add to cart - iDimension,1.09
system engineering education,Broad,systems engineering basics,SysEng - Add to cart - iDimension,1.00
system engineering education,Broad,systems engineering best practices,SysEng - Add to cart - iDimension,4.00
system engineering education,Broad,systems engineering certificate mit,SysEng - Add to cart - iDimension,1.00
system engineering education,Broad,systems engineering certificate program,SysEng - Add to cart - iDimension,1.56
system engineering education,Broad,systems engineering graduate certificate,SysEng - Add to cart - iDimension,5.00
system engineering education,Exact,system engineering program,SysEng - Add to cart - iDimension,1.00
system engineering education,Exact,systems engineering courses,SysEng - Add to cart - iDimension,0.09
system engineering education,Exact,systems engineering training,SysEng - Add to cart - iDimension,1.00
system engineering schools,Phrase,mit xpro systems engineering,Purchase,0.80
system engineering schools,Phrase,mit xpro systems engineering,SysEng - Add to cart - iDimension,2.50
system engineering schools,Broad,capella systems engineering,Purchase,1.00
system engineering schools,Broad,capella systems engineering,SysEng - Add to cart - iDimension,6.00
system engineering schools,Broad,gentry lee systems engineering,SysEng - Add to cart - iDimension,0.22
system engineering schools,Broad,systems engineering professional organizations,SysEng - Add to cart - iDimension,2.00
system engineering training course,Broad,architecture of complex systems,SysEng - Add to cart - iDimension,1.00
system engineering training course,Broad,system engineering training course,Purchase,0.40
system engineering training course,Broad,system engineering training course,SysEng - Add to cart - iDimension,1.12
system engineering training course,Phrase,systems engineering courses uk,SysEng - Add to cart - iDimension,4.00
system engineering training course,Phrase,systems engineering masters online,SysEng - Add to cart - iDimension,3.00
system engineering training course,Phrase,systems engineering training courses,SysEng - Add to cart - iDimension,0.61
system engineering training course,Exact,systems engineering courses,SysEng - Add to cart - iDimension,1.50
systems development engineer,Broad,advanced diploma in software engineering,SysEng - Add to cart - iDimension,0.34
systems development engineer,Broad,mbse,SysEng - Add to cart - iDimension,2.00
systems development engineer,Broad,model based development,Purchase,1.00
systems development engineer,Broad,model based development,SysEng - Add to cart - iDimension,1.00
systems engineer education,Phrase,system engineer course,SysEng - Add to cart - iDimension,1.33
systems engineer education,Phrase,systems engineering edx,Purchase,1.00
systems engineer education,Phrase,systems engineering edx,SysEng - Add to cart - iDimension,1.40
systems engineer education,Phrase,usc systems engineering masters,SysEng - Add to cart - iDimension,0.07
systems engineer education,Phrase,master in system engineering,Purchase,1.00
systems engineer education,Phrase,master in system engineering,SysEng - Add to cart - iDimension,4.00
systems engineer education,Phrase,master of science in industrial and systems engineering,SysEng - Add to cart - iDimension,0.66
systems engineer education,Phrase,system engineering masters,Purchase,1.00
systems engineer education,Phrase,system engineering masters,SysEng - Add to cart - iDimension,2.00
systems engineer education,Phrase,systems engineering online courses,idimension - account create,1.00
systems engineer education requirements,Broad,systems engineering training courses,SysEng - Add to cart - iDimension,0.61
systems engineering,Broad,architecture and systems engineering,SysEng - Add to cart - iDimension,0.09
systems engineering,Broad,architecture and systems engineering models and methods to manage complex systems,Purchase,2.00
systems engineering,Broad,architecture and systems engineering models and methods to manage complex systems,SysEng - Add to cart - iDimension,12.44
systems engineering,Broad,model based systems engineering,SysEng - Add to cart - iDimension,1.88
systems engineering,Broad,siemens mbse,Purchase,0.40
systems engineering,Broad,siemens mbse,SysEng - Add to cart - iDimension,0.54
systems engineering,Broad,sysml tools,SysEng - Add to cart - iDimension,1.00
systems engineering,Broad,system engineering mit,SysEng - Add to cart - iDimension,0.03
systems engineering,Broad,systems engineering and architecture,SysEng - Add to cart - iDimension,0.05
systems engineering,Broad,systems engineering graduate certificate,SysEng - Add to cart - iDimension,0.04
systems engineering,Broad,systems engineering nasa,Purchase,1.00
systems engineering,Broad,systems engineering nasa,SysEng - Add to cart - iDimension,2.00
systems engineering,Broad,systems engineering short course,SysEng - Add to cart - iDimension,2.27
systems engineering,Exact,systems engineering,Purchase,0.50
systems engineering,Exact,systems engineering,SysEng - Add to cart - iDimension,1.50
systems engineering,Broad,system engineering approach,SysEng - Add to cart - iDimension,0.10
systems engineering,Exact,systems engineering,SysEng - Add to cart - iDimension,2.00
systems engineering,Broad,architecture and systems engineering,SysEng - Add to cart - iDimension,3.56
systems engineering,Broad,architecture and systems engineering models and methods to manage complex systems,Purchase,1.40
systems engineering,Broad,architecture and systems engineering models and methods to manage complex systems,SysEng - Add to cart - iDimension,2.98
systems engineering,Broad,architecture of complex systems,SysEng - Add to cart - iDimension,0.09
systems engineering,Broad,certificate in systems engineering,SysEng - Add to cart - iDimension,1.00
systems engineering,Broad,certified systems engineering professional csep,Purchase,0.40
systems engineering,Broad,certified systems engineering professional csep,SysEng - Add to cart - iDimension,0.33
systems engineering,Broad,embedded systems engineer,SysEng - Add to cart - iDimension,1.00
systems engineering,Broad,introduction to systems engineering,SysEng - Add to cart - iDimension,2.00
systems engineering,Broad,mit complex systems,SysEng - Add to cart - iDimension,1.68
systems engineering,Broad,mit systems engineering course,SysEng - Add to cart - iDimension,7.00
systems engineering,Broad,mit systems engineering online course,SysEng - Add to cart - iDimension,0.12
systems engineering,Broad,mit xpro systems engineering reddit,SysEng - Add to cart - iDimension,1.33
systems engineering,Broad,model based systems engineering,Purchase,2.00
systems engineering,Broad,model based systems engineering,SysEng - Add to cart - iDimension,19.76
systems engineering,Broad,models in engineering,Purchase,0.50
systems engineering,Broad,models in engineering,SysEng - Add to cart - iDimension,6.00
systems engineering,Broad,ms in systems engineering,SysEng - Add to cart - iDimension,0.26
systems engineering,Broad,online systems engineering degree,SysEng - Add to cart - iDimension,2.00
systems engineering,Broad,quantitative methods in systems engineering,SysEng - Add to cart - iDimension,0.50
systems engineering,Broad,systems engineering,SysEng - Add to cart - iDimension,1.00
systems engineering,Broad,systems engineering bootcamp,SysEng - Add to cart - iDimension,1.00
systems engineering,Broad,systems engineering master's programs,SysEng - Add to cart - iDimension,0.53
systems engineering,Broad,systems engineering methodology,SysEng - Add to cart - iDimension,2.00
systems engineering,Broad,systems engineering online,Purchase,1.00
systems engineering,Broad,systems engineering online,SysEng - Add to cart - iDimension,1.22
systems engineering,Broad,systems engineering online certificate,SysEng - Add to cart - iDimension,2.00
systems engineering,Broad,systems engineering online course,SysEng - Add to cart - iDimension,2.14
systems engineering,Broad,systems engineering online degree,SysEng - Add to cart - iDimension,1.00
systems engineering,Broad,systems engineering process steps,SysEng - Add to cart - iDimension,1.00
systems engineering,Broad,systems engineering v,SysEng - Add to cart - iDimension,0.11
systems engineering,Exact,systems engineering,SysEng - Add to cart - iDimension,2.18
systems engineering certificate,Broad,asu online undergraduate certificates,SysEng - Add to cart - iDimension,0.18
systems engineering certificate,Broad,online process engineering courses,Purchase,0.20
systems engineering certificate,Broad,online process engineering courses,SysEng - Add to cart - iDimension,0.84
systems engineering certificate,Broad,system architect training,SysEng - Add to cart - iDimension,0.39
systems engineering certificate,Broad,system architecture training,SysEng - Add to cart - iDimension,0.39
systems engineering certificate,Broad,system engineering course online,SysEng - Add to cart - iDimension,1.00
systems engineering certificate,Broad,systems engineering courses,SysEng - Add to cart - iDimension,0.69
systems engineering certificate,Phrase,systems engineering certificate,SysEng - Add to cart - iDimension,0.54
systems engineering certificate,Phrase,systems engineering graduate certificate,SysEng - Add to cart - iDimension,0.04
systems engineering certificate,Broad,bachelor in system engineering,SysEng - Add to cart - iDimension,1.22
systems engineering certificate,Broad,embedded systems certification,Purchase,1.00
systems engineering certificate,Broad,incose,SysEng - Add to cart - iDimension,1.07
systems engineering certificate,Broad,process engineering certifications,SysEng - Add to cart - iDimension,2.17
systems engineering certificate,Broad,prompt engineering certification,SysEng - Add to cart - iDimension,1.00
systems engineering certificate,Broad,quality engineering training,SysEng - Add to cart - iDimension,0.50
systems engineering certificate,Broad,system engineering certificate,SysEng - Add to cart - iDimension,0.02
systems engineering certificate,Broad,systems engineering short courses,SysEng - Add to cart - iDimension,0.50
systems engineering certificate,Phrase,certified systems engineer professional csep,SysEng - Add to cart - iDimension,1.00
systems engineering certificate,Phrase,systems engineering certificate,SysEng - Add to cart - iDimension,2.40
systems engineering certificate,Phrase,system engineer degree online,SysEng - Add to cart - iDimension,1.33
systems engineering certificate,Exact,systems engineering certificate,SysEng - Add to cart - iDimension,2.35
systems engineering certificate,Exact,systems engineering certificate,SysEng - Add to cart - iDimension,2.00
systems engineering certificate,Exact,systems engineering certificate,idimension - account create,2.00
systems engineering certificate,Exact,systems engineering graduate certificate,SysEng - Add to cart - iDimension,1.00
systems engineering certificate,Phrase,georgia tech systems engineering certificate,SysEng - Add to cart - iDimension,1.50
systems engineering certificate,Phrase,systems engineering online certificate,idimension - account create,0.50
systems engineering certificate,Exact,georgia tech systems engineering certificate,idimension - account create,1.00
systems engineering certificate,Exact,engineering internships detroit,idimension - account create,1.00
systems engineering certificate,Exact,systems engineering certificate,idimension - account create,2.00
systems engineering certificate,Broad,online vlsi course,idimension - account create,1.00
systems engineering certificate,Phrase,georgia tech systems engineering certificate,SysEng - Add to cart - iDimension,1.50
systems engineering certificate,Phrase,georgia tech systems engineering certificate,idimension - account create,1.00
systems engineering certificate,Broad,https www coursera org google certificates cybersecurity certificate,idimension - account create,1.00
systems engineering certificate,Broad,red hat system administration,idimension - account create,1.00
systems engineering certificate,Phrase,microsoft certified systems engineer,SysEng - Add to cart - iDimension,1.00
systems engineering certificate,Phrase,microsoft certified systems engineer,idimension - account create,2.00
systems engineering certificate online,Exact,systems engineering certificate online,SysEng - Add to cart - iDimension,0.50
systems engineering certificate online,Exact,systems engineering certificate online,Purchase,1.00
systems engineering certificate online,Exact,systems engineering certificate online,SysEng - Add to cart - iDimension,2.29
systems engineering certificate online,Exact,systems engineering online,SysEng - Add to cart - iDimension,0.14
systems engineering certificate online,Exact,systems engineering online courses,SysEng - Add to cart - iDimension,0.75
systems engineering certificate online,Exact,system engineer course online,Purchase,0.50
systems engineering certificate online,Exact,system engineer course online,SysEng - Add to cart - iDimension,0.50
systems engineering certificate online,Exact,system engineer course online,idimension - account create,0.50
systems engineering certificate online,Exact,systems engineering online certificate,SysEng - Add to cart - iDimension,0.25
systems engineering certificate program,Phrase,system engineering certification,SysEng - Add to cart - iDimension,1.00
systems engineering certificate program,Exact,systems engineering certificate program,SysEng - Add to cart - iDimension,1.00
systems engineering certificate program,Exact,systems engineering certificate program,idimension - account create,2.00
systems engineering certification,Exact,system engineer training,SysEng - Add to cart - iDimension,1.00
systems engineering certification,Exact,systems engineering certification,SysEng - Add to cart - iDimension,1.00
systems engineering certification,Exact,systems engineering training courses,SysEng - Add to cart - iDimension,0.61
systems engineering certification,Broad,fpga training,SysEng - Add to cart - iDimension,1.50
systems engineering certification,Broad,systems administrator certifications,SysEng - Add to cart - iDimension,1.00
systems engineering certification,Broad,systems engineering definition,SysEng - Add to cart - iDimension,0.85
systems engineering certification,Exact,system engineer certifications,SysEng - Add to cart - iDimension,1.00
systems engineering certification,Exact,system engineering certification,SysEng - Add to cart - iDimension,2.52
systems engineering certification,Exact,systems engineering certification,SysEng - Add to cart - iDimension,10.89
systems engineering certification,Exact,systems engineering certifications,Purchase,1.00
systems engineering certification,Exact,systems engineering certifications,SysEng - Add to cart - iDimension,1.00
systems engineering certification,Exact,systems engineering graduate certificate,SysEng - Add to cart - iDimension,1.40
systems engineering certification,Exact,best systems engineering certification,SysEng - Add to cart - iDimension,0.86
systems engineering certification,Exact,graduate certificate systems engineering,SysEng - Add to cart - iDimension,1.00
systems engineering certification,Exact,systems engineering certification,SysEng - Add to cart - iDimension,1.00
systems engineering certification,Exact,certified systems engineering professional,SysEng - Add to cart - iDimension,0.03
systems engineering certification,Exact,system engineering certification,SysEng - Add to cart - iDimension,1.00
systems engineering certification,Exact,systems engineer certification,SysEng - Add to cart - iDimension,3.00
systems engineering certification,Exact,systems engineer certification,idimension - account create,1.00
systems engineering certification,Exact,systems engineering certification,Purchase,1.00
systems engineering certification,Exact,systems engineering certification,SysEng - Add to cart - iDimension,4.00
systems engineering certification,Exact,systems engineering certification,idimension - account create,1.00
systems engineering certification,Exact,systems engineering certification online,SysEng - Add to cart - iDimension,1.00
systems engineering certification,Exact,system engineering certification,SysEng - Add to cart - iDimension,1.00
systems engineering certification,Exact,system engineering certification,idimension - account create,1.00
systems engineering certification,Exact,systems engineering certification,SysEng - Add to cart - iDimension,0.45
systems engineering certification,Exact,systems engineering certification,idimension - account create,0.50
systems engineering certification,Exact,systems engineer certification,idimension - account create,1.00
systems engineering certification,Exact,systems engineering certification,SysEng - Add to cart - iDimension,0.67
systems engineering certification,Exact,systems engineering certification,idimension - account create,0.67
systems engineering certification,Exact,systems engineering certifications,SysEng - Add to cart - iDimension,0.50
systems engineering certification,Exact,systems engineering certifications,idimension - account create,0.50
systems engineering certification,Broad,mit online course,idimension - account create,1.00
systems engineering certification,Exact,systems engineering certification,SysEng - Add to cart - iDimension,1.00
systems engineering certification,Exact,systems engineering certification,idimension - account create,1.00
systems engineering certification,Exact,system engineering course,idimension - account create,1.00
systems engineering certification,Broad,best courses for mechatronics engineer,idimension - account create,1.00
systems engineering certification,Broad,cisco certification,SysEng - Add to cart - iDimension,1.00
systems engineering certification,Broad,cisco certification,idimension - account create,1.00
systems engineering certification,Broad,civil software courses online,SysEng - Add to cart - iDimension,1.00
systems engineering certification,Broad,civil software courses online,idimension - account create,1.00
systems engineering certification,Broad,embedded system course,SysEng - Add to cart - iDimension,1.00
systems engineering certification,Broad,embedded system course,idimension - account create,1.00
systems engineering certification,Broad,mit xpro artificial intelligence,idimension - account create,1.00
systems engineering certification,Broad,online course mechanical engineering,idimension - account create,1.00
systems engineering certification,Broad,online engineering courses,idimension - account create,2.00
systems engineering certification,Broad,udemy mechanical engineering courses,idimension - account create,1.00
systems engineering certification,Exact,system engineering certificate,idimension - account create,0.01
systems engineering certification,Exact,system engineering certifications,SysEng - Add to cart - iDimension,1.00
systems engineering certification,Exact,system engineering certifications,idimension - account create,1.00
systems engineering certification,Exact,systems engineering certification,SysEng - Add to cart - iDimension,1.00
systems engineering certification,Exact,systems engineering certification,idimension - account create,1.00
systems engineering certification,Broad,systems engineering certification,SysEng - Add to cart - iDimension,1.00
systems engineering certification,Broad,systems engineering certification,idimension - account create,1.00
systems engineering certification online,Exact,matlab certification free,idimension - account create,1.00
systems engineering course,Phrase,masters of systems engineering,SysEng - Add to cart - iDimension,1.00
systems engineering course,Exact,system engineering course,SysEng - Add to cart - iDimension,1.82
systems engineering course,Exact,systems engineering course,SysEng - Add to cart - iDimension,1.34
systems engineering course,Exact,systems engineering course online,SysEng - Add to cart - iDimension,1.00
systems engineering course,Exact,systems engineering courses,SysEng - Add to cart - iDimension,1.40
systems engineering course,Phrase,system engineering classes,SysEng - Add to cart - iDimension,1.00
systems engineering course,Exact,systems engineering course,SysEng - Add to cart - iDimension,2.24
systems engineering course,Phrase,architecture and systems engineering models and methods to manage complex systems,SysEng - Add to cart - iDimension,3.18
systems engineering course,Phrase,mit system engineering course,SysEng - Add to cart - iDimension,4.00
systems engineering course,Phrase,mit systems engineering online course,Purchase,0.20
systems engineering course,Phrase,mit systems engineering online course,SysEng - Add to cart - iDimension,1.76
systems engineering course,Phrase,model based systems engineering documentation and analysis,SysEng - Add to cart - iDimension,0.50
systems engineering course,Exact,system engineering course,SysEng - Add to cart - iDimension,0.16
systems engineering course,Exact,systems engineer degree,SysEng - Add to cart - iDimension,3.94
systems engineering course,Exact,systems engineering courses,Purchase,1.00
systems engineering course,Exact,systems engineering courses,SysEng - Add to cart - iDimension,5.50
systems engineering course,Exact,systems engineering online courses,SysEng - Add to cart - iDimension,1.00
systems engineering course,Phrase,system engineering certification,SysEng - Add to cart - iDimension,1.00
systems engineering course,Phrase,systems engineering minor,SysEng - Add to cart - iDimension,0.50
systems engineering course,Phrase,usc systems architecting and engineering,SysEng - Add to cart - iDimension,0.45
systems engineering course,Exact,system engineering course,SysEng - Add to cart - iDimension,0.03
systems engineering course,Exact,systems engineering program,SysEng - Add to cart - iDimension,2.00
systems engineering course,Exact,online systems engineering courses,SysEng - Add to cart - iDimension,0.11
systems engineering course,Exact,system engineer degree,SysEng - Add to cart - iDimension,1.00
systems engineering course,Exact,systems engineering course,Purchase,1.00
systems engineering course,Exact,systems engineering course,SysEng - Add to cart - iDimension,1.00
systems engineering course,Exact,systems engineering degree,idimension - account create,1.00
systems engineering course,Exact,system engineering courses,SysEng - Add to cart - iDimension,1.00
systems engineering course,Exact,systems engineering course,Purchase,1.00
systems engineering course,Exact,systems engineering course,SysEng - Add to cart - iDimension,8.00
systems engineering course,Exact,systems engineering course,idimension - account create,1.00
systems engineering course,Exact,systems engineering courses,SysEng - Add to cart - iDimension,1.33
systems engineering course,Exact,systems engineering courses,idimension - account create,1.67
systems engineering course,Phrase,mit embedded system,idimension - account create,0.50
systems engineering course,Phrase,model based systems engineering documentation and analysis,SysEng - Add to cart - iDimension,2.00
systems engineering course,Exact,system engineering course,SysEng - Add to cart - iDimension,1.00
systems engineering course,Phrase,incose systems engineering course,SysEng - Add to cart - iDimension,0.09
systems engineering course,Exact,technical communication for engineers,idimension - account create,1.00
systems engineering course,Exact,systems engineering course,SysEng - Add to cart - iDimension,1.00
systems engineering course,Phrase,edx system design,idimension - account create,0.50
systems engineering course,Broad,internships for engineering undergraduates,idimension - account create,1.00
systems engineering course,Exact,systems engineering course,Purchase,0.75
systems engineering course,Exact,system engineering course,idimension - account create,1.00
systems engineering course,Exact,system engineering course,SysEng - Add to cart - iDimension,1.00
systems engineering course,Exact,system engineering course,idimension - account create,1.00
systems engineering course,Exact,system engineering courses,SysEng - Add to cart - iDimension,0.67
systems engineering course,Exact,systems engineering course,SysEng - Add to cart - iDimension,1.00
systems engineering course,Exact,systems engineering course,idimension - account create,1.00
systems engineering course,Broad,cisco cyber security course,idimension - account create,0.33
systems engineering course,Broad,how to learn it online,idimension - account create,1.00
systems engineering course,Broad,machine learning coursework,idimension - account create,1.00
systems engineering course,Broad,ocw mit edu courses,idimension - account create,1.00
systems engineering course,Broad,uipath academy,idimension - account create,2.00
systems engineering course,Broad,university of technology,idimension - account create,1.00
systems engineering course,Phrase,master in system design,idimension - account create,1.00
systems engineering course,Phrase,mit computer architecture course,idimension - account create,2.00
systems engineering course,Phrase,systems engineering crash course,SysEng - Add to cart - iDimension,1.00
systems engineering course,Phrase,systems engineering crash course,idimension - account create,1.00
systems engineering course,Broad,systems engineering course,idimension - account create,2.00
systems engineering courses,Broad,online systems engineering certificate,SysEng - Add to cart - iDimension,1.00
systems engineering courses,Broad,systems engineering courses,Purchase,1.00
systems engineering courses,Broad,systems engineering courses,SysEng - Add to cart - iDimension,1.00
systems engineering courses,Broad,systems engineering courses,idimension - account create,1.00
systems engineering courses,Broad,mit sloan system dynamics,idimension - account create,1.00
systems engineering courses,Broad,mit system engineering,SysEng - Add to cart - iDimension,1.00
systems engineering courses,Broad,mit xpro courses,idimension - account create,1.00
systems engineering courses,Broad,system engineering mit,Purchase,1.00
systems engineering courses,Broad,system engineering mit,SysEng - Add to cart - iDimension,1.00
systems engineering courses,Broad,system engineering mit,idimension - account create,1.00
systems engineering courses,Exact,systems engineering courses,idimension - account create,0.33
systems engineering courses,Exact,systems engineering degree,SysEng - Add to cart - iDimension,1.00
systems engineering courses,Exact,systems engineering degree,idimension - account create,1.00
systems engineering courses,Broad,advanced engineering mathematics course,idimension - account create,1.00
systems engineering courses,Broad,engineering certificates,SysEng - Add to cart - iDimension,1.00
systems engineering courses,Broad,engineering certificates,idimension - account create,1.00
systems engineering courses,Broad,mit xpro quantum computing,idimension - account create,1.00
systems engineering courses,Broad,systems engineering course mit,idimension - account create,1.00
systems engineering courses,Broad,university of helsinki full stack course,idimension - account create,1.00
systems engineering courses,Broad,architecture and systems engineering models and methods to manage complex systems,idimension - account create,0.50
systems engineering courses,Broad,electrical engineering short courses online,idimension - account create,1.00
systems engineering courses,Broad,embedded system course,idimension - account create,1.00
systems engineering courses,Broad,merseta,SysEng - Add to cart - iDimension,1.00
systems engineering courses,Broad,merseta,idimension - account create,1.00
systems engineering courses,Broad,mit xpro system thinking,idimension - account create,1.00
systems engineering courses,Broad,certificate in agentic system and design,idimension - account create,3.00
systems engineering courses,Broad,embedded systems internship certificate,idimension - account create,1.00
systems engineering courses,Broad,internship courses for ece students,idimension - account create,1.00
systems engineering courses,Broad,mechanical engineer certificate,idimension - account create,1.00
systems engineering courses,Broad,mechanical engineering certification courses,idimension - account create,1.00
systems engineering courses,Broad,mit xpro quantum computing fundamentals,idimension - account create,1.00
systems engineering courses,Broad,ocw mit edu,idimension - account create,1.00
systems engineering courses,Broad,online certification courses for ece students,SysEng - Add to cart - iDimension,1.00
systems engineering courses,Broad,online certification courses for ece students,idimension - account create,1.00
systems engineering courses,Broad,online certification courses for embedded system,SysEng - Add to cart - iDimension,1.00
systems engineering courses,Broad,online certification courses for embedded system,idimension - account create,1.00
systems engineering courses,Broad,programming certifications,idimension - account create,1.00
systems engineering courses,Broad,system dynamics course,idimension - account create,1.00
systems engineering courses,Broad,system engineer full course,SysEng - Add to cart - iDimension,1.00
systems engineering courses,Broad,system engineer full course,idimension - account create,1.00
systems engineering courses,Broad,system thinking course,idimension - account create,1.00
systems engineering courses,Broad,systems engineer certification,SysEng - Add to cart - iDimension,1.00
systems engineering courses,Broad,systems engineer certification,idimension - account create,1.00
systems engineering graduate certificate,Exact,systems engineering graduate certificate,idimension - account create,0.67
systems engineering management,Broad,systems thinking for product managers,idimension - account create,1.00
systems engineering management,Broad,sysml certification,idimension - account create,1.00
systems engineering mbse,Broad,ic design course,SysEng - Add to cart - iDimension,1.00
systems engineering mbse,Broad,ic design course,idimension - account create,1.00
systems engineering mbse,Broad,mit system thinking,idimension - account create,1.00
systems engineering mbse,Broad,systems engineering body of knowledge sebok,SysEng - Add to cart - iDimension,1.00
systems engineering mbse,Broad,systems engineering body of knowledge sebok,idimension - account create,1.00
systems engineering mbse,Broad,system engineering,SysEng - Add to cart - iDimension,1.00
systems engineering mbse,Broad,system engineering,idimension - account create,1.00
systems engineering mit,Exact,mit system engineering online,SysEng - Add to cart - iDimension,2.93
systems engineering mit,Exact,mit systems engineering open course,SysEng - Add to cart - iDimension,0.50
systems engineering mit,Exact,systems engineering mit,Purchase,1.00
systems engineering mit,Exact,systems engineering mit,SysEng - Add to cart - iDimension,2.00
systems engineering mit,Exact,mit system engineering course,Purchase,1.00
systems engineering mit,Exact,mit system engineering course,SysEng - Add to cart - iDimension,3.38
systems engineering mit,Exact,systems engineering mit,Purchase,1.00
systems engineering mit,Exact,systems engineering mit,SysEng - Add to cart - iDimension,1.00
systems engineering mit,Exact,systems engineering mit,Purchase,2.00
systems engineering mit,Exact,systems engineering mit,SysEng - Add to cart - iDimension,1.00
systems engineering mit,Exact,systems engineering mit,idimension - account create,1.00
systems engineering mit,Exact,system engineering mit,SysEng - Add to cart - iDimension,1.00
systems engineering mit,Exact,systems engineering mit,Purchase,1.00
systems engineering mit,Exact,systems engineering mit,SysEng - Add to cart - iDimension,6.39
systems engineering mit,Exact,systems engineering mit,SysEng - Add to cart - iDimension,2.00
systems engineering mit,Exact,systems engineering mit,Purchase,1.00
systems engineering mit,Exact,systems engineering mit,SysEng - Add to cart - iDimension,3.00
systems engineering mit,Exact,systems engineering mit,idimension - account create,2.33
systems engineering mit,Broad,mit opencourseware,idimension - account create,1.00
systems engineering mit,Exact,mit systems engineering online course,idimension - account create,1.00
systems engineering mit,Broad,cs50 harvard edx,SysEng - Add to cart - iDimension,1.00
systems engineering mit,Broad,cs50 harvard edx,idimension - account create,1.00
systems engineering mit,Broad,no code ai and machine learning mit,idimension - account create,1.00
systems engineering model,Exact,systems engineering models,SysEng - Add to cart - iDimension,1.00
systems engineering model,Exact,systems engineering models,idimension - account create,1.00
systems engineering model,Broad,systems thinking,idimension - account create,0.25
systems engineering model,Broad,system design certification,SysEng - Add to cart - iDimension,1.00
systems engineering model,Broad,system design certification,idimension - account create,1.00
systems engineering models and methods to manage complex systems,Exact,architecture and systems engineering models and methods to manage complex systems,SysEng - Add to cart - iDimension,1.00
systems engineering models and methods to manage complex systems,Exact,architecture and systems engineering models and methods to manage complex systems,idimension - account create,1.00
systems engineering models and methods to manage complex systems,Exact,architecture and systems engineering models and methods to manage complex systems,SysEng - Add to cart - iDimension,1.00
systems engineering online course,Broad,advanced system engineering,Purchase,1.00
systems engineering online course,Broad,advanced system engineering,SysEng - Add to cart - iDimension,1.00
systems engineering online course,Broad,mit xpro,idimension - account create,1.00
systems engineering online course,Broad,architecture and systems engineering models and methods to manage complex systems,SysEng - Add to cart - iDimension,1.00
systems engineering online course,Broad,engineering management,SysEng - Add to cart - iDimension,1.00
systems engineering online course,Broad,engineering management,idimension - account create,0.10
systems engineering online course,Broad,mitx,idimension - account create,1.00
systems engineering online course,Broad,systems engineering course mit,idimension - account create,1.00
systems engineering online course,Broad,architecture and systems engineering mit,SysEng - Add to cart - iDimension,0.33
systems engineering online course,Broad,cs50 harvard,idimension - account create,1.50
systems engineering online course,Broad,industrial training certificate online,idimension - account create,1.00
systems engineering online course,Broad,masters degree in systems engineering,SysEng - Add to cart - iDimension,1.00
systems engineering online course,Broad,mit xpro,Purchase,1.00
systems engineering online course,Broad,mit xpro,SysEng - Add to cart - iDimension,1.00
systems engineering online course,Broad,mit xpro,idimension - account create,2.00
systems engineering online course,Broad,mitx courses,SysEng - Add to cart - iDimension,1.00
systems engineering online course,Broad,ssse,idimension - account create,1.00
systems engineering online course,Broad,cs50,idimension - account create,1.00
systems engineering online course,Broad,edx courses,idimension - account create,1.00
systems engineering online course,Broad,edx online courses,idimension - account create,1.00
systems engineering online course,Broad,www seta training co za,SysEng - Add to cart - iDimension,1.00
systems engineering online course,Broad,www seta training co za,idimension - account create,1.00
systems engineering online course,Exact,cs50,idimension - account create,1.00
systems engineering online course,Exact,google backend course,idimension - account create,1.00
systems engineering online course,Exact,opencourseware mechanical engineering,idimension - account create,1.00
systems engineering online course,Broad,coursera operating systems,SysEng - Add to cart - iDimension,1.00
systems engineering online course,Broad,coursera operating systems,idimension - account create,1.00
systems engineering online course,Exact,system engineer course,SysEng - Add to cart - iDimension,1.00
systems engineering online course,Exact,system engineer course,idimension - account create,1.00
systems engineering online course,Exact,system engineering course,SysEng - Add to cart - iDimension,1.00
systems engineering online course,Exact,system engineering course,idimension - account create,1.00
systems engineering online course,Broad,system engineering course mit,SysEng - Add to cart - iDimension,1.00
systems engineering online course,Broad,system engineering course mit,idimension - account create,1.00
systems engineering online course,Exact,system engineering course,idimension - account create,1.00
systems engineering online course,Broad,architecture and systems engineering models and methods to manage complex systems,idimension - account create,1.00
systems engineering online course,Exact,system engineer courses,idimension - account create,1.00
systems engineering online course,Broad,edx systems engineering,SysEng - Add to cart - iDimension,1.00
systems engineering online course,Broad,edx systems engineering,idimension - account create,1.00
systems engineering online course,Exact,mit online certificate programs,SysEng - Add to cart - iDimension,1.00
systems engineering online course,Exact,mit online certificate programs,idimension - account create,1.00
systems engineering principles and practice,Phrase,systems engineering principles and practice pdf,SysEng - Add to cart - iDimension,0.73
systems engineering principles and practice,Exact,practical guide to sysml,idimension - account create,1.00
systems engineering principles and practice,Broad,engineering for dummies,SysEng - Add to cart - iDimension,1.00
systems engineering principles and practice,Broad,engineering for dummies,idimension - account create,1.00
systems engineering principles and practice,Broad,systems thinking systems practice,idimension - account create,1.00
systems engineering principles and practice,Broad,systems thinking course,idimension - account create,1.00
systems engineering principles and practice,Broad,bytebytego,idimension - account create,0.25
systems engineering training,Broad,learn system verilog,SysEng - Add to cart - iDimension,1.00
systems engineering training,Broad,learn system verilog,idimension - account create,1.00
systems engineering training,Broad,system design,idimension - account create,0.33
systems engineering training,Broad,systems engineering,SysEng - Add to cart - iDimension,1.00
systems engineering training,Broad,systems engineering,idimension - account create,1.00
systems engineering training,Broad,college of technology,idimension - account create,1.00
systems engineering training,Broad,engineering learnerships 2026,idimension - account create,1.00
systems engineering training,Broad,iot course,idimension - account create,1.00
systems engineering training,Broad,prompt engineering course certificate,idimension - account create,1.00
systems engineering training,Broad,solidworks course,SysEng - Add to cart - iDimension,1.00
systems engineering training,Broad,solidworks course,idimension - account create,1.00
systems engineering training,Broad,system engineering,idimension - account create,1.00
systems engineering training online,Broad,free data engineer courses,SysEng - Add to cart - iDimension,1.00
systems engineering training online,Broad,free data engineer courses,idimension - account create,1.00
systems engineering training online,Exact,mitx,idimension - account create,2.00
systems engineering training online,Exact,system engineer course online,Purchase,0.50
systems engineering training online,Exact,system engineer course online,SysEng - Add to cart - iDimension,0.50
systems engineering training online,Exact,system engineer course online,idimension - account create,0.50
systems engineering training online,Broad,fea ansys course,idimension - account create,1.00
systems engineering training online,Broad,sae international courses,idimension - account create,1.00
systems engineering training online,Broad,edx cs50,idimension - account create,1.00
systems modeling,Phrase,introduction to modeling and control of internal combustion engine systems,SysEng - Add to cart - iDimension,2.00
systems modeling,Phrase,mbse,Purchase,0.13
systems modeling,Phrase,mbse,SysEng - Add to cart - iDimension,1.49
xpro architecture of complex systems,Exact,architecture and systems engineering models and methods to manage complex systems,SysEng - Add to cart - iDimension,9.00
xpro architecture of complex systems,Exact,mit architecture of complex systems,SysEng - Add to cart - iDimension,1.00
xpro architecture of complex systems,Exact,mit system architecture,SysEng - Add to cart - iDimension,0.28
