Day,t_Clicks_OptCost,t_Clicks_ActCost,tm1_Clicks_OptCost,Actual_Clicks,Opt_Cost,Act_Cost,Hist_MSE,Hist_R2,Hist_Bias,Day_MSE,Day_R2,Day_Bias,N_Obs,N_Opt,SlurmJobId,SlurmArrayTaskId,x_max,alpha
2025-12-02,175.20318603515625,228.93316650390625,240.22620994893074,292.0,362.6262596940441,350.34000000000003,3.5865089893341064,0.9410291314125061,-0.00040313621573851273,0.2018638253211975,0.9991461634635925,-0.0862741470336914,32,30,8197349,1,60.0,0.0
