Day,t_Clicks_OptCost,t_Clicks_ActCost,tm1_Clicks_OptCost,Actual_Clicks,Opt_Cost,Act_Cost,Hist_MSE,Hist_R2,Hist_Bias,Day_MSE,Day_R2,Day_Bias,N_Obs,N_Opt,SlurmJobId,SlurmArrayTaskId,x_max,alpha
2025-12-07,300.417724609375,225.4416046142578,428.1237815118534,304.0,362.4302411300766,355.98,3.9853832721710205,0.9333468675613403,-0.0006409141786511772,0.23646938800811768,0.9990569949150085,-0.10076341909520767,34,51,8197730,6,60.0,0.0
