Day,t_Clicks_OptCost,t_Clicks_ActCost,tm1_Clicks_OptCost,Actual_Clicks,Opt_Cost,Act_Cost,Hist_MSE,Hist_R2,Hist_Bias,Day_MSE,Day_R2,Day_Bias,N_Obs,N_Opt,SlurmJobId,SlurmArrayTaskId,x_max,alpha
2025-12-31,179.49777221679688,170.35708618164062,338.10366128108853,231.0,399.9648019128267,233.60000000000002,7.34266996383667,0.9470862150192261,-0.0005561904031423931,0.042645979672670364,0.999347448348999,-0.03830429835197253,39,171,8174808,30,10.0,0.025
