Day,t_Clicks_OptCost,t_Clicks_ActCost,tm1_Clicks_OptCost,Actual_Clicks,Opt_Cost,Act_Cost,Hist_MSE,Hist_R2,Hist_Bias,Day_MSE,Day_R2,Day_Bias,N_Obs,N_Opt,SlurmJobId,SlurmArrayTaskId,x_max,alpha
2025-12-02,76.70280456542969,228.93316650390625,242.07326111388855,292.0,399.8246478351931,350.34000000000003,6.330215930938721,0.9529272317886353,-0.001815324129069496,0.2018638253211975,0.9991461634635925,-0.0862741470336914,32,182,8174811,1,10.0,0.025
