Day,t_Clicks_OptCost,t_Clicks_ActCost,tm1_Clicks_OptCost,Actual_Clicks,Opt_Cost,Act_Cost,Hist_MSE,Hist_R2,Hist_Bias,Day_MSE,Day_R2,Day_Bias,N_Obs,N_Opt,SlurmJobId,SlurmArrayTaskId,x_max,alpha
2025-12-22,248.1514434814453,208.2992935180664,357.2534741322943,297.0,399.34276424529673,351.6900000000001,7.200653076171875,0.9475443363189697,4.759062267188091e-05,0.0661185011267662,0.999589204788208,-0.041773029275842616,37,134,8175018,21,10.0,0.025
