Day,t_Clicks_OptCost,t_Clicks_ActCost,tm1_Clicks_OptCost,Actual_Clicks,Opt_Cost,Act_Cost,Hist_MSE,Hist_R2,Hist_Bias,Day_MSE,Day_R2,Day_Bias,N_Obs,N_Opt,SlurmJobId,SlurmArrayTaskId,x_max,alpha
2025-12-20,233.02947998046875,278.47534942626953,381.47144008468376,351.0,399.8883718005379,456.1700000000001,7.229161739349365,0.9471920728683472,-0.00021455859440302114,0.12594060599803925,0.9994577765464783,-0.06303929671263084,39,180,8174987,19,10.0,0.025
