Day,t_Clicks_OptCost,t_Clicks_ActCost,tm1_Clicks_OptCost,Actual_Clicks,Opt_Cost,Act_Cost,Hist_MSE,Hist_R2,Hist_Bias,Day_MSE,Day_R2,Day_Bias,N_Obs,N_Opt,SlurmJobId,SlurmArrayTaskId,x_max,alpha
2025-12-08,289.8830261230469,220.15817260742188,450.15276356399295,310.0,399.85852503365106,355.0,6.541078090667725,0.9517585635185242,-0.0009131485330389638,0.1026790663599968,0.9995021224021912,-0.05397993837084089,35,100,8175676,7,10.0,0.025
