Day,t_Clicks_OptCost,t_Clicks_ActCost,tm1_Clicks_OptCost,Actual_Clicks,Opt_Cost,Act_Cost,Hist_MSE,Hist_R2,Hist_Bias,Day_MSE,Day_R2,Day_Bias,N_Obs,N_Opt,SlurmJobId,SlurmArrayTaskId,x_max,alpha
2025-12-02,216.5797576904297,228.93316650390625,364.8655223354514,292.0,399.99999999999983,350.34000000000003,6.330215930938721,0.9529272317886353,-0.001815324129069496,0.2018638253211975,0.9991461634635925,-0.0862741470336914,32,62,8175555,1,10.0,0.025
