Day,t_Clicks_OptCost,t_Clicks_ActCost,tm1_Clicks_OptCost,Actual_Clicks,Opt_Cost,Act_Cost,Hist_MSE,Hist_R2,Hist_Bias,Day_MSE,Day_R2,Day_Bias,N_Obs,N_Opt,SlurmJobId,SlurmArrayTaskId,x_max,alpha
2025-12-30,298.4054870605469,208.44872283935547,137.61359737321828,276.0,399.40175653251083,295.62999999999994,7.257368564605713,0.9476689696311951,-0.0010293237035794956,0.20519641041755676,0.9988126754760742,-0.08123404885593213,38,91,8175303,29,10.0,0.025
