Day,t_Clicks_OptCost,t_Clicks_ActCost,tm1_Clicks_OptCost,Actual_Clicks,Opt_Cost,Act_Cost,Hist_MSE,Hist_R2,Hist_Bias,Day_MSE,Day_R2,Day_Bias,N_Obs,N_Opt,SlurmJobId,SlurmArrayTaskId,x_max,alpha
2025-12-26,407.2833251953125,236.06975936889648,459.09851441781404,295.0,400.00000000000057,352.57000000000005,7.282319068908691,0.9473178386688232,-0.0010766038124337247,0.34520968794822693,0.9984145164489746,-0.07808306431158996,39,84,8176161,25,10.0,0.025
