Day,t_Clicks_OptCost,t_Clicks_ActCost,tm1_Clicks_OptCost,Actual_Clicks,Opt_Cost,Act_Cost,Hist_MSE,Hist_R2,Hist_Bias,Day_MSE,Day_R2,Day_Bias,N_Obs,N_Opt,SlurmJobId,SlurmArrayTaskId,x_max,alpha
2025-12-17,204.29098510742188,219.86534881591797,528.2082310715297,295.0,399.9915876355214,335.03000000000003,7.307344913482666,0.9465007185935974,-0.0015643053126889839,0.20545659959316254,0.9992456436157227,-0.08894278662545341,35,123,8175833,16,10.0,0.025
