Day,t_Clicks_OptCost,t_Clicks_ActCost,tm1_Clicks_OptCost,Actual_Clicks,Opt_Cost,Act_Cost,Hist_MSE,Hist_R2,Hist_Bias,Day_MSE,Day_R2,Day_Bias,N_Obs,N_Opt,SlurmJobId,SlurmArrayTaskId,x_max,alpha
2025-12-06,230.80764770507812,240.35546875,432.31873860378505,309.0,399.79383381122454,443.0,6.503819942474365,0.951904296875,-0.00134301903484122,0.15404470264911652,0.9990816712379456,-0.048972619904412165,36,118,8175616,5,10.0,0.025
