Day,t_Clicks_OptCost,t_Clicks_ActCost,tm1_Clicks_OptCost,Actual_Clicks,Opt_Cost,Act_Cost,Hist_MSE,Hist_R2,Hist_Bias,Day_MSE,Day_R2,Day_Bias,N_Obs,N_Opt,SlurmJobId,SlurmArrayTaskId,x_max,alpha
2025-12-19,181.6659698486328,145.03557586669922,470.2625705680338,219.0,399.93922514761095,255.50000000000003,6.945839881896973,0.9492732882499695,-0.001064958485061626,0.1562499850988388,0.9987147450447083,-0.07451416590274909,39,89,8174986,18,10.0,0.025
