Day,t_Clicks_OptCost,t_Clicks_ActCost,tm1_Clicks_OptCost,Actual_Clicks,Opt_Cost,Act_Cost,Hist_MSE,Hist_R2,Hist_Bias,Day_MSE,Day_R2,Day_Bias,N_Obs,N_Opt,SlurmJobId,SlurmArrayTaskId,x_max,alpha
2025-12-14,137.28182983398438,286.40231704711914,379.12099352074364,353.0,399.57073501903875,524.29,7.027133464813232,0.9482631683349609,-0.0010285414971193826,0.17779068648815155,0.9992941617965698,-0.07039937759057069,39,50,8174918,13,10.0,0.025
