Day,t_Clicks_OptCost,t_Clicks_ActCost,tm1_Clicks_OptCost,Actual_Clicks,Opt_Cost,Act_Cost,Hist_MSE,Hist_R2,Hist_Bias,Day_MSE,Day_R2,Day_Bias,N_Obs,N_Opt,SlurmJobId,SlurmArrayTaskId,x_max,alpha
2025-12-11,263.1934814453125,158.53372955322266,554.1815353798208,218.0,399.8712732897067,227.73,7.527974605560303,0.9446048140525818,-0.00037384773793292615,0.11442513018846512,0.9987303018569946,-0.0628469399043492,35,93,8175732,10,10.0,0.025
