Day,t_Clicks_OptCost,t_Clicks_ActCost,tm1_Clicks_OptCost,Actual_Clicks,Opt_Cost,Act_Cost,Hist_MSE,Hist_R2,Hist_Bias,Day_MSE,Day_R2,Day_Bias,N_Obs,N_Opt,SlurmJobId,SlurmArrayTaskId,x_max,alpha
2025-12-18,163.0311279296875,204.0795669555664,544.191417235873,266.0,400.0000000000001,320.42999999999995,7.644814968109131,0.9441506266593933,-0.0005866428598754046,0.1714707911014557,0.9988669753074646,-0.06095331101804166,37,72,8175902,17,10.0,0.025
