Day,t_Clicks_OptCost,t_Clicks_ActCost,tm1_Clicks_OptCost,Actual_Clicks,Opt_Cost,Act_Cost,Hist_MSE,Hist_R2,Hist_Bias,Day_MSE,Day_R2,Day_Bias,N_Obs,N_Opt,SlurmJobId,SlurmArrayTaskId,x_max,alpha
2025-12-24,214.54464721679688,222.3334503173828,413.9595479312443,294.0,399.9348533169763,353.90999999999997,7.30021858215332,0.9468899369239807,-0.0009546421415101282,0.6013098359107971,0.9983742237091064,-0.13858969509601593,36,82,8176081,23,10.0,0.025
