Day,t_Clicks_OptCost,t_Clicks_ActCost,tm1_Clicks_OptCost,Actual_Clicks,Opt_Cost,Act_Cost,Hist_MSE,Hist_R2,Hist_Bias,Day_MSE,Day_R2,Day_Bias,N_Obs,N_Opt,SlurmJobId,SlurmArrayTaskId,x_max,alpha
2025-12-01,241.21511840820312,270.7044143676758,467.16880242854654,322.0,399.94437413059694,355.41,6.360960483551025,0.9525688886642456,-0.000985882943199027,0.31627070903778076,0.9989595413208008,-0.10453353389616936,31,92,8175554,0,10.0,0.025
