Day,t_Clicks_OptCost,t_Clicks_ActCost,tm1_Clicks_OptCost,Actual_Clicks,Opt_Cost,Act_Cost,Hist_MSE,Hist_R2,Hist_Bias,Day_MSE,Day_R2,Day_Bias,N_Obs,N_Opt,SlurmJobId,SlurmArrayTaskId,x_max,alpha
2025-12-10,329.59454345703125,209.34768676757812,454.7648864010755,285.0,399.89822924373226,347.52,6.749011993408203,0.9503459930419922,-0.0017691898974291588,0.07023870199918747,0.9993925094604492,-0.04375080058449193,38,54,8175720,9,10.0,0.025
