Day,t_Clicks_OptCost,t_Clicks_ActCost,tm1_Clicks_OptCost,Actual_Clicks,Opt_Cost,Act_Cost,Hist_MSE,Hist_R2,Hist_Bias,Day_MSE,Day_R2,Day_Bias,N_Obs,N_Opt,SlurmJobId,SlurmArrayTaskId,x_max,alpha
2025-12-21,256.99639892578125,224.799072265625,446.57677714117096,270.0,400.0000000000005,340.28000000000003,7.498052597045898,0.9453272819519043,-0.001293437195054131,0.12477037310600281,0.999349057674408,-0.05675015739492468,37,194,8175017,20,10.0,0.025
