Day,t_Clicks_OptCost,t_Clicks_ActCost,tm1_Clicks_OptCost,Actual_Clicks,Opt_Cost,Act_Cost,Hist_MSE,Hist_R2,Hist_Bias,Day_MSE,Day_R2,Day_Bias,N_Obs,N_Opt,SlurmJobId,SlurmArrayTaskId,x_max,alpha
2025-12-09,292.5251770019531,231.01846313476562,422.09101203461614,323.0,399.8725576998429,362.77,7.002870559692383,0.9484207630157471,-0.0010477816026309723,0.06510215997695923,0.9996573328971863,-0.03883494602309333,36,104,8175686,8,10.0,0.025
