Day,t_Clicks_OptCost,t_Clicks_ActCost,tm1_Clicks_OptCost,Actual_Clicks,Opt_Cost,Act_Cost,Hist_MSE,Hist_R2,Hist_Bias,Day_MSE,Day_R2,Day_Bias,N_Obs,N_Opt,SlurmJobId,SlurmArrayTaskId,x_max,alpha
2025-12-08,171.72064208984375,220.15817260742188,357.00404270742115,310.0,399.8439008711798,355.0,6.541078090667725,0.9517585635185242,-0.0009131485330389638,0.1026790663599968,0.9995021224021912,-0.05397993837084089,35,182,8174867,7,10.0,0.025
