Day,t_Clicks_OptCost,t_Clicks_ActCost,tm1_Clicks_OptCost,Actual_Clicks,Opt_Cost,Act_Cost,Hist_MSE,Hist_R2,Hist_Bias,Day_MSE,Day_R2,Day_Bias,N_Obs,N_Opt,SlurmJobId,SlurmArrayTaskId,x_max,alpha
2025-12-27,137.70675659179688,194.5679168701172,534.3905762567694,283.0,399.9156746018382,332.59000000000003,7.443812847137451,0.9462229609489441,-0.0006378446428167487,0.08835232257843018,0.99942547082901,-0.04333738791636932,39,78,8176162,26,10.0,0.025
