Day,t_Clicks_OptCost,t_Clicks_ActCost,tm1_Clicks_OptCost,Actual_Clicks,Opt_Cost,Act_Cost,Hist_MSE,Hist_R2,Hist_Bias,Day_MSE,Day_R2,Day_Bias,N_Obs,N_Opt,SlurmJobId,SlurmArrayTaskId,x_max,alpha
2025-12-25,280.82354736328125,199.1697540283203,236.81425323371525,281.0,399.28856516979556,351.03999999999996,7.128915786743164,0.948319137096405,-0.0008737731455815657,0.45405012369155884,0.998343825340271,-0.12361699508296119,36,147,8175063,24,5.0,0.05
