Day,t_Clicks_OptCost,t_Clicks_ActCost,tm1_Clicks_OptCost,Actual_Clicks,Opt_Cost,Act_Cost,Hist_MSE,Hist_R2,Hist_Bias,Day_MSE,Day_R2,Day_Bias,N_Obs,N_Opt,SlurmJobId,SlurmArrayTaskId,x_max,alpha
2025-12-26,547.152587890625,236.06975936889648,385.50984374002576,295.0,399.98009692294613,352.57000000000005,6.264106273651123,0.9528052806854248,-0.0009474330133110686,0.34520968794822693,0.9984145164489746,-0.07808306431158996,39,129,8173524,25,5.0,0.05
