Day,t_Clicks_OptCost,t_Clicks_ActCost,tm1_Clicks_OptCost,Actual_Clicks,Opt_Cost,Act_Cost,Hist_MSE,Hist_R2,Hist_Bias,Day_MSE,Day_R2,Day_Bias,N_Obs,N_Opt,SlurmJobId,SlurmArrayTaskId,x_max,alpha
2025-12-16,428.67510986328125,249.00111389160156,299.56879547375377,310.0,397.7545649848435,367.58000000000004,6.703832149505615,0.9525997042655945,-0.001066444026289788,0.3240439295768738,0.9988030195236206,-0.08300259866212543,38,182,8173407,15,5.0,0.05
