Day,t_Clicks_OptCost,t_Clicks_ActCost,tm1_Clicks_OptCost,Actual_Clicks,Opt_Cost,Act_Cost,Hist_MSE,Hist_R2,Hist_Bias,Day_MSE,Day_R2,Day_Bias,N_Obs,N_Opt,SlurmJobId,SlurmArrayTaskId,x_max,alpha
2025-12-19,128.57577514648438,145.03557586669922,387.37596635725936,219.0,391.39676571948087,255.50000000000003,6.945839881896973,0.9492732882499695,-0.001064958485061626,0.1562499850988388,0.9987147450447083,-0.07451416590274909,39,215,8174986,18,5.0,0.05
