Day,t_Clicks_OptCost,t_Clicks_ActCost,tm1_Clicks_OptCost,Actual_Clicks,Opt_Cost,Act_Cost,Hist_MSE,Hist_R2,Hist_Bias,Day_MSE,Day_R2,Day_Bias,N_Obs,N_Opt,SlurmJobId,SlurmArrayTaskId,x_max,alpha
2025-12-23,157.34027099609375,209.86165618896484,361.5132466231916,275.0,399.9976158792175,323.91,7.321905136108398,0.9521441459655762,-0.000896450346028351,0.0889599621295929,0.9995110034942627,-0.04846648617488582,41,171,8173474,22,5.0,0.05
