Day,t_Clicks_OptCost,t_Clicks_ActCost,tm1_Clicks_OptCost,Actual_Clicks,Opt_Cost,Act_Cost,Hist_MSE,Hist_R2,Hist_Bias,Day_MSE,Day_R2,Day_Bias,N_Obs,N_Opt,SlurmJobId,SlurmArrayTaskId,x_max,alpha
2025-12-04,52.41693878173828,194.2918243408203,362.8679020404111,308.0,399.91402229715743,370.06000000000006,6.728792667388916,0.9556798934936523,-0.0018225873395020954,0.0740588903427124,0.9996959567070007,-0.05093374422618321,35,169,8173233,3,5.0,0.05
