Day,t_Clicks_OptCost,t_Clicks_ActCost,tm1_Clicks_OptCost,Actual_Clicks,Opt_Cost,Act_Cost,Hist_MSE,Hist_R2,Hist_Bias,Day_MSE,Day_R2,Day_Bias,N_Obs,N_Opt,SlurmJobId,SlurmArrayTaskId,x_max,alpha
2025-12-03,48.7288932800293,217.0236473083496,239.16833726785288,276.0,400.0000000000014,359.4600000000001,6.367787837982178,0.9527281522750854,-0.0013865161173710827,0.20764067769050598,0.9990504384040833,-0.07701633373896281,36,338,8174833,2,5.0,0.05
