Day,t_Clicks_OptCost,t_Clicks_ActCost,tm1_Clicks_OptCost,Actual_Clicks,Opt_Cost,Act_Cost,Hist_MSE,Hist_R2,Hist_Bias,Day_MSE,Day_R2,Day_Bias,N_Obs,N_Opt,SlurmJobId,SlurmArrayTaskId,x_max,alpha
2025-12-28,135.8270263671875,230.87679290771484,332.0679291705803,309.0,387.7109635784931,338.32,7.3190436363220215,0.947142481803894,-0.000809960432424606,0.08515597879886627,0.9995026588439941,-0.03908027159540277,38,263,8175082,27,5.0,0.05
