Day,t_Clicks_OptCost,t_Clicks_ActCost,tm1_Clicks_OptCost,Actual_Clicks,Opt_Cost,Act_Cost,Hist_MSE,Hist_R2,Hist_Bias,Day_MSE,Day_R2,Day_Bias,N_Obs,N_Opt,SlurmJobId,SlurmArrayTaskId,x_max,alpha
2025-12-13,115.62992858886719,235.0763702392578,336.04220427606225,325.0,399.82492016686695,450.57,6.924758434295654,0.9489476084709167,-0.0018933083602284888,0.23128117620944977,0.9988805055618286,-0.06823620024849386,34,221,8174917,12,5.0,0.05
