Day,t_Clicks_OptCost,t_Clicks_ActCost,tm1_Clicks_OptCost,Actual_Clicks,Opt_Cost,Act_Cost,Hist_MSE,Hist_R2,Hist_Bias,Day_MSE,Day_R2,Day_Bias,N_Obs,N_Opt,SlurmJobId,SlurmArrayTaskId,x_max,alpha
2025-12-06,178.9716033935547,240.35543823242188,284.6551069572018,309.0,362.15115666772425,443.0,4.318485260009766,0.9314088821411133,-0.0010736864916598727,0.15404470264911652,0.9990816712379456,-0.048972619904412165,36,33,8197681,5,30.0,0.25
