Day,t_Clicks_OptCost,t_Clicks_ActCost,tm1_Clicks_OptCost,Actual_Clicks,Opt_Cost,Act_Cost,Hist_MSE,Hist_R2,Hist_Bias,Day_MSE,Day_R2,Day_Bias,N_Obs,N_Opt,SlurmJobId,SlurmArrayTaskId,x_max,alpha
2025-12-30,247.24041748046875,208.44872283935547,374.639362183668,276.0,399.6642393753388,295.62999999999994,6.258725643157959,0.951689600944519,-0.0016016044244508403,0.20519641041755676,0.9988126754760742,-0.08123404885593213,38,93,8156786,29,25.0,0.15
