Day,t_Clicks_OptCost,t_Clicks_ActCost,tm1_Clicks_OptCost,Actual_Clicks,Opt_Cost,Act_Cost,Hist_MSE,Hist_R2,Hist_Bias,Day_MSE,Day_R2,Day_Bias,N_Obs,N_Opt,SlurmJobId,SlurmArrayTaskId,x_max,alpha
2025-12-12,411.5201416015625,185.86260223388672,554.5887319245778,242.0,399.9387849580525,240.51999999999995,5.909041404724121,0.9562386274337769,-0.001412372685333562,0.07285498827695847,0.9986968636512756,-0.043915170889634356,39,80,8156464,11,25.0,0.15
