Day,t_Clicks_OptCost,t_Clicks_ActCost,tm1_Clicks_OptCost,Actual_Clicks,Opt_Cost,Act_Cost,Hist_MSE,Hist_R2,Hist_Bias,Day_MSE,Day_R2,Day_Bias,N_Obs,N_Opt,SlurmJobId,SlurmArrayTaskId,x_max,alpha
2025-12-01,313.1729736328125,270.7044143676758,484.3739744129135,322.0,399.9999999999999,355.41,6.512145519256592,0.9528873562812805,-0.0009631179987983928,0.31627070903778076,0.9989595413208008,-0.10453353389616936,31,76,8156314,0,25.0,0.15
