Day,t_Clicks_OptCost,t_Clicks_ActCost,tm1_Clicks_OptCost,Actual_Clicks,Opt_Cost,Act_Cost,Hist_MSE,Hist_R2,Hist_Bias,Day_MSE,Day_R2,Day_Bias,N_Obs,N_Opt,SlurmJobId,SlurmArrayTaskId,x_max,alpha
2025-12-01,319.5751037597656,270.7044372558594,303.18830816457205,322.0,362.07227532172834,355.41,4.051510334014893,0.9295918941497803,-0.0006067543217258743,0.31627070903778076,0.9989595413208008,-0.10453353389616936,31,22,8197348,0,60.0,0.25
