Keyword,Origin
1 year masters degree programs,existing
1 year phd programs online,existing
1999 microsoft certified system engineer courses,new
5 day gen ai intensive course with google kaggle,existing searches
a mechanical engineer,existing searches
abb online courses,existing searches
accelerated phd programs,existing
access to engineering course,existing
accredited certificate programs,existing
accredited online graduate programs,existing
accredited online phd programs,existing
accredited school,existing searches
aconex course online,existing searches
acoustics engineering courses,existing searches
adas system engineer,existing searches
adfa systems engineering short course,new
advanced engineering mathematics course,existing searches
advanced fluid mechanics,existing searches
advanced industrial automation course,existing searches
advanced system engineering,existing searches
advantages of mbse,existing searches
aerodynamic courses,existing searches
aerodynamics course,existing searches
aeronautical colleges,existing
aeronautical degree,existing
aeronautical engineer,existing searches
aeronautical engineering,existing searches
aeronautical engineering apprenticeships,existing searches
aeronautical engineering course,existing
aeronautical engineering courses,existing
aeronautical engineering courses online,existing searches
aeronautical engineering degree,existing
aeronautical engineering degree online,existing
aeronautical engineering degree uk,existing
aeronautical engineering in bangalore,existing searches
aeronautical engineering msc,existing
aeronautical engineering online,existing searches
aeronautical engineering online courses,existing
aeronautical engineering online degree,existing
aeronautical maintenance engineering,existing searches
aeronautical science colleges,existing
aeronautical universities,existing
aeronautics,existing searches
aerospace aeronautical,existing
aerospace and engineering,existing
aerospace basics,existing searches
aerospace certificate programs,existing
aerospace certification courses,existing searches
aerospace certification courses online,existing searches
aerospace certifications,existing searches
aerospace colleges,existing
aerospace companies,existing
aerospace companies near me,existing
aerospace corporation,existing searches
aerospace course,existing searches
aerospace courses,existing
aerospace degree,existing
aerospace degree online,existing
aerospace degree programs,existing
aerospace electronic engineering,existing
aerospace engineer,existing
aerospace engineer training,existing searches
aerospace engineering,existing searches
aerospace engineering 4 year plan,existing searches
aerospace engineering australia,existing
aerospace engineering bootcamp,existing searches
aerospace engineering certificate,existing searches
aerospace engineering certificate online,existing
aerospace engineering certifications,existing searches
aerospace engineering companies,existing
aerospace engineering course,existing
aerospace engineering courses,existing searches
aerospace engineering courses online,existing
aerospace engineering crash course,existing searches
aerospace engineering degree online,existing
aerospace engineering edx,existing searches
aerospace engineering for high school students,existing searches
aerospace engineering free course,existing searches
aerospace engineering master,existing searches
aerospace engineering masters programs online,existing
aerospace engineering online,existing searches
aerospace engineering online class,existing searches
aerospace engineering online courses,existing
aerospace engineering online programs,existing searches
aerospace engineering online schools,existing
aerospace engineering program,existing
aerospace engineering programs,existing searches
aerospace engineering programs near me,existing searches
aerospace engineering schools online,existing
aerospace engineering short courses,existing searches
aerospace engineering universities,existing
aerospace fasteners,existing searches
aerospace industry,existing
aerospace masters programs,existing
aerospace nptel,existing searches
aerospace online certifications,existing searches
aerospace online courses,existing searches
aerospace online degree,existing searches
aerospace programs,existing
aerospace programs for high school students,existing searches
aerospace propulsion,existing
aerospace schools,existing
aerospace systems engineering,existing searches
aerospace systems engineering course,existing
aerospace systems engineering courses,existing searches
aerospace technology,existing
aerospace universities,existing
aerotech engineering,existing searches
agile mbse,existing searches
agile mit,existing searches
agile model based systems engineering,existing searches
agile model based systems engineering cookbook,existing searches
agile systems engineering,existing searches
ai and systems engineering,existing searches
ai certificate course,existing searches
ai courses for mechanical engineers,existing searches
ai engineer certification free,existing searches
ai systems engineering course,new
ai systems engineering courses,new
aircraft and aerospace engineering,existing
aircraft engineering,existing
aircraft engineering courses,existing searches
aircraft engineering internship,existing searches
aircraft engineering school,existing searches
aircraft maintenance college,existing searches
aircraft maintenance engineering electrical system course,new
aircraft maintenance engineering electrical system course in india,new
aircraft maintenance online courses,existing searches
aircraft mechanic course,existing searches
aircraft systems engineering course,new
airline certificate courses online,existing searches
airplane engineering courses,existing searches
airworthiness engineering,existing searches
algorithms courses online,existing searches
alison courses,existing searches
all engineering courses,existing
all university courses,existing
alx courses,existing searches
amity mooc,existing searches
an engineer,existing
an introduction to holistic enterprise architecture,existing searches
ansi eia 632 processes for engineering a system,existing searches
ansys course,existing searches
ansys fea course,existing searches
ansys online course with certificate,existing searches
application architecture,existing
application for engineering college 2026,existing searches
application to mit,existing searches
applied systems engineering utc course,new
apply mit,existing searches
arcadia method,existing searches
architect online course,existing searches
architectural drafting degree online,existing searches
architectural drawings course,existing searches
architectural engineering certificate online,existing searches
architectural engineering degree online,existing searches
architectural engineering schools online,existing searches
architecture and principles of systems engineering,existing searches
architecture and system engineering,existing searches
architecture and system engineering mit,existing searches
architecture and systems engineering,existing
architecture and systems engineering mit,existing
architecture and systems engineering mit xpro program,existing searches
architecture ba,existing
architecture certificate,existing searches
architecture course free online,existing searches
architecture courses,existing searches
architecture courses online,existing searches
architecture degree,existing
architecture degree online,existing
architecture degree online free,existing searches
architecture framework,existing
architecture ma,existing
architecture of complex systems,existing
architecture of complex systems mit,existing searches
architecture online courses,existing searches
architecture online courses free,existing searches
architecture programs,existing searches
architecture systems engineering,existing searches
architecture udem,existing searches
arizona state university polytechnic human systems engineering phd course list,new
artificial intelligence course online,existing
artificial intelligence mit ocw,existing searches
artificial intelligence with python mit,existing searches
artiflex artisan engineering training program,existing searches
asep incose,existing
ashworth university,existing searches
asq certified quality engineer,existing searches
associate degree aerospace engineering,existing searches
associate systems engineering professional,existing searches
associate systems engineering professional asep,existing searches
associate systems engineering professional certification course,new
associate systems engineering professional certification courses in california,new
associates degree cad drafting,existing searches
associates in civil engineering,existing searches
asu masters systems engineering courses,new
asu online undergraduate certificates,existing searches
asu polytechic human systems engineering course catalog,new
asu polytechic human systems engineering course list,new
asu polytechic human systems engineering phd program course list,new
asu polytechnic human system engineering course description,new
asu polytechnic human systems engineering phd course list,new
asu systems engineering courses,new
auburn universitys control systems engineering pe exam review course notes,new
australia online courses,existing searches
autocad course,existing searches
autocad courses,existing searches
autocad free course with certificate online,existing searches
autocad tutorial course,existing searches
autodesk certified,existing searches
automata theory online course,existing searches
automation and control engineering,existing searches
automation and control engineering degree,existing searches
automation certification courses online,existing searches
automation courses,existing searches
automation courses online free,existing searches
automation degree online,existing searches
automation engineer certification,existing searches
automation engineer training,existing searches
automation engineering classes,existing searches
automation engineering degree online,existing searches
automation training online,existing searches
automobile engineering certificate,existing searches
automobile engineering course online,existing searches
automotive embedded systems,existing searches
automotive engineering courses online,existing searches
automotive engineering courses online free,existing searches
automotive mbse,existing searches
automotive systems engineering course,new
autosar architecture course,existing searches
autotronics engineering,existing searches
aviation certificate courses 3 months fees,existing searches
aviation degree,existing
aviation engineer,existing
aviation engineering,existing searches
aviation masters degree,existing
avionics course,existing searches
avionics engineer,existing searches
aws well architected framework,existing searches
b tech online course free with certificate,existing searches
bachelor of information technology,existing
basic aviation training certificate,existing searches
basic electrical training,existing
basic engineer equipment electrical systems technician course,new
basic engineering,existing searches
battery technology courses online,existing searches
become an engineer,existing
become an engineer online,existing searches
becoming an engineer,existing
benefit programs online,existing searches
benefits of system engineering,existing searches
beng engineering,existing
berea technical college online application,existing searches
berkeley course transportation systems engineering,new
best aerospace engineering programs,existing searches
best aerospace engineering schools,existing searches
best ansys course online,existing searches
best certificate programs,existing
best certification platforms,existing searches
best certifications for systems engineers,existing searches
best colleges for engineering,existing
best course on distributed systems,existing searches
best courses for mechatronics engineer,existing searches
best courses for robotics,existing searches
best courses for systems engineering,new
best cv for mechanical engineer,existing searches
best design courses for mechanical engineers,existing searches
best electrical engineering courses online,existing searches
best embedded system course,existing searches
best embedded systems course,existing searches
best engineering field for the future,existing
best engineering schools,existing searches
best free online embedded systems course with certificate,existing searches
best mbse certification,existing searches
best online cad certification programs,existing searches
best online certificate programs,existing
best online certification,existing searches
best online classes,existing searches
best online classes for engineering,existing searches
best online computer science degree reddit,existing searches
best online course for embedded systems,existing searches
best online courses,existing
best online courses for aerospace engineering,existing
best online courses for embedded systems,existing searches
best online courses for engineering students,existing searches
best online cybersecurity courses,existing searches
best online degree programs,existing
best online engineering courses,existing
best online engineering degrees,existing
best online engineering masters,existing
best online engineering programs,existing
best online history degree,existing searches
best online history degrees,existing searches
best online masters in aerospace engineering,existing searches
best online masters in artificial intelligence,existing
best online masters in engineering,existing searches
best online phd programs,existing
best online schools for engineering,existing
best online systems engineering masters,existing
best online university courses,existing searches
best robotics courses in the world,existing searches
best school for engineering,existing searches
best schools system engineering,existing
best software architecture certification,existing searches
best system design course,existing searches
best system design courses,existing searches
best systems engineering courses,new
best systems engineering courses online,new
best systems engineering graduate programs,existing
best systems engineering phd programs,existing
best systems engineering programs,existing
best systems engineering schools,existing
best universities for ms in control systems,existing searches
best universities in australia for computer engineering,existing searches
best university system engineering,existing
bi system architecture,existing searches
bim training courses,existing searches
bioengineering,existing searches
biological systems engineering courses,new
biological systems engineering uc davis courses,new
biomedical center,existing searches
biomedical engineering,existing
biomedical engineering work,existing searches
black box systems model,existing searches
blockchain course,existing searches
blockchain technology courses,existing searches
bms engineer course,existing searches
boilermaker learnership,existing searches
boot camp mit,existing searches
bootcamp software engineer,existing searches
boston university engineering courses,existing searches
brainfiller power systems engineering course,new
broadcast engineering courses,existing searches
bruce cameron mit,existing searches
bss architecture in telecom,existing searches
bu systems engineering courses,new
building automation system engineering course,new
building courses online,existing searches
building management system bms for elec mech engineers course,new
building science degree programs,existing searches
building systems engineering course,new
buildng automation system engineering course,new
business analytics certificate mit,existing searches
business architecture,existing searches
business architecture courses,existing searches
business architecture framework,existing searches
business degree online,existing searches
business engineering course,existing searches
bwsi mit,existing searches
bytebytego,existing searches
c course mit,existing searches
cad course,existing searches
cad mit,existing searches
cadence system verilog course,existing searches
california board for professional engineers,existing searches
caltech devops program,existing searches
caltech systems engineering,existing searches
caltech systems engineering certificate,existing searches
caltech systems engineering certificate program,existing searches
cameo mbse,existing searches
cameo sysml training,existing searches
cameo training,existing searches
campus ctu online,existing searches
campus engineering aspx,existing searches
can you get a mechanical engineering degree online,existing searches
capcprc,existing searches
capella mbse,existing searches
capella mbse tutorial,existing searches
careerup360,existing searches
carleton computer systems engineering courses,new
carleton university computer systems engineering courses,new
catia course,existing searches
cce course engineering,existing searches
center for systems science and engineering,existing searches
certificate,existing searches
certificate classes,existing
certificate classes online,existing
certificate course in aircraft maintenance engineering electrical system,new
certificate course in information technology,existing
certificate courses at makerere university courses,existing searches
certificate courses for engineering students,existing searches
certificate degree,existing
certificate degree programs,existing
certificate in embedded systems,existing searches
certificate in engineering,existing
certificate in it,existing
certificate in mechatronics,existing searches
certificate in systems engineering,existing searches
certificate mit,existing searches
certificate of completion computer course,existing searches
certificate online,existing searches
certificate program,existing
certificate programs online,existing
certificate systems engineering,existing searches
certificate training programs,existing
certificates programs,existing
certification classes,existing
certification courses,existing
certification courses for aerospace engineers,existing searches
certification courses for chemical engineers,existing searches
certification courses for electrical engineers,existing searches
certification online,existing
certification program,existing
certification programs for industrial engineers,existing searches
certification programs near me,existing
certification schools,existing
certifications for electrical engineers,existing searches
certifications for mechanical engineers,existing searches
certifications online,existing
certified engineering technologist,existing searches
certified manufacturing engineer,existing searches
certified professional for requirements engineering,existing searches
certified professional for software architecture,existing searches
certified professional in engineering management cpem,existing searches
certified software quality engineer csqe,existing searches
certified system engineering professional,existing searches
certified systems engineering professional,existing searches
certified systems engineering professional csep,existing
certified systems engineering professional csep course,new
ceu mit,existing searches
chemical engineering online courses free,existing searches
circuits devices and systems a first course in electrical engineering,new
cis degree,existing
cisco certification,existing searches
cisco cyber security course,existing searches
cisco networking academy,existing searches
civil engineering certificate,existing searches
civil engineering certificate courses,existing searches
civil engineering certification courses,existing searches
civil engineering certification courses online free,existing searches
civil engineering course,existing searches
civil engineering courses,existing
civil engineering free certificate courses,existing searches
civil engineering internship certificate,existing searches
civil engineering online,existing searches
civil engineering study,existing searches
civil engineering systems course,new
civil engineering systems course ppt,new
civil software courses online,existing searches
clarkson systems of engineering course,new
clases de computacion online,existing searches
class central,existing searches
class central courses,existing searches
classes for engineering,existing
cloud application architecture,existing
cloud architect,existing
cloud architecture,existing searches
cloud computing architecture,existing
cloud computing basics,existing searches
cloud engineering,existing searches
cloud network architecture,existing searches
cloud systems engineer courses,new
coding school online,existing searches
cognitive system engineering,existing searches
cognitive systems engineering,existing searches
cognitive systems engineering course,new
college courses online,existing searches
college engineering courses,existing
college of engineering,existing
college of technology,existing searches
colleges in alberta,existing searches
columbia engineering online degrees,existing searches
columbia university online courses,existing searches
combat systems engineering course,new
communication systems engineering,existing
communication systems engineering course,new
communication systems engineering online course,new
complex models,existing
complex system engineering and management,existing searches
complex systems analysis,existing
complex systems engineering,existing
complex systems mit,existing searches
complex systems modeling,existing
complex systems modelling,existing searches
composite engineering courses,existing searches
composite materials training courses,existing searches
comprehensive dictionary of electrical engineering,existing searches
computer aided engineering course,existing searches
computer aided engineering training,existing searches
computer architecture course,existing searches
computer engineer certification,existing searches
computer engineering,existing searches
computer engineering colleges,existing searches
computer engineering computer systems m courses,new
computer engineering computer systems m courses asu,new
computer engineering free courses,existing searches
computer enginneering,existing searches
computer methods in power systems analysis,existing searches
computer network and systems engineer course,new
computer network and systems engineer course in australia,new
computer science,existing searches
computer science course online,existing
computer science engineering free course,existing searches
computer science masters,existing searches
computer science mit,existing searches
computer science msc,existing
computer science msc online,existing searches
computer sciences degree,existing searches
computer system engineering course,existing
computer system engineering course description,new
computer system engineering course outline,new
computer system engineering rpi course,new
computer systems and engineering courses asu quora,new
computer systems engineer,existing
computer systems engineer architect high school courses,new
computer systems engineer needed courses for bachlor,new
computer systems engineering,existing
computer systems engineering asu internship course,new
computer systems engineering carleton courses,new
computer systems engineering course,existing
computer systems engineering course content,new
computer systems engineering course map,new
computer systems engineering course outline,new
computer systems engineering course tree,new
computer systems engineering courses,existing
computer systems engineering courses uk,new
computer systems engineering courses uoa,new
computer systems engineering online course,new
computer systems engineering program,existing
computer vision course,existing searches
configuration architecture,existing searches
conops systems engineering,existing searches
construction engineering online courses,existing searches
context engineering certification,existing searches
continuing education engineering courses,existing searches
continuing education for engineers,existing
control course,existing searches
control engineer,existing
control engineering,existing
control engineering courses,existing searches
control engineering degree,existing searches
control engineering roadmap,existing searches
control panel design course,existing searches
control system engineer course,new
control system engineering,existing
control system engineering course,existing searches
control system engineering course online,new
control system engineering course outline,new
control system engineering courses,new
control system engineering training course,new
control system engineering training course in gainesville florida,new
control system lectures mit,existing searches
control system mit,existing searches
control system online course,existing searches
control systems course,existing
control systems course online,existing searches
control systems engineer course,new
control systems engineer edx course,new
control systems engineering,existing
control systems engineering course,existing searches
control systems engineering course objectives,new
control systems engineering course online,new
control systems engineering courses,existing
control systems engineering degree,existing
control systems engineering masters degree,existing
control systems engineering online course,new
control systems engineering pe exam review course,new
control systems engineering study guide,existing searches
control systems engineering wiley,existing searches
control theory courses,existing searches
controls and instrumentation courses,existing
controls courses,existing searches
controls engineer courses,existing searches
controls engineer degree,existing
controls engineering,existing
cornell masters system engineering distance course catalog,new
cornell masters systems engineering distance course catalog,new
cornell systems engineering courses,new
cornell systems engineering masters course,new
course cs50,existing searches
course engineering,existing
course engineering fuel systems,new
course for aeronautical engineering,existing searches
course for system engineer,new
course management system in software engineering,new
course management system project in software engineering,new
course management system software engineering,new
course objective of control system engineering,new
course on system engineering,new
course outcome of control system engineering,new
course outcome operating system,existing searches
course outcomes of operating system,existing searches
course outcomes operating system aktu,existing searches
course registration system in software engineering,new
course registration system project in software engineering,new
course software engineering,existing searches
course syllabus civil engineering systems and management,new
course syllabus civil engineering systems pdf,new
course syllabus systems approach to civil engineering management,new
course system engineering,new
courseneed com,existing searches
coursera,existing searches
coursera edx,existing searches
coursera industrial engineering,existing searches
coursera mbse,existing searches
coursera mechanical engineering courses,existing searches
coursera online systems engineering course,new
coursera operating systems,existing searches
coursera software design and architecture,existing searches
coursera structural engineering,existing searches
coursera systems engineering course,new
courses after electrical engineering degree,existing searches
courses at university,existing
courses for civil engineering students,existing searches
courses for electrical engineering,existing searches
courses for electronics and telecommunication engineers,existing searches
courses for engineering,existing
courses for engineering students,existing
courses for network engineer,existing searches
courses for system engineer,new
courses in engineering,existing
courses of engineering,existing
courses offered by mit usa,existing searches
courses on architecture,existing searches
courses on embedded systems,existing searches
courses online,existing searches
courses online mit,existing searches
courses online university,existing searches
courses online with certification,existing
courses to take for space system engineer,new
courses to take for space system engineer reddit,new
cranfield systems engineering short course,new
create your own online course,existing searches
criminal law degree online,existing searches
cross impact analysis in systems engineering,existing searches
cs in engineering,existing searches
cs50,existing searches
cs50 course,existing searches
cs50 course harvard,existing searches
cs50 edx,existing searches
cs50 edx harvard,existing searches
cs50 harvard,existing searches
cs50 harvard edu x 2025,existing searches
cs50 harvard edx,existing searches
cs50x harvard,existing searches
csep incose,existing
csu systems engineering courses,new
cursa courses,existing searches
curso gratuito mit,existing searches
curso mit,existing searches
curso mit gratuito,existing searches
curso mit online,existing searches
cursos de arquitectura gratis,existing searches
cursos gratis del mit,existing searches
cursos gratis mit,existing searches
cursos gratuitos mit,existing searches
cursos massachusetts institute of technology,existing searches
cursos mit,existing searches
cursos mit gratis 2021,existing searches
cursos mit gratuitos,existing searches
cursos mit online,existing searches
cursos online mit,existing searches
cursos online mit certificado,existing searches
cursos online mit gratis,existing searches
cwi software development,existing searches
data engineer system design course,new
data engineering courses,existing searches
data engineering system design course,new
data engineering zoomcamp,existing searches
database architecture course,existing searches
ddc controls training,existing searches
dde 4000 course,existing searches
decentralized systems engineering epfl course,new
deep learning certificate course,existing searches
degree in human resources online,existing searches
degree in systems engineering,existing
degree of it,existing searches
degree online,existing searches
degree programs,existing searches
delta v courses,existing searches
design engineer course,existing searches
design engineering certificate,existing searches
design for manufacturing course,existing searches
designing and building ai products and services by mit xpro,existing searches
devops engineer course,existing
devops engineer course online,existing searches
diesel engine systems course,new
digital engineering certification,existing searches
digital engineering courses,existing searches
digital engineering training,existing searches
digital signal processing online course,existing searches
digital supply chain course,existing searches
digital systems engineering course,new
digital transformation course mit,existing searches
digital transformation online course mit,existing searches
digital twin course online,existing searches
digitaldefynd,existing searches
digsilent course,existing searches
diploma engineering certificate pdf,existing searches
diploma in electrical engineering study material,existing searches
diploma in semiconductor technology,existing searches
diploma of electrical engineering,existing
diplomado desarrollo de software,existing searches
disc udemy,existing searches
discudemy,existing searches
distance learning courses,existing searches
distance learning education,existing searches
distance learning system,existing searches
distance learning system engineering,existing
distance learning university,existing searches
distance phd programs,existing
distance study,existing searches
distance training courses,existing searches
distributed computer systems engineering,existing searches
distributed system courses,existing searches
dj sanghvi application form 2025,existing searches
doctor of engineering,existing
doctoral degrees,existing
doctoral degrees online,existing
doctoral programs,existing
doctoral programs online,existing
doctorate degree education,existing
doctorate in information technology,existing
doctorate in technology,existing
doctorate online,existing
doctorate phd,existing
dod digital engineering strategy,existing searches
does mit have online courses,existing searches
does mit offer online courses,existing searches
drone designing course,existing searches
drone engineering degree,existing searches
durban university of technology dut,existing searches
e tech knowledge,existing searches
early childhood education online degree programs,existing searches
easiest engineering degree,existing searches
ecsa certification,existing searches
education certificate,existing
education certificate programs,existing
education degree programs,existing
education online degrees,existing
educational doctorate programs,existing
edx,existing searches
edx architecture courses,existing searches
edx courses,existing searches
edx cs50,existing searches
edx electrical engineering,existing searches
edx harvard courses,existing searches
edx mit,existing searches
edx mit courses,existing searches
edx mit data science,existing searches
edx mitx,existing searches
edx online courses,existing searches
edx org school mitx,existing searches
edx robotics,existing searches
edx systems engineering,existing searches
edx systems engineering course,existing
edxmit,existing searches
ee architecture,existing searches
eee engineering,existing
eict iit roorkee,existing searches
elecrical engineering,existing searches
electric motor engineering course,existing searches
electric power systems engineering,existing searches
electrical and computer systems engineering course,new
electrical and computer systems engineering course map,new
electrical and electronic engineering,existing
electrical certification courses,existing searches
electrical colleges,existing
electrical courses,existing
electrical design classes,existing searches
electrical design courses,existing searches
electrical diploma,existing
electrical engineer,existing searches
electrical engineer certificate,existing searches
electrical engineer certification,existing searches
electrical engineer classes online,existing searches
electrical engineer course,existing searches
electrical engineer mit,existing searches
electrical engineer system courses,new
electrical engineering,existing searches
electrical engineering certificate,existing
electrical engineering certificate online,existing
electrical engineering certifications,existing searches
electrical engineering control systems courses,new
electrical engineering course online,existing searches
electrical engineering courses,existing
electrical engineering degree,existing
electrical engineering degree online,existing searches
electrical engineering distance learning,existing searches
electrical engineering energy systems course,new
electrical engineering experience certificate,existing searches
electrical engineering fundamentals,existing searches
electrical engineering online,existing
electrical engineering online courses fall 2019 stony brook control systems,new
electrical engineering phd,existing
electrical engineering power systems,existing
electrical engineering program,existing
electrical engineering programs,existing
electrical engineering short courses online,existing searches
electrical engineering systems course,new
electrical engineering tips and tricks,existing searches
electrical engineering top schools,existing searches
electrical engineering undergraduate,existing
electrical engineers,existing
electrical phd topics,existing searches
electrical power systems engineering,existing searches
electrical power systems engineering course,new
electrical training course,existing
electrical university,existing
electrician courses,existing
electrician school,existing searches
electromagnetic propulsion,existing
electromechanical engineering courses,existing searches
electronic engineering courses,existing
electronic engineering degree,existing
electronic engineering mit,existing searches
electronic engineering msc,existing
electronic engineering technology,existing
electronic engineering university,existing
electronic health records course,existing
electronic health records training,existing
electronic system architecture,existing searches
electronic system engineer,existing searches
electronics 1 course,existing searches
electronics courses,existing searches
electronics full course,existing searches
electronics learnership,existing searches
elv course,existing searches
embedded c,existing searches
embedded computing,existing
embedded development course,existing searches
embedded engineering,existing
embedded linux training,existing searches
embedded product development life cycle,existing searches
embedded programming,existing
embedded programming training,existing searches
embedded python programming,existing searches
embedded software architecture,existing searches
embedded software engineer,existing
embedded software engineer opleiding,existing searches
embedded system course,existing searches
embedded system designs,existing searches
embedded system engineer course,new
embedded system engineering course,new
embedded systems,existing
embedded systems architecture,existing searches
embedded systems certification,existing searches
embedded systems certification courses,existing searches
embedded systems companies,existing
embedded systems conference,existing searches
embedded systems course,existing
embedded systems course mit,existing searches
embedded systems course online,existing searches
embedded systems course online free,existing searches
embedded systems development,existing
embedded systems engineer,existing
embedded systems engineer course,new
embedded systems engineer courses,existing searches
embedded systems engineering,existing
embedded systems engineering courses,new
embedded systems engineering courses in pune,new
embedded systems engineering online course,new
embedded systems es course online for free tutorial with certificate,existing searches
embedded systems internship certificate,existing searches
embedded systems online course,existing
embedded systems programmer,existing
embedded technology,existing
embeded system courses,existing searches
embry riddle aeronautical university prescott,existing searches
emeritus mit xpro,existing searches
energy and power engineering,existing
energy engineering,existing
energy masters programs,existing searches
energy storage online courses,existing searches
energy system engineering course details,new
energy systems engineering course outline,new
energy systems engineering courses,new
energy systems online course electrical engineering,new
engenharia de sistemas,existing searches
engenharia de sistemas curso,existing searches
engenheiro de sistemas,existing searches
engine management system course,new
engine management system training courses,new
engineer,existing searches
engineer continuing education,existing
engineer course online,existing searches
engineer diploma,existing searches
engineer masters,existing
engineer pdh,existing
engineer phd,existing
engineer school,existing searches
engineer work,existing searches
engineered systems,existing
engineering,existing searches
engineering analytics course,existing searches
engineering and architecture career usa,existing searches
engineering and architecture employment sydney,existing searches
engineering and architecture vacancies australia,existing searches
engineering and computer science,existing searches
engineering bursaries online application,existing searches
engineering certificate,existing
engineering certificate courses,existing
engineering certificate online,existing
engineering certificate programs,existing
engineering certificate programs online,existing
engineering certificates,existing searches
engineering certificates online,existing searches
engineering certification,existing
engineering certification courses,existing searches
engineering certification programs,existing searches
engineering certifications,existing searches
engineering certifications for high school students,existing searches
engineering classes,existing
engineering classes online,existing
engineering college courses,existing
engineering colleges,existing searches
engineering colleges online,existing
engineering computer,existing searches
engineering course,existing searches
engineering course online,existing
engineering courses,existing
engineering courses at university,existing
engineering courses cuny system,new
engineering courses online,existing
engineering courses online free,existing searches
engineering courses university,existing
engineering curriculum,existing
engineering degree,existing searches
engineering degree australia,existing
engineering degree courses,existing
engineering degree melbourne,existing
engineering degree online,existing
engineering degree online australia,existing
engineering degree programs,existing
engineering degrees,existing searches
engineering degrees online,existing searches
engineering design certificate,existing searches
engineering education,existing searches
engineering for dummies,existing searches
engineering for non engineers book,existing searches
engineering foundation degree,existing
engineering free class,existing searches
engineering graduate,existing
engineering in training certificate,existing searches
engineering khan academy,existing searches
engineering leadership certificate,existing searches
engineering learnerships 2026,existing searches
engineering learning app,existing searches
engineering lifecycle,existing searches
engineering major,existing
engineering management,existing searches
engineering management certificate online,existing
engineering managment,existing searches
engineering master degree online,existing searches
engineering master online,existing
engineering master programs,existing
engineering masters programs,existing
engineering masters uk,existing
engineering mathematics,existing searches
engineering models,existing searches
engineering online,existing
engineering online certificate programs,existing searches
engineering online classes,existing
engineering online classes app,existing searches
engineering online course,existing searches
engineering online courses,existing
engineering online courses free,existing searches
engineering online degree,existing
engineering online degree programs,existing
engineering online free courses,existing searches
engineering online programs,existing
engineering online schools,existing
engineering phd online,existing
engineering phd programs,existing
engineering phd scholarships,existing searches
engineering post graduate,existing searches
engineering postgraduate courses,existing
engineering principles definition,existing searches
engineering professional development course,existing
engineering professional development courses,existing
engineering programs online,existing
engineering qualifications,existing
engineering refresher courses,existing searches
engineering requirements,existing
engineering school,existing
engineering school online,existing searches
engineering short courses,existing searches
engineering study,existing
engineering study online,existing
engineering system dynamics course,new
engineering system dynamics course online,new
engineering systems,existing
engineering systems and computing guelph courses,new
engineering systems course,new
engineering systems degree,existing searches
engineering systems mit,existing searches
engineering technician,existing
engineering technician certification online,existing searches
engineering technology,existing
engineering technology certificate,existing searches
engineering technology degree online,existing
engineering training,existing
engineering training courses,existing
engineering training online,existing
engineering undergraduate degree,existing
engineering universities,existing
engineering university courses,existing
engineering webinar with certificate,existing searches
engineeringbased,existing
enterprise architect,existing searches
enterprise architect mbse course for systems engineering,new
enterprise architecture,existing
enterprise architecture as strategy,existing searches
enterprise architecture certification,existing searches
enterprise architecture cloud,existing searches
enterprise architecture courses,existing searches
enterprise architecture maturity model gartner,existing searches
enterprise architecture operating model examples,existing searches
enterprise architecture patterns,existing searches
enterprise architecture principles,existing searches
enterprise architecture system,existing
enterprise architecture training,existing searches
enterprise architecture training and certification,existing searches
enterprise systems architecture,existing searches
environmental systems engineering course requirements,new
essentials of cloud computing,existing searches
estudiar arquitectura online,existing searches
etabs free online course with certificate,existing searches
etap training online,existing searches
example of system engineering,existing searches
external engineering degree,existing searches
f1 aerodynamics course,existing searches
fall 2018 courses rutgers industrial and systems engineering,new
fastest engineering degree online,existing searches
fastest online engineering degree,existing
fe certificate,existing searches
fea ansys course,existing searches
fea online course,existing searches
find courses by topic,existing searches
find your next course,existing searches
finite element analysis course,existing searches
finite element analysis courses,existing searches
fire alarm system engineer courses,new
firmware engineer course,existing searches
firmware engineer courses,existing searches
fitting and machining course,existing searches
fitting and turning learnership,existing searches
fitting and turning training centre,existing searches
flight dynamics course,existing searches
flight engineer school,existing searches
flight engineer training,existing searches
forage certificate,existing searches
formation architecture en ligne,existing searches
foundations of modern finance mit,existing searches
fpga course,existing searches
fpga training,existing searches
free architecture courses,existing searches
free architecture courses online,existing searches
free certificate courses,existing searches
free certificate courses for btech students,existing searches
free certificate courses for engineering students,existing searches
free certification,existing searches
free certification courses for chemical engineers,existing searches
free certification courses for civil engineers,existing searches
free certification courses for engineering students,existing searches
free certification courses for mechanical engineers,existing searches
free computer systems engineering courses online,new
free course software engineering,existing searches
free courses with certificate for electrical engineering,existing searches
free data engineer courses,existing searches
free electrical engineering courses,existing searches
free embedded systems course,existing searches
free engineering courses,existing searches
free engineering courses with certificate,existing searches
free engineering membership certificate,existing searches
free iit courses with certificates,existing searches
free iit online courses,existing searches
free mechanical engineering courses,existing searches
free mechatronics courses,existing searches
free mit certificate courses,existing searches
free online architecture courses,existing searches
free online architecture courses for beginners,existing searches
free online architecture courses with certificates,existing searches
free online building services courses,existing searches
free online certificate courses for electrical engineers,existing searches
free online certificate courses for engineering students,existing searches
free online certificate courses in aerospace engineering,existing searches
free online certificate courses in engineering,existing searches
free online certification courses for chemical engineers,existing searches
free online certification courses for civil engineers,existing searches
free online computer engineering courses with certificate,existing searches
free online courses for civil engineering,existing searches
free online courses for civil engineering with certificate,existing searches
free online courses for ece students,existing searches
free online courses for engineering students with certificate,existing searches
free online courses in civil engineering,existing searches
free online courses in electrical engineering,existing searches
free online courses on electric vehicles,existing searches
free online courses with certificate for computer science engineering students,existing searches
free online courses with certificates for btech students,existing searches
free online electronics courses with certification,existing searches
free online embedded systems course with certificate,existing searches
free online embedded systems courses with certificates,existing searches
free online engineering courses,existing searches
free online engineering courses with certificate of completion,existing searches
free online engineering courses with certificates,existing searches
free online industrial engineering courses with certificates,existing searches
free online internship with certificate for mechanical engineering,existing searches
free online mechanical engineering courses with certificates,existing searches
free online systems engineering courses,new
free online workshop with certificate for engineering students,existing searches
free online workshops for engineering students with certificates,existing searches
free prompt engineering course,existing searches
free software systems engineering courses online,new
free system engineering courses,new
free systems engineering courses,new
free systems engineering courses online,new
free systems engineering courses online sysml,new
free systems engineering online course,new
free webinar with certificate for civil engineering,existing searches
freecodecamp,existing searches
frontend engineering meaning,existing searches
full stack development with mern mit,existing searches
fully funded doctoral programs online,existing searches
functional analysis systems engineering,existing searches
functional system architecture,existing searches
fundamentals of power system for electrical engineering 1 course,new
fundamentals of power system for electrical engineering 2 course,new
fundamentals of probability mit,existing searches
fundamentals of systems engineering,existing searches
fundamentals of systems engineering course,new
fundamentals of systems engineering mit,existing
future architecture,existing searches
future of systems engineering,existing searches
gartner definition of enterprise architecture,existing searches
gatech applied systems engineering course description,new
gatech systems engineering course description,new
ge aerospace explore engineering,existing searches
ge power system engineering course,new
ge power systems engineering course,new
general principles of engineering,existing searches
generative ai,existing
generator technician training,existing searches
genset training course,existing searches
geographic information system course,existing
geometric dimensioning and tolerancing course,existing searches
georgetown systems engineering courses,new
georgia tech aerospace systems engineering course,new
georgia tech systems engineering,existing searches
georgia tech systems engineering certificate,existing searches
georgia tech systems engineering courses,new
geotech training,existing searches
get an engineering degree online,existing
get certified,existing
get phd online,existing
getsmarter mit,existing searches
gis certification courses,existing
gis certification programs,existing
gis training,existing searches
gmu systems engineering course,new
gmu systems engineering courses,new
google career certificates,existing searches
google career certificates via coursera,existing searches
google cloud architecture,existing searches
google cloud certification,existing searches
google it training,existing searches
google java certification,existing searches
google kaggle ai course,existing searches
google machine learning crash course,existing searches
graduate certificate,existing
graduate certificate in electrical engineering,existing searches
graduate certificate in systems engineering,existing searches
graduate certificate program,existing
graduate certificate programs,existing
graduate degree programs,existing
graduate degrees,existing
graduate engineering,existing
graduate engineering programs,existing
graduate online programs,existing
graduate systems engineer,existing
grants for online college,existing searches
grants for online education,existing searches
grants for online schools,existing searches
great learning certificate,existing searches
great learning free courses,existing searches
ground system engineer,existing searches
gwu systems engineering,existing searches
handbook of systems engineering and management 2nd edition,existing searches
handyman certification course,existing searches
hard real time embedded systems,existing searches
hardware design engineer courses,existing searches
hardware development engineer,existing searches
hardware engineering,existing searches
hardware engineering course,existing searches
harvard certificate,existing searches
harvard cs50,existing searches
harvard edx,existing searches
harvard ocw,existing searches
harvard online architecture course,existing searches
harvard online computer science course,existing searches
harvard online courses,existing searches
harvard online engineering courses,existing searches
harvard seas system engineering course,new
harvard software engineering online courses,existing searches
harvard systems engineering,existing searches
health economic modelling online course,existing searches
health system engineering courses,new
healthcare architecture courses,existing searches
healthcare systems engineering,existing
heat exchanger design course in india,existing searches
higher education phd online,existing
hmi design course,existing searches
how do i become a systems engineer,existing searches
how to be a systems engineer,existing
how to become network engineer,existing searches
how to get admission in australia for engineering,existing searches
how to learn engineering,existing searches
how to learn mechatronics at home,existing searches
how to study electrical engineering online,existing searches
how to study mechanical engineering online,existing searches
http mindluster com,existing searches
http nptel iitm ac in,existing searches
http www seta training co za,existing searches
https cs50 harvard edu python,existing searches
https matlabacademy mathworks com,existing searches
https ocw mit edu,existing searches
https ocw mit edu courses,existing searches
https www edx org school mitx,existing searches
human factors and systems engineering,existing searches
human factors engineering course,existing searches
hvac controls training online,existing searches
hvac engineer,existing searches
hvac engineering,existing
hvac job,existing searches
hvac job position,existing searches
hybrid propulsion system,existing
ibm certification,existing searches
ibm rhapsody training,existing searches
ibm skill build,existing searches
ibm skillsbuild certificate,existing searches
ibm skillsbuild courses,existing searches
ic design course,existing searches
ict certification courses,existing searches
idss mit,existing searches
ieee course certificate,existing searches
iet systems engineering course,new
iit backed product engineering,existing searches
iit free online courses with certificates,existing searches
iit hyderabad online courses,existing searches
iit online certificate courses,existing searches
iit online certificate courses free,existing searches
illinois engineering,existing searches
incose,existing
incose 2018,existing
incose certification,existing
incose certification exam,existing
incose certification training,existing
incose certification worth it,existing searches
incose csep,existing
incose csep training,existing
incose exam,existing searches
incose mbse,existing searches
incose mbse certification,existing searches
incose membership,existing
incose oosem,existing searches
incose system engineering,existing searches
incose systems engineering,existing searches
incose systems engineering certification,existing searches
incose systems engineering course,existing
incose systems engineering definition,existing searches
incose systems engineering handbook,existing
incose training,existing
incose training courses,existing searches
inductive university,existing searches
industrial and systems engineering,existing
industrial and systems engineering course,new
industrial and systems engineering courses,new
industrial and systems engineering uw madison courses,new
industrial engineering,existing searches
industrial engineering certificate,existing searches
industrial engineering courses,existing searches
industrial engineering online,existing searches
industrial engineering online degree,existing searches
industrial engineering programs,existing searches
industrial systems engineering courses,new
industrial systems engineering courses sjsu,new
industrial systems management engineering 445 wvu course info,new
information science degree,existing
information system engineering course,new
information systems,existing
information systems certifications,existing
information systems courses,existing
information systems degree,existing
information systems engineering asu graduate course,new
information systems engineering course outline,new
information systems engineering courses,new
information systems major,existing
information systems masters,existing
information systems masters degree,existing
information systems masters online,existing
information systems technology degree,existing
information technology certificate,existing
information technology certificate programs,existing
information technology classes,existing
information technology courses,existing
information technology degree,existing
information technology major,existing
information technology masters degree,existing
information technology online course,existing searches
information technology program,existing
information technology programs,existing
information technology training,existing
information technology training programs,existing
infosys certificate,existing searches
infosys course certificate,existing searches
infosys springboard,existing searches
infosys springboard certificate,existing searches
infosys springboard free courses with certificate,existing searches
ingenieria de sistema,existing searches
ingenieur systeme,existing searches
inner engineering,existing
inner engineering review,existing searches
institute for enterprise architecture developments,existing searches
institute of technology massachusetts,existing searches
instrumentation and control engineering,existing searches
instrumentation and control engineering courses,existing searches
instrumentation and control system,existing searches
instrumentation courses online,existing searches
integrated circuit design course,existing searches
integrated systems engineering salary,existing searches
integration architect certification,existing searches
integration architecture,existing searches
integration engineer,existing searches
integration platform,existing
inteligencia artificial generativa,existing searches
intelligent systems engineering courses,new
international council of systems engineering,existing searches
international council on systems engineering,existing searches
international system engineering,existing searches
internship electrical engineering,existing searches
internship program for electrical engineering student,existing searches
internships for engineering undergraduates,existing searches
interpreter degree online,existing searches
intro to engineering,existing searches
intro to mechanical engineering,existing searches
intro to systems engineering,existing
introduction to aerospace engineering,existing searches
introduction to computation and programming using python,existing searches
introduction to computer science and programming using python by mit,existing searches
introduction to computer science and programming using python mit,existing searches
introduction to quantum computing quantum algorithms and qiskit course,existing searches
introduction to rocket engineering,existing searches
introduction to system engineering,existing searches
introduction to system engineering course description,new
introduction to systems engineering,existing
introduction to systems engineering course,new
ios engineer training,existing searches
iot course,existing searches
irc certification training,existing searches
isa control systems,existing searches
iso 15288 training,existing searches
it architecture,existing
it architecture courses,existing searches
it certification roadmap,existing searches
it course in college,existing searches
it courses online,existing searches
it degree programs,existing
it information technology courses,existing
it master degree online,existing searches
it system engineer course,existing searches
it systems com engineering online courses,new
it systems engineering,existing searches
it systems engineering courses,new
it training las vegas,existing searches
itronix solutions certificate,existing searches
iu bloomington intelligent systems engineering courses,new
ivy league online courses,existing searches
jadc2 architecture,existing searches
jain online,existing searches
java full stack developer course online free with certificate,existing searches
jet propulsion,existing
jhu space systems engineering courses,new
jhu systems engineering courses,new
jhu systems engineering online course schedule,new
john hopkins system engineering,existing searches
john hopkins systems engineering,existing
johns hopkins online masters engineering,existing searches
johns hopkins online masters systems engineering,existing searches
johns hopkins online quizzes intro to systems engineering course,new
johns hopkins space systems engineering courses,new
johns hopkins systems engineering,existing searches
johns hopkins systems engineering courses,new
johns hopkins university center for systems science and engineering,existing searches
k 12 online school,existing searches
land survey degree online,existing searches
latest trends in electrical engineering,existing searches
law for professional engineers canadian and global insights fifth edition,existing searches
lean certification online,existing searches
lean manufacturing online course,existing
lean manufacturing online program,existing
learn automobile engineering,existing searches
learn electrical engineering online free,existing searches
learn electrician online,existing searches
learn electronic engineering,existing searches
learn embedded systems,existing
learn engineering online,existing
learn firmware development,existing searches
learn full stack development,existing
learn hydraulics,existing searches
learn it courses online,existing
learn mbse,existing searches
learn online,existing
learn petroleum engineering,existing searches
learn robotic engineering,existing searches
learn scada online free,existing searches
learn software development,existing searches
learn software engineering,existing searches
learn software engineering online free,existing searches
learn sysml,existing searches
learn system engineering,existing searches
learn system verilog,existing searches
learn vern com,existing searches
learn xpro mit,existing searches
learn xpro mit edu architecture of complex systems,existing
learning architecture,existing searches
learning embedded systems,existing searches
learning sysml,existing searches
learnvern,existing searches
learnvern spe,existing searches
lectures from mit,existing searches
leed certification online course,existing searches
licensed professional engineer,existing
licensed structural engineer,existing
linear systems electrical engineering course online,new
linux certification,existing searches
linux engineer,existing
linux system administrator,existing searches
linux system engineer complete course ex300,new
linux system engineer course,new
m i t university,existing searches
m tech aerospace engineering,existing searches
m tech in systems engineering,existing searches
ma physical education,existing searches
machine design training,existing searches
machine learning course,existing searches
machine learning coursework,existing searches
machining courses,existing searches
magnetic propulsion,existing
magnum technical education center of engineers,existing searches
mahara tech,existing searches
maintenance and reliability engineering online course,existing searches
maintenance planning and scheduling courses online,existing searches
manufacturing engineer classes,existing searches
manufacturing engineering,existing searches
manufacturing engineering certifications,existing searches
manufacturing engineering courses,existing
manufacturing engineering masters,existing
marine engineering course online,existing searches
marine engineering courses uk,existing
marine propulsion engine,existing
marine propulsion systems,existing
marine systems engineering,existing searches
massachusett institute of technology,existing searches
massachusetts institute of technology,existing searches
massachusetts institute of technology courses,existing searches
massachusetts institute of technology degrees,existing searches
massachusetts institute of technology master degree,existing searches
massachusetts institute of technology mit,existing searches
massachusetts institute of technology mit online courses,existing searches
massachusetts institute of technology online certificate courses,existing searches
massachusetts institute of technology online courses,existing searches
massachusetts institute of technology professional education,existing searches
massachusetts of institute of technology,existing searches
master aeronautic,existing searches
master degree programs online,existing
master engineering,existing searches
master fast system,existing
master finance online,existing searches
master in aerospace engineering,existing searches
master in civil engineering in australia,existing searches
master in mining engineering,existing searches
master in prompt engineering,existing searches
master in system engineering,existing searches
master in systems engineering,existing searches
master in technology,existing searches
master mit online,existing searches
master of engineering management in uae,existing searches
master of engineering vs master of science,existing searches
master of science in industrial and systems engineering,existing searches
master of science in information technology online,existing searches
master of science in systems engineering,existing
master of science systems engineering,existing
master of systems engineering,existing
master of systems engineering online,existing searches
master of systems engineering unsw,existing searches
master system,existing
master systems engineering,existing searches
masters architecture,existing
masters computer engineering,existing searches
masters degree courses,existing
masters degree education online,existing
masters degree engineering,existing
masters degree in,existing
masters degree in educational technology,existing
masters degree in engineering,existing
masters degree in it,existing
masters degree in systems engineering,existing
masters degree mechanical engineering,existing searches
masters degree programs,existing
masters degree programs in education,existing
masters degree programs online,existing
masters degree requirements,existing
masters degree systems engineering,existing
masters degrees,existing
masters degrees online,existing searches
masters engineering,existing
masters for professionals,existing searches
masters in aerospace engineering,existing
masters in control systems engineering,existing searches
masters in control systems engineering usa,existing searches
masters in distributed systems,existing searches
masters in embedded systems,existing searches
masters in engineering,existing searches
masters in engineering online,existing searches
masters in it,existing
masters in manufacturing engineering in germany,existing searches
masters in pipeline engineering,existing searches
masters in robotics engineering,existing
masters in satellite engineering,existing searches
masters in system dynamics,existing searches
masters in system engineering,existing searches
masters in systems engineering,existing
masters in systems engineering online,existing
masters in systems engineering salary,existing searches
masters in technology,existing
masters of civil engineering online,existing
masters of engineering,existing
masters of science programs,existing
masters of systems engineering,existing searches
masters of systems engineering online,existing
masters online systems engineering,existing searches
masters program online,existing
masters programs,existing
masters system engineering,existing searches
masters systems engineering,existing
masters systems engineering online,existing
materials science training,existing searches
math boot camp for engineers,existing searches
mathematical modelling of systems,existing searches
mathworks mbse,existing searches
matlab academy,existing searches
matlab certification free,existing searches
matlab systems engineering,existing searches
mba engineering,existing searches
mba for software engineers,existing searches
mba mit online,existing searches
mbd course,existing searches
mbd courses,existing searches
mbse,existing
mbse agile,existing searches
mbse certificate,existing
mbse certification,existing
mbse certification course,existing searches
mbse certification exam,existing searches
mbse certification mit,existing searches
mbse certification online,existing searches
mbse course,existing
mbse courses,existing searches
mbse edu,existing searches
mbse engineering,existing searches
mbse example,existing searches
mbse examples,existing
mbse framework,existing searches
mbse meaning,existing searches
mbse methodology,existing searches
mbse methods,existing searches
mbse mit,existing searches
mbse model based,existing searches
mbse model based systems engineering,existing searches
mbse online course,existing searches
mbse online training,existing
mbse programs,existing searches
mbse que es,existing searches
mbse software,existing searches
mbse solutions,existing searches
mbse textbook,existing searches
mbse togaf,existing searches
mbse tools,existing
mbse training,existing
mbse training courses,existing searches
mcmaster software engineering embedded systems courses,new
mcse certifications,existing searches
mcse microsoft certified system engineer course,new
mcse microsoft certified systems engineer course,new
mcse microsoft certified systems engineer courses,new
mechanical design classes,existing searches
mechanical design course,existing searches
mechanical design training,existing searches
mechanical diploma certificate,existing searches
mechanical engeneering,existing searches
mechanical engineer career australia,existing searches
mechanical engineer career sydney,existing searches
mechanical engineer certificate,existing searches
mechanical engineer courses,existing searches
mechanical engineer dubai,existing searches
mechanical engineer job only for fresher in tata m,existing searches
mechanical engineer job vacancies sydney,existing searches
mechanical engineer recruiter,existing searches
mechanical engineer vacancies qatar,existing searches
mechanical engineering,existing
mechanical engineering berkeley,existing searches
mechanical engineering certificate online,existing searches
mechanical engineering certification,existing searches
mechanical engineering certifications,existing searches
mechanical engineering colleges,existing searches
mechanical engineering course online,existing searches
mechanical engineering courses,existing searches
mechanical engineering design,existing searches
mechanical engineering free,existing searches
mechanical engineering free online course with certificate,existing searches
mechanical engineering graduate certificate,existing searches
mechanical engineering job search australia,existing searches
mechanical engineering online,existing
mechanical engineering online courses,existing searches
mechanical engineering online courses free,existing searches
mechanical engineering online program,existing searches
mechanical engineering programs,existing searches
mechanical engineering short term courses,existing searches
mechanical engineering study,existing searches
mechanical engineering system dynamics online course,new
mechanical engineering training certificate,existing searches
mechanical free certification courses,existing searches
mechanical systems and vehicle engineering course outline,new
mechanical systems engineering courses,new
mechanical vacancies australia,existing searches
mechatronic engineering,existing searches
mechatronic engineering university,existing
mechatronic production systems,existing searches
mechatronic systems engineering,existing
mechatronics,existing searches
mechatronics certificate,existing searches
mechatronics course,existing searches
mechatronics course online,existing searches
mechatronics courses,existing searches
mechatronics engineer online classes,existing searches
mechatronics engineering,existing searches
mechatronics engineering course,existing searches
mechatronics engineering courses,existing searches
mechatronics engineering online,existing searches
mechatronics engineering online courses,existing searches
mechatronics masters online,existing searches
mechatronics online course,existing
mechatronics short course,existing searches
mechatronics system engineering sfu required courses,new
mechatronics technician courses,existing searches
medical device engineering courses,existing searches
mem degree,existing
mep course,existing searches
merseta,existing searches
metasys fec systems engineering course 4707,new
methane engine,existing searches
microcontroller programming,existing searches
micromaster programs,existing searches
microprocessor course,existing searches
microsoft certified system engineer course,new
microsoft certified system engineer course in india,new
microsoft certified system engineer course outline,new
microsoft certified system engineer course pdf,new
microsoft certified systems engineer course,new
microsoft certified systems engineer course cost,new
microsoft certified systems engineer course duration,new
microsoft certified systems engineer course outline,new
microsoft certified systems engineer courses,new
microsoft certified systems engineer courses london,new
microsoft certified systems engineer mcse course,new
microsoft certified systems engineer mcse courses,new
microsoft certified systems engineer mcse online training course,new
microsoft certified systems engineer online course,new
microsoft certified systems engineer training course,new
microsoft certified systems engineering course,new
microsoft system engineer course,new
microsoft systems engineer course,new
mind luster,existing searches
mind luster certificate,existing searches
mind luster come,existing searches
mind luster con,existing searches
mind luster website,existing searches
mindluster certificate,existing searches
mindluster com,existing searches
mining and engineering learnerships 2026 online application,existing searches
mining engineering at tvet colleges,existing searches
mis course,existing
missile design and system engineering course,new
missile propulsion design technologies and system engineering short course,new
mit,existing searches
mit 6 s081,existing searches
mit 6 s087 foundation models and generative ai,existing searches
mit 6 s191 introduction to deep learning,existing searches
mit academy,existing searches
mit additive manufacturing for innovative design and production,existing searches
mit admissions website,existing searches
mit aerospace engineering,existing searches
mit aerospace engineering lectures,existing searches
mit aerospace engineering online course,existing searches
mit ai class,existing
mit ai course,existing
mit aircraft systems engineering,existing searches
mit app inventor online course,existing searches
mit application,existing searches
mit application portal,existing searches
mit apply,existing searches
mit apply online,existing searches
mit architecture,existing searches
mit architecture and systems engineering,existing
mit architecture course,existing
mit architecture courses,existing searches
mit architecture courses online,existing searches
mit architecture of complex systems,existing searches
mit architecture online courses,existing searches
mit architecture program,existing searches
mit articles,existing searches
mit artificial intelligence certificate,existing searches
mit artificial intelligence course,existing searches
mit artificial intelligence course free with certificate,existing searches
mit artificial intelligence courses,existing searches
mit automation course,existing searches
mit beaver works summer institute,existing searches
mit beaver works summer institute bwsi,existing searches
mit becoming an entrepreneur,existing searches
mit blended learning,existing searches
mit blockchain course,existing searches
mit boeing,existing searches
mit bootcamp,existing searches
mit bootcamps,existing searches
mit business school,existing searches
mit c course,existing searches
mit certificate courses,existing searches
mit certificate programs,existing
mit certificate programs online,existing searches
mit certificates,existing searches
mit certification,existing searches
mit certified courses,existing searches
mit classes,existing searches
mit classes online video,existing searches
mit coding,existing searches
mit coding course,existing searches
mit college,existing searches
mit complex systems,existing searches
mit computer architecture,existing searches
mit computer science,existing searches
mit computer science course,existing searches
mit computer science courses,existing searches
mit computer science courses online,existing searches
mit computer science final year projects,existing searches
mit computer science graduate program,existing searches
mit computer science masters online,existing searches
mit computer science online,existing searches
mit computer science online course,existing searches
mit computer science online degree,existing searches
mit continuing ed,existing searches
mit continuing education,existing searches
mit continuing education courses,existing searches
mit control systems,existing searches
mit corseware,existing searches
mit cources,existing searches
mit course catalog,existing searches
mit course catalogue,existing searches
mit course on line,existing searches
mit course online,existing searches
mit course ware,existing
mit courses,existing searches
mit courses 2020,existing searches
mit courses available online,existing searches
mit courses certificate,existing searches
mit courses computer science,existing searches
mit courses electrical engineering,existing searches
mit courses for working professionals,existing searches
mit courses free online,existing searches
mit courses online,existing searches
mit courses online computer science,existing searches
mit courses usa,existing searches
mit courses with certificate,existing searches
mit courseware,existing
mit cryptocurrency online course,existing searches
mit cs courses,existing searches
mit cs50,existing searches
mit cs50 course,existing searches
mit curso,existing searches
mit cursos,existing searches
mit cursos ead,existing searches
mit cursos gratuitos,existing searches
mit cybersecurity,existing searches
mit cybersecurity course,existing searches
mit data science course,existing searches
mit data structures and algorithms,existing searches
mit deep learning certificate,existing searches
mit deep learning online course,existing searches
mit degree online,existing searches
mit degrees online,existing searches
mit designing and building ai products,existing searches
mit digital,existing searches
mit digital course,existing searches
mit distance education,existing searches
mit distance learning,existing searches
mit distance learning courses,existing searches
mit distributed systems,existing searches
mit do brasil,existing searches
mit doctorate,existing searches
mit ead,existing searches
mit edu courses,existing searches
mit edu login,existing searches
mit edu online,existing searches
mit education online,existing searches
mit eecs courses,existing searches
mit elearning,existing searches
mit electrical engineering online,existing searches
mit electronics course,existing searches
mit embedded system,existing searches
mit embedded systems course,existing searches
mit engineering,existing searches
mit engineering certificate,existing
mit engineering certificate program,existing
mit engineering certificate programs,existing searches
mit engineering certificates,existing
mit engineering course,existing searches
mit engineering course online,existing searches
mit engineering courses,existing searches
mit engineering courses list,existing searches
mit engineering courses online,existing searches
mit engineering degrees,existing searches
mit engineering program,existing searches
mit engineering systems,existing searches
mit engineering systems division,existing searches
mit esg course,existing searches
mit ex,existing searches
mit executive education,existing searches
mit extension,existing searches
mit extension school,existing searches
mit foundations of modern finance,existing searches
mit free certificate courses,existing searches
mit free computer science courses,existing searches
mit free courses,existing searches
mit free courses mechanical engineering,existing searches
mit free online courses,existing searches
mit free robotics courses online,existing searches
mit fundamentals of systems engineering,existing searches
mit generative ai,existing
mit graduate certificate in information technology,existing searches
mit graduate certificate online,existing searches
mit graduate fellowships,existing searches
mit graduate school programs,existing searches
mit industrial engineering,existing searches
mit information technology,existing searches
mit information technology degree,existing searches
mit introduction to computer science and programming in python,existing searches
mit introduction to programming,existing searches
mit introduction to technology engineering and science,existing searches
mit it courses,existing searches
mit javascript,existing searches
mit launchx,existing searches
mit lca course,existing searches
mit learn,existing searches
mit learning,existing searches
mit learning courses,existing searches
mit lectures,existing searches
mit lincoln laboratory radar introduction for student engineers,existing searches
mit machine learning,existing searches
mit machine learning course,existing searches
mit machine learning with python,existing searches
mit maestrias,existing searches
mit massachusetts institute of technology,existing searches
mit massachusetts institute of technology online courses,existing searches
mit master,existing searches
mit masters electrical engineering,existing searches
mit masters online,existing searches
mit masters programs,existing searches
mit masters software engineering,existing searches
mit masters systems engineering,existing searches
mit math online,existing searches
mit mba,existing searches
mit mbse,existing
mit mbse certificate,existing
mit mbse certificate program,existing searches
mit mbse certification,existing searches
mit mbse course,existing searches
mit mechanical engineering,existing searches
mit mechanical engineering degree plan,existing searches
mit mechanical engineering free courses,existing searches
mit mechatronics engineering,existing
mit media lab online course,existing searches
mit media lab online courses,existing searches
mit micromasters,existing searches
mit micromasters programs,existing searches
mit mini mba,existing searches
mit minority introduction to engineering and science,existing searches
mit model based systems engineering,existing
mit model based systems engineering certification,existing
mit ms programs,existing searches
mit ocean engineering,existing searches
mit ocw,existing
mit ocw app,existing searches
mit ocw artificial intelligence,existing searches
mit ocw certificate,existing searches
mit ocw courses,existing
mit ocw systems engineering,existing searches
mit on line,existing searches
mit on line courses,existing searches
mit online,existing
mit online application,existing searches
mit online architecture course,existing searches
mit online bachelor degree,existing searches
mit online calculus course,existing searches
mit online certificate,existing searches
mit online certificate courses,existing searches
mit online certificate engineering,existing
mit online certificate programs,existing searches
mit online certification courses,existing searches
mit online classes,existing searches
mit online college,existing searches
mit online cources,existing searches
mit online course,existing
mit online course catalog,existing searches
mit online course certificate,existing searches
mit online course videos,existing searches
mit online courses,existing
mit online courses certificate,existing searches
mit online courses computer science,existing searches
mit online courses engineering,existing searches
mit online courses with certificate,existing searches
mit online courses with certificates,existing searches
mit online degree,existing searches
mit online degree computer science,existing searches
mit online degrees,existing searches
mit online diploma,existing searches
mit online education,existing searches
mit online engineering courses,existing searches
mit online engineering degree,existing searches
mit online graduate programs,existing searches
mit online learning,existing searches
mit online masters,existing searches
mit online masters engineering,existing searches
mit online professional certificate,existing searches
mit online programs,existing searches
mit online school,existing searches
mit online short courses,existing searches
mit online systems engineering,existing searches
mit ooc,existing searches
mit open course,existing searches
mit open course certificate,existing searches
mit open course introduction to computer science and programming,existing searches
mit open course wave,existing searches
mit open course website,existing searches
mit open courses,existing searches
mit open courses ware,existing searches
mit open courseware,existing searches
mit open learning,existing searches
mit open learning library,existing searches
mit opencourse,existing searches
mit opencoursewar,existing searches
mit opencourseware,existing searches
mit opencourseware calculus linear algebra,existing searches
mit opencourseware certificate,existing searches
mit opencourseware certificates,existing searches
mit opencourseware embedded systems,existing searches
mit opencourseware introduction to deep learning,existing searches
mit opencourseware optimization methods,existing searches
mit opencourseware physics,existing searches
mit opencourseware systems engineering,existing searches
mit opencourseware vlsi design,existing searches
mit opencouse,existing searches
mit opensource,existing searches
mit part time courses,existing searches
mit pe,existing searches
mit phd,existing searches
mit phd program,existing searches
mit phd programs,existing searches
mit post graduation courses,existing searches
mit power systems,existing searches
mit pro,existing searches
mit pro courses,existing searches
mit pro x,existing searches
mit probabilistic systems analysis,existing searches
mit process engineering course,existing searches
mit production engineering,existing searches
mit professional,existing searches
mit professional certificate,existing searches
mit professional courses,existing searches
mit professional development certificate,existing
mit professional education,existing
mit professional education digital plus programs,existing searches
mit professional education login,existing searches
mit professional programs,existing searches
mit programming course,existing searches
mit programs,existing searches
mit programs online,existing searches
mit prompt engineering,existing searches
mit prox,existing searches
mit public course,existing searches
mit python,existing searches
mit python course,existing searches
mit quantum computing certificate,existing searches
mit research science institute,existing searches
mit robotics courses,existing searches
mit sa p course,existing searches
mit satellite engineering,existing searches
mit school of distance education,existing searches
mit sdm,existing searches
mit short courses,existing searches
mit short courses on campus,existing searches
mit short program,existing searches
mit sign up,existing searches
mit sloan,existing searches
mit sloan executive certificates,existing searches
mit sloan online courses,existing searches
mit sloan short courses,existing searches
mit sloan system dynamics,existing searches
mit software architecture,existing searches
mit software engineering,existing searches
mit software engineering course,existing searches
mit software engineering courses,existing searches
mit software engineering online course,existing searches
mit space systems engineering,existing searches
mit sql course,existing searches
mit structural engineering masters,existing searches
mit studies online,existing searches
mit study material,existing searches
mit summer program,existing searches
mit summer programs,existing searches
mit supply chain micromasters,existing searches
mit system architecture,existing searches
mit system design,existing searches
mit system dynamics course,existing searches
mit system engineering,existing
mit system engineering certificate,existing
mit system engineering course,existing searches
mit system engineering online,existing searches
mit system thinking,existing searches
mit systems architecture,existing
mit systems design and management,existing searches
mit systems engineering,existing
mit systems engineering certificate,existing
mit systems engineering certificate program,existing
mit systems engineering certificate review,existing searches
mit systems engineering course,existing
mit systems engineering courses,new
mit systems engineering masters,existing
mit systems engineering online,existing searches
mit systems engineering online class,existing
mit systems engineering online course,existing searches
mit systems engineering open course,existing searches
mit systems engineering phd,existing searches
mit systems engineering short course,new
mit systems thinking,existing searches
mit systems thinking course,existing searches
mit technical writing course,existing searches
mit technology,existing searches
mit think,existing searches
mit trading course,existing searches
mit training,existing searches
mit training courses,existing searches
mit trainings,existing searches
mit tuition,existing searches
mit universidad,existing searches
mit university,existing searches
mit university application,existing searches
mit university architecture,existing searches
mit university courses,existing searches
mit university ms courses,existing searches
mit university online certificate courses,existing searches
mit university online course,existing searches
mit university online degrees,existing searches
mit university website,existing searches
mit usa admission process,existing searches
mit usa online courses,existing searches
mit video,existing searches
mit video lectures,existing searches
mit webinar,existing searches
mit winter courses,existing searches
mit x,existing searches
mit x courses,existing searches
mit x pro,existing searches
mit xpro,existing searches
mit xpro ai strategy and leadership program,existing searches
mit xpro architecture and systems engineering,existing
mit xpro architecture of complex systems,existing searches
mit xpro artificial intelligence,existing searches
mit xpro brasil,existing searches
mit xpro certificate,existing searches
mit xpro certificate value,existing searches
mit xpro coding,existing searches
mit xpro coupon code,existing searches
mit xpro course,existing searches
mit xpro courses,existing searches
mit xpro designing and building ai products and services program,existing searches
mit xpro full stack,existing searches
mit xpro generative ai,existing
mit xpro leadership,existing searches
mit xpro login,existing searches
mit xpro machine learning,existing searches
mit xpro online,existing searches
mit xpro online course,existing searches
mit xpro professional certificate in coding,existing searches
mit xpro professional certificate in cybersecurity,existing searches
mit xpro programs,existing searches
mit xpro project management,existing searches
mit xpro quantum computing,existing searches
mit xpro quantum computing fundamentals,existing searches
mit xpro review,existing searches
mit xpro system thinking,existing searches
mit xpro systems engineering,existing
mit xpro systems engineering reddit,existing searches
mit xpro systems thinking,existing searches
mitchell institute of aerospace studies,existing searches
mitcourse ware,existing searches
mites mit,existing searches
mites mit program,existing searches
mites semester program,existing searches
mites summer,existing searches
mites summer program application,existing searches
mitocw,existing searches
mitopencourse,existing searches
mitopencourse ware,existing searches
mitopencourseware,existing searches
mitowc,existing searches
mitpro,existing searches
mitprofessionaled,existing searches
mitprox,existing searches
mits opencourseware,existing searches
mitx,existing searches
mitx certificate,existing searches
mitx certification,existing searches
mitx classes,existing searches
mitx course,existing searches
mitx courses,existing searches
mitx courses on edx,existing searches
mitx edx,existing searches
mitx introduction to computer science and programming using python,existing searches
mitx micro masters,existing searches
mitx micromasters,existing searches
mitx micromasters in supply chain management edx,existing searches
mitx micromasters supply chain,existing searches
mitx on edx,existing searches
mitx online,existing searches
mitx online course,existing searches
mitx online courses,existing searches
mitx online mitx on edx,existing searches
mitx pro,existing
mitx supply chain,existing searches
mitx system,existing searches
mitx systems,existing searches
mitx systems engineering,existing
mitxpro,existing searches
ml systems engineering,existing searches
mlops course,existing searches
mlt course,existing searches
mobile engineering course,existing searches
modaf training,existing searches
model base systems engineering,existing searches
model based control,existing searches
model based design,existing
model based design engineering,existing searches
model based development,existing searches
model based development course,existing searches
model based development tools,existing searches
model based engineering,existing
model based engineering training,existing
model based system,existing
model based system and architecture engineering with the arcadia method,existing searches
model based system architecture,existing searches
model based system design,existing
model based system engineer,existing searches
model based system engineering,existing
model based system engineering course,existing searches
model based system engineering courses,new
model based system engineering mbse,existing searches
model based system engineering online course,new
model based system engineering tools,existing searches
model based system engineering training,existing searches
model based systems engineer,existing searches
model based systems engineering,existing
model based systems engineering certificate,existing
model based systems engineering certificate program,existing searches
model based systems engineering certification,existing
model based systems engineering cornell distance learning course,new
model based systems engineering course,existing
model based systems engineering course online,new
model based systems engineering courses,new
model based systems engineering documentation and analysis,existing searches
model based systems engineering example,existing searches
model based systems engineering free course,new
model based systems engineering mbse,existing
model based systems engineering mbse tools,existing searches
model based systems engineering mit,existing searches
model based systems engineering mit course,new
model based systems engineering model based systems engineering course,new
model based systems engineering online course,new
model based systems engineering program,existing
model based systems engineering short course,new
model based systems engineering tools,existing
model based systems engineering training,existing
model based systems engineering tutorial,existing searches
model of system,existing
model probiblstic systems engineering online course,new
modelbasedengineering,existing
modelbasedsystemengineering,existing
modelbasedsystemsengineering,existing
modelbasedsystemsengineeringmbse,existing
modelbasedsystemsengineeringtools,existing
modeling a system,existing
modeling and simulation engineer,existing searches
modeling and simulation online course,existing searches
modeling complex systems,existing
modeling engineering systems,existing
modeling in engineering,existing
modeling inengineering,existing
modeling of complex systems,existing
modelingengineeringsystems,existing
models in engineering,existing searches
modern application architecture patterns,existing searches
modern enterprise architecture,existing
modern systems engineering,existing searches
monolithic architecture,existing searches
mooc systems engineering,existing searches
ms courses,existing
ms engineer,existing
ms in computational fluid dynamics,existing searches
ms in systems engineering,existing
ms systems engineering,existing
msc energy systems engineering course by hec,new
msc engineering,existing
msc in systems engineering,existing searches
msc mechatronics engineering,existing searches
msc renewable energy,existing
msc structural engineering,existing
msc supply chain,existing
msc sustainable energy,existing
msc systems engineering,existing searches
msc systems engineering distance learning,existing searches
msee degree,existing
my mit,existing searches
mygreatlearning free courses,existing searches
n1 n2 n3 courses online south africa,existing searches
nancy leveson mit,existing searches
nasa certification courses,existing searches
nasa online courses,existing searches
nasa space systems engineering course,new
nasa systems engineering,existing searches
nasa systems engineering course,existing searches
nastran patran online training,existing searches
national institute of industrial engineering mumbai,existing searches
naval combat systems engineering course,new
network engineer skills,existing searches
network engineering degree online,existing searches
network system engineer course,new
network systems engineer course,new
networking crash course for av systems engineers,new
new age software engineering program,existing searches
no code ai and machine learning mit,existing searches
nonlinear analysis,existing
northeastern university computer systems engineering iot course catalog,new
northeastern university computer systems engineering iot courses,new
notes on computer engineering,existing searches
nptel,existing searches
nptel courses,existing searches
nx online course,existing searches
oceanography certificate programs online,existing searches
ocsmp,existing searches
ocsmp certification,existing searches
ocw,existing searches
ocw mit,existing
ocw mit courses,existing searches
ocw mit edu,existing
ocw mit edu courses,existing searches
ocw mit edu courses 6 s087 foundation,existing searches
ocw mit edu index html,existing searches
ocw mit edu mathematics,existing searches
ocw mit python,existing searches
ohio state university integrated systems engineering courses,new
omg sysml,existing searches
omg sysml certification,existing searches
on line courses mit,existing searches
on line programs,existing searches
one year masters degree,existing
online aeronautical engineering degree,existing
online aerospace engineering bachelors degree,existing
online aerospace engineering courses,existing
online aerospace engineering degree,existing
online aerospace engineering programs,existing
online aerospace masters,existing
online ansys course,existing searches
online architecture classes,existing searches
online architecture courses,existing searches
online architecture courses for beginners,existing searches
online architecture courses with certificates,existing searches
online architecture degree,existing searches
online architecture program,existing
online architecture programs for high school students,existing searches
online art school,existing searches
online automotive degree,existing searches
online bachelor degree,existing
online bachelor of engineering degree,existing searches
online btech degree,existing searches
online certificate,existing
online certificate courses,existing searches
online certificate courses engineering,existing
online certificate courses free for mechanical engineering,existing searches
online certificate courses in aerospace engineering,existing searches
online certificate courses in engineering,existing
online certificate programs,existing searches
online certification courses,existing
online certification courses engineering,existing
online certification courses for civil engineers,existing searches
online certification courses for embedded system,existing searches
online certification courses for engineering,existing
online certification courses for engineering students,existing
online certification courses for structural engineering,existing searches
online class programs,existing searches
online classes engineering,existing
online classes for architecture,existing searches
online classes for engineering,existing
online college certificate programs,existing searches
online college courses,existing searches
online college degrees,existing searches
online college programs,existing searches
online colleges,existing searches
online computer coding degree,existing searches
online computer engineering courses,existing searches
online computer engineering degree,existing
online continuing education for teachers,existing searches
online controls course,existing searches
online course certificate,existing searches
online course degree,existing
online course embedded systems,existing searches
online course for aerospace engineering,existing searches
online course for electrical engineering,existing searches
online course mechanical engineering,existing searches
online course mit,existing searches
online course system engineering,new
online course systems engineering,new
online courses,existing
online courses aerospace engineering,existing
online courses at mit,existing searches
online courses by mit,existing searches
online courses engineering,existing
online courses for aerospace engineering,existing
online courses for automation,existing searches
online courses for civil engineering,existing searches
online courses for ece students,existing searches
online courses for engineering,existing
online courses for engineering students,existing
online courses for engineers,existing searches
online courses for mechatronics engineering,existing searches
online courses in electrical engineering,existing searches
online courses in engineering,existing
online courses in manufacturing,existing searches
online courses in mit,existing searches
online courses massachusetts institute of technology,existing searches
online courses mechanical engineering,existing searches
online courses mit,existing searches
online courses mit with certificate,existing searches
online courses online,existing searches
online courses top universities,existing searches
online courses with certificate university,existing searches
online courses with certificates,existing
online courses with certificates for engineering,existing searches
online degree,existing searches
online degree after diploma,existing searches
online degree certificate,existing searches
online degree engineering,existing
online degree in,existing searches
online degree in engineering,existing
online degree programs,existing
online degree studies,existing searches
online degree universities,existing
online degrees,existing
online degrees engineering,existing searches
online degrees in ohio,existing searches
online diploma courses in computer science,existing searches
online diploma in electrical engineering,existing searches
online distance learning programs,existing
online doctor of engineering programs,existing searches
online doctorate degree,existing
online doctorates,existing
online ed d programs,existing
online education administration degree,existing
online education doctoral programs,existing
online education grants,existing searches
online education masters degrees,existing
online education phd,existing
online education program,existing
online elearning,existing
online electrical course,existing searches
online electrical engineer degree,existing searches
online electrical engineering,existing
online electrical engineering bachelors,existing searches
online electrical engineering certificate,existing searches
online electrical engineering course linear systems and signals,new
online electrical engineering courses with certificates free,existing searches
online electrical engineering degree,existing searches
online electrician courses,existing searches
online engineering,existing
online engineering bachelor degree,existing searches
online engineering bursaries,existing searches
online engineering certificate,existing
online engineering certificate courses,existing searches
online engineering certificate programs,existing
online engineering certification courses,existing
online engineering certifications,existing searches
online engineering classes,existing
online engineering colleges,existing searches
online engineering courses,existing
online engineering courses for credit,existing
online engineering courses uk,existing
online engineering courses with certificates,existing
online engineering degree,existing
online engineering degree canada,existing searches
online engineering degree courses,existing
online engineering degree in pakistan,existing searches
online engineering degree programs,existing
online engineering degree usa,existing searches
online engineering degrees,existing
online engineering education,existing
online engineering masters,existing searches
online engineering masters canada,existing searches
online engineering masters degree,existing
online engineering phd programs,existing
online engineering programs,existing
online engineering schools,existing
online engineering schools accredited,existing
online engineering studies,existing searches
online engineering study,existing
online engineering university,existing
online entry test preparation for engineering,existing searches
online graduate degrees,existing
online graduate programs education,existing
online internship for aerospace engineering students,existing searches
online internship for engineering students,existing searches
online internship for engineering students with certificate,existing searches
online internship for mechanical engineering students,existing searches
online internship with certificate for mechanical engineering,existing searches
online it certificate courses,existing searches
online it course,existing
online it courses,existing
online it programs,existing
online it school,existing searches
online learning courses,existing
online learning degrees,existing searches
online m arch degree,existing searches
online master degree in civil engineering,existing searches
online master degree in software engineering,existing searches
online master degrees,existing searches
online master mit,existing searches
online master of engineering,existing
online master of public health,existing searches
online master software engineering,existing searches
online masters computer,existing searches
online masters degree mechanical engineering,existing searches
online masters engineering,existing searches
online masters engineering management,existing searches
online masters in electrical and computer engineering,existing searches
online masters in power systems engineering,existing searches
online masters in systems engineering,existing
online masters information systems,existing searches
online masters systems engineering,existing
online mbse training,existing
online mechanical,existing searches
online mechanical engineering,existing
online mechanical engineering courses,existing searches
online mechatronics course,existing searches
online mechatronics degree,existing searches
online mem degree,existing searches
online mining courses,existing searches
online mit,existing searches
online mit courses,existing searches
online mit degree,existing searches
online mpa programs,existing searches
online ms degree,existing
online ms engineering,existing searches
online ms systems engineering,existing searches
online network engineer degree,existing searches
online nuclear engineering degree,existing searches
online open university,existing searches
online phd,existing
online phd business,existing
online phd degree,existing
online phd engineering,existing searches
online phd in biostatistics,existing searches
online phd in health,existing
online phd in statistics,existing
online phd in systems engineering,existing
online phd programs in education,existing
online phd schools,existing
online phd systems engineering,existing
online power systems engineering courses,new
online professional development courses engineering,existing
online professional development courses for engineers,existing searches
online professional engineering courses,existing
online programs,existing searches
online project guidance for engineering students,existing searches
online psychology bachelors degree programs,existing searches
online python course from mit,existing searches
online python course mit,existing searches
online red hat system engineer training course,new
online research courses,existing searches
online robotic courses,existing searches
online robotics courses,existing searches
online robotics engineering degree,existing searches
online robotics masters,existing searches
online school systems engineering course free,new
online software engineering course,existing searches
online solar training course,existing searches
online staad pro training,existing searches
online system engineering masters,existing searches
online systems engineering,existing
online systems engineering course,existing searches
online systems engineering courses,new
online systems engineering degree,existing
online systems engineering masters,existing
online systems engineering phd,existing
online teaching degree ohio,existing searches
online teaching degree programs,existing
online tech classes,existing searches
online tech courses,existing
online tech degree,existing
online technology courses,existing
online training,existing searches
online training classes,existing searches
online training courses for mechanical engineering,existing searches
online undergraduate degree programs,existing searches
online university course,existing
online vlsi course,existing searches
open course mit,existing searches
open course system engineering,new
open course ware,existing searches
open source mit lectures,existing searches
opencourseware,existing searches
opencourseware mit,existing searches
openmit,existing searches
operating system architecture,existing searches
operating system engineering course,new
operating system online course,existing searches
operational scenario systems engineering,existing searches
operational technology engineer,existing searches
operations engineer training,existing searches
optical engineering online course,existing searches
optical systems engineering,existing searches
optical systems engineering course,new
oxford university courses,existing searches
parametric architecture courses,existing searches
pcb design course online free with certificate,existing searches
pcb design courses,existing searches
pe certification,existing
penn state systems engineering courses,new
penn state systems engineering masters course list,new
penn state systems engineering online courses,new
penn state world campus systems engineering masters courses,new
personality development course for professionals,existing searches
perspectives on systems engineering course,new
peter norvig online course,existing searches
petroleum engineering courses,existing searches
petroleum engineering notes,existing searches
petroleum engineering online,existing
petroleum engineering programs,existing
petroleum engineering schools,existing searches
phd degree in education,existing
phd degree programs,existing
phd degrees,existing
phd education,existing
phd for professionals,existing searches
phd in,existing
phd in creativity and innovation,existing searches
phd in engineering online,existing searches
phd in it,existing
phd in sustainable energy,existing searches
phd in systems engineering,existing searches
phd in systems engineering online,existing
phd information systems online,existing searches
phd online,existing searches
phd program online,existing
phd programs in electrical engineering,existing searches
phd programs online,existing
phd schools,existing
phd system engineering,existing searches
phd systems engineering,existing
phd systems engineering distance learning,existing
phd systems engineering online,existing
physical education degree,existing searches
piping design and engineering course online,existing searches
plataforma mitx,existing searches
platform engineering course,existing searches
plc certification free,existing searches
plc free course,existing searches
plc lessons,existing searches
plc online course free with certificate,existing searches
plc programming course online free,existing searches
plc programming courses,existing searches
plc scada course online,existing searches
plc scada online course free with certificate,existing searches
plc scada online course with certificate,existing searches
plumbing design courses,existing searches
polytechnic online classes 2021,existing searches
post graduate certificate programs,existing
post graduate degree programs,existing
post graduate robotics programs,existing searches
power engineering,existing
power engineering course,existing
power engineering journal,existing searches
power system engineer course,new
power system engineering course,new
power system engineering courses,new
power system engineering courses online,new
power system engineering online course,new
power system modeling software,existing searches
power system protection course,existing searches
power system simulation software,existing searches
power systems engineering,existing
power systems engineering course,existing searches
power systems engineering course reflection samples,new
power systems engineering courses,new
power systems engineering online courses,new
power systems engineering required courses,new
power systems engineering training courses,new
powerpoint civil engineering systems course,new
powerpoint civil engineering systems course syllabus,new
ppi systems engineering course,new
ppi systems engineering management course,new
practical example of system engineering,existing searches
practical guide to sysml,existing searches
practical model based systems engineering,existing searches
pre college courses,existing searches
principle of systems engineering course binghamton university,new
principle of systems engineering course binghamton university graduate course,new
principles of systems engineering,existing searches
pro engineer,existing searches
process architecture framework,existing searches
process automation and control engineering,existing searches
process control certification,existing searches
process control engineer,existing
process control engineer salary,existing searches
process control online course,existing searches
process control training,existing searches
process engineer courses,existing searches
process engineering certifications,existing
process engineering course,existing searches
process engineering courses,existing searches
process engineering courses online free,existing searches
process engineering degree online,existing searches
process safety engineer courses,existing searches
product development software engineer,existing searches
product systems engineering,existing searches
production engineering courses,existing searches
professional certificate,existing
professional certification,existing
professional certification for engineers,existing searches
professional certifications,existing searches
professional engineer certification usa,existing searches
professional engineer continuing education,existing
professional engineer requirements,existing
professional engineering,existing
professional engineers,existing
professional machine learning engineer certification google,existing searches
professional programs mit,existing searches
programming course mit,existing searches
programming embedded systems,existing searches
programming language,existing searches
project engineer certification online,existing searches
project performance international,existing searches
prompt engineering certification,existing searches
prompt engineering course,existing searches
prompt engineering course by andrew ng,existing searches
prompt engineering course certificate,existing searches
prompt engineering course free certificate,existing searches
prompt engineering course free with certificate by google,existing searches
prompt engineering course online,existing searches
prompt engineering courses,existing searches
prompt engineering full course hindi,existing searches
prompt engineering mit,existing searches
prompt engineering university,existing searches
propulsion course,existing searches
propulsion engineer,existing
propulsion systems,existing
protection and control engineer career,existing searches
psychology grad programs,existing
public health engineering courses in india,existing searches
purdue systems engineering courses,new
pvsyst training,existing searches
python for manufacturing engineers,existing searches
python online course,existing searches
python systems engineering,existing searches
qa qc civil engineer courses online free,existing searches
qa qc engineer online courses,existing searches
qinetiq naval combat systems engineering course,new
quality engineer certification,existing searches
quality engineer certification online,existing searches
quality engineering certification,existing searches
quantitative methods in systems engineering,existing searches
quantum systems engineering,existing searches
radar engineering course,existing searches
radar systems engineering,existing searches
radar systems engineering course,existing
railway systems engineering,existing searches
railway systems engineering courses,new
raytheon,existing searches
reactive architecture,existing searches
real analysis online course,existing searches
real time system course,existing searches
realpars free courses,existing searches
red hat system administration,existing searches
red hat system engineer course,new
reference architecture,existing searches
reliability engineer course online,existing searches
reliability engineering certificate online,existing searches
reliability engineering online course,existing searches
reliability systems engineering,existing searches
reliance foundation skilling academy,existing searches
remote support engineer,existing searches
requirements engineering for software and systems,existing searches
requirements engineering training,existing searches
requirements engineering training course,existing searches
requirements systems engineering,existing searches
research fields in mechanical engineering,existing searches
rf courses online,existing searches
rhapsody systems engineering,existing searches
rhodes technical college online application,existing searches
robert david braun system engineering courses,new
robot operating system online course,existing searches
robotic automation courses,existing searches
robotic software engineer,existing searches
robotics and autonomous systems engineering,existing searches
robotics certification course,existing searches
robotics certification online,existing searches
robotics course,existing searches
robotics course online,existing searches
robotics degree online,existing searches
robotics engineering online,existing
robotics online degree,existing searches
robotics online masters,existing searches
robotics university,existing
robust control online course,existing searches
rocket engine,existing
rocket engineering,existing searches
rocket for sale,existing searches
rotating equipment engineer course,existing searches
rpi computer systems engineering course,new
sales engineering courses,existing searches
scada architecture,existing searches
scada certification courses,existing searches
scada training,existing searches
sce certificate,existing searches
scholarships for software engineering,existing searches
school infosec4tc,existing searches
school of engineering in nigeria,existing searches
se certification,existing searches
sebok,existing searches
security system engineer course,new
security systems engineer courses,new
security systems engineering course,new
security systems engineering courses,new
sfu systems engineering courses,new
short courses for mechanical engineers,existing searches
short courses systems engineering,new
shortest fully funded doctoral programs,existing searches
should i take operating systems or software enginering course reddit,new
signal processing stanford,existing searches
simplilearn,existing searches
simplilearn skillup login,existing searches
simulation modelling practice and theory,existing searches
simulation of complex systems,existing
simulink course online,existing searches
simulink courses,existing searches
sistem engineering,existing searches
site planning online mit,existing searches
site reliability engineering training,existing searches
skill certificate,existing searches
skill lync,existing searches
skills academy courses,existing searches
skills for systems engineer,existing searches
skillup,existing searches
skillup by simplilearn,existing searches
smart manufacturing course,existing searches
so you want to be a systems engineer,existing searches
soa architecture,existing searches
soc architecture,existing searches
software architect certification,existing searches
software architect certification courses,existing searches
software architect course,existing searches
software architect masters degree,existing searches
software architecture,existing searches
software architecture certificate,existing searches
software architecture certification,existing searches
software architecture certification courses,existing searches
software architecture certifications,existing searches
software architecture course,existing searches
software architecture course mit,existing searches
software architecture course online,existing searches
software architecture in practice,existing searches
software architecture programs,existing searches
software architecture training,existing searches
software courses online,existing searches
software developer learnership,existing searches
software engineer,existing searches
software engineer certification,existing searches
software engineer certification free,existing searches
software engineer course,existing searches
software engineer courses free,existing searches
software engineer courses online,existing searches
software engineer free courses,existing searches
software engineer free courses with certificates,existing searches
software engineer institute,existing
software engineer mit,existing searches
software engineer online course,existing searches
software engineer online degree,existing searches
software engineering course,existing
software engineering course free,existing searches
software engineering courses,existing
software engineering institute capability maturity model,existing searches
software engineering lab course management system,new
software engineering online,existing
software packages for engineering applications,existing
software system design course,existing searches
software systems engineer,existing
software systems engineering,existing
software systems engineering courses,new
solidworks certificate course,existing searches
solidworks course,existing searches
solution architect certification,existing searches
solution architect course,existing searches
solution architect course online,existing searches
solution architecture certification,existing searches
solution architecture course,existing searches
solutions architect certification,existing searches
solutions architect course,existing searches
solutions architecture certification,existing
solutions architecture courses,existing searches
sommerville software engineering 7th edition,existing searches
sound engineering courses,existing
sound engineering training,existing searches
sound system engineering courses,new
southampton space systems engineering course,new
southampton university space systems engineering course,new
space grant systems engineering course,new
space system engineering course,new
space system engineering courses,new
space systems engineering course,existing searches
space systems engineering course southampton,new
space systems engineering course university of southampton,new
space systems engineering johns hopkins,existing searches
space systems engineering online course,new
space systems engineering short course,new
space technology courses,existing searches
spacecraft system engineering,existing searches
spacecraft systems engineering,existing searches
spacecraft systems engineering course,new
spacecraft systems engineering course southampton,new
spacex,existing searches
spacex online courses,existing searches
spacex systems engineering,existing searches
spacex systems engineering process,existing searches
sr systems engineer,existing
ss tech knowledge,existing searches
ssse,existing searches
stanford engineering,existing searches
stanford engineering courses,existing searches
stanford engineering everywhere,existing searches
stanford engineering leadership,existing searches
stanford online,existing searches
stanford software engineering course,existing searches
stanford university certificate programs,existing searches
stanford university electrical engineering,existing searches
stanford university online courses,existing searches
stationary engineer license,existing searches
statistical process control course free,existing searches
statistics course,existing searches
stevens systems engineering courses,new
stm32 course,existing searches
stp computer,existing searches
stp computer education,existing searches
straighterline university,existing searches
structural engineer courses online,existing searches
structural engineering course,existing searches
structural engineering courses,existing
study electrical engineering online,existing searches
study engineering,existing
study engineering online,existing
study online,existing searches
study robotics engineering,existing
study systems engineering,existing searches
study systems engineering in australia,existing searches
study technology online,existing searches
subsea production systems engineering course,new
summer programs for engineering students,existing searches
surveying courses,existing
sustainable energy degree,existing
sustainable engineering systems for buildings online course,new
sysml,existing searches
sysml certification,existing searches
sysml class,existing searches
sysml course,existing searches
sysml distilled,existing searches
sysml for systems engineering,existing searches
sysml modeling,existing searches
sysml online course,existing searches
sysml overview,existing searches
sysml tools,existing searches
sysml training,existing
sysml training course,existing searches
sysml training online,existing searches
system administrator certification,existing searches
system analyst courses online,existing searches
system architechture,existing searches
system architect,existing
system architect certification,existing searches
system architect course,existing searches
system architect training,existing searches
system architect training courses,existing searches
system architecture,existing
system architecture certification,existing searches
system architecture course,existing searches
system architecture courses,existing searches
system architecture development,existing searches
system architecture full course,existing searches
system architecture mit,existing searches
system architecture model,existing searches
system architecture principles,existing searches
system architecture strategy and product development,existing searches
system architecture strategy and product development for complex systems,existing searches
system architecture training,existing searches
system architecture training courses,existing searches
system architectures,existing searches
system arcitecture,existing searches
system courses for electrical engineers,new
system design,existing searches
system design best books,existing searches
system design certification,existing searches
system design course,existing searches
system design course online,existing searches
system design courses,existing searches
system design engineering courses,new
system design for llm application,existing searches
system design fundamentals,existing searches
system design management,existing searches
system design mit,existing searches
system dynamics and control engineering courses,new
system dynamics course,existing searches
system dynamics model,existing searches
system eng,existing searches
system engeneering,existing searches
system engineer,existing
system engineer certificate,existing searches
system engineer certification,existing searches
system engineer certifications,existing
system engineer course,existing searches
system engineer course duration,new
system engineer course in bangalore,new
system engineer course in chennai,new
system engineer course online,new
system engineer course online free,new
system engineer course singapore,new
system engineer courses,existing searches
system engineer courses online,existing searches
system engineer degree,existing searches
system engineer management course,new
system engineer management course mit,new
system engineer mit,existing searches
system engineer online course,new
system engineer online courses,new
system engineer program,existing searches
system engineer responsibilities,existing
system engineer school,existing searches
system engineer training,existing searches
system engineer training courses,new
system engineer umich course,new
system engineering,existing
system engineering and architecture,existing searches
system engineering approach,existing searches
system engineering basics,existing searches
system engineering certificate,existing searches
system engineering certification,existing searches
system engineering certification courses,existing searches
system engineering certification courses free,new
system engineering certifications,existing searches
system engineering classes,existing searches
system engineering conference,existing searches
system engineering conferences,existing searches
system engineering course,existing searches
system engineering course in india,new
system engineering course mit,existing searches
system engineering course online,existing searches
system engineering course pdf,existing searches
system engineering course penn state,new
system engineering course singapore,new
system engineering course syllabus,new
system engineering courses,existing
system engineering courses cu boulder,new
system engineering courses in india,new
system engineering courses online,existing searches
system engineering cursus,existing searches
system engineering definition,existing searches
system engineering degree,existing
system engineering education,existing
system engineering example,existing searches
system engineering examples,existing searches
system engineering framework,existing searches
system engineering fundamentals,existing searches
system engineering in automotive industry,existing searches
system engineering incose,existing searches
system engineering journal,existing searches
system engineering life cycle phases,existing searches
system engineering master,existing searches
system engineering master degree,existing searches
system engineering masters,existing
system engineering masters online,existing searches
system engineering mit,existing
system engineering mit course,existing searches
system engineering model,existing searches
system engineering models,existing searches
system engineering online course,existing searches
system engineering phases,existing searches
system engineering phd programs,existing searches
system engineering ppt,existing searches
system engineering process,existing
system engineering process model,existing
system engineering program,existing searches
system engineering schools,existing
system engineering short course,new
system engineering software,existing searches
system engineering tools,existing searches
system engineering training,existing
system engineering training course,existing
system engineering training courses,existing
system engineering training online,existing
system engineering university,existing searches
system engineering v model,existing searches
system engineering zertifizierung,existing searches
system enginnering,existing searches
system identification course,existing searches
system integration,existing
system integration companies,existing
system integration course,existing searches
system integration engineer,existing
system integration engineering,existing searches
system integration it,existing
system integration training,existing searches
system integrations,existing
system modeling and simulation,existing
system modeling tools,existing
system modelling,existing
system of system,existing searches
system of systems,existing searches
system of systems architecture,existing searches
system of systems engineering innovations for the 21st century,existing searches
system of systems example,existing searches
system reliability engineer,existing searches
system safety engineer certification,existing searches
system safety engineering,existing searches
system safety engineering course,existing searches
system safety engineering course australia,new
system simulation and modelling,existing
system software engineer courses,new
system thinking course,existing searches
system thinking mit,existing searches
system validation engineer course,new
systems administrator certifications,existing searches
systems and models,existing
systems and software engineering architecture description,existing searches
systems architect,existing searches
systems architecture,existing searches
systems architecture course,existing searches
systems architecture modeling with the arcadia method,existing searches
systems architecture training,existing searches
systems certification,existing searches
systems course,existing searches
systems design,existing searches
systems design and architecture,existing searches
systems design course,existing searches
systems design engineering courses,new
systems design engineering courses uwaterloo,new
systems design engineering courses waterloo,new
systems design engineering first year courses,new
systems design engineering waterloo courses,new
systems design engineering waterloo graduate courses,new
systems design interview,existing searches
systems development engineer,existing
systems dynamics course,existing searches
systems engineer,existing
systems engineer automotive,existing searches
systems engineer certification,existing searches
systems engineer certification course,existing searches
systems engineer certification courses,new
systems engineer certifications,existing searches
systems engineer course,existing searches
systems engineer courses,existing searches
systems engineer degree,existing searches
systems engineer degree courses,new
systems engineer degree online,existing searches
systems engineer education,existing
systems engineer education requirements,existing
systems engineer i,existing
systems engineer iii,existing
systems engineer iv,existing
systems engineer masters,existing searches
systems engineer salary range,existing searches
systems engineer training,existing searches
systems engineer v,existing
systems engineering,existing
systems engineering and analysis course syllabus,new
systems engineering and artificial intelligence,existing searches
systems engineering and design course map,new
systems engineering and design uiuc course map,new
systems engineering approach,existing
systems engineering asu courses,new
systems engineering basics,existing searches
systems engineering best practices,existing searches
systems engineering blog,existing searches
systems engineering body of knowledge sebok,existing searches
systems engineering books,existing searches
systems engineering bootcamp,existing searches
systems engineering case study,existing searches
systems engineering certificate,existing
systems engineering certificate mit,existing searches
systems engineering certificate online,existing
systems engineering certificate program,existing
systems engineering certificate programs,existing searches
systems engineering certification,existing
systems engineering certification course,new
systems engineering certification courses,new
systems engineering certification online,existing
systems engineering certifications,existing searches
systems engineering class,existing searches
systems engineering classes,existing searches
systems engineering conference,existing searches
systems engineering conferences,existing searches
systems engineering conferences 2023,existing searches
systems engineering continuing education,existing
systems engineering course,existing
systems engineering course description,new
systems engineering course map,new
systems engineering course map uiuc,new
systems engineering course mavris georgia tech,new
systems engineering course melbourne,new
systems engineering course mit,existing searches
systems engineering course online,existing
systems engineering course philippines,new
systems engineering course projects,new
systems engineering course requirements,new
systems engineering course syllabus,new
systems engineering course ucf,new
systems engineering course uk,new
systems engineering coursera,existing searches
systems engineering courses,existing
systems engineering courses australia,new
systems engineering courses canada,new
systems engineering courses colorado state university,new
systems engineering courses cornell,new
systems engineering courses cost,new
systems engineering courses curriculum cornell,new
systems engineering courses imeche,new
systems engineering courses in canada,new
systems engineering courses in india,new
systems engineering courses in south africa,new
systems engineering courses in unilag,new
systems engineering courses in usa,new
systems engineering courses lmu,new
systems engineering courses melbourne,new
systems engineering courses michigan,new
systems engineering courses online,existing
systems engineering courses online certificate,new
systems engineering courses online certification,new
systems engineering courses online penn state,new
systems engineering courses require calculus,new
systems engineering courses scotland,new
systems engineering courses udemy,new
systems engineering courses uiuc,new
systems engineering courses uk,new
systems engineering courses upenn,new
systems engineering courses usa,new
systems engineering courses uva,new
systems engineering courses uwaterloo,new
systems engineering courses waterloo,new
systems engineering crash course,new
systems engineering curriculum,existing
systems engineering definition,existing searches
systems engineering degree,existing
systems engineering degree online,existing
systems engineering degree programs,existing
systems engineering degree rankings,existing
systems engineering degrees,existing searches
systems engineering department,existing
systems engineering disciplines,existing searches
systems engineering distance learning,existing
systems engineering doctorate,existing searches
systems engineering education,existing
systems engineering edx,existing searches
systems engineering failures,existing searches
systems engineering fernstudium,existing searches
systems engineering for aerospace,existing searches
systems engineering for manufacturing,existing
systems engineering free course,new
systems engineering free courses,new
systems engineering free dod courses,new
systems engineering free online course,new
systems engineering fundamentals,existing
systems engineering graduate certificate,existing
systems engineering graduate programs,existing
systems engineering group,existing searches
systems engineering guide for systems of systems,existing searches
systems engineering handbook,existing searches
systems engineering in healthcare,existing
systems engineering in software engineering,existing searches
systems engineering incose,existing searches
systems engineering journals,existing searches
systems engineering lifecycle,existing searches
systems engineering major,existing
systems engineering management,existing
systems engineering management course,new
systems engineering management plan pdf,existing searches
systems engineering manager,existing
systems engineering master,existing searches
systems engineering masters,existing
systems engineering masters courses,new
systems engineering masters degree,existing
systems engineering masters online,existing
systems engineering masters programs,existing
systems engineering masters ranking,existing
systems engineering masters uk,existing searches
systems engineering mbse,existing
systems engineering methodologies,existing searches
systems engineering methodology,existing searches
systems engineering minor,existing searches
systems engineering mit,existing
systems engineering model,existing
systems engineering modeling and simulation,existing searches
systems engineering models,existing
systems engineering models and methods to manage complex systems,existing
systems engineering msc,existing searches
systems engineering nasa,existing searches
systems engineering nus,existing searches
systems engineering online,existing
systems engineering online certificate,existing searches
systems engineering online course,existing
systems engineering online course free,new
systems engineering online courses,existing searches
systems engineering online degree,existing
systems engineering online masters,existing
systems engineering online program,existing searches
systems engineering ontology,existing searches
systems engineering optimization courses,new
systems engineering organizational structure,existing searches
systems engineering phd,existing
systems engineering phd online,existing
systems engineering practice,existing searches
systems engineering principles,existing searches
systems engineering principles and practice,existing
systems engineering principles and practice pdf,existing searches
systems engineering process,existing
systems engineering processes,existing searches
systems engineering professional certification,existing searches
systems engineering professional course,new
systems engineering program,existing searches
systems engineering programs,existing
systems engineering projects,existing searches
systems engineering ranking,existing
systems engineering reddit,existing searches
systems engineering roadmap,existing searches
systems engineering schools,existing
systems engineering seminars courses,new
systems engineering short course,existing searches
systems engineering short courses,existing
systems engineering short courses australia,new
systems engineering short courses online,new
systems engineering short courses uk,new
systems engineering software,existing searches
systems engineering solutions,existing searches
systems engineering stanford,existing searches
systems engineering steps,existing searches
systems engineering templates,existing searches
systems engineering tools,existing
systems engineering training,existing
systems engineering training course,new
systems engineering training courses,existing searches
systems engineering training courses australia,new
systems engineering training courses uk,new
systems engineering training online,existing
systems engineering training seminars,existing searches
systems engineering uiuc course map,new
systems engineering uiuc course sequence,new
systems engineering uiuc courses,new
systems engineering undergraduate degree,existing searches
systems engineering universities,existing
systems engineering upenn course,new
systems engineering upenn courses,new
systems engineering use cases,existing searches
systems engineering uta courses,new
systems engineering uva course,new
systems engineering uva courses,new
systems engineering v model,existing searches
systems engineering v model explained,existing searches
systems engineering videos,existing searches
systems engineering with sysml uml modeling analysis design,existing searches
systems engineering zertifizierung,existing searches
systems enginering,existing searches
systems modeling,existing
systems modeling and simulation,existing searches
systems programming vs software engineering course,new
systems safety engineering,existing searches
systems safety engineering course,new
systems science and engineering,existing searches
systems thinking,existing searches
systems thinking certification,existing searches
systems thinking course,existing searches
systems thinking course harvard,existing searches
systems thinking for product managers,existing searches
systems thinking mit,existing searches
systems thinking mit xpro,existing searches
systemsengineeringapproach,existing
systemsengineeringmodels,existing
systemverilog course,existing searches
tata certification courses,existing searches
teaching degrees online,existing searches
tech degrees,existing searches
tech programs online,existing searches
technical communication for engineers,existing searches
technical engineering courses,existing searches
technicon sa application,existing searches
technology architecture,existing
technology architecture principles,existing searches
telecommunications engineering online degree,existing searches
tensorflow online course,existing searches
tentative course offerings schedule for industrial and systems engineering,new
textbook for civil engineering systems course,new
the architectural imagination edx,existing searches
the best engineering colleges,existing
the mind luster,existing searches
the sei,existing
the structure of complex systems,existing searches
thermodynamics engineering,existing searches
togaf,existing searches
top aerospace companies,existing
top engineering schools in usa,existing searches
top masters in education programs,existing
top mechanical engineering schools,existing searches
top online certifications,existing searches
top ranked online colleges,existing searches
top systems engineering graduate programs,existing
topper world computer organization and architecture,existing searches
toyota course 851 engine control systems i de anza,new
toyota course 852 engine control systems i de anza,new
training for electrician,existing
training mechanical engineering,existing searches
training on embedded system,existing searches
trans global training,existing searches
trend system engineering course,new
tu delft systems engineering,existing searches
types of engineering,existing
types of it architecture,existing searches
u theory mit,existing searches
uart programming in embedded c,existing searches
ubc programs and courses,existing searches
uc davis biological systems engineering courses,new
ucl systems engineering course,new
ucl systems engineering short course,new
udemy,existing searches
udemy certificate,existing searches
udemy mechanical engineering courses,existing searches
uf controls of mechanical engineering systems course,new
uipath academy,existing searches
uiuc systems engineering course,new
uiuc systems engineering course grad,new
uiuc systems engineering course map,new
uiuc systems engineering course map grad,new
uiuc systems engineering courses,new
umbc systems engineering courses,new
umd systems engineering,existing searches
uml sysml,existing searches
undergraduate engineering degree online,existing searches
undergraduate engineering programs,existing searches
uni engineering,existing
unified architecture framework certification,existing searches
universal systems model,existing
university certificate,existing
university certificate programs,existing
university course information based systems engineering,new
university courses,existing searches
university courses engineering,existing
university courses for engineering,existing
university degree courses,existing
university doctoral programs,existing
university electrical engineering power system courses,new
university engineering courses,existing
university masters programs,existing
university of arizona architectural engineering,existing searches
university of michigan systems engineering,existing searches
university of regina industrial systems engineering courses,new
university of regina software systems engineering courses,new
university of technology,existing searches
university of technology online application,existing searches
university undergraduate courses,existing
unsw systems engineering short course,new
up grad,existing searches
upcoming online faculty development programme in engineering colleges 2020,existing searches
upenn systems engineering courses,new
ups systems engineer,existing searches
us accredited colleges,existing searches
usc industrial and systems engineering course schedule,new
uva systems engineering course,new
uva systems engineering course requirements,new
uva systems engineering courses,new
v model in system engineering,existing searches
v model system engineering,existing searches
v model systems engineering,existing searches
vaal technical institute online application,existing searches
vacancies technical engineering in karachi sindh,existing searches
vasimr engine,existing searches
vehicle architecture course,existing searches
virginia tech systems engineering courses,new
vlsi courses,existing searches
vlsi online course with certificate free,existing searches
washu electrical and systems engineering courses,new
water systems engineering courses,new
waterloo systems design engineering courses,new
web courses,existing searches
websites for online courses with certificates,existing searches
wers worldwide engineering release system,existing searches
western sydney university courses,existing searches
wharton certificate program,existing searches
what courses count as systems thinking or systems engineering,new
what courses do you need for a control systems engineer,new
what is a systems engineer,existing searches
what is computer engineer,existing searches
what is cs50,existing searches
what is manufacturing system engineering course,new
what is system engineering,existing searches
what is systems engineering course,new
what is systems engineering degree,existing
which systems engineering courses require calculus,new
wms architecture,existing searches
wpi systems engineering course,new
www easyengineering net civil,existing searches
www hanleywooduniversity com,existing searches
www kirti engineer in online test,existing searches
www mit com,existing searches
www ocw mit edu,existing searches
www resolutioncircle co za,existing searches
www seta training co za,existing searches
xpro architecture of complex systems,existing
xpro mit,existing searches
xpro mit edu,existing searches
yocto project courses,existing searches
zachman framework for enterprise architecture,existing searches
zc ocw,existing searches
zone architecture automotive,existing searches
