Day,t_Clicks_OptCost,t_Clicks_ActCost,tm1_Clicks_OptCost,Actual_Clicks,Opt_Cost,Act_Cost,Hist_MSE,Hist_R2,Hist_Bias,Day_MSE,Day_R2,Day_Bias,N_Obs,N_Opt,SlurmJobId,SlurmArrayTaskId,x_max,alpha
2025-12-02,106.30309295654297,228.93316650390625,290.93640586206783,292.0,362.40651067846227,350.34000000000003,3.5865089893341064,0.9410291314125061,-0.00040313621573851273,0.2018638253211975,0.9991461634635925,-0.0862741470336914,32,19,8197349,1,90.0,0.0
