Day,t_Clicks_OptCost,t_Clicks_ActCost,tm1_Clicks_OptCost,Actual_Clicks,Opt_Cost,Act_Cost,Hist_MSE,Hist_R2,Hist_Bias,Day_MSE,Day_R2,Day_Bias,N_Obs,N_Opt,SlurmJobId,SlurmArrayTaskId,x_max,alpha
2025-12-24,174.5930633544922,222.3334503173828,561.2213458477323,294.0,399.6080998449129,353.90999999999997,6.3965253829956055,0.9495099186897278,-0.001120999777619432,0.6013098359107971,0.9983742237091064,-0.13858969509601593,36,64,8156698,23,15.0,0.1
