Day,t_Clicks_OptCost,t_Clicks_ActCost,tm1_Clicks_OptCost,Actual_Clicks,Opt_Cost,Act_Cost,Hist_MSE,Hist_R2,Hist_Bias,Day_MSE,Day_R2,Day_Bias,N_Obs,N_Opt,SlurmJobId,SlurmArrayTaskId,x_max,alpha
2025-12-03,203.02630615234375,217.0236473083496,492.3754023219227,276.0,399.9287535593955,359.4600000000001,6.726939678192139,0.9521603584289551,-0.0005916963166996559,0.20764067769050598,0.9990504384040833,-0.07701633373896281,36,63,8156349,2,15.0,0.1
