Day,t_Clicks_OptCost,t_Clicks_ActCost,tm1_Clicks_OptCost,Actual_Clicks,Opt_Cost,Act_Cost,Hist_MSE,Hist_R2,Hist_Bias,Day_MSE,Day_R2,Day_Bias,N_Obs,N_Opt,SlurmJobId,SlurmArrayTaskId,x_max,alpha
2025-12-17,267.3851318359375,219.86534881591797,529.2066516936943,295.0,399.84289921590795,335.03000000000003,7.382875919342041,0.9485215544700623,-0.0008305367838274183,0.20545659959316254,0.9992456436157227,-0.08894278662545341,35,48,8156558,16,15.0,0.1
