Day,t_Clicks_OptCost,t_Clicks_ActCost,tm1_Clicks_OptCost,Actual_Clicks,Opt_Cost,Act_Cost,Hist_MSE,Hist_R2,Hist_Bias,Day_MSE,Day_R2,Day_Bias,N_Obs,N_Opt,SlurmJobId,SlurmArrayTaskId,x_max,alpha
2025-12-14,169.20236206054688,286.40231704711914,558.6398884714241,353.0,399.8590312970659,524.29,7.274457931518555,0.9510093927383423,-0.001132052028878437,0.17779068648815155,0.9992941617965698,-0.07039937759057069,39,54,8173384,13,15.0,0.1
