Day,t_Clicks_OptCost,t_Clicks_ActCost,tm1_Clicks_OptCost,Actual_Clicks,Opt_Cost,Act_Cost,Hist_MSE,Hist_R2,Hist_Bias,Day_MSE,Day_R2,Day_Bias,N_Obs,N_Opt,SlurmJobId,SlurmArrayTaskId,x_max,alpha
2025-12-10,321.75445556640625,209.34768676757812,514.6059520679299,285.0,397.84750843331597,347.52,7.068687915802002,0.9519866704940796,-0.0004584959681465589,0.07023870199918747,0.9993925094604492,-0.04375080058449193,38,71,8156434,9,15.0,0.1
