Day,t_Clicks_OptCost,t_Clicks_ActCost,tm1_Clicks_OptCost,Actual_Clicks,Opt_Cost,Act_Cost,Hist_MSE,Hist_R2,Hist_Bias,Day_MSE,Day_R2,Day_Bias,N_Obs,N_Opt,SlurmJobId,SlurmArrayTaskId,x_max,alpha
2025-12-23,395.2120666503906,209.86165618896484,551.5492866436771,275.0,400.00000000000045,323.91,7.805145740509033,0.948903501033783,-0.00033648429179683925,0.0889599621295929,0.9995110034942627,-0.04846648617488582,41,61,8156682,22,15.0,0.1
