Day,t_Clicks_OptCost,t_Clicks_ActCost,tm1_Clicks_OptCost,Actual_Clicks,Opt_Cost,Act_Cost,Hist_MSE,Hist_R2,Hist_Bias,Day_MSE,Day_R2,Day_Bias,N_Obs,N_Opt,SlurmJobId,SlurmArrayTaskId,x_max,alpha
2025-12-15,214.64956665039062,260.1197814941406,550.1698640721302,314.0,400.00000000000034,381.4199999999999,6.39404296875,0.9539796710014343,-0.001381039561701024,0.18150389194488525,0.9990571737289429,-0.06515936475051076,38,120,8173406,14,15.0,0.1
