Day,t_Clicks_OptCost,t_Clicks_ActCost,tm1_Clicks_OptCost,Actual_Clicks,Opt_Cost,Act_Cost,Hist_MSE,Hist_R2,Hist_Bias,Day_MSE,Day_R2,Day_Bias,N_Obs,N_Opt,SlurmJobId,SlurmArrayTaskId,x_max,alpha
2025-12-27,198.99794006347656,194.5679168701172,512.4897499994261,283.0,399.9650983883781,332.59000000000003,7.03297758102417,0.9564738869667053,-0.00032675945840598443,0.08835232257843018,0.99942547082901,-0.04333738791636932,39,96,8156748,26,15.0,0.1
