Day,t_Clicks_OptCost,t_Clicks_ActCost,tm1_Clicks_OptCost,Actual_Clicks,Opt_Cost,Act_Cost,Hist_MSE,Hist_R2,Hist_Bias,Day_MSE,Day_R2,Day_Bias,N_Obs,N_Opt,SlurmJobId,SlurmArrayTaskId,x_max,alpha
2025-12-16,453.9141845703125,249.00111389160156,261.0615480243056,310.0,399.8638117632057,367.58000000000004,6.144341945648193,0.9549071192741394,-0.0009441240165747178,0.3240439295768738,0.9988030195236206,-0.08300259866212543,38,132,8156515,15,15.0,0.1
