Day,t_Clicks_OptCost,t_Clicks_ActCost,tm1_Clicks_OptCost,Actual_Clicks,Opt_Cost,Act_Cost,Hist_MSE,Hist_R2,Hist_Bias,Day_MSE,Day_R2,Day_Bias,N_Obs,N_Opt,SlurmJobId,SlurmArrayTaskId,x_max,alpha
2025-12-28,225.66873168945312,230.87679290771484,447.3969546059558,309.0,400.00000000000006,338.32,7.494844436645508,0.9485574960708618,-0.0011653303931305047,0.08515597879886627,0.9995026588439941,-0.03908027159540277,38,88,8173555,27,15.0,0.1
