Day,t_Clicks_OptCost,t_Clicks_ActCost,tm1_Clicks_OptCost,Actual_Clicks,Opt_Cost,Act_Cost,Hist_MSE,Hist_R2,Hist_Bias,Day_MSE,Day_R2,Day_Bias,N_Obs,N_Opt,SlurmJobId,SlurmArrayTaskId,x_max,alpha
2025-12-21,267.03533935546875,224.799072265625,467.3948904958179,270.0,399.93545259472467,340.28000000000003,6.956490993499756,0.9514049887657166,-0.0001329508641787657,0.12477037310600281,0.999349057674408,-0.05675015739492468,37,64,8173460,20,15.0,0.1
