Day,t_Clicks_OptCost,t_Clicks_ActCost,tm1_Clicks_OptCost,Actual_Clicks,Opt_Cost,Act_Cost,Hist_MSE,Hist_R2,Hist_Bias,Day_MSE,Day_R2,Day_Bias,N_Obs,N_Opt,SlurmJobId,SlurmArrayTaskId,x_max,alpha
2025-12-25,233.22537231445312,199.1697540283203,387.53195127894776,281.0,399.76773421918904,351.03999999999996,6.489027976989746,0.9517881870269775,-0.0013165185332100855,0.45405012369155884,0.998343825340271,-0.12361699508296119,36,62,8173496,24,15.0,0.1
