Day,t_Clicks_OptCost,t_Clicks_ActCost,tm1_Clicks_OptCost,Actual_Clicks,Opt_Cost,Act_Cost,Hist_MSE,Hist_R2,Hist_Bias,Day_MSE,Day_R2,Day_Bias,N_Obs,N_Opt,SlurmJobId,SlurmArrayTaskId,x_max,alpha
2025-12-05,384.33489990234375,221.10304260253906,544.3176176709519,303.0,399.8059661707343,326.77000000000004,7.235815525054932,0.9517632126808167,-0.0015732573155469072,0.052484069019556046,0.999660849571228,-0.032251759579307156,38,79,8156372,4,15.0,0.1
