Day,t_Clicks_OptCost,t_Clicks_ActCost,tm1_Clicks_OptCost,Actual_Clicks,Opt_Cost,Act_Cost,Hist_MSE,Hist_R2,Hist_Bias,Day_MSE,Day_R2,Day_Bias,N_Obs,N_Opt,SlurmJobId,SlurmArrayTaskId,x_max,alpha
2025-12-11,214.22158813476562,158.53372955322266,484.56215443767,218.0,398.5978971335695,227.73,6.273027420043945,0.953331470489502,-0.0011110650965905837,0.11442513018846512,0.9987303018569946,-0.0628469399043492,35,56,8156447,10,15.0,0.1
