Day,t_Clicks_OptCost,t_Clicks_ActCost,tm1_Clicks_OptCost,Actual_Clicks,Opt_Cost,Act_Cost,Hist_MSE,Hist_R2,Hist_Bias,Day_MSE,Day_R2,Day_Bias,N_Obs,N_Opt,SlurmJobId,SlurmArrayTaskId,x_max,alpha
2025-12-15,214.53746032714844,260.1197814941406,590.6417735599274,314.0,400.0000000000001,381.4199999999999,7.609620571136475,0.9479272365570068,-0.0005639293841982692,0.18150389194488525,0.9990571737289429,-0.06515936475051076,38,76,8156514,14,15.0,0.1
