Day,t_Clicks_OptCost,t_Clicks_ActCost,tm1_Clicks_OptCost,Actual_Clicks,Opt_Cost,Act_Cost,Hist_MSE,Hist_R2,Hist_Bias,Day_MSE,Day_R2,Day_Bias,N_Obs,N_Opt,SlurmJobId,SlurmArrayTaskId,x_max,alpha
2025-12-05,264.87994384765625,221.10304260253906,428.99686084022426,303.0,511.8374341178595,326.77000000000004,4.253337860107422,0.927976131439209,-0.00027595908497397224,0.052484069019556046,0.999660849571228,-0.032251759579307156,38,113,8193611,4,20.0,0.0
