Day,t_Clicks_OptCost,t_Clicks_ActCost,tm1_Clicks_OptCost,Actual_Clicks,Opt_Cost,Act_Cost,Hist_MSE,Hist_R2,Hist_Bias,Day_MSE,Day_R2,Day_Bias,N_Obs,N_Opt,SlurmJobId,SlurmArrayTaskId,x_max,alpha
2025-12-06,268.280029296875,240.35546875,375.6768229229946,309.0,511.9427000088935,443.0,3.63852596282959,0.9382805824279785,-0.0008780298814986033,0.15404470264911652,0.9990816712379456,-0.048972619904412165,36,53,8193874,5,20.0,0.0
