Day,t_Clicks_OptCost,t_Clicks_ActCost,tm1_Clicks_OptCost,Actual_Clicks,Opt_Cost,Act_Cost,Hist_MSE,Hist_R2,Hist_Bias,Day_MSE,Day_R2,Day_Bias,N_Obs,N_Opt,SlurmJobId,SlurmArrayTaskId,x_max,alpha
2025-12-08,262.0817565917969,220.15817260742188,306.6675916525263,310.0,510.79596103354874,355.0,3.555704116821289,0.9343506097793579,-9.296661013980538e-05,0.1026790663599968,0.9995021224021912,-0.05397993837084089,35,45,8194109,7,20.0,0.0
