Day,t_Clicks_OptCost,t_Clicks_ActCost,tm1_Clicks_OptCost,Actual_Clicks,Opt_Cost,Act_Cost,Hist_MSE,Hist_R2,Hist_Bias,Day_MSE,Day_R2,Day_Bias,N_Obs,N_Opt,SlurmJobId,SlurmArrayTaskId,x_max,alpha
2025-12-08,190.08584594726562,220.1581573486328,348.77981832743626,310.0,362.26807821241687,355.0,3.2615888118743896,0.9061764478683472,-0.0005306437430783433,0.1026790663599968,0.9995021224021912,-0.05397993837084089,35,80,8197922,7,30.0,0.5
