Day,t_Clicks_OptCost,t_Clicks_ActCost,tm1_Clicks_OptCost,Actual_Clicks,Opt_Cost,Act_Cost,Hist_MSE,Hist_R2,Hist_Bias,Day_MSE,Day_R2,Day_Bias,N_Obs,N_Opt,SlurmJobId,SlurmArrayTaskId,x_max,alpha
2025-12-02,142.12005615234375,227.38443756103516,489.0442586674495,281.0,399.8636552633463,338.59999999999997,7.2502121925354,0.9531214833259583,-0.0009175677806227248,0.20417635142803192,0.9992594122886658,-0.10286817642358634,26,106,8144012,1,10.0,1.0
