Day,t_Clicks_OptCost,t_Clicks_ActCost,tm1_Clicks_OptCost,Actual_Clicks,Opt_Cost,Act_Cost,Hist_MSE,Hist_R2,Hist_Bias,Day_MSE,Day_R2,Day_Bias,N_Obs,N_Opt,SlurmJobId,SlurmArrayTaskId,x_max,alpha
2025-12-02,222.70794677734375,228.93316650390625,302.71409250903326,292.0,511.8702155704153,350.34000000000003,3.6299800872802734,0.9263100624084473,-0.00046033194208063087,0.2018638253211975,0.9991461634635925,-0.0862741470336914,32,109,8193157,1,10.0,1.0
