Day,t_Clicks_OptCost,t_Clicks_ActCost,tm1_Clicks_OptCost,Actual_Clicks,Opt_Cost,Act_Cost,Hist_MSE,Hist_R2,Hist_Bias,Day_MSE,Day_R2,Day_Bias,N_Obs,N_Opt,SlurmJobId,SlurmArrayTaskId,x_max,alpha
2025-12-03,78.12155151367188,212.22958755493164,370.93785356263015,272.0,399.9631021612009,355.8500000000001,6.881852626800537,0.9552702307701111,-0.0007988640743870728,0.22839106619358063,0.9990047216415405,-0.08616692529005163,34,103,8144040,2,10.0,1.0
