Day,t_Clicks_OptCost,t_Clicks_ActCost,tm1_Clicks_OptCost,Actual_Clicks,Opt_Cost,Act_Cost,Hist_MSE,Hist_R2,Hist_Bias,Day_MSE,Day_R2,Day_Bias,N_Obs,N_Opt,SlurmJobId,SlurmArrayTaskId,x_max,alpha
2025-12-11,336.34039306640625,127.52103042602539,420.62178297197505,166.0,399.76144097992415,177.5,6.3391547203063965,0.956687867641449,-0.001351209713460042,0.1346288025379181,0.9986507296562195,-0.07600196983133044,28,92,8144143,10,10.0,1.0
