Day,t_Clicks_OptCost,t_Clicks_ActCost,tm1_Clicks_OptCost,Actual_Clicks,Opt_Cost,Act_Cost,Hist_MSE,Hist_R2,Hist_Bias,Day_MSE,Day_R2,Day_Bias,N_Obs,N_Opt,SlurmJobId,SlurmArrayTaskId,x_max,alpha
2025-12-26,361.5304260253906,194.6619873046875,486.0381966751523,253.0,399.98330176135113,297.14000000000004,7.089693546295166,0.9505318403244019,-0.0007855291438835843,0.3059603273868561,0.9986634850502014,-0.10153916563306536,35,115,8144449,25,10.0,1.0
