Day,t_Clicks_OptCost,t_Clicks_ActCost,tm1_Clicks_OptCost,Actual_Clicks,Opt_Cost,Act_Cost,Hist_MSE,Hist_R2,Hist_Bias,Day_MSE,Day_R2,Day_Bias,N_Obs,N_Opt,SlurmJobId,SlurmArrayTaskId,x_max,alpha
2025-12-24,336.2491149902344,222.3334503173828,464.2916112573934,294.0,399.9723628548568,353.90999999999997,6.558444976806641,0.9520007967948914,-0.001284864536128977,0.6013098359107971,0.9983742237091064,-0.13858969509601593,36,121,8144428,23,10.0,1.0
