Day,t_Clicks_OptCost,t_Clicks_ActCost,tm1_Clicks_OptCost,Actual_Clicks,Opt_Cost,Act_Cost,Hist_MSE,Hist_R2,Hist_Bias,Day_MSE,Day_R2,Day_Bias,N_Obs,N_Opt,SlurmJobId,SlurmArrayTaskId,x_max,alpha
2025-12-27,246.56924438476562,194.5679168701172,394.02125334302553,283.0,399.8466418859433,332.59000000000003,6.510020732879639,0.9535922408103943,-0.0006160171568337638,0.08835232257843018,0.99942547082901,-0.04333738791636932,39,117,8144473,26,10.0,1.0
