Day,t_Clicks_OptCost,t_Clicks_ActCost,tm1_Clicks_OptCost,Actual_Clicks,Opt_Cost,Act_Cost,Hist_MSE,Hist_R2,Hist_Bias,Day_MSE,Day_R2,Day_Bias,N_Obs,N_Opt,SlurmJobId,SlurmArrayTaskId,x_max,alpha
2025-12-18,204.33123779296875,204.0795669555664,394.20585613649143,266.0,399.8282178686801,320.42999999999995,7.306468963623047,0.9484986066818237,-0.0016649794739692812,0.1714707911014557,0.9988669753074646,-0.06095331101804166,37,133,8144352,17,10.0,1.0
