Day,t_Clicks_OptCost,t_Clicks_ActCost,tm1_Clicks_OptCost,Actual_Clicks,Opt_Cost,Act_Cost,Hist_MSE,Hist_R2,Hist_Bias,Day_MSE,Day_R2,Day_Bias,N_Obs,N_Opt,SlurmJobId,SlurmArrayTaskId,x_max,alpha
2025-12-06,159.64556884765625,219.1288604736328,577.3776755893739,306.0,399.99999999999955,439.38000000000005,6.6443376541137695,0.9540894627571106,-0.000618425980386222,0.133864164352417,0.9992327690124512,-0.05084293028887581,34,69,8144069,5,10.0,1.0
