Day,t_Clicks_OptCost,t_Clicks_ActCost,tm1_Clicks_OptCost,Actual_Clicks,Opt_Cost,Act_Cost,Hist_MSE,Hist_R2,Hist_Bias,Day_MSE,Day_R2,Day_Bias,N_Obs,N_Opt,SlurmJobId,SlurmArrayTaskId,x_max,alpha
2025-12-16,316.87237548828125,236.3140411376953,347.26140364342837,295.0,399.999999999999,359.03999999999996,6.076094150543213,0.9542852640151978,-0.0007692321377751882,0.34833770990371704,0.9988647699356079,-0.09400556123617923,33,185,8144277,15,5.0,1.0
