Day,t_Clicks_OptCost,t_Clicks_ActCost,tm1_Clicks_OptCost,Actual_Clicks,Opt_Cost,Act_Cost,Hist_MSE,Hist_R2,Hist_Bias,Day_MSE,Day_R2,Day_Bias,N_Obs,N_Opt,SlurmJobId,SlurmArrayTaskId,x_max,alpha
2025-12-04,56.03667449951172,198.94517517089844,331.5125699919821,305.0,400.00000071945976,369.16,7.248627662658691,0.9490453004837036,-0.0010287516971510477,0.07428496330976486,0.9997025728225708,-0.0545812634860768,34,110,8144041,3,5.0,1.0
