Day,t_Clicks_OptCost,t_Clicks_ActCost,tm1_Clicks_OptCost,Actual_Clicks,Opt_Cost,Act_Cost,Hist_MSE,Hist_R2,Hist_Bias,Day_MSE,Day_R2,Day_Bias,N_Obs,N_Opt,SlurmJobId,SlurmArrayTaskId,x_max,alpha
2025-12-27,254.80894470214844,194.5679168701172,408.1563695710867,283.0,399.80861103325805,332.59000000000003,6.510020732879639,0.9535922408103943,-0.0006160171568337638,0.08835232257843018,0.99942547082901,-0.04333738791636932,39,102,8144473,26,5.0,1.0
