Day,t_Clicks_OptCost,t_Clicks_ActCost,tm1_Clicks_OptCost,Actual_Clicks,Opt_Cost,Act_Cost,Hist_MSE,Hist_R2,Hist_Bias,Day_MSE,Day_R2,Day_Bias,N_Obs,N_Opt,SlurmJobId,SlurmArrayTaskId,x_max,alpha
2025-12-12,416.4945373535156,182.21797943115234,390.7508836711753,235.0,399.83886837782603,232.43999999999994,5.147830963134766,0.9218065738677979,-0.0006073862928638442,0.07978560775518417,0.9986361265182495,-0.04388275500890371,37,192,8144144,11,5.0,1.0
