Day,t_Clicks_OptCost,t_Clicks_ActCost,tm1_Clicks_OptCost,Actual_Clicks,Opt_Cost,Act_Cost,Hist_MSE,Hist_R2,Hist_Bias,Day_MSE,Day_R2,Day_Bias,N_Obs,N_Opt,SlurmJobId,SlurmArrayTaskId,x_max,alpha
2025-12-05,246.39698791503906,213.63367462158203,460.69346315501986,299.0,399.8950800143248,323.65,6.902172565460205,0.955912709236145,-0.0008509460059878701,0.05951615050435066,0.9996368885040283,-0.03428759234292167,35,142,8144068,4,5.0,1.0
