Day,t_Clicks_OptCost,t_Clicks_ActCost,tm1_Clicks_OptCost,Actual_Clicks,Opt_Cost,Act_Cost,Hist_MSE,Hist_R2,Hist_Bias,Day_MSE,Day_R2,Day_Bias,N_Obs,N_Opt,SlurmJobId,SlurmArrayTaskId,x_max,alpha
2025-12-14,301.2630920410156,286.40231704711914,355.2617553612632,353.0,399.53637469604115,524.29,6.890982627868652,0.9503342509269714,-0.0006725173606142928,0.17779068648815155,0.9992941617965698,-0.07039937759057069,39,158,8144191,13,5.0,1.0
