Day,t_Clicks_OptCost,t_Clicks_ActCost,tm1_Clicks_OptCost,Actual_Clicks,Opt_Cost,Act_Cost,Hist_MSE,Hist_R2,Hist_Bias,Day_MSE,Day_R2,Day_Bias,N_Obs,N_Opt,SlurmJobId,SlurmArrayTaskId,x_max,alpha
2025-12-21,280.805908203125,208.20486450195312,336.3119965546158,255.0,399.9632720978933,313.62000000000006,7.491006374359131,0.9522229433059692,-0.0008131143022934744,0.12914341688156128,0.9993770718574524,-0.06134850838605095,34,128,8144382,20,5.0,1.0
