Day,t_Clicks_OptCost,t_Clicks_ActCost,tm1_Clicks_OptCost,Actual_Clicks,Opt_Cost,Act_Cost,Hist_MSE,Hist_R2,Hist_Bias,Day_MSE,Day_R2,Day_Bias,N_Obs,N_Opt,SlurmJobId,SlurmArrayTaskId,x_max,alpha
2025-12-26,385.48681640625,236.06975936889648,334.04351260924955,295.0,399.76461135587175,352.57000000000005,7.282319068908691,0.9473178386688232,-0.0010766038124337247,0.34520968794822693,0.9984145164489746,-0.07808306431158996,39,284,8175064,25,10.0,0.05
