Day,t_Clicks_OptCost,t_Clicks_ActCost,tm1_Clicks_OptCost,Actual_Clicks,Opt_Cost,Act_Cost,Hist_MSE,Hist_R2,Hist_Bias,Day_MSE,Day_R2,Day_Bias,N_Obs,N_Opt,SlurmJobId,SlurmArrayTaskId,x_max,alpha
2025-12-18,150.22552490234375,204.0795669555664,391.08704186049454,266.0,399.94216133699206,320.42999999999995,5.450582981109619,0.9551423192024231,-0.0007015754240805296,0.1714707911014557,0.9988669753074646,-0.06095331101804166,37,151,8173428,17,10.0,0.05
