Day,t_Clicks_OptCost,t_Clicks_ActCost,tm1_Clicks_OptCost,Actual_Clicks,Opt_Cost,Act_Cost,Hist_MSE,Hist_R2,Hist_Bias,Day_MSE,Day_R2,Day_Bias,N_Obs,N_Opt,SlurmJobId,SlurmArrayTaskId,x_max,alpha
2025-12-06,293.49896240234375,240.35546875,465.3406630569584,309.0,399.95326927307474,443.0,6.108591556549072,0.9555479288101196,-0.00038866198202688434,0.15404470264911652,0.9990816712379456,-0.048972619904412165,36,133,8156387,5,10.0,0.05
