Day,t_Clicks_OptCost,t_Clicks_ActCost,tm1_Clicks_OptCost,Actual_Clicks,Opt_Cost,Act_Cost,Hist_MSE,Hist_R2,Hist_Bias,Day_MSE,Day_R2,Day_Bias,N_Obs,N_Opt,SlurmJobId,SlurmArrayTaskId,x_max,alpha
2025-12-16,471.16229248046875,249.00111389160156,416.95696213262283,310.0,400.00000000000006,367.58000000000004,7.480031490325928,0.9451102018356323,-0.0006979246083083337,0.3240439295768738,0.9988030195236206,-0.08300259866212543,38,160,8174932,15,10.0,0.05
