Day,t_Clicks_OptCost,t_Clicks_ActCost,tm1_Clicks_OptCost,Actual_Clicks,Opt_Cost,Act_Cost,Hist_MSE,Hist_R2,Hist_Bias,Day_MSE,Day_R2,Day_Bias,N_Obs,N_Opt,SlurmJobId,SlurmArrayTaskId,x_max,alpha
2025-12-11,183.1449737548828,158.53372955322266,393.1438508887041,218.0,371.05503384649126,227.73,7.527974605560303,0.9446048140525818,-0.00037384773793292615,0.11442513018846512,0.9987303018569946,-0.0628469399043492,35,188,8173832,10,10.0,0.05
