Day,t_Clicks_OptCost,t_Clicks_ActCost,tm1_Clicks_OptCost,Actual_Clicks,Opt_Cost,Act_Cost,Hist_MSE,Hist_R2,Hist_Bias,Day_MSE,Day_R2,Day_Bias,N_Obs,N_Opt,SlurmJobId,SlurmArrayTaskId,x_max,alpha
2025-12-28,215.00863647460938,230.87679290771484,477.383342847089,309.0,400.00000000000006,338.32,7.760330677032471,0.9505318403244019,-0.0009657643015096775,0.08515597879886627,0.9995026588439941,-0.03908027159540277,38,125,8156757,27,10.0,0.05
