Day,t_Clicks_OptCost,t_Clicks_ActCost,tm1_Clicks_OptCost,Actual_Clicks,Opt_Cost,Act_Cost,Hist_MSE,Hist_R2,Hist_Bias,Day_MSE,Day_R2,Day_Bias,N_Obs,N_Opt,SlurmJobId,SlurmArrayTaskId,x_max,alpha
2025-12-14,224.7993621826172,286.40231704711914,387.24939477919486,353.0,399.82878835043715,524.29,5.921228885650635,0.9559052586555481,-0.0016119452267431918,0.17779068648815155,0.9992941617965698,-0.07039937759057069,39,97,8156497,13,10.0,0.05
