Day,t_Clicks_OptCost,t_Clicks_ActCost,tm1_Clicks_OptCost,Actual_Clicks,Opt_Cost,Act_Cost,Hist_MSE,Hist_R2,Hist_Bias,Day_MSE,Day_R2,Day_Bias,N_Obs,N_Opt,SlurmJobId,SlurmArrayTaskId,x_max,alpha
2025-12-02,139.72402954101562,228.93316650390625,411.1124451404596,292.0,399.6501849481475,350.34000000000003,4.956057071685791,0.9613831639289856,-0.0016467459294469938,0.2018638253211975,0.9991461634635925,-0.0862741470336914,32,135,8156315,1,10.0,0.05
