Day,t_Clicks_OptCost,t_Clicks_ActCost,tm1_Clicks_OptCost,Actual_Clicks,Opt_Cost,Act_Cost,Hist_MSE,Hist_R2,Hist_Bias,Day_MSE,Day_R2,Day_Bias,N_Obs,N_Opt,SlurmJobId,SlurmArrayTaskId,x_max,alpha
2025-12-13,258.9152526855469,235.0763702392578,414.9492515194146,325.0,392.8538717221224,450.57,6.441049098968506,0.9534739851951599,-0.00021521377790722964,0.23128117620944977,0.9988805055618286,-0.06823620024849386,34,81,8173326,12,10.0,0.05
