Day,t_Clicks_OptCost,t_Clicks_ActCost,tm1_Clicks_OptCost,Actual_Clicks,Opt_Cost,Act_Cost,Hist_MSE,Hist_R2,Hist_Bias,Day_MSE,Day_R2,Day_Bias,N_Obs,N_Opt,SlurmJobId,SlurmArrayTaskId,x_max,alpha
2025-12-10,290.4144287109375,209.34768676757812,276.5922494263134,285.0,399.4057045651456,347.52,6.749011993408203,0.9503459930419922,-0.0017691898974291588,0.07023870199918747,0.9993925094604492,-0.04375080058449193,38,52,8173792,9,10.0,0.05
