Day,t_Clicks_OptCost,t_Clicks_ActCost,tm1_Clicks_OptCost,Actual_Clicks,Opt_Cost,Act_Cost,Hist_MSE,Hist_R2,Hist_Bias,Day_MSE,Day_R2,Day_Bias,N_Obs,N_Opt,SlurmJobId,SlurmArrayTaskId,x_max,alpha
2025-12-29,234.85720825195312,212.67302703857422,378.7805661825422,302.0,398.66444418868707,329.52,7.164802551269531,0.9482911825180054,-0.0005113946729566972,0.17193777859210968,0.9990757703781128,-0.07512669685559395,39,139,8174020,28,10.0,0.05
