Day,t_Clicks_OptCost,t_Clicks_ActCost,tm1_Clicks_OptCost,Actual_Clicks,Opt_Cost,Act_Cost,Hist_MSE,Hist_R2,Hist_Bias,Day_MSE,Day_R2,Day_Bias,N_Obs,N_Opt,SlurmJobId,SlurmArrayTaskId,x_max,alpha
2025-12-11,136.01187133789062,158.53372955322266,409.91587974734455,218.0,399.86995038430365,227.73,7.10622501373291,0.9521609544754028,-0.001646549396571659,0.11442513018846512,0.9987303018569946,-0.0628469399043492,35,188,8173291,10,10.0,0.05
