Day,t_Clicks_OptCost,t_Clicks_ActCost,tm1_Clicks_OptCost,Actual_Clicks,Opt_Cost,Act_Cost,Hist_MSE,Hist_R2,Hist_Bias,Day_MSE,Day_R2,Day_Bias,N_Obs,N_Opt,SlurmJobId,SlurmArrayTaskId,x_max,alpha
2025-12-12,217.7342987060547,185.86260223388672,329.7570234396614,242.0,399.93011996062125,240.51999999999995,7.30832052230835,0.9461873769760132,-0.0013760780103695698,0.07285498827695847,0.9986968636512756,-0.043915170889634356,39,279,8174890,11,10.0,0.05
