Day,t_Clicks_OptCost,t_Clicks_ActCost,tm1_Clicks_OptCost,Actual_Clicks,Opt_Cost,Act_Cost,Hist_MSE,Hist_R2,Hist_Bias,Day_MSE,Day_R2,Day_Bias,N_Obs,N_Opt,SlurmJobId,SlurmArrayTaskId,x_max,alpha
2025-12-28,201.6941680908203,230.87679290771484,462.2003587633374,309.0,399.9939629217233,338.32,7.3190436363220215,0.947142481803894,-0.000809960432424606,0.08515597879886627,0.9995026588439941,-0.03908027159540277,38,137,8174014,27,10.0,0.05
