Day,t_Clicks_OptCost,t_Clicks_ActCost,tm1_Clicks_OptCost,Actual_Clicks,Opt_Cost,Act_Cost,Hist_MSE,Hist_R2,Hist_Bias,Day_MSE,Day_R2,Day_Bias,N_Obs,N_Opt,SlurmJobId,SlurmArrayTaskId,x_max,alpha
2025-12-01,231.5282745361328,270.7044143676758,370.25685339167694,322.0,400.0000000000037,355.41,6.512145519256592,0.9528873562812805,-0.0009631179987983928,0.31627070903778076,0.9989595413208008,-0.10453353389616936,31,102,8156314,0,10.0,0.05
