Day,t_Clicks_OptCost,t_Clicks_ActCost,tm1_Clicks_OptCost,Actual_Clicks,Opt_Cost,Act_Cost,Hist_MSE,Hist_R2,Hist_Bias,Day_MSE,Day_R2,Day_Bias,N_Obs,N_Opt,SlurmJobId,SlurmArrayTaskId,x_max,alpha
2025-12-17,209.10595703125,219.86534881591797,450.61918544785425,295.0,399.99740911905934,335.03000000000003,7.307344913482666,0.9465007185935974,-0.0015643053126889839,0.20545659959316254,0.9992456436157227,-0.08894278662545341,35,195,8174964,16,10.0,0.05
