Day,t_Clicks_OptCost,t_Clicks_ActCost,tm1_Clicks_OptCost,Actual_Clicks,Opt_Cost,Act_Cost,Hist_MSE,Hist_R2,Hist_Bias,Day_MSE,Day_R2,Day_Bias,N_Obs,N_Opt,SlurmJobId,SlurmArrayTaskId,x_max,alpha
2025-12-04,109.40684509277344,194.2918243408203,296.4310342507275,308.0,400.0,370.06000000000006,6.601008892059326,0.9510678052902222,-0.001367292044415007,0.0740588903427124,0.9996959567070007,-0.05093374422618321,35,231,8174834,3,10.0,0.05
