Day,t_Clicks_OptCost,t_Clicks_ActCost,tm1_Clicks_OptCost,Actual_Clicks,Opt_Cost,Act_Cost,Hist_MSE,Hist_R2,Hist_Bias,Day_MSE,Day_R2,Day_Bias,N_Obs,N_Opt,SlurmJobId,SlurmArrayTaskId,x_max,alpha
2025-12-17,324.4629211425781,219.86534881591797,418.3041216629971,295.0,399.99999999999983,335.03000000000003,7.382875919342041,0.9485215544700623,-0.0008305367838274183,0.20545659959316254,0.9992456436157227,-0.08894278662545341,35,78,8156558,16,10.0,0.05
