Day,t_Clicks_OptCost,t_Clicks_ActCost,tm1_Clicks_OptCost,Actual_Clicks,Opt_Cost,Act_Cost,Hist_MSE,Hist_R2,Hist_Bias,Day_MSE,Day_R2,Day_Bias,N_Obs,N_Opt,SlurmJobId,SlurmArrayTaskId,x_max,alpha
2025-12-19,162.96934509277344,145.03557586669922,443.29803613878613,219.0,394.00520821933037,255.50000000000003,6.945839881896973,0.9492732882499695,-0.001064958485061626,0.1562499850988388,0.9987147450447083,-0.07451416590274909,39,124,8173972,18,10.0,0.05
