Day,t_Clicks_OptCost,t_Clicks_ActCost,tm1_Clicks_OptCost,Actual_Clicks,Opt_Cost,Act_Cost,Hist_MSE,Hist_R2,Hist_Bias,Day_MSE,Day_R2,Day_Bias,N_Obs,N_Opt,SlurmJobId,SlurmArrayTaskId,x_max,alpha
2025-12-22,221.13316345214844,128.3858985900879,500.5997764325944,194.0,399.9452090341391,225.89000000000001,6.36205530166626,0.9528089165687561,-0.0014533406487841022,0.15276269614696503,0.998633623123169,-0.07637696841667438,29,49,8143500,21,50,0.1
