Day,t_Clicks_OptCost,t_Clicks_ActCost,tm1_Clicks_OptCost,Actual_Clicks,Opt_Cost,Act_Cost,Hist_MSE,Hist_R2,Hist_Bias,Day_MSE,Day_R2,Day_Bias,N_Obs,N_Opt,SlurmJobId,SlurmArrayTaskId,x_max,alpha
2025-12-14,128.04660034179688,300.2089309692383,664.6825387593892,350.0,399.5296690720561,517.42,6.44123649597168,0.9523215293884277,-0.0008197765909997016,0.20395800471305847,0.9992222785949707,-0.0749549994597564,37,40,8143241,13,50,0.1
