Day,t_Clicks_OptCost,t_Clicks_ActCost,tm1_Clicks_OptCost,Actual_Clicks,Opt_Cost,Act_Cost,Hist_MSE,Hist_R2,Hist_Bias,Day_MSE,Day_R2,Day_Bias,N_Obs,N_Opt,SlurmJobId,SlurmArrayTaskId,x_max,alpha
2025-12-01,229.77291870117188,225.66648483276367,388.1270492003744,272.0,399.98138460679723,328.59999999999997,4.440462112426758,0.9259747266769409,-0.0011780611914896644,0.28354668617248535,0.9990706443786621,-0.12280565721017343,27,70,8142842,0,50,0.1
