Day,t_Clicks_OptCost,t_Clicks_ActCost,tm1_Clicks_OptCost,Actual_Clicks,Opt_Cost,Act_Cost,Hist_MSE,Hist_R2,Hist_Bias,Day_MSE,Day_R2,Day_Bias,N_Obs,N_Opt,SlurmJobId,SlurmArrayTaskId,x_max,alpha
2025-12-30,290.32550048828125,208.44872283935547,529.4833381020334,276.0,399.99999999999983,295.62999999999994,7.594475746154785,0.9501141905784607,-0.0007229186075014448,0.20519641041755676,0.9988126754760742,-0.08123404885593213,38,63,8143806,29,50,0.1
