Keyword,Origin
2 year construction management degree,existing searches
360 learning,existing searches
3d prototyping,existing
4 week certificate programs online,existing searches
a certification,existing searches
academy asana com,existing searches
academy for systems change,existing searches
accredited construction management degree,existing searches
ace mit sloan,existing searches
aconex course online,existing searches
acumen systems thinking course,new
adaptive management training,existing searches
advanced management program,existing searches
advanced modeling,existing searches
aerospace project management,existing searches
african leadership academy global scholars program,existing searches
african leadership institute,existing searches
agent based modeling online course,existing searches
agicorp academy,existing searches
agile certifications,existing searches
agile classes,existing searches
agile courses,existing searches
agile methodologies,existing
agile methodology certification,existing searches
agile methodology course,existing searches
agile methodology free course with certificate,existing searches
agile project,existing searches
agile project management,existing searches
agile project management certification,existing searches
agile project management course,existing searches
agile project management course free,existing searches
agile project planning,existing searches
agile scrum certification,existing searches
agile trainning,existing searches
aha io training,existing searches
ai and project management,existing searches
ai courses,existing searches
ai product manager,existing searches
ai project management certification free,existing searches
ai project management courses,existing
ai software engineer course,existing searches
aipmm,existing searches
alison,existing searches
alison course certificate,existing searches
alison courses,existing searches
alison leadership courses,existing searches
altium pcb design course,existing searches
alx academy courses,existing searches
alx courses,existing searches
alx software engineering pdf,existing searches
alxafrica courses,existing searches
amazon logistics process,existing searches
an introduction to general systems thinking,existing searches
an introduction to systems thinking,existing searches
analytical thinking and innovation skills,existing searches
analytical thinking problem solving,existing searches
api product manager,existing searches
apics certification,existing searches
application architecture course,existing searches
application architecture training,existing searches
application for leadership development program,existing searches
applied systems thinking courses,new
apply mit edu,existing searches
archetypes systems thinking,existing searches
architecting software,existing searches
architecture and systems engineering,existing searches
architecture and systems engineering mit,existing searches
architecture class online,existing searches
architecture software courses online,existing
ardiland institute of technology,existing searches
arquitetura de sistemas,existing searches
asana,existing searches
asana academy certification,existing searches
asana project management certification,existing searches
asana workflow specialist certification,existing searches
automation course,existing searches
automation masters online,existing searches
automobile electrical engineering,existing searches
aztech training,existing searches
barry richmond systems thinking,existing searches
basecamp,existing searches
bd leadership,existing searches
become software architect,existing searches
becoming a great manager,existing searches
becoming a tech lead,existing searches
becoming an entrepreneur mit,existing searches
berkeley cto program,existing searches
bernard m gordon mit engineering leadership program,existing searches
best bim certification,existing searches
best book on systems thinking,existing searches
best books on system thinking,existing searches
best business certification programs,existing searches
best certifications for it directors,existing searches
best computer architecture course,existing searches
best course on critical thinking,existing
best course on system design,existing
best courses for civil engineers,existing searches
best courses for project management,existing
best critical thinking courses,existing
best engineering fields to study,existing searches
best executive education programs 2021,existing searches
best free online project management courses with certificates,existing searches
best it manager certifications,existing searches
best leadership courses,existing searches
best leadership qualities,existing
best management skills,existing searches
best online certificate programs for project management,existing
best online coding courses with certificates,existing searches
best pmp certification,existing searches
best practices for program management,existing searches
best problem solving courses,existing searches
best product management certification,existing
best product management programs,existing searches
best project management certification,existing
best short term professional courses,existing searches
best software architect certification,existing
best strategic thinking courses,existing searches
best system design book,existing searches
best system design course,existing
best systems thinking courses,existing
best tech online courses,existing searches
best technology management programs,existing searches
best tpm certification,existing searches
best trainings for managers,existing searches
bim online courses in india,existing searches
blackblot product management,existing searches
blue ocean strategy certification,existing searches
bms system training,existing searches
books on systems thinking,existing searches
business acumen training,existing searches
business administration nqf 3,existing searches
business coaching courses,existing searches
business courses online free,existing searches
business design course,existing searches
business development courses,existing searches
business development executive course online free,existing searches
business development manager,existing searches
business dynamics,existing searches
business dynamics john sterman,existing searches
business dynamics john sterman pdf,existing searches
business dynamics systems thinking,existing searches
business dynamics systems thinking and modeling for a complex world,existing searches
business leadership courses,existing searches
business management courses,existing searches
business management courses cape town,existing searches
business management courses online free,existing searches
business management free courses,existing searches
business management free online course with certificate,existing searches
business management in service training,existing searches
business management short course,existing
business process management certification,existing searches
business process simulation,existing searches
business school e learning learnership smart lms,existing searches
business strategy,existing
business strategy certification,existing searches
business strategy skills,existing
business strategy training,existing
business system analysis and design,existing searches
business systems analyst courses,existing searches
business systems course,existing
business systems courses,existing
business systems design,existing
cambridge executive education,existing searches
cambridge institute for sustainability leadership online course,existing searches
can i get shrm credit for systems thinking course,new
can i learn it online,existing searches
capm,existing searches
career essentials certificate by microsoft and linkedin,existing searches
carnegie mellon software architecture certification,existing
centre of innovation and entrepreneurship,existing searches
ceo training,existing searches
certificate course on business management,existing
certificate courses,existing searches
certificate courses online,existing searches
certificate for project,existing searches
certificate in design thinking,existing searches
certificate in systems engineering,existing searches
certificate in systems thinking,existing searches
certificate program in construction management,existing searches
certificate programs online,existing searches
certification in agentic systems and design,existing searches
certification in project management,existing searches
certification in strategic planning,existing searches
certification mit,existing searches
certification program in agentic systems and design,existing searches
certification project management professional pmp,existing searches
certification scrum master gratuite,existing searches
certified associate in project management,existing searches
certified associate in project management capm,existing searches
certified diversity professional training,existing searches
certified maintenance engineer,existing searches
certified project management professional,existing searches
certified scrummaster,existing searches
change management certification programs,existing searches
change management training online,existing searches
cheapest software engineering degree online,existing searches
chicago booth leadership program,existing
chief product officer certification,existing searches
church administration and leadership,existing searches
cio education programs,existing searches
cisco courses online,existing searches
citi leadership program,existing searches
civil engineering degree online,existing searches
civil safety engineer course,existing searches
class central,existing searches
class central certificate,existing searches
class central certificates,existing searches
cleveland state university systems thinking course,new
clickup,existing searches
cm punjab it certification program 2025,existing searches
cm2 certification,existing searches
cmu software architecture,existing
coaching certification programs,existing
coaching for engineers,existing searches
coaching skills training course,existing searches
codedamn courses,existing searches
coding certificate course,existing searches
coding certificate free,existing searches
coding classes online,existing searches
coding course,existing searches
coding courses,existing searches
coding courses online,existing searches
coding for product managers,existing searches
coding online courses,existing searches
coding short courses online,existing searches
cognitive class ibm,existing searches
cognitive systems engineering,existing searches
college credit for it certifications,existing searches
company secretary training,existing searches
complex adaptive systems thinking,existing searches
complex problem solving,existing searches
complex problem solving course,existing searches
complex problem solving skills,existing searches
complex project management,existing searches
complex project management course,existing searches
complex systems course,existing searches
complex systems course online,existing
complex systems mit,existing
complex systems modeling,existing searches
complex systems modelling,existing searches
complex systems thinking,existing searches
comptia a,existing searches
computer architecture course,existing searches
computer course,existing searches
computer course certificate free download,existing searches
computer courses,existing searches
computer courses online,existing searches
computer engineering,existing searches
computer hardware engineer courses,existing searches
computer online classes,existing searches
computer online courses,existing searches
computer science,existing searches
computer science certificate programs,existing searches
computer software course,existing searches
computer technology course,existing searches
connected manager program harvard,existing searches
construction courses unisa,existing searches
construction document control training,existing searches
construction engineering,existing searches
construction engineering and management courses,existing searches
construction management certificate,existing searches
construction management course,existing searches
construction management courses,existing
construction management diploma online,existing searches
construction project management,existing searches
construction project management free online courses,existing searches
construction project manager courses,existing searches
construction site supervisor course online,existing searches
consulting training program,existing searches
contract management courses,existing searches
control engineering online course,existing searches
control system engineering,existing searches
control systems and fundamental concepts,existing searches
cornell systems thinking,existing searches
cornell university systems thinking,existing searches
corporate leadership development program,existing searches
corporate strategy skills,existing
corporate strategy training,existing
corporate training,existing
cost engineer certification,existing searches
cost estimation certification for managers and engineers,existing searches
cours architecture,existing searches
course for planning engineer,existing searches
course for product manager,existing searches
course monitoring and evaluation,existing searches
course on system design,existing searches
course on systems thinking,existing searches
course project management pdf,existing searches
course system engineering,existing searches
course system thinking quiz 1,new
course systems thinking,new
coursera,existing searches
coursera and edx,existing searches
coursera certificate,existing searches
coursera edx,existing searches
coursera google project management,existing searches
coursera project management,existing searches
coursera system design,existing searches
coursera systems engineering,existing searches
coursera systems thinking,existing searches
courses for chemical engineering,existing searches
courses for cio,existing searches
courses for first time managers,existing searches
courses for product owner,existing searches
courses in riyadh,existing searches
courses on leadership,existing searches
courses on monitoring and evaluation,existing searches
courses on program management,existing searches
courses on systems thinking,existing searches
courses with certificates,existing searches
cpim certification,existing searches
cpim course online,existing searches
create design system,existing searches
create project plan,existing searches
creative problem solving examples,existing searches
critical systems thinking,existing searches
critical systems thinking and the management of complexity,existing searches
critical thinking 101,existing searches
critical thinking and problem solving,existing
critical thinking and problem solving course,existing searches
critical thinking certificate,existing searches
critical thinking certification,existing
critical thinking class,existing
critical thinking course,existing searches
critical thinking course free,existing searches
critical thinking courses,existing searches
critical thinking courses free,existing searches
critical thinking exercises with answers pdf,existing searches
critical thinking short course,existing
critical thinking training,existing searches
critical thinking vs systems thinking,existing searches
cs50,existing searches
cs50 by harvard,existing searches
cs50 edx,existing searches
cto course,existing searches
cto training,existing searches
culture change training courses,existing searches
curso arquitectura de software,existing searches
curso de dinamica de sistemas,existing searches
curso de gerenciamento de projetos gratuito,existing searches
curso problem solving,existing searches
curso product owner gratuito,existing searches
curso scrum,existing searches
cursos agile,existing searches
cursos gratuitos harvard ead,existing searches
customer experience innovation,existing searches
cyber security training for managers,existing searches
dale carnegie,existing searches
dale carnegie leadership training,existing
dale carnegie training,existing searches
dale carnegie training online,existing searches
data architecture courses,existing searches
data architecture training,existing searches
decision making courses online,existing searches
define system,existing searches
define training,existing searches
demand planning certification,existing searches
design management courses,existing searches
design patterns certification,existing searches
design system,existing searches
design the system architecture,existing searches
design thinking certification,existing
design thinking certification stanford,existing searches
design thinking coach certification,existing searches
design thinking course,existing
design thinking for software development,existing searches
design thinking ibm,existing searches
design thinking systems course nyc,new
designing and building ai products and services by mit xpro,existing searches
designing complex systems,existing searches
designing distributed systems,existing
desktop support engineer course online,existing searches
development courses,existing searches
development programs jobs,existing searches
devops course,existing searches
digiskill,existing searches
digiskills,existing searches
digiskills courses,existing searches
digiskills registration,existing searches
digital architecture course,existing searches
digital leadership program,existing
digital performance management system,existing searches
digital project manager certification,existing
digitaldefynd,existing searches
diploma in systems development,existing searches
disruptive strategy,existing searches
distance learning courses in mit usa,existing searches
dit course,existing searches
document control training,existing searches
does economics count as a systems thinking course,new
donella h meadows thinking in systems,existing searches
donella meadows systems thinking pdf,existing searches
dynamic models,existing
dynamic work design,existing
dynamical systems theory,existing searches
e learning lms,existing searches
e learning lms learnership,existing searches
e learning lms learnership 2024,existing searches
e learning lms learnership 2024 online application,existing searches
e learning lms learnership 2025,existing searches
e learning lms learnership 2025 online application,existing searches
e learning lms learnership application,existing searches
e learning lms learnership stipend 2023,existing searches
e learning lms learnerships,existing searches
e learning lms register,existing searches
e lms,existing searches
ecornell engineering leadership,existing
ecornell executive leadership certificate review,existing searches
ecornell systems thinking,existing searches
educational leadership webinars,existing searches
edureka lms,existing searches
edx,existing searches
edx certificate,existing searches
edx course,existing searches
edx coursera,existing searches
edx courses,existing searches
edx cs50 introduction to computer science,existing searches
edx cs50x,existing searches
edx edu,existing searches
edx get smarter,existing searches
edx harvard courses,existing searches
edx harvard mit,existing searches
edx leadership,existing searches
edx learning platform,existing searches
edx mit,existing searches
edx mit certificate,existing searches
edx mitx,existing searches
edx mooc org,existing searches
edx online courses,existing searches
edx org,existing searches
edx website,existing searches
effective leadership program,existing
effective team leadership for engineers,existing
elearning leadership,existing searches
elearning lms,existing searches
elearning lms learnership,existing searches
elearning lms learnership 2024,existing searches
elearning lms learnership 2025,existing searches
elearning lms learnership 2025 online application,existing searches
elearning lms learnership application,existing searches
elearning lms learnerships,existing searches
electrical systems engineering,existing searches
elv systems course,existing searches
embedded engineer,existing searches
embedded programming course,existing searches
embedded software architecture course,existing searches
embedded systems certificate,existing searches
embedded systems engineer certification,existing searches
embedded systems online course india,existing searches
emeritus institute of management,existing searches
empowering rural women through it training,existing searches
energy certification courses,existing searches
energy systems modeling principles and applications,existing searches
engenheiro de sistemas,existing searches
engineering a safer world systems thinking applied to safety,existing searches
engineering asset management,existing searches
engineering bursaries,existing searches
engineering certificate online,existing searches
engineering courses,existing searches
engineering courses online,existing searches
engineering leader,existing
engineering leaders,existing searches
engineering leadership,existing
engineering leadership certificate,existing
engineering leadership coaching,existing searches
engineering leadership course,existing searches
engineering leadership development,existing
engineering leadership development program,existing
engineering leadership for emerging leaders,existing searches
engineering leadership professional program,existing searches
engineering leadership program,existing
engineering leadership skills,existing
engineering management,existing searches
engineering management course online,existing searches
engineering management courses online,existing searches
engineering management degree,existing searches
engineering management mit,existing
engineering management training,existing searches
engineering manager course,existing
engineering manager skills,existing
engineering manager training,existing
engineering manager training courses,existing searches
engineering planning management,existing searches
engineering problem solving,existing
engineering problem solving activities,existing searches
engineering problems,existing searches
engineering project manager course,existing searches
engineering short courses,existing searches
enterprise application architecture,existing
enterprise architecture,existing searches
enterprise architecture certification,existing
entrepreneurship mooc,existing searches
erp sap course,existing searches
erp systems training,existing searches
essential skills for engineers,existing
essential skills online course,existing
essential skills training,existing
ethio coders et certification,existing searches
ethio coders et certification online,existing searches
ethiocoders et courses,existing searches
executive coach,existing
executive coaching certification,existing
executive coaching training,existing
executive development,existing
executive leadership,existing
executive leadership program,existing
executive leadership skills,existing
executive leadership training,existing
executive mba mit,existing searches
executive programs,existing
exercising leadership foundational principles harvard,existing searches
explosive management courses in south africa,existing searches
female leadership pdf,existing searches
first time manager training objectives,existing searches
fleet management course,existing searches
fleet management training courses,existing searches
foresight tools and techniques,existing searches
formation gestion de projet gratuite,existing searches
formation gratuite en management des projets,existing searches
formation mbse,existing searches
formation pmp gratuite,existing searches
free alx courses with certificate,existing searches
free business courses with certificate,existing searches
free business management courses,existing searches
free certification courses for cse students,existing searches
free certification courses for software developers,existing searches
free certification courses for software testing,existing searches
free course of project management,existing searches
free courses business management,existing searches
free cse courses with certificates,existing searches
free ict certification online,existing searches
free ict courses online with certificates,existing searches
free it courses with certificate,existing searches
free it courses with certification,existing searches
free it fundamentals course,existing searches
free leadership courses london,existing searches
free leadership training material,existing searches
free leadership training programs,existing searches
free leadership webinars with certificates,existing searches
free lean manufacturing certification online,existing searches
free mba course with certificate,existing searches
free online business administration courses with certificate of completion,existing searches
free online business administration courses with certificates,existing searches
free online business management courses with certificate of completion,existing searches
free online business management courses with certificates,existing searches
free online certificate course in project management,existing searches
free online certificate courses business management,existing searches
free online certificate courses for mba students,existing searches
free online certificate courses in business administration,existing searches
free online certificate in public administration,existing searches
free online certification for project management,existing searches
free online construction courses with certificates,existing searches
free online course for project management,existing searches
free online course on project management,existing searches
free online course on supply chain management,existing searches
free online course project management,existing searches
free online courses for project management,existing searches
free online courses in business management,existing searches
free online courses on business management,existing searches
free online courses on management,existing searches
free online courses on systems thinking,new
free online courses project management,existing searches
free online courses with certificate for supply chain management,existing searches
free online digital marketing courses with certificates,existing searches
free online erp certification course,existing searches
free online leadership courses,existing searches
free online leadership training videos,existing searches
free online management courses harvard,existing searches
free online management courses with certificate of completion,existing searches
free online management courses with certificates,existing searches
free online mba courses with certificate of completion,existing searches
free online mba courses with certificates,existing searches
free online office management courses with certificates,existing searches
free online project management course with certificate,existing searches
free online project management courses,existing searches
free online project management courses with certificates,existing searches
free online training for project management,existing searches
free pmp certification,existing searches
free pmp certification course,existing searches
free pmp certification exam,existing searches
free pmp course with certificate,existing searches
free pmp prep course,existing searches
free product design courses with certificates,existing searches
free project management certification,existing searches
free project management course,existing searches
free project management course with certificate,existing searches
free project management courses,existing searches
free project management courses harvard,existing searches
free project management courses online,existing searches
free project management courses with certificate,existing searches
free project management courses with certificates,existing searches
free project management online course,existing searches
free sales management courses,existing searches
free scrum certification online,existing searches
free scrum master certification,existing searches
free software development certifications,existing searches
free software engineering courses with certificate,existing searches
free systems thinking course,new
free ux design course with certificate,existing searches
free web developer certification,existing searches
freecodecamp courses,existing searches
freecodecamp courses with certificate,existing searches
freecodecamp full stack certification,existing searches
front line leadership training,existing
fully funded masters in project management,existing searches
functional flow block diagram systems engineering,existing searches
fundamentals of software architecture book pdf,existing searches
future skill e learning platform,existing searches
futures thinking certification,existing searches
futureskill elearning platform,existing searches
geeksforgeeks courses,existing searches
generative ai overview for project managers,existing searches
gestion de proyectos,existing searches
github system design,existing searches
global health learning org,existing searches
global it certifications,existing searches
google career certificate in project management,existing searches
google career certificate of ux design,existing searches
google career certificate program,existing searches
google certificate courses,existing searches
google certification courses,existing searches
google coursera free courses,existing searches
google coursera free courses with certificate,existing searches
google cybersecurity professional certificate,existing searches
google cybersecurity professional certificate via coursera,existing searches
google free project management course,existing searches
google it support professional certificate,existing searches
google it support professional certificate coursera,existing searches
google management certificate,existing searches
google management project certificate,existing searches
google product management course,existing searches
google product manager certificate,existing searches
google project certificate,existing searches
google project management,existing searches
google project management certificate,existing searches
google project management certificate coursera,existing searches
google project management certification,existing searches
google project management certification free,existing searches
google project management coursera,existing searches
google project management professional certificate,existing searches
google project manager certificate,existing searches
government leadership training,existing searches
government training portal,existing searches
graduate diploma in engineering management,existing searches
graphic design systems thinking course,new
great leadership institute,existing searches
great learning academy,existing searches
grokking system design,existing searches
grow google certificate,existing searches
grow google certificates cybersecurity,existing searches
grow with google,existing searches
grow with google courses,existing searches
habits of a systems thinker pdf,existing searches
hansen leadership program,existing searches
hard and soft system thinking,existing searches
harvard business classes,existing searches
harvard business school business strategy,existing searches
harvard business school executive management program,existing searches
harvard edx,existing searches
harvard engineering online courses,existing searches
harvard leadership training,existing
harvard management courses,existing searches
harvard managementor,existing searches
harvard mit online courses,existing searches
harvard online business courses,existing searches
harvard online courses,existing searches
harvard public leadership credential review,existing searches
harvard short courses,existing searches
harvard university free online courses,existing searches
harvardx,existing searches
head of product and engineering,existing searches
health systems thinking,existing searches
healthcare systems engineering certificate,existing searches
high certificate in business management,existing searches
high level system architecture design,existing searches
homeland security online training courses,existing searches
how can i become a web designer,existing searches
how to apply for massachusetts institute of technology,existing searches
how to apply pmo,existing searches
how to be a good project manager,existing searches
how to be a good technical manager,existing searches
how to be a software developer,existing searches
how to be successful project manager,existing searches
how to become a better strategist,existing searches
how to become a great project manager,existing searches
how to become a it specialist,existing searches
how to become a leadership coach,existing searches
how to become a planning engineer,existing searches
how to become a problem solver,existing searches
how to become a scrum master for free,existing searches
how to become a strategic thinker,existing searches
how to become a systems engineer,existing searches
how to become a systems engineer without a degree,existing
how to become a systems thinker,existing searches
how to become a tech expert,existing searches
how to become a tech lead,existing
how to become an architectural and engineering manager,existing searches
how to become an engineer without a degree,existing searches
how to become business coach,existing searches
how to become project manager in civil engineering,existing searches
how to become technical program manager,existing searches
how to become the best project manager,existing searches
how to create a system,existing searches
how to create system,existing searches
how to design a scalable system,existing searches
how to design a system software,existing searches
how to develop a system,existing searches
how to develop managers in organization,existing searches
how to develop problem solving skills,existing
how to develop problem solving skills in the workplace,existing
how to do framework,existing searches
how to gain problem solving skills,existing searches
how to get into product management,existing
how to get pmp certification in pakistan,existing searches
how to improve critical thinking,existing searches
how to improve logic building in programming,existing searches
how to improve my strategic thinking,existing searches
how to improve problem solving skills,existing searches
how to improve your business skills,existing searches
how to increase critical thinking,existing searches
how to learn deductive reasoning,existing searches
how to learn dsge models,existing searches
how to learn it at home,existing searches
how to learn problem solving skills,existing searches
how to learn project management for free,existing searches
how to learn system architecture,existing searches
how to learn system design,existing searches
how to learn systems thinking,existing searches
how to learn tech skills,existing searches
how to learn to think strategically,existing
how to make a project planning,existing searches
how to manage a software project,existing searches
how to manage digital projects,existing searches
how to manage engineering team,existing searches
how to solve algorithm problems,existing
how to solve any programming problem,existing searches
how to solve complex problems,existing searches
how to solve engineering problems,existing searches
how to study it online,existing searches
how to teach systems thinking,existing searches
how to think in systems,existing searches
how to think like a software architect,existing searches
how to train problem solving skills,existing
howard cs50,existing searches
hp certification courses,existing searches
hris systems training,existing searches
http training catalyx org,existing searches
https learning upskillist com vodacom2,existing searches
https logistics amazon in applynow,existing searches
https ocw mit edu,existing searches
https skills nutech edu pk,existing searches
https www edx org,existing searches
https www edx org school harvardx,existing searches
https www edx org school mitx,existing searches
https www harvard edu online courses,existing searches
https www tcsion com courses career edge,existing searches
https www theforage com simulations cbre project management x2vz,existing searches
human centered system thinking,existing searches
human centered systems,existing searches
human centered systems thinking,existing searches
human centered systems thinking course,new
human systems dynamics,existing searches
human systems dynamics institute,existing searches
humanitarian leadership academy,existing searches
i want to learn it,existing searches
i want to learn programming,existing searches
ibf funded courses systems thinking cpd hours,new
ibm business analyst professional certificate,existing searches
ibm business school,existing searches
ibm course,existing searches
ibm courses,existing searches
ibm free certification,existing searches
ibm online courses,existing searches
ibm project manager certification,existing searches
ibm skill build,existing searches
ibm skillsbuild certificate,existing searches
ibmi mini mba,existing searches
iceberg model of systems thinking,existing searches
iceberg model systems thinking examples,existing searches
ict online courses,existing searches
ideo project management,existing searches
ideo systems thinking,existing searches
ideo u human centered systems thinking,existing searches
ideo u systems thinking,existing searches
ieee certificate,existing searches
iem course,existing searches
iim bangalore certificate courses,existing searches
iit online courses,existing searches
ilm certificate,existing searches
importance of engineering management,existing searches
importance of organizational strategy,existing
in terms of system thinking what is process course hero,new
incose systems engineering handbook,existing searches
india arbitrary allocation pro to the bhajan systemic thinking courses,new
industrial development courses,existing searches
industrial engineering certificate online,existing searches
industrial engineering crash course,existing searches
industrial engineering free online courses,existing searches
industrial engineering graduate certificate,existing searches
industrial engineering online,existing searches
industrial project management,existing searches
information architecture certification,existing
information architecture course,existing searches
information architecture courses,existing
information architecture degree,existing searches
information architecture training,existing searches
information management courses online,existing searches
information management degree,existing searches
information technology online courses,existing searches
information technology short courses online,existing searches
infosys free certification courses,existing searches
infosys springboard courses,existing searches
infrastructure architect course,existing
infrastructure asset management courses,existing searches
innovation and strategy,existing searches
innovation certificate online,existing
innovation course,existing
innovation management course,existing
innovation of products and services mits approach to design thinking,existing searches
innovation strategy,existing
innovation training,existing searches
innovation training courses,existing
innovative language englishclass101,existing searches
innovative problem solving,existing searches
institute of project management certification,existing
intec college stock control course,existing searches
intellipaat,existing searches
intro to deep learning mit,existing searches
introduction to algorithmic thinking,existing searches
introduction to system dynamics,existing searches
introduction to system dynamics modeling with dynamo,existing searches
introduction to systems thinking,existing
introduction to systems thinking course,new
invensis learning,existing searches
isaca certified in risk and information systems control crisc,existing searches
isb online courses,existing searches
isee systems stella architect,existing searches
isee systems thinking course,new
iso online training,existing searches
israel technology,existing searches
it academy courses,existing searches
it and computer science,existing searches
it certification courses online free,existing searches
it classes,existing searches
it course,existing searches
it course online with certificate,existing searches
it courses,existing searches
it courses in karachi,existing searches
it courses online,existing searches
it courses online south africa,existing searches
it free courses with certificate,existing searches
it leadership development program,existing
it leadership training,existing
it manager training programs,existing searches
it online courses,existing searches
it online courses in south africa,existing searches
it project management methodologies,existing
it short courses,existing searches
it short courses online,existing searches
it specialist school,existing searches
it specialist training,existing searches
it studies online,existing searches
it support specialist certification free,existing searches
it training courses,existing searches
itprotv,existing searches
jay forrester system dynamics,existing searches
job oriented courses for mechanical engineers,existing searches
jobberman soft skill training,existing searches
jobberman soft skills,existing searches
jobberman soft skills training,existing searches
john maxwell certification program,existing searches
john maxwell coaching course,existing searches
john maxwell leadership training,existing searches
john sterman,existing searches
john sterman business dynamics,existing searches
john sterman mit,existing searches
kepner tregoe training,existing searches
key elements of organizational strategy,existing
key performance indicators training,existing searches
knowledge hub,existing searches
knowledge management certification,existing searches
lab management course,existing searches
leader course,existing searches
leadership,existing searches
leadership and change management exam questions,existing searches
leadership and development,existing searches
leadership and management,existing
leadership and management course,existing searches
leadership and management courses harvard,existing
leadership and management in engineering,existing
leadership and management skills,existing
leadership app,existing searches
leadership article 2020,existing searches
leadership certificate,existing
leadership certificate harvard,existing searches
leadership certification,existing
leadership classes,existing
leadership coaching,existing
leadership course cornell,existing
leadership course online,existing
leadership course online free,existing searches
leadership courses,existing searches
leadership courses at unisa,existing searches
leadership courses harvard,existing
leadership courses near me,existing
leadership courses online free,existing searches
leadership development,existing
leadership development courses,existing
leadership development program,existing
leadership development program jobs,existing
leadership development program san francisco,existing searches
leadership development training,existing searches
leadership engineering,existing searches
leadership essentials online training,existing searches
leadership for engineers,existing searches
leadership for technical professionals,existing
leadership for technology professionals,existing
leadership improvement,existing searches
leadership in engineering management,existing
leadership in management,existing searches
leadership internships,existing searches
leadership management course,existing searches
leadership online free courses,existing searches
leadership online training,existing searches
leadership pdf download,existing searches
leadership principles for engineers scientists and researchers,existing searches
leadership principles harvard business school online,existing searches
leadership principles pdf,existing searches
leadership professional development,existing
leadership program,existing
leadership programs,existing searches
leadership qualities,existing
leadership qualities articles,existing searches
leadership seminar,existing
leadership seminars,existing
leadership skills,existing
leadership skills for engineers,existing
leadership skills pdf,existing searches
leadership skills training,existing searches
leadership software,existing searches
leadership tips,existing searches
leadership training,existing
leadership training content,existing searches
leadership training for managers,existing searches
leadership training in bangalore,existing searches
leadership training kenya,existing searches
leadership training modules free,existing searches
leadership training online free,existing searches
leadership training pdf,existing searches
leadership training programs,existing searches
leadership training topics,existing
leadershippdf,existing searches
leading complex projects,existing searches
leading effective teams,existing
leading organizational change,existing
lean and systems thinking,existing searches
lean manufacturing course,existing searches
lean manufacturing online course,existing
lean methodologies,existing
lean project management,existing searches
lean startup methodology,existing searches
learn agile,existing searches
learn archimate,existing searches
learn critical thinking and problem solving,existing searches
learn enterprise architecture,existing searches
learn mit edu,existing searches
learn product management,existing
learn program management,existing searches
learn project management,existing
learn project management for free,existing searches
learn project management free,existing searches
learn service design,existing searches
learn skills,existing searches
learn software architecture,existing
learn software engineering,existing searches
learn system architecture,existing
learn system design,existing searches
learn system design and architecture,existing searches
learn system design architecture courses,existing searches
learn system design for free,existing searches
learn system dynamics,existing searches
learn system thinking,existing
learn systems thinking,existing searches
learn the latest tech skills,existing searches
learner management systems,existing searches
learning it online,existing searches
learning leadership skills,existing searches
learning management system,existing searches
learning management system examples,existing searches
learning management system portal,existing searches
learning product design,existing searches
learning project management,existing searches
learning software engineering for beginners,existing searches
learning sysml,existing searches
learning system design,existing
learning tcsionhub,existing searches
learning to solve problems,existing searches
learnvern,existing searches
learnvern courses,existing searches
levels of problem solving,existing searches
leverage points systems thinking,existing searches
linkedin learning systems thinking,existing searches
linkedin learning systems thinking course,new
lj lms,existing searches
llamasoft certification,existing searches
lms,existing searches
lms certificate registration,existing searches
lms courses online,existing searches
lms digital skills pk,existing searches
lms learnership,existing searches
lms learnership 2025,existing searches
lms learnership application,existing searches
lms learning program,existing
lms online learnership,existing searches
lms programme,existing searches
lms training learning program 2026,existing searches
logical reasoning critical thinking mcqs,existing searches
logical thinking training,existing
logistic training,existing searches
logistics amazon in apply,existing searches
logistics amazon in apply now,existing searches
logistics and supply chain certification online,existing searches
logistics and supply chain management courses online,existing searches
logistics certificate,existing
logistics certification,existing
logistics course,existing
logistics management,existing
logistics management training,existing
logistics online course,existing
logistics short courses online,existing searches
logistics simulation,existing
logistics training,existing
logistics training course,existing
ma in project management,existing searches
machine learning software architecture,existing searches
machine learning system design course,existing searches
maintenance and reliability training courses,existing searches
maintenance management courses,existing searches
management,existing searches
management certificate,existing
management consulting certificate,existing searches
management course online free,existing searches
management courses,existing searches
management courses for electrical engineers,existing searches
management courses for engineers,existing searches
management courses online,existing searches
management free certification courses,existing searches
management free online courses,existing searches
management online courses,existing searches
management program,existing
management skills,existing
management skills courses,existing searches
management skills pdf,existing searches
management software online,existing searches
management trainee programs,existing searches
management training,existing
management training for engineers,existing
management training programs,existing searches
management training topics,existing
manager 101 training,existing searches
manager skills,existing searches
managerial function,existing searches
managerial skills training,existing searches
managing a team successfully,existing searches
managing engineers,existing
managing technical professionals,existing searches
marketing management course online free with certificate,existing searches
massachusetts institute of technology apply,existing searches
massachusetts institute of technology mit distance learning,existing searches
massachusetts institute of technology mit online courses for free,existing searches
master data structures and algorithms,existing searches
master engineering leadership,existing searches
master of engineering management online,existing searches
masterclass management,existing searches
mastering design thinking mit,existing searches
mastering design thinking mit management executive education,existing searches
masters in leadership,existing searches
masters in organisational development,existing searches
masters in strategy and innovation online,existing searches
masters in supply chain management,existing searches
masters in system design,existing searches
masters in system dynamics,existing searches
masters in system engineering,existing searches
masters in systems thinking,existing searches
mba in engineering,existing searches
mba project management online free,existing searches
mba vs engineering management,existing searches
mbse,existing searches
mbse certification mit,existing searches
mbse mit,existing searches
mbse training,existing searches
mechanical design courses online,existing searches
mechatronics engineering online degree,existing searches
mental models systems thinking,existing searches
meta ios developer professional certificate,existing searches
metadata certification,existing searches
micro master supply chain management,existing searches
micromasters,existing searches
microsoft certificate courses,existing searches
microsoft certification courses,existing searches
microsoft courses,existing searches
microsoft courses with certificate,existing searches
microsoft edx,existing searches
microsoft fabric certification,existing searches
microsoft project management certification,existing searches
mikhail system design,existing searches
mind laster com,existing searches
mind luster,existing searches
mind luster certificate,existing searches
mind luster certificate value,existing searches
mind luster co,existing searches
mind luster com,existing searches
mind luster come,existing searches
mind luster con,existing searches
mind luster course,existing searches
mind luster courses,existing searches
mindluster,existing searches
mindluster certificate,existing searches
mindluster com,existing searches
mindluster come,existing searches
mindluster courses,existing searches
mindset training,existing searches
mindworx academy,existing searches
mit ace,existing searches
mit ai course,existing searches
mit ai leadership program,existing searches
mit application,existing searches
mit architecture and systems engineering,existing searches
mit beaver works,existing searches
mit beaver works summer institute,existing searches
mit business certificate,existing searches
mit bwsi beaver works summer institute,existing searches
mit certificate courses,existing searches
mit certificate programs,existing searches
mit certificates online,existing searches
mit chief product officer,existing searches
mit coding course,existing searches
mit courses,existing searches
mit courses online certificate,existing searches
mit courseware,existing searches
mit cto program,existing searches
mit deep learning course,existing searches
mit distributed systems,existing searches
mit edu online courses,existing searches
mit edx,existing searches
mit edx courses,existing searches
mit engineering online courses,existing searches
mit executive certificate worth it,existing searches
mit executive courses,existing searches
mit executive education,existing searches
mit executive education ohio,existing searches
mit executive leadership,existing searches
mit executive program,existing searches
mit extension school,existing searches
mit fintech course,existing searches
mit free leadership courses,existing searches
mit fundamentals of finance,existing searches
mit fundamentals of systems engineering,existing searches
mit idss,existing searches
mit intro to deep learning,existing searches
mit introduction to computational thinking and data science,existing searches
mit introduction to technology engineering and science,existing searches
mit launch,existing searches
mit launchx summer program,existing searches
mit leadership,existing searches
mit leadership certificate,existing searches
mit leadership courses,existing searches
mit leadership development program,existing searches
mit leadership program,existing
mit leadership program online,existing searches
mit management and leadership certificate,existing searches
mit management certificate,existing searches
mit management executive education,existing searches
mit mbse,existing searches
mit mbse certificate,existing searches
mit mites,existing searches
mit mites summer program,existing searches
mit model based systems engineering certification,existing searches
mit ocw courses,existing searches
mit ocw website,existing searches
mit online,existing searches
mit online bachelors,existing searches
mit online course with certificate,existing searches
mit online courses,existing searches
mit online courses computer science,existing searches
mit online courses with certificate,existing searches
mit online degree,existing searches
mit online mba,existing searches
mit open course,existing searches
mit open software,existing searches
mit open ware course,existing searches
mit opencourseware,existing searches
mit opencourseware ai,existing searches
mit opencourseware certificate,existing searches
mit opencourseware com,existing searches
mit opencourseware computer science,existing searches
mit opencourseware lectures,existing searches
mit opencourseware manufacturing processes,existing searches
mit opencourseware neuroscience,existing searches
mit opencourseware ocw website,existing searches
mit opencourseware physics,existing searches
mit opencourseware system dynamics,existing searches
mit opencourseware systems engineering,existing searches
mit opencourseware systems thinking,existing searches
mit opencourseware website,existing searches
mit pe tlp technology leadership program,existing searches
mit pro,existing searches
mit product manager,existing searches
mit professional education discount code,existing searches
mit professional education short programs,existing searches
mit programs,existing searches
mit project management,existing
mit project management certificate,existing
mit project management course,existing
mit project management game,existing searches
mit project management simulation,existing searches
mit remote masters,existing searches
mit research science institute rsi,existing searches
mit sdm,existing searches
mit short courses,existing searches
mit six sigma,existing searches
mit skillsoft,existing searches
mit sloan courses,existing searches
mit sloan courses online,existing searches
mit sloan executive certificate,existing searches
mit sloan executive certificate in management and leadership,existing searches
mit sloan executive education,existing searches
mit sloan leadership,existing
mit sloan online certificate programs,existing searches
mit sloan online courses,existing searches
mit sloan school of management,existing searches
mit sloan system dynamics,existing searches
mit summer engineering program,existing searches
mit summer opportunities,existing searches
mit summer program,existing searches
mit summer programs,existing searches
mit supply chain,existing searches
mit supply chain courses,existing searches
mit syllabus,existing searches
mit system,existing searches
mit system dynamics,existing searches
mit system dynamics course,existing
mit system dynamics group,existing
mit system dynamics phd,existing searches
mit system engineering,existing searches
mit system engineering online,existing searches
mit system thinking,existing searches
mit system thinking course,existing searches
mit systems,existing searches
mit systems design,existing searches
mit systems design and management,existing searches
mit systems dynamics,existing searches
mit systems engineering,existing searches
mit systems engineering certificate,existing searches
mit systems engineering course,existing searches
mit systems engineering online course,existing searches
mit systems engineering open course,existing searches
mit systems engineering pdf,existing searches
mit systems thinking,existing
mit systems thinking course,existing
mit systems thinking course online,existing
mit technology leadership program,existing searches
mit think,existing searches
mit think scholars program,existing searches
mit university courses,existing searches
mit usa,existing searches
mit website,existing searches
mit website login,existing searches
mit x,existing searches
mit x courses,existing searches
mit xpro,existing searches
mit xpro architecture and systems engineering,existing searches
mit xpro architecture of complex systems,existing searches
mit xpro designing and building ai products and services,existing searches
mit xpro login,existing searches
mit xpro machine learning,existing searches
mit xpro online,existing searches
mit xpro project management,existing
mit xpro system thinking,existing searches
mit xpro systems engineering,existing searches
mit xpro systems engineering review,existing searches
mit xpro systems thinking,existing
mit xpro systems thinking course,new
mites minority introduction to engineering and science,existing searches
mites summer program,existing searches
mitopencourseware,existing searches
mitopencourseware com,existing searches
mitx,existing searches
mitx courses,existing searches
mitx courses online,existing searches
mitx edx,existing searches
mitx on edx,existing searches
mitx online courses,existing searches
mitx pro,existing searches
mitx supply chain,existing searches
mitx systems engineering,existing searches
mitx systems thinking,existing searches
mobile system design book,existing searches
model based system engineering,existing searches
model based systems engineering course,existing searches
model based systems engineering tutorial,existing searches
modeling complex systems,existing
monitoring and evaluation course,existing searches
monitoring and evaluation courses,existing searches
monitoring and evaluation training,existing searches
mooc gestion de projet,existing searches
moocs courses,existing searches
moodle training courses,existing searches
moringa school,existing searches
mostec summer program,existing searches
msc systems engineering,existing searches
msc systems thinking,existing searches
multinational project management,existing searches
my business e learning platform,existing searches
mygreatlearning,existing searches
nanodegree,existing searches
nanodegree program,existing searches
negotiation and leadership,existing searches
network models,existing
nita courses,existing searches
northlink college,existing searches
northwestern kellogg product strategy review,existing searches
northwestern university online programs,existing searches
northwestern university project management,existing searches
nptel,existing searches
nptel courses,existing searches
nptel online courses,existing searches
nursing leadership and management,existing searches
ocw,existing searches
ocw courses,existing searches
ocw mit,existing searches
ocw mit edu,existing searches
ocw mit edu courses,existing searches
ocw mit edu courses 6 s087 foundation,existing searches
ocw mit edu index htm,existing searches
ocw mit linear algebra,existing searches
odin project,existing searches
odin project certificate,existing searches
office management course,existing searches
omidyar systems thinking course,new
online ai courses with certificate,existing searches
online basic computer courses,existing searches
online business management courses south africa,existing searches
online business strategy course,existing
online certificate,existing searches
online certificate courses,existing searches
online class with certificate,existing searches
online classes for it jobs,existing searches
online classes it course,existing searches
online coding classes,existing searches
online coding classes with certificate,existing searches
online college it courses,existing searches
online computer class,existing searches
online computer classes,existing searches
online computer courses,existing searches
online computer courses certificate,existing searches
online computer courses with certificates,existing searches
online computer science courses,existing searches
online computer studies,existing searches
online computer training,existing searches
online computer training school,existing searches
online course for business management,existing searches
online course in it,existing searches
online course in project planning and management,existing searches
online course systems thinking,existing searches
online course with certificate,existing searches
online courses,existing searches
online courses for consultants,existing searches
online courses for it,existing searches
online courses for plc programming,existing searches
online courses for project management,existing searches
online courses from iim,existing searches
online courses in business development,existing searches
online courses in kenya with certificates,existing searches
online courses in mit,existing searches
online courses london school of economics,existing searches
online courses on business management,existing searches
online courses on educational leadership,existing searches
online courses on project management,existing searches
online courses with certificate,existing searches
online courses with certificates,existing searches
online courses with certificates in kenya,existing searches
online courses with diploma,existing searches
online critical thinking course,existing searches
online diploma courses in kenya,existing searches
online dynamics course,existing searches
online education business,existing searches
online free course for project management,existing searches
online free management courses,existing searches
online free management courses with certificates,existing searches
online free project management certification,existing searches
online hr training,existing searches
online it courses,existing searches
online it courses in pakistan,existing searches
online it courses with certificate,existing searches
online it learning,existing searches
online leadership certificate,existing
online leadership course,existing
online leadership courses,existing searches
online leadership program,existing
online lean six sigma green belt training,existing searches
online learnership lms,existing searches
online learnerships for 2025 with stipend,existing searches
online learning courses,existing searches
online learning project management,existing searches
online learning software,existing searches
online logistics course,existing
online management course,existing
online management courses,existing searches
online management courses free,existing searches
online management courses free with certificate,existing searches
online management courses with certificates,existing searches
online master mit,existing searches
online mechanical engineering courses,existing searches
online post doctoral certificate,existing searches
online product management course,existing
online product management courses,existing searches
online project management certification,existing searches
online project management course,existing
online project management courses,existing searches
online project management courses free,existing searches
online retail management courses,existing searches
online short courses with certificate,existing searches
online software training courses,existing searches
online stanford courses,existing searches
online system thinking course,existing
online team building course,existing
online team building program,existing
online tech courses,existing searches
online tech courses with certificates,existing searches
online tech skills,existing searches
online time management courses,existing searches
online training courses with certificates,existing searches
online training on project management,existing searches
online training project management,existing searches
online workshop with certificate,existing searches
open course ware,existing searches
open learning library mit,existing searches
open learning mit,existing searches
open moocs,existing searches
open university systems thinking,existing
open university systems thinking course,new
open university systems thinking free course,new
opencourseware,existing searches
opencourseware mit,existing searches
opencourseware ocw,existing searches
operating system course mit,existing searches
operation management certificate,existing searches
operations course,existing searches
operations courses online,existing searches
operations director training,existing searches
operations management course,existing searches
operations research programs,existing searches
or tambo school of leadership application form,existing searches
organizational behavior,existing searches
organizational capability,existing searches
organizational change,existing
organizational design course,existing
organizational development,existing searches
organizational leadership degree,existing searches
organizational strategies,existing
organizational strategy,existing
organizational strategy certificate,existing
organizational strategy course,existing searches
organizational strategy examples,existing
organizational strategy training,existing
organizational systems theory,existing searches
oxford home study great for management,existing searches
paksoft skill certificate,existing searches
pega system architect,existing searches
people management and leadership,existing searches
performance,existing searches
peter senge systems thinking,existing searches
phahama systems development,existing searches
phd in systems thinking,existing searches
phd in technology management online,existing searches
phd systems thinking,existing
pipeline integrity management online course,existing searches
planner courses construction,existing searches
plannerly certification,existing searches
planning engineer courses,existing searches
planning engineer free courses,existing searches
planning engineering course,existing searches
platform engineering course,existing searches
platform for innovation,existing searches
pm4r bid,existing searches
pmbok,existing searches
pmbok ebook,existing searches
pmi,existing searches
pmi free online courses,existing searches
pmi pmp project management professional,existing searches
pmm course,existing
pmo online associate,existing searches
pmo training,existing searches
pmp,existing searches
pmp certification,existing
pmp certification cost,existing searches
pmp certification free,existing searches
pmp certification gratuit,existing searches
pmp certification guide,existing searches
pmp certification in bangladesh,existing searches
pmp certification in islamabad,existing searches
pmp certification indonesia,existing searches
pmp certification requirements,existing searches
pmp certifications,existing searches
pmp courses,existing searches
pmp exam prep,existing searches
pmp free certification course,existing searches
pmp material,existing searches
pmp online course,existing
pmp organizational theory,existing searches
pmp study,existing searches
pmp training,existing
pmp training online,existing searches
popular corporate training topics 2018,existing searches
post graduate diploma in technology management,existing searches
power skills,existing searches
power system course,existing searches
practice test for pmp certification,existing searches
primavera course,existing searches
primavera p6 course,existing searches
prince 2 foundation,existing searches
prince2,existing searches
prince2 course online free,existing searches
prince2 foundation certification,existing searches
principles of systems,existing searches
pro engineer,existing searches
problem solving,existing searches
problem solving and critical thinking,existing searches
problem solving and reasoning skills,existing searches
problem solving course,existing searches
problem solving courses,existing searches
problem solving in c programming,existing searches
problem solving presentations,existing searches
problem solving skills,existing searches
problem solving skills course free,existing searches
problem solving skills courses,existing searches
problem solving skills website,existing searches
problem solving techniques,existing searches
problem solving through systems thinking,existing searches
problems need to be solved,existing searches
process design courses,existing searches
process development training courses,existing searches
process improvement courses,existing searches
process improvement masters degree,existing searches
process improvement specialist certification,existing searches
process management certification,existing searches
process mapping certification,existing searches
process modeling in system analysis and design,existing
process optimization course,existing searches
process safety management training online,existing searches
procurement and supply chain management pdf,existing searches
procurement certification canada,existing searches
procurement course,existing searches
procurement management courses online,existing searches
product course,existing searches
product design bootcamp free,existing searches
product design by google udacity,existing searches
product development bootcamp,existing searches
product development class,existing searches
product development course,existing searches
product development courses,existing
product management,existing searches
product management bootcamps,existing
product management certificate,existing
product management certification,existing
product management certification free,existing searches
product management course,existing
product management courses,existing
product management curso,existing searches
product management free certification,existing searches
product management full time,existing searches
product management masters online,existing searches
product management online course,existing
product management program,existing
product management projects,existing searches
product management qualification,existing
product management simulation,existing
product management training,existing
product management training course,existing
product manager,existing searches
product manager certificate,existing
product manager certification,existing searches
product manager communities,existing searches
product manager skills matrix,existing searches
product manager training,existing searches
product owner courses,existing searches
product roadmap training,existing searches
product school teachable,existing searches
product strategy course,existing searches
production management courses unisa,existing searches
productivity training course,existing searches
professional certificate in strategic management,existing searches
professional certification,existing searches
professional coaching,existing
professional development,existing
professional leadership training,existing searches
professional project management certification,existing searches
professionalonline2 mit edu,existing searches
program management,existing searches
program management certification,existing searches
program management principles,existing searches
program owner,existing searches
programing course,existing searches
programme manager training,existing searches
programming logic building exercises,existing searches
progressive training development and projects,existing searches
project,existing searches
project administration course,existing searches
project and program management,existing searches
project config,existing searches
project controls training courses,existing searches
project design and implementation,existing searches
project engineer training,existing searches
project exam,existing searches
project finance certification,existing searches
project leadership course,existing searches
project management,existing searches
project management and data science,existing searches
project management basic course,existing searches
project management cambridge university,existing searches
project management cert,existing
project management certificate,existing
project management certificate free,existing searches
project management certificate online,existing searches
project management certification,existing
project management certification courses free,existing searches
project management certification for civil engineers,existing searches
project management certification free,existing searches
project management certification online,existing searches
project management certification online mit,existing searches
project management certification pmp,existing searches
project management certifications,existing searches
project management college,existing searches
project management course,existing
project management course boston,existing searches
project management course drive google com,existing searches
project management course free,existing searches
project management course free with certificate,existing searches
project management course scholarship,existing searches
project management course unisa price,existing searches
project management courses,existing searches
project management courses by google,existing searches
project management courses for beginners,existing searches
project management courses free,existing searches
project management courses free with certificate,existing searches
project management courses in nigeria,existing searches
project management courses in pakistan,existing searches
project management courses online,existing searches
project management courses with certificates,existing searches
project management design thinking,existing searches
project management for engineers,existing searches
project management for research projects,existing searches
project management free course,existing searches
project management free course by google,existing searches
project management free course with certificate,existing searches
project management free courses,existing searches
project management free online course with certificate,existing searches
project management free online courses with certificates,existing searches
project management harvard,existing searches
project management in engineering and construction,existing searches
project management institute,existing searches
project management leading organizations to success,existing searches
project management learning path,existing searches
project management maturity model,existing
project management methodologies,existing
project management mit,existing searches
project management online,existing searches
project management online certificate,existing searches
project management online course,existing
project management online courses,existing searches
project management online courses free,existing searches
project management plan for construction,existing searches
project management professional,existing searches
project management professional certificate free,existing searches
project management professional certification,existing
project management professional certification philippines,existing searches
project management professional online course,existing
project management professional pmp certification free,existing searches
project management program,existing
project management short course,existing searches
project management short courses,existing searches
project management simulation,existing
project management skills,existing searches
project management skills course,existing searches
project management study,existing searches
project management summer course,existing searches
project management systems thinking,existing searches
project management techniques,existing
project management terms to know,existing searches
project management training,existing
project management training course,existing
project management training philippines,existing searches
project management vocabulary and concepts pdf,existing searches
project manager,existing searches
project manager burnout,existing searches
project manager com,existing searches
project manager course,existing
project manager courses,existing searches
project manager courses online free,existing searches
project manager degree apprenticeship,existing searches
project plan,existing searches
project planning and management courses in uganda,existing searches
project planning courses,existing searches
project procurement management,existing searches
project proposal writing training,existing searches
project success program,existing searches
prompt engineering course,existing searches
qualities of a good leader,existing searches
quality assurance and quality control online courses,existing searches
quality software management systems thinking,existing searches
rapid design,existing
rapid prototyping,existing
rapid prototyping services,existing
relational systems thinking,existing searches
review system design,existing searches
rf design course online free,existing searches
rice university project management,existing searches
richard paul critical thinking,existing searches
road transport management course,existing searches
ros certification course,existing searches
rotational product manager programs,existing searches
royal college of surgeons leadership,existing searches
safety engineer course,existing searches
sales courses unisa,existing searches
sap learning,existing searches
sap s 4hana training,existing searches
saylor org certificate,existing searches
scada training certification,existing searches
scalable system design,existing searches
scaler academy,existing searches
school leadership and management,existing searches
scrum,existing searches
scrum certification,existing searches
scrum course,existing searches
scrum master certification,existing
scrum master certification free,existing searches
scrum master certification online courses,existing searches
scrum master course,existing searches
scrum master online course,existing searches
scrum product owner online course,existing searches
search inside yourself leadership institute,existing searches
seeing systems,existing searches
self leadership andrew bryant pdf,existing searches
self paced courses,existing searches
senge systems thinking course,new
senior executive leadership program india,existing searches
seta learning practitioner engineering programme,existing searches
short course in project management,existing searches
short courses in mechanical engineering,existing searches
short courses yale,existing searches
short it courses online,existing searches
short management courses,existing searches
signal integrity course,existing searches
signals and systems course,existing searches
simpl learn,existing searches
simple learn skill up,existing searches
simple learning skillup,existing searches
simplify complex problems,existing
simplify complex processes,existing
simplilearn,existing searches
simplilearn certificate,existing searches
simplilearn com,existing searches
simplilearn skill up,existing searches
simplilearn skillup,existing searches
simplilearn skillup certificate,existing searches
simply learn,existing searches
simulation and modeling,existing searches
sites to learn it,existing searches
situational leadership certification,existing searches
skill certificate online,existing searches
skill sprint e learning platform,existing searches
skills build,existing searches
skills for a project manager,existing
skills for program manager,existing searches
skills of a successful leader,existing searches
skills of good project manager,existing searches
skills to be a leader,existing searches
skillshop,existing searches
skillup by simplilearn,existing searches
skilsoft,existing searches
smart lms learnership,existing searches
smart pm training,existing searches
social media management strategy,existing searches
soft skill certificate,existing searches
soft skill certificate pakistan,existing searches
soft skill training certificate pakistan,existing searches
soft skills,existing
soft skills for engineers,existing
soft skills for technical professionals,existing
soft skills training,existing
software architect certification,existing searches
software architect course,existing searches
software architect courses,existing searches
software architect training,existing searches
software architecture,existing searches
software architecture certificate,existing searches
software architecture certificate programs,existing searches
software architecture certification,existing searches
software architecture challenges,existing searches
software architecture class,existing searches
software architecture course,existing
software architecture courses,existing searches
software architecture tools,existing searches
software architecture training,existing searches
software architecture workshop,existing searches
software courses online,existing searches
software developer certification courses,existing searches
software developer courses,existing searches
software development certificate,existing searches
software development courses for beginners,existing searches
software development management course,existing searches
software engineer,existing searches
software engineer course,existing searches
software engineer course online,existing searches
software engineering course,existing searches
software engineering course online,existing searches
software engineering courses,existing searches
software engineering free course with certificate,existing searches
software engineering roadmap,existing searches
software engineering short course,existing searches
software engineering short courses,existing searches
software online courses,existing searches
software product line engineering examples,existing searches
software product management,existing searches
software product manager certification,existing searches
software project management course,existing searches
software project manager course,existing searches
software short courses,existing searches
sololearn,existing searches
solutions architecture training,existing searches
solve algorithmic problems,existing searches
solve complex problems,existing
spiral dynamics course,existing searches
stanford cto program,existing searches
stanford gsb lead,existing searches
stanford lead,existing searches
stanford leadership courses,existing
stanford leadership program,existing searches
stanford msx review,existing searches
stanford online courses,existing searches
stanford online platform,existing searches
stanford problem solving,existing searches
stanford product design certificate,existing searches
stanford product management course,existing
stanford university online courses,existing searches
start learning with edx,existing searches
statistical thinking for industrial problem solving,existing searches
stella system dynamics,existing searches
stem courses,existing searches
stem leadership alliance,existing searches
stephen covey online training,existing searches
stock and flow systems thinking,existing searches
stores and stock control courses,existing searches
strategic innovation management,existing
strategic leadership certificate,existing searches
strategic leadership course,existing searches
strategic leadership pdf,existing searches
strategic management,existing
strategic management forum,existing searches
strategic management online courses,existing searches
strategic management skills,existing
strategic management training,existing
strategic planning,existing
strategic planning certification,existing searches
strategic planning skills,existing
strategic planning tools,existing searches
strategic planning training,existing
strategic skills training,existing searches
strategic thinking and planning course,existing searches
strategic thinking and problem solving hubspot academy,existing searches
strategic thinking course,existing searches
strategic thinking coursera,existing searches
strategic thinking in complex problem solving,existing
strategic thinking workshop,existing
strategic way of thinking,existing searches
strategy and innovation,existing
strategy certification harvard,existing searches
strategy course,existing
structured problem solving,existing searches
study business administration online free,existing searches
study business management online free,existing searches
study of systems,existing searches
study systems engineering,existing searches
supply chain and logistics management certification,existing searches
supply chain certification philippines,existing searches
supply chain fundamentals mit,existing searches
supply chain learning,existing searches
supply chain logistics certificate,existing
supply chain logistics online course,existing
supply chain management courses,existing searches
supply chain management free online course with certificate,existing searches
supply chain management fundamentals,existing searches
supply chain management mitx,existing searches
supply chain management training philippines,existing searches
supply chain mit,existing searches
supply chain mitx,existing searches
supply chain study,existing searches
supply chain training certification,existing searches
syllabus of strategic management,existing searches
sysml,existing
sysml certification,existing searches
sysml course,existing searches
systeemdenken opleiding,existing searches
system,existing searches
system 1 and 2 thinking,existing searches
system analysis and design,existing searches
system analysis and design course,existing
system archetypes,existing searches
system architect course,existing searches
system architecture book,existing searches
system architecture course,existing
system architecture program,existing
system architectures,existing searches
system complexity,existing searches
system design,existing
system design ai,existing searches
system design and architecture,existing
system design and dsa course,existing searches
system design and management,existing searches
system design and management mit,existing searches
system design books,existing searches
system design certification,existing
system design course,existing searches
system design course free,existing searches
system design course mit,existing searches
system design course online,existing searches
system design courses,existing searches
system design for managers,existing searches
system design free courses,existing searches
system design fundamentals,existing searches
system design interview,existing searches
system design interview guide for software architecture udemy,existing searches
system design interview pdf,existing searches
system design masterclass,existing
system design mit,existing
system design mooc,existing searches
system design online course,existing searches
system design practice online,existing searches
system design program,existing
system design software,existing searches
system design thinking course,new
system design tutorial,existing searches
system design website,existing searches
system designing,existing searches
system development,existing searches
system dynamics,existing
system dynamics 4th edition,existing searches
system dynamics business,existing searches
system dynamics certification,existing searches
system dynamics course,existing
system dynamics course online,existing
system dynamics courses,existing searches
system dynamics forrester,existing searches
system dynamics group mit,existing searches
system dynamics mit,existing searches
system dynamics mit course,existing searches
system dynamics modeling,existing searches
system dynamics modeling examples,existing
system dynamics modeling software,existing searches
system dynamics modeling tools for learning in a complex world,existing
system dynamics modelling,existing searches
system dynamics modelling and simulation,existing searches
system dynamics online course,existing
system dynamics review,existing searches
system dynamics society,existing searches
system dynamics software,existing searches
system dynamics summer school,existing searches
system dynamics tool,existing searches
system dynamics tools,existing
system emergence,existing
system engineer,existing searches
system engineer skills,existing searches
system engineering,existing
system engineering analysis design and development,existing searches
system engineering and project management,existing searches
system engineering certification courses,existing searches
system engineering course,existing searches
system engineering course mit,existing searches
system engineering course online,existing searches
system engineering courses,existing searches
system engineering design,existing searches
system engineering group,existing searches
system engineering handbook pdf,existing searches
system engineering integration and test,existing searches
system engineering mit,existing searches
system engineering online course,existing
system engineering textbook,existing searches
system engineering training,existing searches
system integration engineer skills,existing searches
system level thinking,existing searches
system mapping,existing searches
system modeling,existing searches
system modeling course,existing
system models,existing
system oriented design,existing searches
system performance,existing
system problem solving,existing searches
system requirement analysis,existing searches
system theory course,existing searches
system theory of management,existing searches
system thinker,existing searches
system thinkers,existing searches
system thinking,existing
system thinking and analysis course description,new
system thinking approach,existing searches
system thinking approaches and methodologies,existing searches
system thinking book,existing searches
system thinking book pdf,existing searches
system thinking certificate,existing
system thinking certification,existing
system thinking course,existing
system thinking course free,new
system thinking course outline,new
system thinking course singapore,existing searches
system thinking courses,existing searches
system thinking definition,existing searches
system thinking design,existing searches
system thinking donella meadows,existing searches
system thinking examples,existing searches
system thinking for sustainability,existing searches
system thinking games,existing searches
system thinking healthcare,existing searches
system thinking in healthcare,existing searches
system thinking mit,existing searches
system thinking mit course,new
system thinking model,existing searches
system thinking online course,existing searches
system thinking pdf,existing searches
system thinking project management,existing searches
system thinking simulation,existing
system thinking theory,existing searches
system thinking tools,existing searches
system thinking training,existing
system thinking workshop,existing searches
system thinkinh,existing searches
system work training,existing searches
systematic inventive thinking,existing searches
systematic thinking,existing searches
systemic design,existing searches
systemic thinking,existing searches
systemic view,existing searches
systems analysis and design course,existing searches
systems analysis and design in a changing world,existing searches
systems analysis course,existing searches
systems and processes,existing searches
systems archetypes tools,existing searches
systems architecture course,existing searches
systems architecture strategy and product development for complex systems pdf,existing searches
systems based thinking,existing searches
systems coaching,existing searches
systems course,existing searches
systems design,existing searches
systems design and management,existing searches
systems design certificate,existing searches
systems design course,existing searches
systems design courses,existing searches
systems design engineering,existing
systems design principles,existing searches
systems development training,existing searches
systems dynamic method,existing
systems dynamics,existing
systems dynamics course,existing searches
systems dynamics courses,existing searches
systems dynamics mit,existing searches
systems dynamics modelling,existing searches
systems dynamics society,existing searches
systems dynamics training,existing searches
systems engineer,existing searches
systems engineering,existing searches
systems engineering and management,existing searches
systems engineering certification,existing searches
systems engineering certification online,existing searches
systems engineering course,existing searches
systems engineering course mit,existing searches
systems engineering coursera,existing searches
systems engineering courses,existing searches
systems engineering courses online,existing searches
systems engineering courses uk,existing searches
systems engineering curriculum,existing searches
systems engineering functional analysis,existing searches
systems engineering handbook,existing searches
systems engineering lectures,existing searches
systems engineering masters,existing searches
systems engineering mit,existing searches
systems engineering online course,existing searches
systems engineering schulung,existing searches
systems engineering textbook,existing searches
systems engineering training courses,existing searches
systems level thinking,existing searches
systems mapping,existing searches
systems modeling language,existing searches
systems performance,existing searches
systems science masters,existing searches
systems theory,existing searches
systems theory course,existing searches
systems theory education,existing searches
systems theory framework,existing searches
systems thinker,existing searches
systems thinker book,existing searches
systems thinker training,existing searches
systems thinking,existing searches
systems thinking agile,existing searches
systems thinking and modeling for a complex world,existing searches
systems thinking and sustainability,existing searches
systems thinking and system dynamics,existing
systems thinking approach,existing searches
systems thinking book,existing searches
systems thinking book pdf,existing searches
systems thinking certificate,existing
systems thinking certification,existing
systems thinking certification online,existing searches
systems thinking certification program,existing searches
systems thinking class,existing searches
systems thinking class activities,existing searches
systems thinking college course,new
systems thinking competency course,new
systems thinking competency course mit,new
systems thinking consulting,existing searches
systems thinking cornell,existing searches
systems thinking course,existing
systems thinking course coursera,new
systems thinking course design best practices for professionals,new
systems thinking course design for professionals examples,new
systems thinking course design for professionals examples vietnam,new
systems thinking course design for professionals vietnam,new
systems thinking course free,new
systems thinking course harvard,existing searches
systems thinking course hero,new
systems thinking course ice breaker,new
systems thinking course london,new
systems thinking course mit,existing searches
systems thinking course onlin,new
systems thinking course online,existing
systems thinking course outline,new
systems thinking course singapore,existing searches
systems thinking course starr,new
systems thinking course syllabus,new
systems thinking course uk,new
systems thinking coursera,existing
systems thinking courses,existing
systems thinking courses australia,new
systems thinking courses online,new
systems thinking courses south africa,new
systems thinking courses uk,existing searches
systems thinking definition,existing searches
systems thinking degree,existing searches
systems thinking diagram tool,existing searches
systems thinking donella meadows,existing searches
systems thinking education,existing
systems thinking examples,existing searches
systems thinking exercises,existing searches
systems thinking for dummies,existing searches
systems thinking for engineers,existing
systems thinking for managers,existing
systems thinking for social change,existing searches
systems thinking free course,new
systems thinking free online course,new
systems thinking graduate programs,existing searches
systems thinking ideo,existing searches
systems thinking in action,existing searches
systems thinking in business,existing
systems thinking in healthcare,existing
systems thinking in healthcare course,new
systems thinking in management,existing searches
systems thinking in practice,existing searches
systems thinking in practice course,new
systems thinking institute,existing searches
systems thinking leadership,existing
systems thinking made simple new hope for solving wicked problems,existing searches
systems thinking managing chaos and complexity pdf,existing searches
systems thinking masters,existing searches
systems thinking masters degree,existing searches
systems thinking masters program,existing searches
systems thinking methodology,existing searches
systems thinking mit,existing
systems thinking mit xpro,existing searches
systems thinking mooc,existing searches
systems thinking online certificate,existing
systems thinking online course,existing
systems thinking online courses,existing searches
systems thinking open university,existing searches
systems thinking pdf,existing searches
systems thinking phd,existing searches
systems thinking playbook pdf,existing searches
systems thinking practitioner,existing searches
systems thinking principles pdf,existing searches
systems thinking process improvement,existing
systems thinking professional certificate,existing
systems thinking professional certificate mit,existing
systems thinking program mit xpro,existing
systems thinking qualification,existing searches
systems thinking research,existing searches
systems thinking safe,existing searches
systems thinking short course,existing
systems thinking skills definition,existing searches
systems thinking software,existing searches
systems thinking standards institute,existing searches
systems thinking stanford,existing searches
systems thinking sustainability,existing searches
systems thinking systems practice,existing searches
systems thinking textbook,existing searches
systems thinking theories,existing searches
systems thinking theory,existing searches
systems thinking toolkit,existing searches
systems thinking tools,existing searches
systems thinking training,existing searches
systems thinking training course,new
systems thinking training courses,existing searches
systems thinking training exercises,existing searches
systems thinking vs design thinking,existing searches
systems thinking workshop,existing searches
systes thinking,existing searches
taxonomy development methodology,existing searches
team building certificate,existing
team building for engineers,existing
team building skills,existing
team building training,existing
team leader training,existing
team leadership,existing searches
team management skills,existing searches
tech courses online,existing searches
tech lead responsibilities,existing
tech lead training,existing searches
tech short courses,existing searches
tech skills to learn,existing searches
technical architecture courses,existing searches
technical innovation,existing
technical lead responsibilities,existing searches
technical leadership,existing
technical leadership certificate,existing
technical leadership course,existing
technical leadership development,existing
technical leadership development program,existing searches
technical leadership skills,existing
technical leadership skills list,existing
technical leadership training,existing searches
technical management courses,existing searches
technical manager training,existing searches
technical problem solving,existing
technical product management,existing
technical product management certification,existing searches
technical product manager skills,existing searches
technical product manager training,existing
technical program management,existing
technical program management courses,existing searches
technical program manager training,existing searches
technical project management,existing
technical project management certification,existing searches
technical project management courses,existing
technical project manager training,existing
technology leadership,existing searches
technology leadership program,existing
technology workshops near me,existing searches
the beer game systems thinking,existing searches
the innovative technology leader,existing searches
the institute of leadership and management,existing searches
the mind luster,existing searches
the odin project,existing searches
the systems thinker,existing
theory of constraints training,existing searches
think in systems,existing searches
thinking in systems,existing searches
thinking in systems a primer,existing
thinking in systems a primer by donella meadows,existing searches
thinking in systems book,existing searches
thinking in systems course,existing
thinking in systems donella meadows,existing searches
thinking in systems meadows,existing searches
thinking in systems pdf,existing searches
thinking in systems summary,existing searches
thinking skills,existing searches
thinking skills questions,existing searches
thinking systems,existing searches
thinking systems donella meadows,existing searches
time management courses,existing searches
time management programs,existing searches
time variant system examples,existing searches
togaf course,existing
top facilitation certification,existing searches
top lms platforms 2024,existing searches
tpm course,existing searches
training for critical thinking,existing searches
training for leaders,existing searches
training mbusoms co za,existing searches
training on people management,existing searches
training on process improvement,existing searches
training program management,existing searches
training think tank energy systems course,new
transition from business analyst to product manager,existing searches
tvet colleges offering project management,existing searches
types of leadership,existing
types of leadership training,existing
types of organizational strategy,existing
udacity agile,existing searches
udacity courses with certificate,existing searches
udacity product design,existing searches
udemy,existing searches
udemy coursera,existing searches
udemy courses,existing searches
udemy edx,existing searches
udemy online courses,existing searches
udemy systems thinking,existing searches
ui ux design free course with certificate,existing searches
understanding strategy,existing searches
understanding systems,existing searches
university of kwazulu natal,existing searches
university of technology pretoria,existing searches
uts systems thinking,existing searches
value engineering course,existing searches
vanguard systems thinking course,new
vuca course,existing searches
waterfall certification,existing searches
waters center for systems thinking,existing
web designing free course with certificate,existing searches
webinar online free courses with certificate,existing searches
website system design,existing searches
wharton leadership and management certificate review,existing searches
what are the benefits of systems thinking,existing searches
what course transfer to wgu systems thinking,new
what course transfer to wgu systems thinking reddit,new
what courses count as systems thinking or systems engineering,new
what is a lead engineer,existing searches
what is a systems thinker,existing searches
what is agile methodology,existing
what is agile project management,existing searches
what is meant by systems thinking,existing searches
what is organizational strategy,existing
what is radical innovation,existing
what is software modeling,existing searches
what is system design,existing searches
what is system dynamics,existing searches
what is system engineering,existing
what is system thinking,existing
what is systems dynamics,existing searches
what is systems thinking,existing searches
what is systems thinking in business,existing searches
what is the iron triangle of project management,existing searches
which lms is best,existing searches
whole system design,existing searches
whole system mapping,existing searches
wolfram system modeler review,existing searches
world systems theory,existing searches
www coursera org,existing searches
www dale carnegie training,existing searches
www dalecarnegie com,existing searches
www learnwithdexa com,existing searches
www mindluster com,existing searches
www ocw mit edu courses,existing searches
www sdp edu za,existing searches
www skillsoft com,existing searches
www the programmers university com,existing searches
xpro mit,existing searches
yali network online courses,existing searches
yali online courses,existing searches
young african leaders initiative online courses,existing searches
your first project,existing searches
youth alliance for leadership and development in africa,existing searches
