Keyword	Avg. monthly searches	Competition	Competition (indexed value)	Top of page bid (low range)	Top of page bid (high range)	Searches: Mar 2022	Searches: Apr 2022	Searches: May 2022	Searches: Jun 2022	Searches: Jul 2022	Searches: Aug 2022	Searches: Sep 2022	Searches: Oct 2022	Searches: Nov 2022	Searches: Dec 2022	Searches: Jan 2023	Searches: Feb 2023	Searches: Mar 2023	Searches: Apr 2023	Searches: May 2023	Searches: Jun 2023	Searches: Jul 2023	Searches: Aug 2023	Searches: Sep 2023	Searches: Oct 2023	Searches: Nov 2023	Searches: Dec 2023	Searches: Jan 2024	Searches: Feb 2024	Searches: Mar 2024	Searches: Apr 2024	Searches: May 2024	Searches: Jun 2024	Searches: Jul 2024	Searches: Aug 2024	Searches: Sep 2024	Searches: Oct 2024	Searches: Nov 2024	Searches: Dec 2024	Searches: Jan 2025	Searches: Feb 2025	Searches: Mar 2025	Searches: Apr 2025	Searches: May 2025	Searches: Jun 2025	Searches: Jul 2025	Searches: Aug 2025	Searches: Sep 2025	Searches: Oct 2025	Searches: Nov 2025	Searches: Dec 2025	Searches: Jan 2026	Searches: Feb 2026
360 learning	6600	Medium	48	2.370494	34.888852	12100	9900	9900	12100	9900	9900	22200	22200	18100	12100	18100	14800	18100	14800	14800	14800	12100	12100	18100	18100	9900	5400	6600	8100	8100	8100	9900	8100	9900	9900	9900	6600	6600	5400	6600	6600	6600	5400	5400	5400	6600	5400	8100	8100	6600	5400	6600	6600
4 week certificate programs online	2900	Medium	63	0.723695	11.91	3600	2900	2900	2900	2400	2400	1900	1600	1600	1900	3600	2400	2900	2400	3600	2900	2400	2900	2900	2400	3600	3600	2900	2400	2900	2900	2900	3600	4400	2400	2900	2400	1900	1600	2900	1900	1900	1900	2400	2400	2400	2900	2900	4400	3600	3600	3600	3600
absorb lms	6600	Medium	50	7.703416	500.746048	5400	4400	5400	5400	5400	6600	5400	5400	5400	4400	5400	5400	6600	5400	5400	5400	5400	5400	5400	5400	5400	4400	6600	6600	6600	6600	6600	8100	9900	6600	9900	9900	8100	6600	9900	6600	8100	8100	8100	8100	8100	6600	6600	8100	6600	5400	6600	6600
academy for systems change	50	Low	7	0.72	3.778	90	90	70	70	50	70	70	90	90	50	50	70	70	50	90	70	70	90	70	50	50	50	50	90	70	70	40	50	50	50	50	50	50	40	50	70	70	50	50	50	50	30	70	40	50	70	70	50
aconex course online	30	Medium	49	0.369074	3.508401	0	0	0	0	0	0	0	0	0	0	0	0	0	30	30	20	30	20	40	40	20	50	70	70	70	50	110	70	30	40	20	30	20	20	30	20	10	20	20	20	30	30	40	40	40	40	70	50
advanced modeling	720	Low	10	0.08315	1.047135	480	480	480	480	480	480	480	480	480	480	590	480	480	590	590	390	480	480	480	480	590	480	590	480	480	590	590	480	590	480	480	590	590	720	880	720	720	590	590	590	590	590	1900	720	590	720	720	720
agile courses	1900	Medium	50	0.661181	4.939877	3600	2900	3600	2900	2900	3600	2900	2900	2900	2400	3600	2900	3600	2900	2900	2900	2900	2900	2900	2900	2900	2400	2900	2900	2900	2400	2900	2900	3600	2900	2900	2400	2900	2400	2400	2900	2900	2400	2400	1900	1900	1900	4400	1600	1300	1000	1300	1600
agile project	2900	Low	8	0.515488	5.27	5400	4400	4400	4400	3600	4400	4400	4400	4400	3600	4400	4400	5400	4400	4400	3600	3600	3600	4400	4400	5400	5400	4400	4400	4400	4400	3600	3600	3600	3600	3600	3600	3600	2900	4400	3600	3600	3600	3600	2900	2900	2400	3600	2900	2400	1900	2400	2400
agile project management	40500	Low	22	0.68361	5.81	74000	60500	74000	74000	60500	60500	60500	60500	60500	49500	74000	60500	74000	60500	74000	60500	60500	60500	60500	74000	60500	49500	74000	60500	60500	60500	60500	49500	49500	49500	49500	60500	49500	40500	49500	49500	49500	49500	40500	40500	40500	33100	40500	33100	33100	27100	33100	49500
agile project management course	2900	Low	31	1.32	9.340252	2900	2400	2900	2900	2900	2900	2900	2900	2900	2400	3600	2900	3600	2900	2900	2900	2900	3600	3600	3600	3600	2900	4400	3600	3600	3600	3600	2900	8100	6600	2900	2900	2900	2400	3600	4400	5400	3600	2900	2400	2400	1900	4400	1900	1600	1300	2400	2900
ai system design	880	Medium	39	0.435868	6.217992	70	70	90	50	50	90	50	70	110	110	110	110	170	170	170	170	210	210	260	260	320	260	320	320	390	390	480	480	320	320	390	480	480	390	590	720	720	590	720	720	1000	880	880	1000	880	1000	1300	1600
alison course certificate	1300	Low	26	0.05	1.589339	1300	1000	1300	1600	1900	1300	1900	2400	2400	2400	2900	1900	2400	1900	1900	1600	1600	1600	1300	1300	1300	1000	1000	880	1000	1000	1000	1000	1300	1300	1600	1300	1300	1000	1300	1000	1300	1000	1300	1300	1300	1600	1300	1300	1600	1000	1000	1300
alison courses	90500	Medium	44	0.0727	1.52	60500	49500	60500	60500	60500	60500	60500	60500	60500	49500	90500	74000	74000	74000	90500	90500	90500	90500	74000	74000	74000	60500	90500	74000	74000	74000	74000	74000	74000	74000	74000	74000	60500	60500	74000	74000	74000	60500	74000	74000	74000	74000	90500	90500	74000	74000	135000	110000
altium pcb design course	320	Low	22	0.158997	2.11	90	110	90	90	90	140	110	140	140	140	170	170	170	170	210	210	210	170	210	170	140	210	210	210	210	210	210	210	260	260	260	210	210	210	260	210	260	210	320	260	390	260	320	260	260	260	260	590
alx courses	6600	Low	27	0.210934	1.99	390	390	1300	2900	3600	2400	2400	2400	1600	2400	5400	4400	8100	8100	6600	4400	3600	3600	2400	1900	1900	2400	5400	6600	6600	6600	6600	6600	9900	9900	12100	9900	9900	6600	12100	8100	9900	9900	9900	9900	8100	6600	6600	5400	5400	4400	6600	5400
alxafrica courses	70	Medium	35	0.339145	2.609047	0	0	0	0	0	0	0	0	0	0	0	70	140	10	10	10	10	10	10	10	0	10	10	10	10	10	10	10	10	10	40	30	10	10	70	70	30	30	50	50	110	110	70	40	30	70	70	50
an introduction to general systems thinking	140	Low	23	0.36	3.036786	260	210	170	170	170	170	170	140	260	210	170	140	170	110	90	110	140	170	170	140	140	260	210	110	170	140	140	170	170	110	170	110	90	140	90	140	140	110	110	110	210	110	110	110	170	140	260	140
analytical thinking and innovation skills	20	Low				10	10	20	30	30	10	10	20	20	10	20	20	10	10	10	10	10	10	20	10	10	20	10	20	20	20	20	20	20	20	10	20	10	10	10	10	10	10	10	10	10	10	10	10	20	40	110	40
analytical thinking problem solving	170	Low	3	0.044431	1.6	170	170	210	210	170	210	210	210	210	170	140	170	170	140	170	170	170	210	210	210	210	140	210	210	170	210	170	170	170	210	210	210	170	170	170	170	210	170	140	140	140	170	170	210	170	170	140	170
asana	1220000	Medium	39	1.381278	21.054916	1500000	1220000	1220000	1220000	1220000	1220000	1220000	1220000	1220000	1000000	1500000	1220000	1500000	1220000	1220000	1220000	1220000	1220000	1220000	1220000	1220000	1000000	1500000	1220000	1220000	1220000	1220000	1220000	1220000	1220000	1220000	1220000	1220000	1000000	1220000	1220000	1220000	1220000	1220000	1220000	1220000	1000000	1220000	1500000	1000000	1000000	1220000	1000000
automation course	2900	Medium	43	0.239258	2.120941	2400	2400	2900	2900	3600	2900	2900	2900	2400	2400	2900	2400	2900	2900	2900	2900	2900	2900	2900	2900	2400	2900	3600	2900	2900	2900	3600	5400	4400	2900	2900	2900	2900	2900	3600	2900	3600	2900	2900	2900	3600	2900	3600	2900	2900	2900	3600	2900
barry richmond systems thinking	20	Low	6			30	40	30	40	30	40	50	90	30	30	40	30	70	30	30	20	30	40	40	30	30	20	50	40	70	40	40	40	40	10	20	40	40	20	20	30	30	20	20	30	20	10	30	30	20	10	20	20
basecamp	301000	Low	12	0.03	13.960892	450000	368000	368000	368000	368000	368000	368000	368000	368000	301000	450000	368000	368000	301000	368000	301000	301000	301000	368000	368000	368000	301000	368000	368000	368000	368000	368000	368000	368000	368000	368000	368000	368000	301000	368000	301000	301000	301000	301000	301000	368000	301000	368000	368000	301000	301000	301000	301000
becoming an entrepreneur mit	170	Low	29	1.201365	4.443059	10	10	10	10	10	10	10	20	20	10	20	10	20	480	210	880	90	390	210	90	170	90	880	720	480	210	480	390	480	260	390	170	110	170	170	90	140	260	320	210	170	260	210	90	90	50	170	90
best business certification programs	210	Low	7	1.987044	8.74	170	140	170	170	140	140	140	140	170	140	210	170	260	210	210	140	140	140	110	110	110	90	110	110	110	110	70	90	110	90	110	90	70	70	90	90	70	260	390	480	170	170	260	140	90	30	40	320
best certifications for it directors	10	High	71	5.556883	10.608802	10	10	10	10	10	10	10	10	10	10	10	10	10	10	20	10	20	10	10	10	20	10	20	20	30	10	10	20	20	10	10	10	10	10	10	10	10	20	10	10	10	10	10	10	10	10	10	10
best course in business analytics	20	High	71	0.783103	3.528665	40	40	40	40	40	70	40	40	40	40	40	40	40	40	30	30	50	50	30	30	20	30	30	40	50	50	30	40	40	40	40	30	20	20	30	10	30	20	20	10	30	10	10	10	10	10	10	10
best course on critical thinking	10	Medium	43			10	10	10	10	10	10	10	20	10	10	10	10	10	10	20	10	10	10	10	10	20	20	20	20	20	10	10	20	10	10	10	10	10	10	10	10	10	10	10	10	10	10	10	10	10	10	10	10
best course on system design	50	Medium	64	0.347375	1.908637	50	70	50	50	70	70	50	70	50	70	70	50	50	70	70	70	70	70	70	70	50	70	90	70	90	70	90	70	70	70	70	50	50	70	50	50	70	50	50	50	70	50	50	50	50	70	50	40
best courses for project management	1600	Medium	65	0.991875	6.91	1600	1900	1900	1900	1900	2400	1900	1900	1900	1900	2900	2400	2400	2400	2400	2400	2400	2400	2400	2400	2400	2400	2900	2900	2900	2900	2400	2400	2400	2400	2400	2400	1900	1900	2400	2400	2400	1900	1900	1600	1600	1300	2400	1300	1300	1000	1600	1300
best critical thinking courses	40	Medium	47	0.454563	2.995629	90	90	90	90	90	70	70	70	70	70	70	50	50	50	70	70	50	50	70	50	70	50	50	70	50	50	70	70	70	70	50	50	50	50	90	70	50	70	70	50	40	30	40	40	30	40	50	30
best free online project management courses with certificates	1000	Medium	50	0.167515	3.95	320	390	480	590	590	590	590	480	390	390	720	720	720	720	880	1000	1000	1300	1300	1300	1300	1000	1600	1600	1600	1600	1600	1900	4400	1300	1300	1300	1000	1000	1300	1300	1000	1000	1000	1000	1000	880	880	880	880	720	880	1000
best online certificate programs for project management	10	Low	31			30	20	40	10	20	30	10	10	10	20	30	10	20	20	10	10	10	10	10	10	10	10	10	10	10	10	30	10	10	10	10	10	10	10	10	10	20	20	10	10	10	20	50	10	10	10	10	10
best online coding courses with certificates	590	Medium	53	0.528018	11.605344	320	480	590	590	720	720	880	480	480	480	880	720	880	1000	1300	1000	1000	1000	590	720	480	480	590	880	880	590	880	1300	880	390	880	590	320	2400	390	320	480	480	590	590	480	480	480	480	590	590	880	720
best product management certification	720	Medium	62	1.405446	9.295129	1000	880	880	880	880	1000	880	880	880	880	1000	720	880	880	880	880	1000	1000	1000	1000	880	880	1300	1000	1000	1000	1000	1000	1000	1000	1600	1000	1000	880	1000	880	880	880	880	720	590	590	720	590	590	480	590	590
best project management certification	2900	Medium	60	1.352072	10.569128	3600	3600	3600	3600	3600	4400	3600	3600	3600	3600	4400	4400	4400	3600	3600	3600	3600	4400	4400	4400	3600	4400	5400	4400	4400	9900	27100	6600	5400	4400	4400	4400	3600	3600	4400	4400	4400	3600	2900	2900	2900	2900	2900	2400	2400	1900	2900	2900
best software architect certification	40	Low	10	0.69	2.29141	90	70	90	90	70	70	90	70	90	70	90	70	90	70	70	30	40	50	70	90	50	50	90	70	50	70	70	70	40	50	70	40	40	40	50	50	30	30	40	50	30	30	20	20	20	40	40	110
best system design book	1900	High	67	0.099159	1.461407	1600	1600	1900	1900	1900	1900	1900	1600	1600	1600	1600	1300	1600	1300	1300	1300	1300	1300	1300	1600	1600	1900	2400	1900	1900	1900	1900	1900	2400	2400	1900	1900	1900	2400	2400	1900	2400	1900	1900	1900	1900	1900	1900	1900	1900	2400	2400	2400
best system design course	1300	Medium	51	0.307609	1.72	720	720	880	880	880	880	880	880	1000	880	880	880	880	880	880	1000	1000	1000	1000	1000	1300	1600	1600	1300	1600	1300	1600	1900	1900	1600	2400	1300	1300	1600	1600	1300	1600	1600	1300	1300	1300	1300	1300	1300	1300	1600	1600	1600
best systems thinking courses	10	Medium	63	1.71	8.265353	20	20	20	50	30	30	30	50	10	30	20	20	40	40	30	20	20	20	30	10	20	20	30	10	40	30	10	10	10	10	10	10	10	10	20	10	10	20	10	10	10	10	10	20	10	20	10	10
best tech online courses	10	High	67	0.555188	31.17	30	30	40	30	30	30	40	20	50	30	40	10	20	20	20	20	20	10	20	30	20	10	10	10	10	10	20	20	20	20	10	20	10	20	40	30	20	20	10	20	10	10	10	10	10	10	10	10
books for system design	170	Medium	51	0.044445	1.001822	140	110	140	170	140	140	170	140	90	110	140	110	110	110	110	90	110	110	140	140	140	170	210	170	140	170	170	210	170	170	170	170	140	170	210	170	170	170	170	170	210	140	170	170	140	210	210	170
books on systems thinking	2900	High	93	0.131714	2.756947	1600	1300	1300	1600	1600	1600	1600	1300	1600	1600	1900	1600	1600	1600	1600	1600	1600	1900	1900	1900	1900	2400	2400	2400	2400	1900	2400	2400	2900	2400	1900	2400	1900	1900	3600	2400	2400	2400	2400	2400	2400	2900	2900	2400	2900	2900	2900	2900
brand management courses	2900	Medium	58	0.75	3.495841	2400	2400	2400	2400	2400	2900	2900	2400	2400	2400	2900	2400	2900	2900	2900	2900	3600	3600	3600	2900	2900	2900	3600	3600	2900	3600	4400	4400	3600	3600	3600	2900	2900	2400	3600	2900	3600	2900	3600	2900	2900	2400	2900	2400	2400	1900	2400	2400
business administration certifications	3600	Medium	48	1.820192	16.955844	2900	2900	2900	2900	2900	3600	2900	2900	2900	2400	3600	2900	3600	3600	3600	3600	3600	3600	3600	3600	3600	3600	4400	3600	4400	4400	4400	5400	5400	4400	9900	8100	3600	3600	4400	3600	5400	4400	3600	2900	2900	2900	3600	2400	2400	1900	2900	2900
business administration level 2 course	70	Medium	63	0.81681	2.480612	40	40	40	50	50	50	50	50	40	50	50	40	70	40	50	50	50	50	70	70	50	50	90	70	90	50	50	70	70	70	70	50	50	30	70	90	90	70	70	70	70	70	70	70	90	70	110	110
business administration nqf 3	10	Low	7			30	30	30	10	20	10	10	10	10	10	10	20	10	10	10	20	10	10	20	20	10	10	10	20	20	20	20	20	10	10	10	10	10	10	20	10	10	20	10	20	20	10	10	10	10	10	10	30
business analyst course	33100	Medium	66	0.569124	3.103579	27100	27100	40500	40500	49500	49500	40500	40500	40500	33100	49500	40500	40500	40500	49500	49500	49500	49500	40500	40500	40500	49500	49500	49500	49500	49500	60500	60500	60500	49500	40500	40500	40500	40500	49500	40500	49500	40500	40500	40500	40500	33100	33100	27100	27100	27100	33100	27100
business courses online with certificates	260	High	68	1.078498	19.01	20	40	70	70	30	70	70	50	90	90	140	110	140	140	170	170	170	170	170	210	170	210	260	260	260	320	260	260	480	480	390	320	390	260	590	210	260	210	260	260	260	320	320	210	140	170	260	260
business dynamics	1300	Low	16	1.447222	8.993191	1300	1000	1000	1300	1000	1300	1300	1300	1300	1000	1300	1300	1300	1300	1300	1000	1000	1300	1300	1300	1600	1300	1600	1600	1600	1600	1600	1300	1300	1300	1600	1600	1300	1300	1600	1600	1600	1300	1300	1000	1000	1300	1600	1300	1000	1000	1300	1000
business dynamics systems thinking and modeling for a complex world	720	Low	27	0.57	4	480	390	480	390	480	590	590	590	590	390	590	590	590	480	480	480	480	590	720	590	480	480	720	590	590	590	590	590	480	590	720	590	590	480	590	590	720	720	720	590	590	720	720	720	720	590	880	880
business management course	40500	Medium	48	0.5037	5.542786	40500	49500	49500	60500	49500	49500	49500	40500	40500	33100	60500	40500	49500	40500	49500	49500	49500	49500	40500	40500	49500	40500	60500	49500	49500	60500	60500	49500	49500	49500	49500	40500	40500	40500	60500	49500	60500	49500	49500	40500	60500	40500	40500	33100	27100	27100	49500	33100
business management courses cape town	50	Medium	55	0.796474	2.582852	110	110	110	90	90	170	90	90	110	70	170	90	90	90	70	70	50	70	50	70	50	50	210	90	50	90	90	50	70	70	70	70	70	50	110	70	70	70	70	50	50	50	40	40	50	30	90	40
business management in service training	140	Low	27	0.64603	2.11328	90	50	90	70	140	110	110	110	110	50	210	140	110	70	140	110	110	110	90	90	90	30	170	140	70	90	70	90	210	170	170	110	90	50	390	170	170	110	210	170	210	210	90	70	50	70	260	170
business management online short courses	20	High	76	0.621314	3.507255	10	20	20	10	10	30	10	10	10	10	10	10	10	10	20	10	10	10	20	20	10	20	20	30	20	40	20	20	20	20	10	10	20	20	20	20	30	20	30	10	20	20	20	10	10	10	10	10
business management short courses	1300	Medium	55	0.398409	2.952296	1000	880	1000	1000	1000	1300	1000	1000	1000	880	1600	1000	1300	1300	1300	1300	1300	1300	1000	1300	1300	1000	1900	1900	1300	1600	1300	1000	1300	1000	1000	1000	1000	880	1600	1300	1300	1000	1300	1000	1300	1000	1300	1000	1000	880	1600	1300
business management training	720	Low	19	0.944565	10.328317	720	590	720	720	590	880	720	720	880	590	880	720	880	720	880	590	590	590	720	880	880	720	880	880	1300	1900	880	1900	1000	1000	1600	1300	720	720	880	880	1300	1000	880	720	590	590	880	590	390	390	590	880
business systems analyst courses	140	Medium	55	0.617008	6.54	170	140	110	140	170	170	140	170	170	140	170	210	260	210	260	140	170	140	210	170	110	140	210	170	170	170	170	170	590	590	210	140	140	140	140	140	140	110	140	110	140	90	210	140	90	90	140	140
business systems course	70	Medium	54	0.706246	6	70	30	50	50	110	140	90	110	110	90	90	70	110	90	140	90	90	110	90	50	70	40	70	50	70	90	140	90	90	90	90	70	50	70	70	90	90	110	110	70	110	40	110	50	40	40	90	50
business systems design	70	Low	7	0.33	14.69	140	110	140	110	110	140	140	90	170	110	170	140	210	110	90	70	90	90	90	110	110	70	110	110	110	110	110	110	90	90	90	90	90	90	70	110	110	90	90	50	70	70	70	70	70	70	70	70
call center management course	170	Low	19	0.69893	7.735313	260	260	210	260	210	390	260	260	170	170	260	260	210	210	210	210	210	170	210	260	210	170	320	210	210	210	170	210	210	210	210	170	110	170	260	320	260	260	210	170	110	170	170	170	110	110	170	170
can i learn it online	30	Low	32	0.09652	5.375635	20	20	30	20	30	10	20	20	10	20	20	20	20	20	30	20	30	30	30	50	20	40	30	30	30	30	20	20	30	20	30	20	30	20	30	30	30	20	20	20	20	30	30	20	10	30	30	50
capm certification	40500	Medium	61	0.5	5.299029	33100	27100	33100	33100	33100	33100	33100	27100	27100	27100	33100	33100	33100	33100	33100	33100	40500	40500	33100	33100	33100	33100	49500	40500	40500	40500	40500	33100	40500	33100	40500	40500	33100	33100	40500	40500	40500	40500	40500	40500	40500	33100	33100	33100	33100	33100	40500	33100
career essentials certificate by microsoft and linkedin	390	Low	9	0.47878	4.75	0	0	0	0	0	0	10	30	50	390	390	390	480	480	480	590	1900	1000	590	390	480	590	590	1900	1900	1300	1000	1600	1600	880	880	720	480	720	720	590	590	590	590	480	480	390	320	260	260	260	210	210
carnegie mellon software architecture certification	10	Low	11			10	10	10	10	10	10	10	10	20	10	10	30	10	10	10	10	10	10	20	10	20	20	20	20	10	10	10	10	10	10	10	10	10	10	10	10	10	10	10	10	10	10	20	10	10	10	10	10
certificate course on business management	10	Medium	62			10	10	10	10	10	10	10	10	20	10	10	10	10	0	10	10	10	10	0	10	10	10	0	0	10	10	0	0	0	10	10	10	10	10	10	10	10	10	10	10	10	10	10	10	10	10	10	10
certificate courses	14800	Low	33	0.349144	2.6	12100	12100	14800	14800	14800	14800	12100	12100	12100	12100	14800	12100	14800	12100	14800	14800	14800	14800	14800	14800	12100	12100	18100	14800	14800	14800	18100	18100	18100	14800	12100	12100	12100	12100	18100	12100	14800	14800	14800	14800	14800	14800	14800	12100	12100	12100	14800	12100
certificate courses online	40500	Medium	63	0.376774	3.809781	22200	22200	27100	33100	33100	40500	33100	33100	33100	33100	40500	33100	40500	40500	49500	49500	49500	40500	40500	40500	40500	40500	49500	49500	49500	49500	49500	60500	60500	60500	40500	40500	49500	49500	49500	40500	49500	49500	49500	49500	49500	40500	40500	33100	33100	27100	33100	33100
certificate for project	90500	Low	2	0.472193	1.390012	135000	33100	40500	110000	60500	40500	60500	110000	135000	165000	246000	90500	33100	27100	74000	246000	135000	74000	90500	135000	201000	246000	301000	110000	40500	33100	90500	246000	110000	74000	90500	110000	165000	165000	246000	90500	40500	33100	74000	201000	110000	60500	60500	110000	110000	135000	165000	74000
certificate in project management	90500	High	69	1.717323	12	74000	74000	74000	74000	74000	90500	74000	74000	74000	74000	110000	90500	90500	90500	90500	90500	90500	110000	90500	90500	90500	110000	165000	135000	135000	135000	135000	135000	165000	135000	135000	135000	110000	90500	135000	110000	110000	110000	90500	90500	90500	90500	90500	90500	74000	74000	90500	74000
certificate in systems engineering	1000	Low	25	1.219729	7.177783	1300	1300	1300	1300	1300	1300	1300	1300	1300	1300	1600	1600	1600	1600	1600	1600	1600	1600	1600	1600	1300	1600	1600	1600	1300	1600	1600	2400	1900	1600	1300	1600	1600	1600	1600	1300	1300	1300	1000	1000	1000	1000	1000	1000	880	880	1000	1900
certificate programs online	14800	Medium	53	3.08753	17.29957	9900	12100	12100	12100	12100	14800	12100	12100	12100	12100	18100	12100	14800	14800	18100	14800	14800	18100	14800	14800	14800	14800	18100	18100	18100	27100	18100	22200	22200	22200	22200	18100	14800	14800	22200	14800	18100	14800	14800	14800	18100	18100	18100	14800	14800	12100	14800	14800
certificates for engineering students	50	Medium	43	0.402448	1.868054	20	20	20	40	40	50	50	40	40	50	50	40	40	50	70	70	70	70	50	50	50	50	50	30	70	70	70	70	50	50	40	50	70	50	40	70	70	70	70	50	50	70	50	50	70	50	40	40
certification mit	1900	Low	27	1.05	6.040785	1900	1900	1900	1900	2900	3600	2900	1900	1900	1900	2400	1900	1900	1900	1900	1900	2900	3600	2900	2400	1900	1900	2400	2400	1900	1900	2400	1900	2400	2400	2400	2400	2400	2400	2400	1900	1900	1900	1900	1900	1900	2400	2400	1600	1600	1300	1900	1900
certified associate in project management capm	18100	Medium	36	0.619814	5.061898	9900	8100	8100	8100	8100	9900	8100	9900	8100	8100	9900	9900	9900	9900	9900	9900	9900	9900	9900	9900	9900	9900	12100	12100	12100	9900	12100	9900	12100	9900	12100	12100	12100	12100	18100	14800	18100	18100	18100	18100	14800	18100	22200	18100	14800	14800	18100	22200
cisco courses online	880	Medium	36	0.2	2.318759	1300	1000	1000	1000	1300	1600	1300	1000	1000	1000	1000	1000	1000	1000	1000	1300	1300	1300	1300	1600	1300	1300	1600	1600	1300	1300	1600	1000	1600	1600	1300	1300	1000	1000	1300	1000	1300	1000	880	880	880	1000	880	880	720	720	880	1300
class central	165000	Low	33	0.14	2.392983	60500	60500	49500	49500	49500	74000	90500	90500	110000	165000	201000	135000	165000	135000	301000	301000	246000	201000	165000	135000	165000	135000	135000	90500	135000	135000	165000	165000	165000	135000	165000	110000	90500	90500	90500	110000	110000	135000	135000	201000	165000	165000	165000	135000	110000	165000	135000	165000
class central certificate	9900	Medium	46	0.282256	4.197303	60500	33100	40500	90500	27100	49500	22200	18100	18100	18100	9900	9900	9900	12100	14800	14800	14800	12100	9900	6600	5400	5400	5400	4400	6600	5400	6600	14800	9900	6600	18100	8100	6600	4400	6600	8100	6600	5400	5400	6600	5400	6600	5400	27100	18100	18100	8100	8100
class central certificates	9900	Medium	46	0.282256	4.197303	60500	33100	40500	90500	27100	49500	22200	18100	18100	18100	9900	9900	9900	12100	14800	14800	14800	12100	9900	6600	5400	5400	5400	4400	6600	5400	6600	14800	9900	6600	18100	8100	6600	4400	6600	8100	6600	5400	5400	6600	5400	6600	5400	27100	18100	18100	8100	8100
clickup	1500000	Medium	39	0.328192	6.32	1000000	823000	823000	823000	823000	1000000	823000	1000000	823000	673000	1000000	1000000	1000000	823000	1000000	823000	823000	823000	823000	1000000	823000	673000	823000	1000000	1000000	1000000	1000000	823000	1000000	1000000	1000000	1220000	1000000	823000	1000000	1220000	1500000	1500000	1500000	1500000	1500000	1500000	1500000	1500000	1500000	1220000	1500000	1830000
cm certified manager	170	Medium	49	1.563718	7.306417	20	20	20	20	30	20	20	30	30	30	40	30	50	40	50	30	40	50	30	40	40	40	70	40	50	50	30	50	50	50	70	70	70	70	70	50	90	140	140	140	260	210	210	260	170	170	210	140
cmu software architecture	20	Low	13			30	50	30	30	30	30	30	40	30	50	70	90	50	40	30	30	50	50	50	30	50	40	50	110	40	30	50	30	30	30	30	40	40	30	40	30	30	20	20	20	10	20	20	20	20	10	20	10
codedamn courses	1300	Low	15	0.194478	1.24095	40	30	30	40	40	30	50	70	50	70	40	30	30	50	140	390	3600	4400	5400	4400	3600	4400	5400	4400	2400	1600	2400	2900	3600	2900	2400	2400	1900	2400	2400	1600	1600	1600	1600	1900	1900	1600	1300	1000	1000	1000	1000	90
coding certificate course	260	Low	21	0.330385	3.261731	390	320	390	480	590	480	480	320	210	320	260	210	210	210	260	320	320	320	210	260	260	320	390	320	210	260	320	390	260	210	170	170	110	170	320	260	390	320	390	170	320	170	260	260	210	210	320	320
coding classes online	22200	Medium	36	0.442673	10.338339	18100	18100	22200	22200	22200	22200	22200	18100	18100	18100	22200	18100	22200	22200	22200	22200	22200	18100	18100	18100	14800	18100	18100	14800	18100	18100	22200	22200	22200	18100	18100	14800	22200	22200	22200	18100	33100	27100	27100	22200	22200	18100	18100	14800	14800	14800	18100	14800
coding course	33100	Medium	38	0.333342	2.61414	22200	18100	27100	33100	40500	40500	40500	33100	27100	27100	33100	27100	33100	33100	33100	33100	33100	33100	27100	27100	27100	27100	33100	33100	33100	33100	40500	40500	40500	40500	40500	49500	49500	40500	40500	33100	40500	40500	49500	49500	40500	40500	40500	33100	27100	27100	27100	27100
coding courses online	22200	Medium	36	0.442673	10.338339	18100	18100	22200	22200	22200	22200	22200	18100	18100	18100	22200	18100	22200	22200	22200	22200	22200	18100	18100	18100	14800	18100	18100	14800	18100	18100	22200	22200	22200	18100	18100	14800	22200	22200	22200	18100	33100	27100	27100	22200	22200	18100	18100	14800	14800	14800	18100	14800
company secretary course	18100	Low	7	0.409971	2.386147	14800	14800	18100	22200	22200	18100	14800	12100	14800	12100	22200	18100	18100	18100	22200	22200	18100	18100	14800	12100	12100	14800	18100	18100	22200	22200	27100	27100	22200	22200	14800	12100	14800	14800	18100	18100	22200	22200	27100	18100	22200	18100	14800	12100	14800	14800	14800	12100
complex problem solving	1300	Low	7	0.407915	7.755589	1900	1900	1900	1600	1600	1600	1900	1900	1900	1300	1900	1900	2900	2400	2400	1900	1900	1900	1900	1900	2400	1600	1900	1600	1600	1600	1600	1300	1300	1600	1600	1300	1300	1300	1300	1000	1300	1000	1300	1000	1000	1300	1300	1000	2400	1000	1000	1000
complex problem solving course	10	High	68	1.916689	5.686117	20	30	30	30	30	20	30	30	30	30	30	30	50	50	40	50	20	30	40	30	40	20	30	30	30	30	20	30	20	20	40	20	30	40	20	20	20	20	20	10	20	20	10	10	20	10	10	10
complex systems mit	10	Low	4			10	20	20	10	10	20	10	20	10	20	10	20	10	20	10	10	10	10	20	10	10	20	10	30	10	10	10	10	10	20	20	20	20	10	10	10	10	10	20	10	10	10	10	10	10	10	10	10
comptia a	3600	Low	31	0.500367	4.72386	2900	2900	2900	2900	2900	3600	2900	2900	2900	2400	3600	3600	3600	3600	4400	3600	3600	4400	3600	3600	3600	3600	4400	4400	4400	4400	4400	4400	4400	4400	4400	4400	3600	3600	4400	4400	4400	4400	4400	3600	3600	3600	3600	2900	2900	2400	2900	2900
computer course	74000	Low	23	0.29	1.361865	74000	74000	90500	110000	90500	90500	90500	74000	74000	60500	74000	74000	90500	110000	110000	110000	110000	90500	90500	74000	74000	74000	90500	90500	110000	110000	135000	110000	110000	90500	74000	60500	60500	60500	74000	74000	90500	90500	90500	90500	90500	74000	60500	49500	49500	49500	60500	49500
computer course certificate free download	110	Low	14	0.295124	0.86	20	30	30	20	30	20	30	30	20	10	20	30	30	20	20	40	40	40	50	40	30	30	50	30	50	30	50	50	90	110	90	70	90	140	90	110	170	170	260	140	110	90	70	90	70	70	70	70
computer courses online	14800	Medium	49	0.297248	2.763167	14800	12100	14800	14800	14800	14800	14800	12100	14800	12100	14800	14800	18100	18100	18100	18100	18100	18100	18100	14800	14800	14800	18100	18100	18100	18100	18100	18100	18100	14800	14800	14800	14800	14800	14800	12100	18100	18100	14800	14800	18100	14800	14800	12100	12100	12100	12100	12100
computer hardware engineer courses	210	Low	13	0.552832	5.27549	480	590	480	590	480	480	480	390	320	260	480	390	390	390	390	480	390	390	390	320	320	320	480	390	320	390	480	590	720	480	260	210	320	320	390	260	260	260	320	320	260	210	210	140	210	140	170	210
computer online classes	14800	Medium	49	0.297248	2.763167	14800	12100	14800	14800	14800	14800	14800	12100	14800	12100	14800	14800	18100	18100	18100	18100	18100	18100	18100	14800	14800	14800	18100	18100	18100	18100	18100	18100	18100	14800	14800	14800	14800	14800	14800	12100	18100	18100	14800	14800	18100	14800	14800	12100	12100	12100	12100	12100
computer science certificate programs	320	Medium	35	3.28	16.68	480	590	590	720	720	880	880	880	720	720	880	720	720	480	390	390	260	390	320	260	260	260	260	170	210	210	260	480	480	590	880	390	590	210	480	260	390	320	320	210	170	260	260	320	320	260	390	590
computer software course	2900	Medium	39	0.296872	2.21	5400	5400	6600	8100	8100	8100	6600	6600	5400	5400	5400	5400	5400	6600	6600	6600	6600	6600	6600	5400	5400	5400	5400	5400	5400	6600	6600	6600	5400	4400	4400	3600	3600	3600	3600	3600	4400	3600	4400	4400	3600	2400	3600	2400	1900	2400	2400	1900
computer systems engineering vs computer science	70	Low				90	90	90	90	140	210	170	170	110	110	140	110	110	90	110	110	140	170	140	110	90	90	140	140	110	70	110	110	140	170	140	110	90	70	90	90	90	70	90	70	90	90	70	50	50	40	50	50
computer technology course	1600	Low	19	0.346401	3.93	2900	4400	6600	14800	2400	2400	2400	1600	1600	1000	1900	1600	1600	1600	2400	2400	2400	2400	1600	1600	1300	1300	1900	1900	1600	1600	2400	2400	2900	2400	1600	1300	1300	1000	1900	1600	1900	1900	2900	2400	1900	1600	1600	1000	1000	880	1600	1000
construction courses unisa	110	Low	20	0.230783	0.768218	140	140	210	170	140	260	260	140	140	70	170	140	140	170	170	110	140	210	170	210	110	110	260	210	170	210	170	140	170	170	110	90	110	70	170	140	110	90	110	140	110	110	90	110	90	70	110	90
construction foreman courses	30	Medium	51	0.552086	4.19865	20	20	30	30	30	40	30	20	30	10	40	40	30	40	30	40	40	40	30	40	50	30	50	70	40	30	70	50	50	40	40	20	20	10	20	40	20	30	20	20	40	30	30	20	30	20	20	30
construction management certificate	5400	Medium	60	2.873754	10.33	3600	2900	2900	2900	2900	3600	2900	2900	2900	2900	4400	3600	4400	3600	4400	3600	3600	4400	4400	4400	4400	3600	5400	5400	4400	5400	5400	6600	6600	6600	9900	6600	4400	4400	5400	4400	5400	5400	5400	5400	5400	5400	5400	5400	4400	4400	5400	5400
construction management course	12100	Medium	47	0.73	5.56	8100	8100	9900	8100	9900	9900	9900	9900	8100	8100	12100	9900	12100	9900	12100	9900	12100	12100	12100	12100	12100	12100	14800	14800	14800	14800	14800	12100	14800	12100	12100	12100	12100	9900	14800	12100	18100	14800	12100	12100	12100	12100	9900	9900	9900	8100	12100	12100
construction management diploma online	210	Medium	48	0.884956	5.80865	140	170	170	170	210	210	170	170	210	110	210	210	210	170	170	170	170	170	260	260	170	210	260	210	260	170	260	210	210	210	170	170	140	170	260	170	210	170	170	260	170	170	170	210	210	210	260	320
construction short courses online	40	Medium	55	0.335378	1.840932	10	10	10	10	10	10	10	10	10	10	10	20	20	10	20	10	40	20	30	40	50	30	50	30	30	40	50	30	20	40	20	30	30	20	50	20	20	20	40	20	40	110	70	30	40	40	50	50
continuous improvement certification online	20	High	73	1.107257	10.318042	10	10	10	20	10	20	30	20	30	10	50	30	50	40	40	20	20	20	10	20	10	10	10	20	10	20	40	30	210	140	10	10	30	10	10	30	20	10	20	40	20	30	20	20	20	10	20	30
control engineering online course	30	Low	29	0.380114	3.707512	30	40	40	40	30	30	40	30	40	30	50	30	50	90	30	50	50	50	70	40	50	40	70	50	70	50	50	40	20	30	40	40	30	40	20	20	30	20	40	20	40	10	30	20	20	20	20	30
cornell systems thinking	30	Medium	37	3.926634	6.24	30	30	50	40	30	30	40	20	30	30	40	40	40	40	90	30	30	30	20	30	30	30	20	50	30	20	40	30	20	30	20	30	30	30	20	30	20	50	70	30	30	20	30	20	10	10	20	30
cost engineer certification	50	Low	15	0.503514	4.68	50	50	70	40	50	70	90	70	50	50	70	90	90	90	110	70	70	90	90	110	70	90	110	90	110	70	70	70	70	90	70	70	90	70	90	70	90	70	90	40	50	50	40	40	50	40	50	50
cost management courses	210	Medium	39	0.543728	3.250034	210	170	260	260	260	260	210	260	260	210	260	260	260	210	260	210	260	260	260	260	260	260	390	320	320	260	320	260	260	260	260	260	260	210	260	260	260	260	210	170	260	170	170	170	140	210	210	170
cours de gestion de projet en ligne gratuit	30	Low	31	0.04	1.327938	30	20	20	20	20	20	30	30	30	40	50	30	70	40	50	20	20	40	40	30	50	30	40	30	30	40	20	30	40	70	50	40	30	30	30	40	20	20	20	30	40	40	30	30	30	10	30	10
coursera and edx	3600	Medium	53	0.36	4.33	880	880	720	720	720	720	720	720	590	480	720	590	590	590	720	720	720	1000	1300	1300	1000	1000	1000	1000	1000	880	1300	1600	1900	1900	2400	2900	2400	2400	2400	2400	2900	2900	2900	2900	2900	3600	4400	2900	2900	6600	8100	3600
coursera certificate	18100	Low	28	0.387954	5.978572	18100	18100	22200	18100	22200	22200	22200	18100	18100	18100	22200	18100	22200	22200	22200	22200	22200	22200	22200	22200	18100	18100	22200	22200	22200	18100	22200	22200	22200	22200	22200	22200	22200	18100	22200	18100	22200	22200	22200	18100	22200	18100	18100	18100	14800	14800	14800	14800
coursera edx	3600	Medium	53	0.36	4.33	880	880	720	720	720	720	720	720	590	480	720	590	590	590	720	720	720	1000	1300	1300	1000	1000	1000	1000	1000	880	1300	1600	1900	1900	2400	2900	2400	2400	2400	2400	2900	2900	2900	2900	2900	3600	4400	2900	2900	6600	8100	3600
coursera project management	4400	Medium	59	0.551854	5.2349	3600	3600	3600	4400	4400	4400	4400	4400	4400	3600	5400	4400	4400	3600	4400	4400	4400	4400	4400	4400	4400	3600	5400	5400	4400	4400	5400	5400	6600	5400	5400	5400	4400	4400	5400	4400	5400	4400	5400	4400	5400	4400	4400	4400	3600	3600	4400	3600
coursera system design	320	Medium	47	0.197808	1.917149	260	320	320	320	390	320	320	260	260	210	210	260	210	260	260	260	260	260	260	260	260	320	390	320	320	320	320	320	390	390	390	320	320	390	390	320	320	320	320	320	320	320	320	320	320	320	320	320
coursera systems engineering	140	Medium	38	0.47	3.88	140	110	110	140	140	110	140	140	110	110	110	170	170	140	170	110	140	140	140	140	140	140	170	140	170	140	170	170	260	210	140	170	110	140	140	140	110	110	140	140	170	140	140	110	110	110	140	90
courses of marketing management	6600	Low	28	0.428246	2.260026	8100	6600	8100	9900	12100	12100	8100	6600	6600	5400	9900	8100	8100	8100	8100	8100	9900	8100	8100	6600	6600	5400	9900	8100	6600	8100	8100	9900	9900	8100	6600	5400	5400	5400	9900	6600	6600	8100	8100	8100	8100	6600	6600	4400	4400	3600	6600	4400
courses on program management	170	Medium	45	1.005869	9.543177	140	170	140	170	210	260	170	170	170	140	170	210	210	210	210	210	170	170	170	170	170	170	210	210	210	210	210	210	210	210	320	210	210	210	260	260	320	260	260	260	210	140	170	110	90	110	110	140
courses on project management	74000	Medium	66	0.786939	6.371675	74000	60500	74000	74000	74000	74000	74000	74000	74000	60500	90500	74000	90500	74000	90500	90500	90500	90500	90500	90500	90500	90500	135000	110000	90500	90500	90500	90500	90500	90500	90500	90500	74000	74000	110000	90500	110000	90500	74000	74000	74000	74000	74000	74000	60500	49500	74000	60500
courses on systems thinking	30	Medium	46	0.491905	6	10	10	10	10	10	10	10	10	10	10	10	10	20	10	10	10	10	10	20	20	10	10	20	20	20	20	10	10	10	10	70	40	20	30	40	20	20	30	30	20	40	40	30	20	30	30	40	50
create design system	260	Low	15	0.630238	5.417229	590	590	590	590	480	480	480	480	590	480	590	480	590	480	480	390	390	480	390	390	390	320	480	480	390	390	480	390	390	390	390	390	320	260	320	260	390	320	260	260	260	170	210	260	210	170	260	210
create project plan	1000	Low	32	2.041603	11.960241	2400	1900	1900	1600	1300	1600	1600	1600	1600	1300	1600	1600	1900	1600	1900	1600	1000	1000	1300	1300	1300	1000	1300	1600	1300	1300	1300	1000	1000	1000	1000	1000	880	720	1300	2400	2400	1900	1000	720	590	480	3600	720	480	390	590	590
critical thinking and problem solving	5400	Low	3	0.207426	2.52	5400	4400	4400	4400	4400	4400	5400	5400	5400	3600	4400	4400	5400	4400	4400	3600	4400	4400	5400	5400	4400	3600	5400	5400	4400	4400	4400	3600	4400	4400	5400	4400	4400	3600	4400	4400	4400	4400	4400	3600	5400	5400	5400	4400	4400	4400	6600	6600
critical thinking and problem solving course	90	Low	16	0.24	3.60425	90	70	70	70	70	90	90	90	90	90	90	90	110	90	70	90	90	90	110	90	70	30	70	110	90	90	70	90	140	90	170	320	110	90	110	90	140	110	110	90	70	70	50	90	90	90	110	170
critical thinking certification	90	Low	15	0.505446	5.912661	110	70	110	140	70	90	90	110	90	70	110	90	110	110	110	90	90	70	90	110	90	110	140	110	140	140	140	110	70	110	110	110	70	70	110	90	70	110	110	90	70	90	50	110	70	40	50	210
critical thinking class	2900	Medium	35	0.441615	3.6	2400	2400	2400	2400	2400	2900	2400	2400	2400	2400	2900	2400	2900	2400	2900	2400	2400	3600	2900	2900	2900	2400	3600	3600	3600	2900	4400	12100	8100	5400	18100	5400	3600	2900	5400	2900	3600	3600	3600	2900	2900	3600	2900	2900	2400	2900	3600	2400
critical thinking com	140	Low	23	0.300957	1.29	260	170	210	170	110	170	210	210	210	140	170	170	170	170	140	170	170	170	210	170	140	110	170	140	170	140	210	110	140	170	170	140	110	140	140	170	140	170	170	140	140	170	210	170	140	90	170	140
critical thinking course	2900	Medium	35	0.441615	3.6	2400	2400	2400	2400	2400	2900	2400	2400	2400	2400	2900	2400	2900	2400	2900	2400	2400	3600	2900	2900	2900	2400	3600	3600	3600	2900	4400	12100	8100	5400	18100	5400	3600	2900	5400	2900	3600	3600	3600	2900	2900	3600	2900	2900	2400	2900	3600	2400
critical thinking course free	390	Low	25	0.06026	2.28	260	210	260	260	260	260	260	260	260	210	320	260	320	260	320	320	390	320	390	320	320	390	390	480	480	480	590	480	480	480	480	1000	2400	390	1300	480	480	320	390	390	390	390	390	320	320	320	390	320
critical thinking mit	30	Medium	35	1.18	9.421082	40	90	40	50	30	40	40	40	50	30	40	40	50	30	40	40	40	50	40	50	40	70	40	40	50	40	40	40	40	40	40	30	30	20	20	30	30	20	30	30	40	40	40	30	30	30	30	20
critical thinking online course	90	Medium	44	0.555587	3.086208	170	140	170	170	140	140	110	110	70	90	90	110	110	90	110	110	110	110	140	110	90	140	110	110	110	90	140	140	90	140	90	110	110	90	110	90	90	70	90	70	110	90	90	70	90	70	70	90
critical thinking practice	480	Medium	34	0.248388	2	590	480	590	480	480	590	590	720	480	480	590	480	590	480	590	480	480	480	590	480	590	480	590	590	590	590	590	590	590	590	590	590	480	390	590	590	480	480	480	480	480	480	480	480	390	390	390	390
critical thinking short course	20	Medium	60	0.621387	3.024276	10	10	20	20	20	20	20	20	40	10	10	20	20	10	20	20	30	10	30	10	20	20	20	20	20	10	10	20	20	20	10	10	10	10	10	20	20	20	10	20	10	20	30	10	10	10	10	20
critical thinking skills	22200	Low	9	0.0738	2.88	40500	33100	33100	33100	27100	33100	40500	40500	40500	27100	40500	33100	40500	33100	40500	33100	27100	33100	33100	33100	33100	27100	33100	33100	33100	33100	33100	27100	27100	27100	33100	27100	27100	22200	27100	27100	27100	22200	22200	18100	18100	18100	27100	22200	18100	14800	18100	18100
cs50	74000	Low	14	0.32	3.373136	110000	110000	110000	165000	135000	135000	135000	135000	135000	135000	135000	110000	110000	110000	110000	110000	135000	135000	135000	135000	110000	110000	135000	110000	110000	90500	110000	110000	110000	90500	90500	90500	74000	74000	110000	90500	90500	74000	90500	90500	90500	90500	74000	74000	60500	60500	74000	60500
cs50 by harvard	33100	Low	26	0.396549	2.8	40500	40500	40500	60500	60500	49500	49500	49500	49500	40500	49500	40500	40500	40500	40500	40500	49500	49500	49500	40500	40500	33100	49500	40500	40500	33100	33100	40500	33100	33100	33100	33100	27100	27100	40500	33100	33100	27100	33100	40500	40500	40500	33100	33100	27100	33100	40500	33100
cs50 edx	8100	Low	16	0.105361	2.15	40500	22200	18100	22200	14800	14800	14800	14800	14800	12100	12100	27100	14800	14800	12100	14800	18100	27100	22200	18100	14800	14800	18100	14800	14800	12100	14800	14800	18100	14800	12100	12100	9900	9900	9900	9900	9900	8100	9900	12100	12100	9900	9900	6600	6600	6600	8100	6600
curso de dinamica de sistemas	10	Low	23			10	10	10	10	10	10	10	10	10	10	20	20	20	10	10	10	10	10	10	10	10	10	10	10	10	10	10	10	10	10	10	10	10	0	10	10	10	10	10	20	10	10	20	0	10	10	10	10
curso scrum	1300	High	71	0.38507	1.649374	2900	2400	2900	2400	2400	2900	2400	2400	2400	1600	2400	2400	2400	1900	2400	2400	1900	2400	2400	2400	1900	1900	2400	2400	2400	2400	1900	1900	1900	1600	1900	1900	1600	1300	1900	1600	1600	1600	1300	1300	1300	1300	1300	1000	1000	720	1000	880
decision making courses online	90	Low	21	1.807502	6.36	90	90	90	90	90	140	110	110	70	70	110	110	90	110	110	110	70	110	110	110	70	70	140	90	90	140	110	70	90	90	70	70	90	110	70	110	90	90	110	170	90	140	140	50	50	70	50	110
demand planning certification	170	Low	24	1.159908	7.645051	170	170	140	140	140	170	170	170	170	170	210	170	210	260	210	210	210	260	260	210	210	210	210	170	210	210	210	260	320	210	210	210	210	170	210	170	170	170	140	210	170	170	140	110	140	110	170	390
demonstrating problem solving skills	50	Low	1			170	140	140	170	110	170	320	260	170	140	170	140	170	140	110	140	140	110	140	140	110	110	170	110	90	110	90	90	110	90	90	90	70	50	90	90	70	90	50	40	50	50	70	50	40	50	50	50
design thinking certification stanford	40	Low	13	2.5	8.611477	70	90	90	110	110	110	90	90	90	70	90	70	90	70	70	70	50	50	50	50	50	70	40	70	50	70	50	70	210	210	90	50	70	70	70	70	50	50	50	50	40	40	50	30	20	20	20	90
design thinking ibm	1900	Low	9	0.979235	7.2	4400	3600	3600	3600	3600	3600	3600	4400	3600	2900	3600	2900	4400	3600	3600	2900	2900	2900	4400	3600	2900	2400	3600	3600	4400	3600	2900	2400	3600	3600	3600	2900	2400	1900	2400	2400	3600	2400	2400	1600	1900	2900	1900	1600	1600	1000	1300	1600
designing data intensive applications	40500	Medium	43	0.156969	3.543151	22200	18100	22200	18100	18100	22200	18100	18100	18100	18100	22200	18100	22200	18100	18100	22200	22200	22200	22200	22200	22200	22200	27100	27100	27100	27100	27100	27100	27100	27100	27100	33100	27100	27100	33100	33100	27100	27100	33100	27100	33100	33100	33100	33100	40500	49500	49500	49500
designing distributed systems	880	Medium	41	0.23	3.785414	1000	1000	1000	1000	880	1000	880	880	880	880	1000	880	880	880	880	880	880	880	880	880	880	880	880	1000	880	880	880	880	880	880	1300	1000	880	880	1000	880	1000	880	880	720	880	880	720	880	880	880	880	720
devops course	18100	Medium	63	0.428928	1.486236	12100	12100	14800	18100	22200	22200	22200	18100	18100	18100	22200	22200	22200	22200	22200	27100	27100	27100	27100	22200	22200	22200	27100	27100	27100	27100	27100	33100	33100	27100	27100	22200	22200	22200	27100	22200	22200	22200	22200	22200	22200	18100	18100	14800	14800	18100	18100	14800
digiskill	165000	Low	3	0.22	1.776648	90500	74000	110000	246000	201000	165000	165000	301000	246000	135000	201000	201000	201000	110000	165000	246000	301000	165000	165000	246000	246000	135000	135000	110000	301000	165000	165000	246000	301000	165000	135000	110000	74000	49500	60500	60500	49500	49500	60500	110000	201000	301000	165000	165000	165000	368000	201000	165000
digiskills courses	3600	Low	13	0.185174	1.742403	2900	2400	4400	8100	4400	4400	4400	6600	3600	4400	6600	6600	4400	3600	6600	9900	6600	5400	6600	6600	4400	3600	5400	5400	8100	3600	5400	8100	6600	4400	3600	3600	2900	2400	2900	2400	2400	2400	2900	3600	5400	4400	2900	2400	4400	4400	2900	3600
digiskills registration	1300	Low	4	0.179406	2	720	590	1300	3600	1600	1000	1000	3600	1000	1000	2400	4400	1300	1300	1900	5400	2400	1600	1900	5400	1300	1300	1900	1900	5400	1000	1600	5400	2900	1300	1000	1300	880	720	1000	880	590	480	720	1300	2900	1600	720	720	1900	2900	1000	1300
digital management course online	10	High	86			10	10	10	10	10	10	10	10	10	10	10	10	10	10	10	20	10	20	10	10	10	10	10	10	10	10	20	10	10	10	10	10	10	10	10	10	10	10	10	10	10	10	10	10	10	10	10	10
digital project manager certification	40	Low	14	1.96	8.294368	70	70	70	50	70	50	70	70	50	50	50	70	70	90	70	70	90	50	70	50	40	50	50	50	50	50	40	50	50	50	50	50	50	50	90	90	50	50	90	40	20	40	30	20	10	20	30	110
digitaldefynd	18100	Medium	43	0.253217	2.84	165000	135000	165000	110000	110000	110000	135000	165000	165000	201000	201000	135000	90500	60500	90500	110000	90500	74000	74000	90500	49500	49500	49500	33100	40500	27100	27100	33100	40500	40500	33100	40500	27100	27100	27100	22200	18100	22200	14800	18100	22200	22200	33100	22200	14800	18100	14800	12100
dit course	2900	Low	7	0.257608	1.016723	1900	1600	2400	2400	2900	2900	2900	2400	2400	1900	2400	1900	2400	1900	2900	2900	3600	5400	2900	2900	2400	1900	2400	1900	2400	2400	3600	2900	4400	3600	3600	3600	2400	1900	2900	2400	2400	2900	3600	3600	5400	4400	3600	2400	1900	1900	2400	1900
donella h meadows thinking in systems	170	Low	30	0.16352	1.709058	50	50	50	90	50	50	70	90	90	170	90	70	70	90	90	90	70	140	90	110	110	110	110	70	70	90	90	90	90	110	90	90	110	110	210	140	110	140	140	170	140	170	110	170	260	320	260	140
dynamic models	1900	Low	1	0.114488	3.35714	4400	4400	4400	3600	2900	3600	3600	4400	4400	3600	3600	3600	4400	3600	3600	2900	2400	2400	3600	3600	3600	3600	3600	3600	3600	3600	3600	2900	2400	2400	2900	3600	2900	2400	2400	2400	2900	2900	2400	1900	1900	1600	2400	2400	2400	1600	1600	1600
e learning lms	6600	Low	9	0.711636	14	5400	3600	4400	3600	3600	4400	4400	4400	4400	2900	3600	3600	4400	4400	74000	9900	9900	9900	9900	22200	14800	14800	14800	12100	18100	18100	9900	5400	5400	6600	8100	12100	6600	8100	5400	6600	8100	6600	5400	4400	3600	4400	9900	12100	8100	6600	9900	6600
e learning lms learnership	1900	Low	17	0.394156	4.43	320	210	260	210	170	210	260	110	110	40	50	110	170	110	14800	880	2400	3600	3600	22200	3600	2900	5400	3600	1900	3600	1900	1900	2400	2900	2400	2900	2400	1300	6600	4400	3600	2900	2400	2400	1900	1900	1600	1000	1000	720	1000	1000
e learning lms register	170	Low	26	0.487539	2.87	0	0	0	0	0	0	0	0	0	0	0	0	0	0	12100	880	880	1900	480	480	210	90	140	140	70	140	90	90	90	110	50	40	70	10	260	260	320	210	260	210	170	170	170	110	170	70	170	140
e learning lms registration	40	Low	15	0.317101	1.687642	0	0	0	0	0	0	0	0	0	0	0	0	0	0	2900	260	210	320	140	260	40	40	40	20	40	40	40	30	30	70	40	20	10	10	70	70	20	10	30	20	10	20	30	70	50	40	70	90
e lms	550000	Low	2	0.302122	3.209868	301000	301000	301000	246000	201000	246000	368000	450000	368000	301000	301000	301000	368000	368000	368000	301000	246000	301000	550000	550000	550000	450000	450000	450000	450000	550000	550000	368000	368000	550000	673000	673000	550000	450000	450000	550000	550000	450000	450000	368000	368000	673000	673000	550000	550000	368000	450000	550000
edureka lms	70	Low	20	0.041419	1.445431	110	110	140	170	210	210	260	260	260	170	110	110	140	170	170	170	260	210	170	170	170	210	170	140	210	90	90	140	110	110	110	110	110	140	140	140	90	50	50	50	50	70	40	50	110	110	50	40
edx	550000	Low	14	0.062438	0.998713	823000	673000	673000	673000	673000	673000	673000	673000	673000	550000	673000	673000	673000	673000	673000	673000	673000	673000	673000	673000	550000	550000	673000	673000	673000	823000	823000	673000	673000	673000	673000	673000	550000	550000	673000	550000	550000	550000	550000	550000	550000	550000	550000	550000	550000	450000	550000	550000
edx certificate	2400	Low	17	0.254761	2.48	5400	4400	5400	5400	5400	5400	4400	4400	4400	4400	5400	4400	4400	4400	4400	4400	4400	4400	4400	3600	3600	3600	4400	3600	4400	4400	4400	4400	4400	3600	3600	2900	2900	2900	2900	2900	2900	2400	2900	2900	2900	2400	2400	1900	1600	1600	1600	1600
edx course	27100	Medium	47	0.175276	2.622661	49500	40500	40500	49500	49500	49500	40500	40500	40500	40500	49500	49500	40500	40500	49500	49500	60500	60500	49500	49500	40500	40500	49500	49500	49500	49500	49500	49500	40500	40500	33100	33100	40500	33100	40500	33100	27100	33100	27100	33100	33100	27100	27100	22200	22200	22200	27100	22200
edx cs50 introduction to computer science	50	Low	20	0.38687	2.64555	140	90	110	90	90	110	110	90	70	70	90	90	90	70	90	110	110	170	140	260	140	140	140	90	140	90	140	140	140	140	90	70	50	70	70	50	50	40	30	70	70	90	70	70	50	50	70	50
edx cs50x	8100	Low	16	0.105361	2.15	40500	22200	18100	22200	14800	14800	14800	14800	14800	12100	12100	27100	14800	14800	12100	14800	18100	27100	22200	18100	14800	14800	18100	14800	14800	12100	14800	14800	18100	14800	12100	12100	9900	9900	9900	9900	9900	8100	9900	12100	12100	9900	9900	6600	6600	6600	8100	6600
edx edu	40	Medium	35	0.438506	8.383804	110	90	90	110	90	110	90	110	90	90	90	90	90	70	70	70	90	90	90	110	40	40	10	20	20	20	10	10	20	10	20	30	10	20	30	10	20	10	10	10	10	10	20	10	140	110	70	70
edx harvard courses	1300	Medium	44	0.400181	3.67	720	590	720	720	720	880	1000	720	720	720	880	720	880	880	1000	1000	1000	1000	1000	1000	880	880	1000	880	880	880	1000	880	1000	2900	1600	1300	1000	880	1300	880	880	880	1600	1600	1300	1000	1300	1000	1600	1900	1900	1600
edx harvard mit	50	Medium	35	0.46781	3.308129	20	30	40	30	30	40	20	20	30	20	30	30	40	50	30	30	30	20	30	20	30	40	30	40	20	20	30	20	30	40	20	40	30	20	20	30	50	40	50	50	50	50	40	50	40	50	70	90
edx learning platform	90	Low	29	0.090544	3.407103	50	30	40	50	50	40	30	40	30	30	40	40	50	40	50	50	50	50	70	70	50	50	70	70	70	90	70	110	90	70	90	50	70	50	70	70	90	90	70	90	70	50	70	90	90	90	90	110
edx mit	1900	Medium	34	0.32	2.42	2400	2400	2400	2400	2400	2400	2400	2400	1900	1900	2400	1900	2400	2400	2400	2400	2400	2400	2400	2400	1900	1900	2400	3600	2900	2400	2400	2400	14800	12100	5400	6600	4400	1900	2400	1900	2400	1900	2400	1900	1900	2400	1900	1600	1600	1600	1600	1300
edx mit certificate	90	Low	6	0.417802	1.183399	140	140	140	170	170	170	140	140	90	110	170	140	170	140	170	170	140	170	170	140	110	110	170	210	140	90	140	110	260	170	110	70	90	90	110	110	70	110	90	110	140	110	70	70	70	70	110	90
edx mitx	480	Medium	37	0.68	3.56	390	390	390	320	320	390	390	390	210	210	320	170	260	260	260	260	210	210	210	210	210	210	260	320	260	260	320	260	320	320	320	320	260	260	390	260	320	390	320	390	480	590	480	390	320	390	480	480
edx online courses	4400	Low	15	0.105084	3.994839	2900	2400	2900	2900	2900	2900	2900	2400	2400	2400	2400	2400	2400	2400	2900	2900	2900	2900	2400	2400	2400	1900	2400	2900	2400	1900	2400	1900	2400	1900	1900	1900	1900	1900	2900	2400	3600	3600	12100	9900	3600	2900	6600	3600	3600	2900	2400	3600
edx org	8100	Low	26	0.042583	1.301346	18100	14800	14800	18100	14800	18100	14800	14800	14800	14800	18100	12100	12100	9900	12100	12100	9900	22200	12100	12100	9900	9900	12100	18100	22200	22200	12100	14800	14800	14800	12100	9900	9900	9900	12100	9900	9900	9900	9900	8100	9900	9900	9900	8100	8100	6600	6600	5400
edx systems engineering	20	Medium	35	0.559344	4.294994	30	10	20	20	40	30	30	30	20	20	10	30	30	30	30	30	30	20	20	20	20	10	30	30	30	20	20	20	1300	1600	20	20	10	10	20	20	20	10	10	10	10	20	10	10	10	10	10	10
edx website	390	Medium	38	0.078424	1.694185	320	260	320	260	260	320	320	320	260	320	320	320	320	320	390	480	480	390	320	390	320	320	390	390	390	480	480	390	390	320	390	320	320	320	320	320	260	260	390	320	390	390	390	480	480	480	390	320
elearning lms learnership application	50	Low	18	0.562343	5.25	10	0	0	10	0	10	10	0	0	0	0	0	10	0	10	10	10	70	20	390	110	50	140	30	10	40	20	30	10	20	30	20	10	10	140	70	140	70	30	40	30	110	70	50	30	10	10	30
elearning lms registration	40	Low	15	0.317101	1.687642	0	0	0	0	0	0	0	0	0	0	0	0	0	0	2900	260	210	320	140	260	40	40	40	20	40	40	40	30	30	70	40	20	10	10	70	70	20	10	30	20	10	20	30	70	50	40	70	90
embedded programming course	8100	Medium	47	0.182913	0.982888	5400	5400	6600	6600	8100	8100	8100	6600	6600	6600	6600	6600	6600	6600	9900	9900	9900	9900	9900	8100	8100	8100	9900	9900	9900	9900	12100	14800	14800	12100	9900	8100	8100	8100	8100	8100	8100	8100	9900	9900	9900	8100	8100	6600	6600	6600	8100	8100
engineering bursaries	1000	Low	17	0.01	0.58622	880	880	880	880	1000	1300	1000	880	720	590	1900	1300	1000	880	1000	1000	1300	1300	1600	1300	1000	1000	2900	1600	1000	1300	1000	1300	1300	1000	1300	1000	880	880	1900	880	720	720	720	720	1000	1000	1300	1000	880	720	1900	1000
engineering courses	49500	Low	21	0.268982	1.546356	60500	49500	74000	110000	90500	74000	60500	60500	49500	40500	60500	49500	60500	74000	110000	90500	74000	60500	60500	49500	49500	40500	74000	60500	74000	74000	90500	90500	74000	60500	49500	49500	40500	40500	60500	60500	60500	74000	90500	74000	60500	49500	40500	40500	33100	33100	60500	40500
engineering courses online	5400	Medium	44	0.602045	8.801682	3600	2900	2900	3600	3600	4400	3600	3600	3600	2900	4400	3600	4400	3600	4400	3600	3600	4400	4400	4400	4400	4400	5400	5400	5400	4400	5400	5400	4400	4400	4400	5400	5400	5400	5400	4400	6600	5400	5400	5400	5400	5400	5400	4400	3600	3600	5400	4400
engineering management mit	140	Low	23	1.74	9.331775	210	210	170	210	260	210	260	210	210	210	210	170	170	210	170	210	210	210	210	170	210	170	260	170	170	210	210	210	210	210	320	590	480	210	390	170	170	170	140	140	110	140	140	170	110	110	110	110
engineering manager course	1900	Medium	45	0.534973	6.25	2400	1900	2400	1900	2400	2400	2400	2400	1900	1900	2400	2400	2400	2400	2400	2400	2400	2400	2400	2400	2400	2400	2900	2400	2400	2400	2900	2400	2900	2900	2400	2400	2400	1900	2400	1900	2400	1900	2400	1900	1900	1900	1900	1600	1300	1300	1900	1600
engineering problem solving	480	Low	4	0.272807	3.26	720	590	590	480	480	720	880	880	720	590	720	720	720	590	590	590	590	720	880	880	720	590	720	590	720	480	480	480	480	590	720	720	590	480	720	590	590	590	480	480	320	590	720	480	390	480	480	480
engineering short courses	720	Medium	47	0.429646	2.191669	590	480	590	590	590	720	590	590	590	480	720	590	590	590	720	720	720	720	590	720	720	720	1000	880	880	880	1000	880	880	880	720	720	720	590	1000	880	1000	880	880	720	720	720	720	720	480	480	880	720
enterprise application architecture	3600	Low	30	0.25	5.501705	4400	3600	3600	3600	3600	4400	3600	4400	4400	3600	4400	3600	4400	3600	3600	3600	3600	4400	3600	3600	3600	3600	3600	3600	4400	3600	3600	3600	3600	3600	3600	3600	3600	2900	3600	2900	3600	2900	2900	2900	6600	4400	3600	2900	2900	2900	3600	2900
enterprise architecture certification	880	Medium	38	0.476399	4.311735	1300	1300	1300	1000	1300	1600	1300	1300	1300	1300	1600	1300	1300	1300	1300	1300	1300	1300	1300	1300	1300	1000	1600	1600	1600	1300	1300	1600	1600	1300	2400	1600	1600	1600	1600	1300	1300	1300	1000	1000	880	720	880	880	720	720	720	1000
erp system certification	140	Medium	48	1.147375	6.801459	90	70	70	90	90	90	90	70	90	70	110	90	90	110	90	90	110	140	110	170	140	140	170	140	140	170	170	170	140	140	170	170	110	140	170	140	170	140	170	140	140	140	140	110	110	110	110	140
erp system learning	390	Medium	36	0.271755	4.444047	390	320	320	320	320	320	320	320	320	320	390	390	390	320	320	390	390	390	390	390	390	390	480	480	480	390	480	480	590	480	480	480	390	390	390	390	480	390	390	320	390	390	390	320	390	260	390	320
exercising leadership foundational principles harvard	90	Medium	41	1.09	5.231953	20	20	30	50	40	50	50	70	50	40	70	70	50	50	90	90	70	210	110	110	70	110	210	90	210	70	70	90	90	110	90	110	70	90	70	70	110	90	90	90	90	90	90	90	90	50	90	110
formation en gestion de projet	5400	Medium	59	0.82587	3.166133	5400	3600	3600	4400	3600	4400	5400	5400	5400	4400	6600	5400	5400	5400	5400	5400	5400	5400	6600	6600	6600	5400	8100	8100	6600	6600	6600	8100	6600	5400	6600	9900	6600	5400	6600	8100	9900	8100	6600	6600	5400	4400	6600	4400	4400	3600	4400	5400
foundation of system thinking	10					0	10	10	50	50	10	10	10	10	10	10	10	10	10	10	10	10	0	10	0	10	10	0	0	0	10	10	0	0	0	10	10	10	0	0	10	0	0	0	10	10	0	10	0	0	0	0	0
foundations of project management by google	170	Medium	57	0.284345	3.502429	30	50	10	70	30	30	20	40	20	30	30	20	30	10	30	90	90	50	90	140	40	40	50	50	50	40	70	90	90	90	110	210	170	170	210	170	140	170	170	170	170	170	140	140	140	140	210	170
free online business management courses with certificate of completion	40	Low	5	0.763859	2.97	320	260	320	320	320	390	390	320	320	260	260	260	210	110	210	260	170	210	170	140	140	170	170	110	140	140	140	90	90	110	90	90	70	90	170	110	70	70	50	40	20	40	20	10	10	10	30	110
free online certificate courses in business administration	10	High	78	1.13	9.3	10	10	10	10	10	10	10	10	10	10	20	10	20	20	20	20	20	30	10	20	20	20	30	30	20	30	10	10	20	10	10	10	10	10	20	10	10	10	10	10	20	20	10	10	10	10	10	10
free online course on project management	2400	Medium	41	0.16571	3.203472	3600	2900	2900	2900	2900	3600	2900	2900	2900	2400	3600	3600	3600	2900	3600	3600	3600	3600	3600	3600	3600	4400	4400	3600	2900	3600	3600	3600	3600	2900	2900	3600	2900	2400	2900	2900	2900	2900	2900	2400	2400	1900	1900	1900	1600	1600	1900	2400
free online management courses with certificates	1300	Medium	33	0.28	3.79	1300	1000	1300	1000	1000	1300	1000	1000	1000	1000	1600	1600	2400	1600	1900	1900	1900	1900	1900	1900	1600	1600	1900	1900	1900	1900	1600	1600	1600	1600	1600	1300	1300	1000	1900	1300	1600	1600	1300	1000	1600	1000	2400	1300	880	880	1000	1600
free online project management course with certificate	260	Medium	38	0.103648	2.43	320	390	390	390	390	390	390	320	390	320	390	320	320	390	320	390	320	320	320	320	320	320	480	320	390	390	390	390	480	390	390	320	320	260	390	390	320	320	320	320	320	260	260	210	170	210	320	320
free project management courses	8100	Medium	48	0.195694	3.54	6600	5400	6600	6600	8100	8100	8100	8100	8100	6600	9900	8100	9900	8100	9900	9900	9900	9900	9900	9900	9900	9900	12100	12100	12100	12100	12100	12100	12100	9900	9900	9900	9900	8100	12100	9900	9900	9900	9900	8100	9900	8100	8100	8100	6600	5400	8100	8100
free project management courses with certificates	720	Medium	51	0.065341	1.99	480	390	480	390	390	390	320	260	260	260	480	320	390	480	590	720	880	880	880	880	880	880	1300	880	880	880	880	1000	1300	1300	1900	1300	720	720	1000	1000	1000	880	880	880	880	720	720	590	390	320	390	480
free software engineering courses with certificate	30	Medium	63	0.037314	0.91	10	10	10	10	10	20	40	30	50	50	40	40	30	40	50	40	40	20	50	20	30	10	30	20	10	20	20	20	30	30	40	40	30	20	30	30	30	20	30	20	30	40	30	40	40	30	30	30
free ux design course with certificate	90	Medium	51	0.089358	2.75	40	30	10	40	70	70	70	70	70	70	90	70	70	70	110	210	260	260	170	170	110	170	210	210	90	110	210	170	260	210	110	110	140	90	210	110	140	110	110	50	70	70	90	70	70	70	50	70
freecodecamp courses	2900	Low	32	0.147974	1.298461	1000	1000	1300	1600	1600	1600	1900	1600	1600	1600	2400	2400	2900	2900	2900	3600	3600	3600	4400	3600	2900	2400	3600	2900	2900	2400	2400	2900	18100	12100	2900	2400	2400	2900	4400	2900	2900	2400	2400	2400	3600	3600	3600	2900	2900	3600	3600	2900
freecodecamp courses with certificate	210	Medium	45	0.179039	0.85	70	70	70	140	110	110	140	140	110	110	140	170	170	210	260	390	320	210	320	260	210	260	210	210	210	260	260	170	320	260	210	170	170	210	170	110	170	170	260	320	390	170	170	140	140	140	140	140
freecodecamp full stack certification	170	Low	9	0.471633	3.093744	40	30	50	40	70	40	20	10	30	90	90	90	70	70	70	20	70	40	40	50	20	30	10	20	10	10	10	20	20	30	40	70	70	50	70	50	70	40	40	50	90	70	720	70	210	170	260	480
geeksforgeeks courses	1600	Low	31	0.199918	0.8108	1600	1600	1300	1600	1600	1900	1600	1600	1300	1300	1600	1000	1000	1000	1000	1300	1600	1300	1000	1000	880	1000	1900	1600	1300	1300	1600	2400	4400	2900	1900	1300	1300	1300	1600	1600	1600	1900	1600	4400	2400	1600	1300	880	1000	1900	1300	880
global it certifications	480	Low	8	0.25	1.16	20	10	30	20	20	10	20	10	20	10	20	20	30	40	20	30	20	30	10	20	20	20	20	20	20	30	30	50	30	30	320	590	260	390	590	2900	590	260	320	390	480	480	480	390	210	720	720	1000
google career certificate program	720	Low	19	0.1254	1.39	480	590	1000	720	480	480	480	480	260	260	260	210	320	320	480	320	390	480	480	320	210	260	210	210	260	210	260	390	170	170	210	210	390	210	480	320	390	390	590	590	1300	590	590	720	590	1000	880	880
google certificate courses	9900	Medium	40	0.200336	2.92335	18100	18100	22200	40500	33100	27100	27100	22200	22200	18100	22200	14800	22200	22200	27100	33100	27100	27100	22200	18100	18100	14800	18100	18100	14800	14800	14800	18100	18100	12100	12100	9900	9900	9900	12100	9900	9900	9900	12100	12100	12100	9900	8100	8100	8100	8100	8100	8100
google certificate project management	720	Medium	50	0.838952	9.3529	1300	1300	1600	1600	1300	1300	1300	1300	1000	1000	1600	1300	1600	1300	1900	1600	1600	1300	1300	1300	1300	1600	1900	1600	1600	1600	1600	1600	1300	1300	1000	1000	880	1600	1600	880	1000	880	880	1000	880	880	720	590	590	480	590	590
google cybersecurity professional certificate	27100	Low	24	0.283478	4.969327	0	0	0	0	0	0	0	0	0	0	0	0	0	0	18100	18100	18100	14800	14800	14800	14800	14800	14800	14800	14800	14800	14800	14800	22200	18100	22200	18100	22200	18100	27100	18100	22200	22200	27100	27100	33100	27100	27100	27100	27100	22200	27100	40500
google it support professional certificate	33100	Low	29	0.605769	11.052422	18100	14800	18100	18100	22200	22200	18100	18100	14800	14800	22200	14800	18100	14800	22200	22200	18100	22200	22200	18100	14800	14800	18100	14800	14800	14800	14800	14800	18100	22200	22200	18100	22200	18100	22200	22200	22200	22200	27100	33100	40500	40500	27100	33100	27100	27100	33100	33100
google it support professional certificate coursera	1900	Low	18	0.419724	6.96	140	170	170	170	140	170	170	140	110	90	140	140	140	140	170	170	140	170	170	140	170	260	320	210	210	210	210	210	170	210	260	320	320	320	480	590	1300	880	1000	1600	8100	5400	1300	1300	1000	1300	1300	1600
google management certificate	390	Low	18	0.495009	6.789351	260	320	320	320	260	320	320	320	320	210	260	260	260	260	260	260	210	210	260	260	880	2400	1000	2900	2400	2400	1900	2900	2400	1300	880	590	590	390	590	480	390	390	390	390	390	390	390	320	390	320	390	480
google product management course	1000	Medium	56	0.3759	2.600914	1000	1300	1300	1300	1300	1300	1300	1000	1000	880	1300	1000	1000	1000	1300	1300	1300	1600	1300	1300	1300	1300	1600	1600	1600	1300	1300	1300	1900	1300	1600	1000	1000	880	1000	1000	1000	1000	1000	1000	1300	1300	1000	1000	1000	1000	1000	880
google project management certificate	27100	Medium	39	0.740811	10.557263	18100	18100	22200	22200	22200	22200	18100	18100	14800	18100	22200	18100	18100	18100	22200	18100	18100	18100	14800	14800	40500	60500	40500	60500	49500	49500	40500	60500	49500	33100	33100	33100	22200	18100	27100	18100	22200	22200	22200	27100	40500	40500	33100	27100	27100	22200	33100	27100
google project management certificate coursera	1300	Low	22	0.655995	7.232047	210	210	210	210	390	390	260	260	260	210	260	260	260	210	210	170	170	170	140	140	170	170	170	210	170	210	140	140	210	170	170	210	260	210	320	320	480	880	1300	1600	1600	1000	1000	1000	720	1000	1600	1900
google project management certification	6600	Medium	54	0.277658	3.033686	5400	5400	6600	6600	8100	8100	6600	5400	5400	6600	5400	4400	5400	5400	5400	5400	6600	6600	5400	5400	18100	33100	14800	33100	22200	22200	14800	18100	14800	9900	12100	6600	8100	6600	8100	6600	6600	6600	6600	6600	8100	6600	5400	5400	5400	5400	5400	5400
google project management certification free	1900	Low	33	0.166061	4.92	210	170	260	260	480	720	590	590	720	720	1000	720	880	720	720	880	1000	1000	880	880	1900	4400	2900	5400	4400	4400	3600	4400	4400	2400	2900	2400	1900	1900	1900	1900	1900	1900	1900	1900	1900	1900	1600	1300	1300	1600	1600	1600
google project management course	2400	Medium	47	0.365039	4.88	3600	3600	3600	3600	4400	4400	3600	3600	3600	3600	4400	3600	4400	3600	6600	4400	5400	4400	3600	3600	3600	4400	4400	3600	3600	2900	2900	2400	3600	2900	2400	1900	1900	2400	3600	2400	1900	2400	2400	2400	2400	2400	1900	2400	1900	1900	2900	1900
google project management coursera	1000	Medium	47	0.466368	3.745777	1300	1300	1600	1900	2400	2400	2400	1900	2400	1900	2400	2400	2900	2400	2900	2900	2900	2400	1900	1900	1900	2400	1600	1600	1300	1300	1000	1300	1300	1300	1300	1300	1300	1000	1600	1600	1300	1300	1600	1600	1600	1000	1000	880	720	880	1000	880
google project management professional certificate	8100	Low	29	0.637577	7.59	4400	4400	5400	5400	5400	5400	5400	5400	5400	4400	5400	4400	5400	4400	4400	4400	6600	6600	6600	8100	6600	9900	9900	8100	6600	6600	6600	5400	4400	4400	5400	4400	4400	4400	6600	5400	5400	5400	6600	6600	8100	8100	9900	9900	8100	6600	8100	12100
google project management professional certificate reddit	140	Low	4	1.881518	17.822428	90	90	140	110	110	140	140	140	110	140	170	140	170	140	140	140	170	170	170	170	140	170	210	170	170	170	140	170	170	170	170	140	90	110	170	140	140	170	170	170	140	110	170	140	110	110	140	110
great learning academy	18100	Medium	38	0.203714	2.33	18100	14800	27100	40500	33100	33100	40500	33100	33100	40500	60500	49500	49500	49500	60500	74000	74000	74000	60500	49500	49500	49500	74000	74000	60500	60500	60500	60500	74000	49500	40500	33100	27100	22200	22200	18100	18100	14800	18100	18100	22200	22200	22200	18100	18100	18100	22200	18100
grokking system design	3600	Medium	42	0.318595	2.383084	5400	4400	3600	3600	5400	4400	3600	2900	2900	2900	3600	2900	2400	1900	1900	1900	2400	2400	2900	2900	3600	3600	4400	4400	4400	4400	4400	3600	4400	4400	4400	4400	4400	3600	3600	3600	4400	3600	3600	3600	3600	3600	3600	2900	3600	2900	3600	2900
grow google certificate	4400	Medium	42	0.259527	3.93809	60500	74000	40500	90500	40500	33100	33100	18100	18100	18100	18100	9900	14800	18100	22200	22200	27100	40500	27100	14800	12100	22200	14800	18100	22200	12100	8100	6600	12100	6600	6600	5400	5400	8100	8100	4400	5400	6600	6600	4400	5400	4400	3600	2900	3600	2400	2400	1900
grow google certificates cybersecurity	22200	High	68	0.136266	1.221105	0	0	0	0	0	0	0	0	0	0	0	0	0	0	0	70	70	70	50	20	20	10	20	20	30	20	20	10	10	30	10	10	10	10	1000	320	27100	49500	49500	27100	40500	18100	8100	5400	12100	5400	6600	2400
grow with google	33100	Medium	36	0.29135	3.45	110000	49500	74000	60500	49500	60500	60500	49500	40500	33100	33100	27100	33100	40500	49500	40500	49500	40500	33100	33100	33100	33100	40500	27100	60500	49500	49500	33100	33100	40500	40500	33100	27100	33100	40500	33100	27100	27100	33100	40500	33100	40500	33100	33100	27100	27100	33100	27100
grow with google courses	880	Low	9	0.199544	2.636663	880	590	880	1000	880	1000	880	880	720	590	720	590	720	720	880	720	880	880	590	480	320	480	590	590	880	720	720	590	480	480	320	320	260	390	590	480	390	320	390	590	720	480	480	1600	2900	390	720	1300
handbook of model based systems engineering	40	Medium	57	2.643443	7.88	20	70	30	20	40	40	10	30	30	30	30	20	70	40	40	20	170	210	170	110	110	90	140	90	90	70	70	70	40	40	50	40	40	50	70	30	70	40	50	30	40	30	30	40	40	40	50	40
hansen leadership program	170	Low	23	0.8836	5.47	10	10	10	10	10	10	210	170	140	210	480	70	20	10	90	10	20	70	260	320	170	210	390	50	10	20	10	10	10	10	20	260	210	320	390	40	10	10	10	10	10	10	90	210	480	390	720	70
harvard edx	5400	Low	29	0.21	2.277448	5400	4400	5400	5400	5400	6600	5400	5400	4400	4400	6600	5400	6600	5400	5400	8100	22200	9900	6600	6600	5400	4400	6600	5400	5400	5400	5400	5400	5400	5400	5400	5400	4400	4400	5400	4400	5400	5400	6600	8100	6600	6600	5400	4400	4400	4400	5400	4400
harvard mit online courses	30	Medium	42	0.457758	4.44	50	70	50	70	50	70	50	50	40	50	50	50	50	50	70	40	40	50	50	40	40	40	50	50	70	70	40	50	70	50	40	40	40	30	40	30	40	40	30	30	30	70	30	40	20	20	40	20
harvard online courses	33100	Medium	45	0.558393	4.15588	33100	33100	33100	33100	33100	33100	40500	33100	40500	40500	49500	40500	40500	40500	40500	40500	49500	49500	40500	40500	40500	33100	49500	49500	40500	40500	40500	49500	60500	40500	40500	49500	74000	49500	40500	33100	40500	33100	49500	40500	33100	33100	33100	27100	22200	27100	27100	22200
harvardx	14800	Medium	35	0.306463	3.042392	14800	12100	14800	14800	12100	14800	14800	12100	12100	12100	18100	14800	33100	27100	18100	18100	18100	18100	12100	14800	12100	14800	22200	14800	18100	14800	22200	33100	22200	18100	14800	33100	18100	18100	22200	18100	27100	18100	22200	18100	14800	18100	14800	12100	9900	9900	14800	9900
high certificate in business management	1000	Medium	39	0.278917	1.928544	390	320	390	390	390	480	390	480	390	260	1000	880	590	480	590	590	590	480	480	480	590	480	1600	1000	590	880	880	720	880	720	590	720	590	390	1900	1000	590	720	880	880	720	1000	880	1000	880	590	2400	1300
how can i become a web designer	1000	Medium	44	0.808731	9.291863	2900	2900	2900	2900	2900	2900	2900	2900	2400	2900	2900	2900	2900	2900	2900	2400	2900	2400	2400	2400	2400	2400	2900	2400	2400	2400	2400	2900	2400	2400	1900	1900	2900	3600	4400	1900	1900	1600	1600	1300	1000	1000	1000	880	880	720	880	720
how can i get pmp certification	4400	Medium	63	0.950566	6.185866	4400	3600	4400	3600	3600	4400	3600	3600	2900	2900	4400	4400	4400	4400	4400	4400	4400	5400	4400	5400	4400	4400	5400	5400	5400	5400	5400	5400	5400	5400	5400	5400	4400	4400	6600	5400	5400	5400	5400	4400	5400	4400	5400	4400	3600	3600	4400	4400
how to apply for massachusetts institute of technology	1300	Low	29	0.442913	2.4	880	1000	880	1300	1600	1900	1300	1600	1000	1600	1000	720	1000	880	1000	1300	1300	1900	1300	1300	1000	1600	1300	1000	1000	1300	1600	1300	1300	1900	1600	1600	1900	1600	1300	880	1000	1000	1300	1300	1300	1900	1600	1600	1300	1600	1300	720
how to be a software developer	1000	Low	28	0.306021	6.902346	1900	1900	1900	1900	1900	1900	1900	1900	1600	1600	2400	1900	1900	1900	1900	1900	1900	1600	1900	1600	1600	1600	1900	1600	1600	1300	1600	1600	1600	1300	1300	1000	1000	1000	1300	1300	1300	1300	1300	1300	1000	880	1000	880	720	720	880	720
how to be good at problem solving	170	Low	8	0.126365	1.135967	320	320	390	260	320	320	390	390	480	320	320	320	320	260	260	260	320	320	390	320	320	260	390	390	320	320	260	260	210	210	260	260	260	170	210	210	260	260	210	170	140	140	170	170	140	140	140	140
how to become a better strategist	50	Low	30	1.070638	5	110	90	90	90	110	170	110	70	90	90	70	50	90	70	50	70	70	90	70	70	90	70	90	70	90	50	70	50	90	70	40	50	50	70	70	50	70	50	40	50	50	50	40	40	40	50	40	40
how to become a it specialist	90	Medium	49	1.833635	28.929952	110	90	90	90	90	110	110	110	140	110	140	110	110	140	140	110	110	140	110	110	90	110	140	140	140	110	90	110	90	170	110	90	90	90	90	90	90	110	90	90	90	90	110	70	70	70	90	90
how to become a strategic thinker	140	Medium	56	0.554785	5.158504	140	140	110	90	140	110	140	140	170	90	140	140	170	140	140	110	140	140	170	140	210	210	210	170	210	140	170	140	170	110	110	110	110	110	170	170	140	140	110	110	170	110	140	140	110	140	110	110
how to become a systems engineer without a degree	10	Low	13	2.99	11.5	70	70	50	40	50	40	50	50	50	40	70	70	70	90	110	70	70	70	40	50	40	20	50	40	20	10	20	30	30	20	20	30	10	10	20	20	10	10	10	10	10	20	10	20	10	10	10	20
how to become a tech expert	40	Medium	54	0.18	1.380215	50	50	70	50	70	70	50	70	70	70	90	70	70	70	90	70	90	70	70	90	70	70	110	90	70	90	90	70	70	70	50	70	50	50	70	30	70	50	50	50	40	30	30	40	50	30	30	20
how to create a system	390	Low	13	0.419448	5.18	480	390	390	480	390	480	480	480	480	480	590	590	590	480	480	390	390	480	480	390	480	390	590	590	480	480	480	480	390	480	480	390	390	390	480	390	480	320	480	320	390	390	390	390	390	390	480	390
how to design a scalable system	10	Low	27			30	20	30	20	30	20	20	20	10	10	10	10	10	10	10	10	10	10	10	10	20	10	20	10	20	10	10	10	10	10	30	20	20	10	10	10	20	20	10	10	20	20	10	20	10	10	10	10
how to develop my critical thinking skills	20	Medium	38	0.241635	2.72434	40	30	20	20	20	30	30	40	40	20	20	30	40	30	40	20	20	40	30	50	30	20	30	30	30	40	20	20	20	20	40	20	20	30	30	10	20	30	20	20	10	20	20	40	30	20	20	20
how to develop problem solving skills	720	Low	10	0.087489	3.246976	1300	1000	1300	1000	1000	1000	1300	1300	1300	1000	1300	1300	1600	1300	1300	1300	1300	1000	1300	1300	1300	1000	1300	1300	1300	1300	1300	1000	1000	1000	1000	1000	1000	880	1000	720	1000	880	880	880	720	590	720	720	720	590	590	480
how to do csm certification	20	Medium	48	0.275037	1.330146	30	30	30	20	30	30	30	30	30	20	30	30	20	20	40	20	30	20	20	20	30	20	30	20	20	30	30	30	20	20	20	10	10	20	20	20	20	20	40	10	20	20	10	10	20	20	10	10
how to do framework	50	Low	1			110	90	90	90	70	70	70	110	140	70	110	90	110	110	90	90	90	90	90	110	110	70	70	110	110	110	70	50	50	70	70	70	50	50	90	50	90	50	40	30	50	50	90	70	50	40	40	40
how to gain problem solving skills	260	Low	7	0.18	1.472208	390	390	390	480	480	390	480	480	390	480	480	480	480	390	480	390	480	480	480	480	480	390	480	480	480	390	480	480	480	390	480	390	320	390	390	320	390	320	320	320	320	320	260	260	210	260	260	210
how to get into product management	720	Medium	42	0.923862	5.489399	1000	1000	1000	1000	1000	1000	1000	1000	880	720	1000	880	880	880	880	880	880	1000	1000	1000	880	880	1300	1000	1000	1000	1000	1000	1000	1000	1000	1000	720	720	880	880	880	720	880	720	720	720	720	720	590	590	720	590
how to improve critical thinking	2900	Low	15	0.108286	2.51238	3600	3600	3600	2900	2900	2900	4400	3600	4400	3600	3600	3600	4400	3600	3600	2900	2900	2900	3600	3600	3600	3600	4400	3600	3600	3600	3600	2900	2900	3600	4400	3600	3600	2900	3600	3600	3600	2900	2900	2900	2400	2400	2900	2400	2400	1900	2900	2400
how to improve logical thinking skills	170	Low	16	0.023547	1.268463	70	40	30	50	50	110	50	50	110	50	50	50	70	70	70	70	90	90	50	50	50	50	70	50	70	70	70	70	90	110	70	110	110	210	170	170	170	170	210	260	260	210	140	140	170	140	170	140
how to improve problem solving skills	1900	Low	5	0.178259	2.29	3600	2900	3600	2900	2400	2900	3600	3600	3600	2900	2900	2900	3600	2900	2900	2900	2400	2900	2900	3600	2900	2400	2900	3600	3600	2900	2900	2400	2400	2400	2400	2900	2400	1900	2400	2400	2400	1900	1900	1900	1600	1600	1600	1600	1300	1300	1900	1900
how to improve your logic building skills in programming	10	Low	31			40	10	10	20	10	30	20	10	20	30	20	20	10	30	20	10	20	20	10	10	10	20	20	20	20	10	20	20	20	20	10	30	20	20	20	10	10	10	10	10	10	20	10	10	10	10	10	10
how to increase critical thinking	480	Low	15	0.029543	1.81	480	390	390	390	320	480	480	480	480	480	480	480	480	390	390	390	390	480	590	480	480	590	720	590	590	590	590	590	590	590	590	590	480	390	480	590	590	390	480	480	480	480	480	390	390	390	390	390
how to learn it at home	10	Medium	60	0.232977	10.54	70	30	40	50	70	70	70	90	90	50	90	70	70	50	50	30	40	50	30	30	30	30	50	30	20	20	30	20	30	20	10	10	10	10	10	10	10	10	10	10	10	10	10	10	10	10	10	10
how to learn problem solving skills	170	Low	17	0.11	2.184766	260	170	170	210	170	210	260	260	210	170	210	210	260	210	210	210	260	260	260	260	260	260	260	260	320	260	260	260	260	260	260	210	210	170	210	210	210	210	210	210	170	210	140	140	110	140	170	90
how to learn system design	390	Low	23	0.160957	1.8	320	320	320	320	320	320	390	320	260	260	320	260	260	320	260	260	320	390	320	390	320	320	390	390	390	390	390	390	480	390	390	320	320	320	390	390	320	390	390	390	480	480	390	390	480	390	590	590
how to learn systems thinking	40	Medium	53	0.995547	6	10	10	10	10	10	10	10	10	10	10	10	10	10	20	20	30	10	10	10	10	20	20	20	10	10	10	20	10	10	10	20	20	20	10	20	10	20	10	20	20	30	20	30	40	70	40	70	50
how to learn tech skills	90	Medium	66	0.189185	3.62	70	90	90	70	140	110	90	90	110	90	260	140	140	140	140	140	140	170	140	70	70	90	90	110	140	140	140	110	90	90	110	140	140	140	170	90	140	110	90	90	110	90	70	90	90	70	110	70
how to learn to think strategically	70	Medium	63	0.599452	5.025	110	70	50	40	50	70	70	50	50	70	50	50	50	50	50	30	40	50	70	50	40	50	50	90	70	70	90	70	90	70	90	90	70	90	90	90	70	70	70	70	90	50	70	70	70	50	70	70
how to solve algorithm problems	70	Low				260	210	170	210	260	260	320	260	210	210	260	210	170	170	210	170	170	170	260	210	90	110	170	140	110	140	140	110	110	140	210	170	110	90	110	90	70	70	70	70	70	70	70	70	70	50	50	30
how to study it online	40	High	70	0.583446	2.589271	30	30	30	20	30	20	20	20	20	20	40	30	30	30	30	40	50	70	70	70	50	20	70	50	40	30	50	30	40	30	40	50	30	30	30	30	30	40	40	30	30	30	30	50	40	20	50	40
how to think in systems	90	Medium	59	0.29	3.75	40	30	30	40	20	30	30	30	30	40	40	40	20	40	40	20	40	40	30	40	40	50	50	30	50	40	30	40	40	50	20	30	20	30	70	50	50	50	40	210	90	70	90	70	70	110	90	140
how to think logically	590	Low	10	0.070893	3.271995	1300	1000	1000	1000	1000	1300	1300	1000	1300	1000	1000	1000	1300	1000	1000	1000	1000	1000	1000	1300	1000	1000	1300	1000	1000	1000	880	880	880	880	880	880	720	720	880	720	720	590	720	590	590	590	720	590	480	480	590	480
how to train problem solving skills	50	Low	20	0.360616	2.49966	90	50	70	50	70	70	70	70	70	70	50	70	70	50	70	70	70	70	70	110	90	70	90	90	70	70	90	50	50	90	70	70	50	70	70	50	50	70	40	70	50	40	50	40	40	50	50	50
howard cs50	10	Low	22	0.609292	11.376982	10	10	10	10	20	10	20	20	10	20	20	10	10	10	20	30	20	30	30	110	30	30	10	10	10	10	20	40	30	30	20	30	20	10	20	20	10	10	10	10	20	10	10	10	10	30	10	10
hp certification courses	210	Low	28	0.07052	0.59	110	90	90	110	140	170	110	70	90	90	140	110	110	90	50	140	210	260	210	170	90	50	110	70	90	210	140	210	70	110	210	320	210	260	90	170	90	110	110	210	210	210	260	210	210	320	260	260
hris systems training	140	Low	30	3.021436	15.935526	260	210	260	260	260	320	210	210	170	170	260	210	260	170	210	170	170	170	140	210	170	170	210	210	210	140	170	210	170	170	260	170	140	140	480	170	170	140	140	170	140	140	170	90	70	70	110	170
https learning upskillist com vodacom2	110	Medium	45	0.451709	1.806631	0	0	0	0	0	0	0	0	0	0	0	0	110	10	110	50	30	50	70	70	40	70	90	40	30	30	10	0	10	10	10	320	30	10	10	40	170	260	90	110	90	70	90	70	90	70	50	110
https ocw mit edu	210	Medium	33	0.55	3.372176	50	70	50	50	40	70	70	110	90	50	70	70	70	70	90	90	70	140	140	110	90	70	70	110	90	90	90	70	110	140	210	320	260	260	320	170	170	170	170	260	320	320	320	210	260	210	170	260
https www edx org	590	Low	23	0.315777	3.289844	390	590	320	320	260	320	320	390	320	210	320	480	320	480	390	390	390	320	320	390	320	260	320	320	390	390	590	320	320	390	320	390	260	320	480	390	880	720	1900	720	590	390	390	320	390	260	320	480
https www harvard edu online courses	10	Medium	57			10	10	10	10	10	10	10	10	10	10	10	0	10	10	10	10	10	10	10	10	10	10	10	10	10	10	10	20	10	10	10	10	10	10	10	10	10	10	10	20	10	0	10	10	10	10	10	10
hubspot crm courses	30	Low	15	0.139925	1.36	10	10	10	10	20	20	10	10	10	10	10	10	10	10	10	10	10	10	10	30	10	20	30	20	30	20	20	20	20	20	20	20	10	10	30	20	30	30	20	30	40	30	30	40	50	70	30	40
human centered systems thinking	110	Medium	36	2.91	6	320	260	110	70	70	170	170	140	170	140	390	90	170	170	210	140	170	590	480	390	320	320	480	260	170	260	210	390	210	170	210	170	170	210	210	170	140	140	110	140	110	170	110	90	140	70	90	90
i want to learn it	70	Low	23	0.435818	11.623839	40	70	70	70	50	50	50	50	40	50	90	50	50	70	50	50	50	70	70	50	50	50	50	70	50	50	70	50	70	70	50	50	40	50	70	40	70	50	70	90	70	50	50	50	50	50	70	90
i want to learn programming	480	Medium	55	0.157098	2.178589	480	480	590	590	590	590	480	480	480	480	480	480	480	590	590	590	590	590	480	480	480	480	480	390	390	390	480	590	480	390	390	590	590	390	480	390	390	390	390	480	590	480	480	480	390	480	480	480
ibf funded courses systems thinking cpd hours	10					0	0	0	0	0	0	0	0	0	0	0	0	0	0	0	0	0	0	0	0	0	0	0	0	0	0	0	0	0	10	0	0	0	0	0	0	10	0	0	0	0	0	0	0	0	0	0	0
ibm courses	12100	Medium	36	0.122897	1.90673	8100	6600	8100	8100	9900	9900	9900	8100	8100	8100	9900	8100	9900	8100	9900	9900	12100	14800	12100	9900	9900	9900	14800	14800	12100	12100	9900	12100	27100	22200	14800	12100	12100	12100	14800	14800	12100	12100	12100	14800	14800	14800	12100	12100	9900	9900	12100	12100
ibm online courses	590	Medium	49	0.135648	2.45209	590	590	590	720	880	880	720	720	720	720	720	720	880	720	720	720	880	720	720	720	590	590	720	720	590	720	720	720	720	590	590	590	480	590	590	590	720	480	590	720	720	590	590	480	480	480	480	390
ibm skill build	135000	Low	7	0.233527	2.396607	9900	9900	9900	9900	12100	14800	14800	14800	18100	14800	18100	22200	27100	22200	27100	33100	33100	49500	60500	49500	49500	74000	60500	135000	110000	49500	60500	60500	74000	74000	74000	74000	74000	74000	90500	90500	110000	74000	90500	135000	201000	165000	201000	135000	135000	165000	165000	135000
ibm skillsbuild certificate	590	Low	17	0.199103	2.3	10	10	10	10	10	10	10	10	10	10	10	10	10	10	10	30	70	50	90	70	50	90	70	70	70	110	140	210	210	210	260	260	260	210	260	170	210	260	320	390	880	880	880	720	590	720	880	880
iceberg model of systems thinking	110	Low	1			90	140	110	90	50	90	110	110	140	90	140	140	170	170	140	110	140	170	140	210	140	110	140	170	170	140	110	110	110	90	210	210	140	90	90	110	140	70	70	50	70	110	140	170	140	110	90	140
iceberg model systems thinking	880	Low	1	0.72	4	880	880	720	720	590	590	590	590	590	390	590	590	720	590	590	480	390	480	590	720	720	390	590	720	720	880	720	590	480	590	720	880	590	590	720	1000	1000	880	720	720	590	720	720	880	880	720	1000	1000
ict online courses	720	Medium	48	0.268462	2.755516	720	590	880	880	880	880	1000	880	720	720	1000	720	880	720	880	880	880	880	880	880	720	590	1000	880	880	720	880	720	880	1000	3600	1600	720	590	1300	720	880	720	720	880	880	720	720	720	590	590	720	720
ieee certificate	260	Low	3	0.3	5.68	320	260	260	260	260	210	260	260	320	260	260	260	260	260	260	260	260	260	320	390	320	390	320	320	320	390	390	260	320	320	320	390	320	260	320	390	390	260	320	260	260	260	320	320	260	260	260	320
iit online courses	5400	Medium	52	0.259644	0.856657	2900	3600	3600	4400	4400	5400	4400	3600	3600	2900	2900	2900	3600	4400	5400	6600	6600	5400	4400	3600	2900	3600	4400	4400	5400	5400	8100	6600	6600	5400	5400	4400	4400	4400	5400	4400	5400	5400	8100	6600	6600	5400	4400	2900	2900	3600	3600	3600
improve critical thinking	720	Low	17	0.38009	2.344008	880	880	1300	880	880	880	1000	2900	1000	880	1000	880	1000	880	880	720	720	880	1000	1000	880	880	1000	1000	1000	1000	880	880	720	880	1000	1000	880	720	880	1000	1000	720	880	880	880	720	880	720	720	480	590	590
improve problem solving skills	320	Low	7	0.220753	2.036279	880	880	720	880	880	720	880	880	880	720	720	720	880	720	720	720	590	720	720	720	720	590	720	720	720	720	720	480	480	590	590	590	590	480	590	480	590	480	390	320	320	320	320	320	260	260	320	260
industrial engineering online	210	Medium	62	2.241391	9.920733	140	140	140	140	170	140	140	140	110	140	170	170	170	170	260	170	170	260	210	260	170	170	210	210	260	210	320	260	260	210	260	260	210	210	390	260	260	260	260	210	170	210	140	210	170	170	260	210
information architecture certification	70	Low	11	1.152372	6.51	110	110	140	90	110	140	90	90	90	140	140	90	140	110	140	110	110	110	90	70	90	70	170	90	110	110	110	210	390	260	170	140	70	70	70	70	70	50	90	50	50	50	50	20	50	50	50	260
information architecture courses	260	Low	10	0.443338	3.51	480	480	480	720	480	480	390	480	480	320	480	390	590	590	590	590	480	390	390	390	320	390	480	480	480	480	390	480	390	320	390	390	390	260	320	210	320	320	320	210	210	210	210	140	170	140	170	480
information architecture degree	30	Low	20	3.76	18.1	70	70	50	40	70	90	50	50	50	70	70	70	90	50	50	50	50	50	40	50	90	50	70	70	70	50	70	70	40	70	50	70	70	50	50	70	40	30	40	20	40	40	10	30	30	20	50	50
information technology online courses	1300	Low	21	0.64547	21.35	1000	1000	1300	1600	1300	1600	1300	1300	1300	1000	1000	1000	1300	1300	1300	1000	1000	1000	1000	1300	1600	1300	1300	1600	1900	1900	1600	1600	1600	1300	1000	1600	1600	2400	1900	1600	2900	1900	1000	1000	1300	1000	1300	1300	1300	880	1000	1300
information technology short courses online	10	Low	21			10	10	10	10	10	10	10	10	0	10	10	10	10	10	10	10	10	10	10	10	10	10	20	30	10	20	10	10	20	10	20	20	10	20	20	20	30	10	20	10	10	10	10	10	10	10	10	10
infosys springboard courses	3600	Low	11	0.411893	1.157719	260	140	320	390	880	2400	1900	2400	3600	1900	1900	1300	1900	2400	2400	2400	2900	4400	5400	3600	2400	2900	3600	3600	3600	3600	3600	3600	4400	3600	6600	4400	3600	2900	3600	3600	3600	3600	3600	4400	5400	4400	4400	3600	2900	3600	2900	2400
infrastructure architect course	10	Medium	34	0.270124	0.682074	20	10	30	20	30	30	30	10	10	20	20	20	20	10	20	10	30	10	20	10	10	10	20	10	10	10	10	50	20	10	20	10	20	30	20	10	10	10	10	10	10	10	10	10	10	10	10	10
institute of project management certification	10	Medium	52			20	20	20	20	20	20	20	20	20	20	30	30	30	30	30	30	40	30	40	20	20	20	30	20	40	20	10	20	30	20	10	20	10	10	10	30	20	10	10	20	10	10	10	10	10	10	10	10
intellipaat	60500	Low	24	0.110248	0.506889	74000	60500	60500	74000	90500	74000	74000	74000	74000	90500	90500	74000	90500	74000	90500	90500	90500	90500	90500	74000	74000	74000	90500	74000	74000	60500	74000	90500	90500	74000	60500	60500	60500	60500	74000	74000	74000	74000	74000	74000	74000	60500	60500	49500	60500	60500	60500	60500
international business management institute ibmi	170	Medium	64	0.373769	5.823241	90	90	90	110	90	140	110	90	110	90	110	140	140	140	140	140	140	140	140	110	110	90	110	140	140	110	170	140	210	170	140	170	170	170	170	170	140	140	210	170	170	210	210	210	170	170	170	140
intro to deep learning mit	320	Low	28	0.866397	4.78	320	210	260	170	170	140	110	140	140	140	320	170	320	390	260	390	210	210	170	170	170	320	480	320	320	320	390	320	260	210	210	210	320	260	480	320	590	390	390	390	320	320	320	260	210	320	480	260
introduction to systems engineering	170	Low	19	0.480312	3.887411	210	210	210	210	170	210	210	170	170	170	210	260	210	210	210	210	210	260	210	260	210	170	210	170	210	170	210	210	260	260	210	210	210	170	170	210	210	170	210	170	170	170	210	170	170	110	140	170
introduction to systems thinking	260	Low	25	1.11854	4.45	320	260	260	210	260	320	260	320	210	260	320	260	390	260	320	260	320	390	390	320	320	260	320	260	320	260	260	260	210	260	320	320	260	260	320	260	260	210	260	260	210	260	260	210	210	210	320	170
isaca certified in risk and information systems control crisc	40	Medium	41	0.517322	3.08	0	0	0	0	0	0	0	0	0	0	0	0	0	0	30	20	30	40	30	30	30	40	40	30	20	20	40	30	30	10	20	20	20	20	20	10	20	50	90	30	20	20	20	30	50	40	20	70
it academy courses	140	Low	27	0.155672	0.880647	720	320	390	480	480	480	390	480	590	480	880	480	390	260	390	390	320	390	320	390	320	260	480	210	170	320	260	170	260	170	170	140	110	140	260	260	210	170	260	50	50	90	110	170	140	90	170	210
it classes	3600	Medium	39	2.05	35.995732	4400	4400	4400	4400	4400	5400	5400	5400	5400	3600	5400	4400	5400	4400	5400	4400	4400	4400	5400	4400	4400	4400	5400	4400	4400	4400	5400	4400	5400	5400	4400	4400	3600	3600	4400	3600	5400	4400	4400	3600	3600	3600	3600	3600	2900	2400	3600	2900
it course	49500	Low	28	0.332429	3.839932	60500	60500	74000	90500	90500	90500	74000	60500	60500	49500	74000	60500	74000	74000	90500	90500	90500	90500	74000	60500	60500	49500	90500	74000	74000	74000	90500	90500	90500	74000	60500	60500	49500	49500	74000	60500	74000	60500	74000	60500	60500	49500	49500	40500	33100	33100	49500	40500
it courses in karachi	1000	Low	26	0.057173	0.86	720	320	720	880	1000	1000	1000	880	880	880	880	880	880	1000	1900	2900	3600	4400	2900	2400	1600	1900	2400	1600	1600	1900	2900	2400	2900	2400	1900	1600	1300	1000	1600	1300	880	1900	1900	1300	1600	1000	880	880	880	590	590	390
it courses online	4400	Medium	66	0.843575	17.76	5400	4400	5400	5400	5400	5400	5400	5400	4400	4400	6600	5400	5400	5400	5400	5400	6600	9900	8100	8100	5400	4400	6600	5400	5400	5400	5400	5400	6600	5400	4400	4400	6600	4400	8100	4400	5400	4400	3600	3600	3600	3600	4400	4400	4400	3600	4400	2900
it courses online south africa	260	High	67	0.395961	1.713066	320	260	320	320	260	390	320	320	260	170	480	260	260	170	210	210	260	210	210	170	210	140	590	480	320	320	320	260	320	320	260	320	260	170	480	260	260	210	210	170	210	210	210	210	210	210	590	320
it project management methodologies	9900	Low	15	0.058817	4.23	14800	12100	14800	12100	12100	14800	14800	14800	14800	9900	14800	14800	14800	14800	14800	12100	12100	12100	14800	14800	14800	12100	14800	14800	14800	14800	14800	14800	14800	12100	12100	14800	12100	9900	12100	12100	14800	12100	9900	9900	9900	8100	9900	8100	6600	5400	6600	6600
it short courses	1600	Medium	59	0.300393	1.810125	1300	1000	1300	1000	1300	1300	1300	1300	1300	1000	1900	1600	1600	1300	1600	1300	1300	1300	1600	1300	1600	1300	2400	1900	1900	1900	1900	1600	3600	3600	1300	1600	1300	1300	2400	1900	1900	1600	1600	1600	1300	1300	1300	1300	1300	1000	2400	1600
it short courses online	480	Medium	63	0.443873	1.716816	260	210	320	320	320	320	390	320	320	260	590	480	480	390	390	390	390	390	480	480	480	390	720	590	480	320	390	260	480	320	260	320	390	210	590	590	480	390	480	390	390	390	320	390	480	390	1000	720
it specialist training	110	Low	17	3.058998	28.749514	110	90	90	110	110	140	110	110	110	110	140	110	110	110	170	110	110	110	110	110	110	90	90	70	90	110	70	110	90	70	210	170	110	110	110	110	140	110	110	90	70	90	170	70	50	70	170	210
it studies online	480	Medium	49	0.626618	6.697237	390	390	480	480	480	590	480	480	480	480	590	480	720	590	590	480	590	720	590	590	590	480	590	590	590	590	720	590	720	590	390	480	480	480	720	590	720	720	590	390	390	390	480	260	260	260	320	390
it training courses	2400	Low	25	0.601996	6.491642	2400	1900	2400	1900	2400	2400	2400	2400	2400	1900	2900	2400	2900	1900	2400	2900	2400	2400	2400	2400	2400	2400	2900	2400	2900	2900	2900	2400	3600	2900	2400	2400	2400	2400	3600	2400	2900	3600	2400	2400	2400	2400	2900	1900	2400	1300	1900	2400
knowledge hub	33100	Low	1	0.479367	6.321916	14800	14800	14800	14800	14800	18100	18100	18100	18100	12100	14800	14800	18100	14800	22200	22200	27100	27100	27100	27100	27100	18100	27100	27100	27100	27100	27100	27100	33100	27100	49500	49500	33100	18100	27100	27100	27100	22200	27100	27100	33100	33100	40500	40500	33100	33100	33100	40500
large scale project management	40	Low	10	2.803265	12.15	70	70	70	70	70	70	70	70	70	50	70	70	90	90	90	50	90	50	70	70	50	50	70	70	50	70	70	70	70	70	70	50	50	50	40	40	50	50	40	50	30	20	140	40	30	20	30	30
leadership courses	14800	Medium	47	1.856525	8.168915	12100	9900	12100	12100	12100	12100	12100	12100	12100	9900	14800	12100	14800	12100	14800	12100	12100	12100	14800	14800	14800	14800	18100	14800	14800	14800	18100	14800	14800	14800	14800	14800	14800	12100	18100	14800	18100	14800	14800	12100	12100	12100	14800	12100	12100	9900	12100	14800
leading complex projects	50	High	69	2.5	7.646893	110	110	110	110	90	90	140	90	70	70	90	90	90	90	70	90	70	110	90	110	110	50	110	110	90	110	90	110	110	90	90	110	70	50	90	70	70	50	70	50	50	50	40	50	50	40	30	40
learn about systems	10	Medium	57			10	10	10	10	10	10	10	10	10	10	10	10	10	10	10	10	10	10	10	10	10	10	10	10	10	10	10	10	10	10	10	10	10	10	10	10	10	10	10	10	10	110	10	10	10	10	10	10
learn enterprise architecture	30	Medium	40	1.05	9.550142	40	50	40	40	50	70	50	40	70	50	70	70	40	40	40	50	70	40	50	30	40	40	50	50	50	50	40	50	40	40	30	40	30	30	30	40	30	30	30	40	30	20	30	30	20	20	30	40
learn problem solving	480	Low	5	0.326267	2.121141	1000	1000	1000	1000	1000	880	1000	1000	1000	1000	880	1000	1000	880	1000	880	880	880	880	1000	1000	880	720	880	880	720	880	720	590	590	720	720	720	720	590	720	720	590	590	480	480	480	480	480	480	390	320	320
learn problem solving programming	20	Low	25	0.184998	1.450262	40	40	50	50	50	50	50	50	50	40	40	30	30	30	30	30	30	30	20	40	10	20	20	20	20	30	40	20	20	30	20	30	10	30	20	30	30	40	20	20	20	10	10	10	10	10	10	10
learn product management	390	Low	32	0.948464	5.58	590	720	590	720	720	720	720	590	720	590	590	590	720	590	590	590	590	480	590	590	590	590	720	590	590	590	720	590	590	590	590	480	480	480	480	390	480	480	480	480	390	390	390	320	320	320	320	480
learn project management	880	Medium	45	0.83	7.46	1000	880	1000	1000	1300	1000	1000	1000	1000	1000	1300	1000	1300	1300	1300	1000	1000	1000	1300	1000	1000	1000	1300	1000	1000	1300	1000	1000	1000	1000	1000	1000	1000	880	1300	1000	1300	1300	880	880	720	590	880	590	480	480	720	720
learn skills	12100	Low	14	0.396558	2.781845	14800	12100	12100	12100	9900	9900	14800	14800	14800	9900	14800	12100	14800	12100	14800	12100	12100	12100	12100	12100	12100	9900	14800	14800	12100	12100	12100	9900	9900	9900	12100	12100	12100	9900	14800	12100	12100	12100	12100	12100	12100	12100	18100	14800	12100	9900	12100	9900
learn software architecture	140	Medium	43	0.529031	2.832395	170	210	260	260	260	170	210	210	170	170	210	210	170	170	140	140	170	140	210	110	210	210	210	210	170	170	210	170	170	170	170	170	170	140	170	140	140	170	140	110	140	110	110	110	140	110	140	140
learn software engineering	720	Medium	47	0.63	10.49	1000	1000	1000	1000	1000	1300	1000	1000	1000	1000	1000	1000	1000	1000	1000	1000	1000	1300	1300	1000	1000	1000	1000	1000	1000	1000	1000	1000	1000	1000	880	880	720	720	880	880	880	1000	880	720	720	720	880	720	590	480	720	590
learn system architecture	40	Medium	37	0.210242	1.542934	30	40	20	30	40	50	30	40	40	30	50	40	50	50	40	40	40	30	50	40	30	40	50	40	50	50	30	40	40	30	40	50	30	50	20	30	50	40	20	40	50	20	20	30	30	30	50	40
learn system design	880	Medium	36	0.267995	1.968928	590	720	720	590	590	720	590	590	590	590	590	480	590	480	590	590	590	590	720	590	720	720	880	880	880	880	1000	880	880	880	880	720	720	720	880	880	880	1000	880	880	1000	1000	880	880	880	1000	1000	1000
learn systems thinking	480	High	68	0.219597	4	20	10	20	20	20	10	10	30	20	20	30	30	20	20	70	70	30	40	50	40	70	50	70	70	90	90	90	110	170	480	1900	720	480	480	720	320	720	480	390	1300	390	480	590	320	390	390	320	260
learner management systems	60500	Low	24	0.911065	22.79655	60500	60500	60500	60500	49500	60500	60500	60500	60500	49500	60500	60500	60500	49500	60500	49500	49500	60500	60500	60500	60500	49500	60500	60500	74000	60500	60500	60500	60500	60500	60500	60500	60500	49500	60500	60500	60500	60500	60500	49500	49500	74000	90500	74000	74000	49500	60500	60500
learning it online	210	Medium	46	0.798284	15.217127	320	320	390	320	390	390	390	390	320	320	390	390	390	320	390	320	320	390	390	390	390	390	260	320	320	390	390	390	390	320	260	320	260	260	480	480	480	320	210	170	260	210	390	170	140	110	210	140
learning management system digiskills	20	Low	3			10	10	30	10	40	20	10	30	110	40	40	50	50	20	30	50	90	30	10	30	90	20	10	10	50	30	20	30	110	70	20	30	20	10	10	10	10	10	10	10	10	50	10	10	10	70	30	30
learning software engineering for beginners	10	High	75	0.152928	3.21	10	20	20	30	40	40	40	20	30	30	50	10	10	10	20	10	10	20	10	10	10	10	30	20	20	20	10	10	10	10	10	10	10	10	10	10	10	20	10	10	10	10	10	10	10	10	10	10
learning tcsionhub	170	Low	12	0.470636	1.825165	880	590	720	880	720	880	1000	720	590	720	880	880	1300	6600	4400	6600	3600	5400	6600	2400	1900	880	320	320	320	210	170	110	210	110	170	90	70	50	70	70	110	90	110	90	210	90	70	110	170	590	260	210
learning to solve problems	30	Low	3			40	50	50	40	50	30	50	50	50	40	50	30	40	40	50	40	40	30	40	40	40	20	30	30	50	40	30	20	30	20	50	40	40	30	40	30	40	40	20	30	20	20	20	30	30	30	20	30
learnvern	135000	Low	21	0.224219	0.70278	110000	110000	90500	74000	74000	90500	74000	74000	74000	74000	110000	165000	201000	165000	135000	135000	110000	90500	74000	60500	60500	74000	74000	60500	60500	60500	60500	60500	60500	60500	49500	40500	40500	40500	60500	40500	40500	74000	201000	246000	201000	165000	165000	110000	110000	110000	110000	74000
learnvern courses	210	Low	33	0.246517	0.959466	170	110	260	140	140	170	170	110	90	170	210	260	320	320	210	320	320	260	110	110	140	110	110	70	110	110	110	70	70	90	70	50	30	70	70	70	110	140	260	390	260	260	170	170	140	110	170	110
lms	3350000	Low	4	1.142358	10.409379	3350000	2240000	3350000	2240000	1220000	1830000	2740000	3350000	3350000	2240000	2740000	2740000	2740000	2240000	3350000	1830000	1500000	1500000	2240000	2740000	2740000	1830000	2240000	2240000	2240000	2240000	2740000	1500000	1500000	1830000	2740000	3350000	3350000	2740000	2240000	2740000	3350000	3350000	3350000	2740000	2240000	1830000	3350000	4090000	4090000	3350000	3350000	2740000
lms digital skills	320	Low	9	0.277937	0.96	70	70	90	140	170	110	110	140	210	90	90	210	390	110	110	260	720	390	390	260	390	320	210	140	320	210	210	260	480	210	90	110	40	30	30	30	10	10	10	90	260	480	320	260	260	880	720	390
lms digital skills pk	480	Low	2	0.38	0.98	70	40	20	70	260	210	110	140	210	90	90	210	320	50	40	110	390	90	70	110	210	140	170	70	260	170	70	170	210	50	30	20	10	20	10	10	10	10	10	10	110	1000	720	480	260	1600	1300	590
lms le	10	Low				10	10	10	10	10	10	10	10	10	10	10	10	20	10	10	20	10	10	10	20	10	10	10	10	10	20	10	10	10	10	10	10	20	10	20	20	10	10	10	10	10	10	10	10	10	10	10	10
lms learnership	1000	Low	12	0.258217	3.33	50	40	50	110	90	110	50	40	50	10	50	40	40	40	6600	1000	1000	49500	12100	18100	5400	2400	3600	2400	1600	2400	1600	1300	1600	1600	1000	1300	1000	720	3600	1900	1600	1300	1300	1300	1000	880	880	720	1000	390	880	720
lms learning management system	60500	Low	24	0.911065	22.79655	60500	60500	60500	60500	49500	60500	60500	60500	60500	49500	60500	60500	60500	49500	60500	49500	49500	60500	60500	60500	60500	49500	60500	60500	74000	60500	60500	60500	60500	60500	60500	60500	60500	49500	60500	60500	60500	60500	60500	49500	49500	74000	90500	74000	74000	49500	60500	60500
logic courses	880	Low	10	0.3843	3.17707	1000	1000	1000	1300	1000	1000	880	1000	1000	1000	1000	1000	1300	1000	1300	1000	880	1000	1000	1000	880	880	1000	1000	1000	1000	1000	1000	1000	1000	880	1000	1600	1000	1000	880	1000	880	1000	880	880	880	1000	880	880	720	880	880
logical reasoning critical thinking mcqs	10	Low	4			20	30	10	20	30	40	20	30	30	10	10	10	10	20	10	10	30	70	20	10	20	10	10	10	20	10	10	30	40	70	140	10	10	10	10	10	10	10	0	10	10	20	30	10	10	10	10	10
logical thinking training	40	Medium	43	0.33	1.45	50	50	70	50	50	50	50	70	70	70	90	90	70	70	90	90	90	70	70	70	90	70	70	70	90	90	90	90	90	50	90	110	70	50	140	50	50	40	50	40	50	40	30	40	40	40	30	40
logistics and supply chain management courses	6600	Medium	52	0.43538	2.386178	4400	4400	4400	5400	5400	6600	5400	5400	4400	4400	5400	4400	5400	5400	6600	5400	6600	6600	5400	5400	5400	5400	8100	6600	6600	8100	8100	8100	8100	6600	6600	6600	5400	5400	8100	6600	6600	8100	8100	8100	6600	6600	5400	5400	5400	4400	8100	5400
logistics certificate	2400	Medium	40	0.906889	8.314175	2400	1900	2400	1900	1900	2400	2400	1900	1900	1900	2400	2400	2400	2400	2900	2400	2400	2400	2400	2400	2400	2400	2900	2900	2400	2900	2900	2900	3600	2900	3600	2900	2400	2400	2900	2900	2900	2400	2400	2400	2400	2400	2400	1900	1900	1600	2400	2900
logistics course	22200	Medium	38	0.289637	1.574046	12100	12100	14800	18100	18100	18100	18100	14800	14800	12100	22200	14800	18100	18100	22200	22200	22200	18100	18100	18100	14800	14800	27100	18100	22200	22200	33100	27100	49500	40500	18100	22200	22200	18100	27100	22200	22200	27100	33100	27100	27100	22200	18100	18100	14800	12100	27100	18100
logistics management	18100	Low	12	0.391583	5.24	27100	22200	27100	27100	27100	27100	27100	27100	27100	27100	27100	27100	27100	27100	27100	22200	22200	22200	22200	22200	22200	22200	27100	22200	22200	22200	27100	22200	22200	22200	18100	18100	18100	18100	22200	22200	22200	22200	22200	18100	14800	14800	18100	14800	14800	12100	14800	12100
logistics management training	140	Low	9	0.484311	9.594096	140	110	140	140	170	210	140	170	210	170	210	140	170	170	170	140	170	140	140	170	170	110	170	140	140	140	140	170	210	210	140	170	110	110	170	170	170	110	110	140	110	110	110	90	110	70	140	390
logistics online course	1600	Medium	58	0.53013	5.188279	1300	1300	1300	1600	1600	1600	1300	1300	1300	1300	1900	1300	1600	1600	1600	1300	1300	1600	1600	1600	1600	1600	1600	1600	1300	1600	1600	1600	1600	1300	1900	1900	1600	1600	1600	1600	1900	1600	1600	1300	1600	1600	1300	1300	1300	1300	1900	1600
logistics simulation	210	Low	20	0.947067	6.94	170	170	140	140	170	210	110	170	170	110	140	140	110	110	140	110	110	90	140	140	140	170	110	140	170	110	140	110	110	90	90	140	90	90	170	320	390	390	210	110	90	110	590	140	70	90	90	70
logistics training	1300	Low	31	0.715275	8.085515	1600	1300	1300	1600	1300	1900	1600	1600	1600	1300	1600	1600	1600	1600	1600	1600	1600	1600	1600	1600	1600	1300	1900	1600	1600	1300	1600	1600	1600	1300	1300	1600	1600	1300	1600	1600	1600	1600	1600	1300	1000	1000	1900	1000	1000	880	1300	1300
machine learning course for product managers	10	High	86	1.321744	5.09	10	10	30	10	10	10	10	10	10	10	10	20	20	10	10	20	20	10	10	10	10	10	30	30	20	10	20	20	20	10	10	10	10	10	10	10	10	10	20	20	10	10	10	10	10	10	10	10
management	1220000	Low	3	0.404394	6.045451	1220000	1000000	1000000	1000000	1000000	1000000	1000000	1000000	1000000	1000000	1000000	1000000	1220000	1000000	1000000	1000000	1000000	1000000	1220000	1220000	1220000	1000000	1220000	1220000	1220000	1220000	1220000	1220000	1220000	1220000	1500000	1220000	1220000	1830000	1500000	1220000	1220000	1220000	1220000	1220000	1220000	1830000	1220000	1220000	1220000	1220000	1220000	1000000
massachusetts institute of technology apply	2400	Low	20	0.712497	5.667325	1900	1300	1000	1300	1600	2900	2400	3600	2400	3600	2400	1300	1600	1000	1300	1300	1600	2900	2900	4400	2900	4400	2900	1900	1900	1300	1600	1600	1600	3600	3600	4400	3600	4400	2900	1600	1900	1300	1300	1300	1600	3600	3600	4400	2900	4400	2900	1300
master data structures and algorithms	70	Low	28	0.317083	2.33	110	90	90	110	170	110	110	90	90	70	90	50	70	70	70	50	70	70	90	70	90	50	90	70	50	70	90	70	70	50	140	210	50	40	50	70	70	70	90	70	70	70	110	90	70	70	50	90
masters in construction management	9900	Medium	48	1.505638	17.73467	6600	5400	6600	6600	6600	8100	6600	6600	6600	6600	6600	6600	8100	8100	9900	8100	8100	8100	9900	8100	9900	9900	9900	9900	9900	9900	12100	9900	9900	9900	8100	8100	8100	8100	9900	8100	9900	9900	9900	8100	8100	8100	12100	14800	14800	8100	8100	6600
masters in systems thinking	140	Medium	47	1.601833	6.573493	140	90	90	90	110	140	140	90	110	110	90	170	140	140	140	140	140	210	110	140	110	140	140	140	140	140	170	170	170	140	110	140	140	170	140	110	110	170	140	110	140	110	170	140	140	110	110	140
mbse mit	20	Medium	46	0.90948	8.78	20	20	20	20	10	30	20	10	20	20	30	20	30	30	20	20	30	30	10	20	20	20	10	30	30	30	10	10	20	20	20	20	10	10	20	20	10	20	10	10	20	40	20	10	10	10	10	20
mckinsey project management	110	Low	20	1.4	7.45	210	170	210	170	210	210	260	210	210	170	210	210	170	170	210	210	170	170	210	210	210	140	260	210	210	210	210	140	170	140	170	170	110	70	110	140	110	110	90	110	110	70	110	140	110	50	90	90
meta ios developer professional certificate	210	Low	19	0.401297	3.932374	0	0	50	50	110	260	590	320	260	260	260	210	210	260	260	320	320	260	320	260	260	320	320	320	260	210	320	320	390	320	210	210	210	140	320	170	170	170	210	170	210	140	320	260	210	260	170	260
micro master supply chain management	10	Medium	64	0.846416	6.25	10	10	10	10	10	20	20	20	20	20	20	30	20	20	30	10	10	10	0	10	10	10	10	10	10	10	10	10	10	10	10	10	10	10	10	10	10	10	10	10	10	10	10	10	10	10	10	10
micromasters	5400	Low	22	0.85	6.45	6600	5400	6600	5400	5400	5400	5400	5400	5400	5400	6600	5400	9900	6600	6600	5400	5400	5400	5400	5400	5400	5400	6600	6600	5400	5400	6600	5400	5400	5400	5400	5400	5400	4400	5400	4400	5400	4400	8100	6600	6600	5400	5400	4400	4400	4400	5400	4400
microsoft certificate courses	880	Medium	45	0.06	0.929547	210	170	210	210	260	390	320	390	320	320	390	390	590	480	590	590	720	590	390	390	480	480	590	590	590	590	720	720	880	720	720	720	590	590	720	590	590	720	880	880	1000	1000	1000	720	720	880	880	720
microsoft certified systems engineer	9900	Low	5	0.339047	3.55	18100	18100	18100	18100	18100	18100	18100	18100	14800	14800	18100	18100	18100	18100	18100	18100	18100	18100	18100	18100	14800	14800	18100	18100	18100	18100	18100	14800	14800	14800	14800	14800	12100	12100	14800	12100	14800	12100	12100	12100	12100	12100	9900	9900	9900	9900	9900	8100
microsoft courses	12100	Medium	37	0.115574	2.25	8100	6600	8100	8100	8100	8100	8100	8100	6600	6600	9900	8100	9900	8100	9900	9900	9900	9900	9900	9900	9900	9900	14800	12100	12100	12100	14800	14800	18100	12100	14800	12100	12100	9900	12100	12100	12100	12100	12100	12100	14800	12100	12100	9900	8100	9900	12100	9900
microsoft courses with certificate	1000	Medium	54	0.150661	2.43066	30	10	20	20	10	30	40	30	20	20	30	20	40	30	40	50	50	70	50	50	90	110	480	480	590	590	880	1300	1300	1000	1000	1300	1000	880	1600	1300	1000	1000	1300	1000	1300	1000	1000	1000	1000	880	1300	880
microsoft edx	1000	Low	27	0.053576	0.782161	320	390	320	260	320	320	5400	18100	6600	2900	1600	1300	1900	1900	1900	1900	1900	1000	590	480	390	320	390	320	390	390	390	390	390	390	590	390	480	590	590	880	720	880	1300	1300	1900	1900	1000	720	720	880	720	590
microsoft fabric certification	5400	Low	19	0.392383	3.61	0	0	0	0	0	0	0	0	0	0	0	0	0	0	1900	2900	1900	1900	1600	1600	2400	2400	4400	4400	4400	5400	5400	5400	5400	4400	4400	4400	5400	5400	6600	5400	5400	5400	5400	5400	5400	4400	4400	4400	6600	12100	5400	4400
mind laster com	1300	Medium	48	0.219883	1.374077	0	0	0	0	0	0	0	0	0	0	0	0	0	0	0	390	390	720	720	720	720	880	480	480	170	170	170	90	140	170	480	480	590	720	720	1000	1300	880	1300	720	1000	1900	1600	1600	2400	1600	1000	170
mind luster	165000	Low	19	0.199086	1.130362	320	480	720	1000	590	590	590	720	1000	1600	1300	1600	6600	90500	301000	450000	246000	301000	246000	301000	246000	246000	165000	135000	90500	74000	90500	60500	74000	74000	165000	110000	135000	165000	201000	246000	201000	135000	135000	135000	165000	246000	201000	201000	165000	135000	165000	110000
mind luster certificate	1600	Medium	36	0.362832	9.07	30	70	110	90	70	50	50	50	70	170	90	140	880	320	590	5400	4400	5400	4400	4400	3600	2900	1600	2400	1900	2400	2400	1600	1300	1000	1900	1900	2400	1600	1300	1600	1900	1300	1900	1900	1900	1600	1000	2400	1900	1600	1300	1000
mind luster certificate value	480	Low	8	0.268681	6.089663	0	0	0	0	0	0	0	0	0	0	0	0	0	0	0	50	110	140	170	260	140	140	90	110	90	110	70	70	210	260	390	260	390	480	480	480	720	480	480	390	590	1000	480	390	320	390	390	320
mind luster co	110	Medium	46	0.355855	1.285391	0	0	0	0	0	0	0	0	0	0	0	0	0	0	0	70	50	110	110	50	70	30	40	20	10	20	10	10	10	10	70	50	20	30	30	50	30	40	20	10	50	210	140	140	140	170	260	140
mind luster com	22200	Medium	48	0.20267	1.046985	20	30	20	20	10	10	10	10	30	50	50	50	720	1000	6600	33100	18100	27100	27100	18100	12100	12100	8100	6600	4400	3600	2900	1900	1900	3600	18100	12100	8100	9900	12100	12100	14800	9900	9900	6600	14800	49500	22200	27100	40500	27100	22200	12100
mind luster come	22200	Medium	48	0.20267	1.046985	20	30	20	20	10	10	10	10	30	50	50	50	720	1000	6600	33100	18100	27100	27100	18100	12100	12100	8100	6600	4400	3600	2900	1900	1900	3600	18100	12100	8100	9900	12100	12100	14800	9900	9900	6600	14800	49500	22200	27100	40500	27100	22200	12100
mind luster con	22200	Medium	48	0.20267	1.046985	20	30	20	20	10	10	10	10	30	50	50	50	720	1000	6600	33100	18100	27100	27100	18100	12100	12100	8100	6600	4400	3600	2900	1900	1900	3600	18100	12100	8100	9900	12100	12100	14800	9900	9900	6600	14800	49500	22200	27100	40500	27100	22200	12100
mind luster course	880	Low	32	0.088579	1.134971	0	0	0	0	0	0	0	0	0	0	0	0	0	70	210	1000	1900	1900	1000	1000	1900	1900	1300	1300	880	880	590	480	880	1000	1000	720	1900	1600	720	590	590	880	880	1000	1000	880	480	480	590	590	1600	1300
mind luster courses	880	Low	32	0.088579	1.134971	0	0	0	0	0	0	0	0	0	0	0	0	0	70	210	1000	1900	1900	1000	1000	1900	1900	1300	1300	880	880	590	480	880	1000	1000	720	1900	1600	720	590	590	880	880	1000	1000	880	480	480	590	590	1600	1300
mindluster	110000	Low	9	0.12	2.476828	1000	1000	1600	1300	1000	1000	1000	880	1600	2400	1900	2400	9900	22200	90500	135000	110000	135000	110000	246000	135000	135000	90500	90500	74000	60500	60500	60500	74000	60500	74000	49500	74000	90500	110000	110000	110000	110000	110000	74000	110000	135000	110000	135000	110000	90500	110000	74000
mindluster com	74000	Medium	45	0.15	1.341077	70	70	140	110	50	70	40	50	90	210	170	480	5400	14800	40500	301000	135000	201000	90500	90500	60500	60500	49500	40500	27100	12100	18100	14800	14800	33100	49500	27100	27100	60500	74000	60500	49500	49500	40500	33100	60500	165000	74000	110000	110000	110000	90500	60500
mindluster come	4400	Medium	60	0.19	0.817561	0	0	0	0	0	0	0	0	0	0	0	0	0	0	0	2900	1900	2400	1300	1300	2400	1900	1300	1000	880	880	1300	1300	1900	2400	1900	1900	2400	3600	6600	5400	5400	5400	4400	3600	4400	6600	3600	5400	6600	4400	4400	1000
mindluster courses	1600	Medium	55	0.240472	1.824416	0	0	0	0	0	0	0	0	0	0	0	0	0	210	590	1600	1000	1600	880	1600	1600	1900	1300	720	1000	1600	1900	880	390	590	590	880	1300	1600	3600	3600	2400	880	720	1000	1000	2900	2400	1900	1000	1000	2400	1300
mindset training	3600	Low	18	0.486467	2.455436	3600	2900	2900	2900	3600	3600	3600	3600	3600	2900	4400	3600	3600	3600	3600	3600	3600	3600	3600	3600	3600	3600	3600	3600	3600	3600	3600	3600	3600	3600	3600	3600	3600	2900	3600	3600	3600	3600	3600	3600	3600	3600	3600	3600	3600	2900	3600	3600
mindtap	60500	Low	2	2.955139	6.5	110000	90500	49500	40500	27100	90500	165000	135000	110000	49500	135000	110000	90500	74000	49500	40500	27100	90500	165000	135000	90500	40500	110000	110000	90500	74000	40500	33100	22200	74000	135000	90500	74000	40500	90500	90500	74000	74000	49500	27100	18100	60500	135000	90500	74000	40500	90500	74000
mindworx academy	260	Low	8	0.300365	1.206409	90	140	210	140	170	170	140	170	110	110	170	140	170	170	210	140	170	140	140	170	170	140	260	320	210	260	170	210	260	170	140	210	210	170	210	170	210	170	260	320	170	210	320	320	390	210	390	390
mit application	60500	Low	2	0.375235	4.536618	40500	27100	33100	27100	22200	33100	40500	60500	49500	49500	40500	33100	49500	40500	49500	33100	22200	33100	49500	74000	60500	49500	49500	49500	49500	49500	60500	33100	27100	40500	49500	74000	49500	49500	60500	60500	60500	60500	74000	49500	33100	49500	74000	90500	74000	74000	74000	60500
mit beaver works	1000	Low	6	0.911934	4.145194	720	480	590	390	390	480	390	480	480	720	1000	880	1000	590	880	480	590	480	480	590	720	880	1300	1000	1000	480	590	480	590	590	590	720	590	880	1300	1000	1000	590	880	880	590	590	720	720	880	1300	2400	1900
mit beaver works summer institute	1600	Low	19	1.086343	3.934805	480	390	320	170	170	170	170	260	210	260	480	320	390	260	320	170	260	260	260	260	320	390	720	590	720	390	590	390	320	390	480	720	720	1000	1600	1300	1600	1000	1600	1600	1000	880	1000	1300	1300	1600	2900	2900
mit business analytics program	10	Low	32	1.476519	5.920738	20	30	20	10	20	20	20	10	20	20	10	20	10	20	10	20	20	10	10	20	10	20	10	20	20	10	10	10	10	10	10	10	10	10	10	10	10	10	10	10	30	20	10	10	10	10	20	10
mit certificate courses	260	Low	24	0.502708	6.29	260	210	260	260	320	260	260	210	170	210	210	210	260	210	260	260	260	320	210	170	170	170	210	210	210	170	260	260	260	210	210	210	210	170	210	210	210	210	260	260	260	260	210	170	210	210	260	390
mit coding course	390	Low	24	0.9	5.88	590	480	590	590	590	590	720	590	590	590	720	590	590	590	590	720	720	590	590	480	480	480	590	590	720	590	480	590	720	720	480	590	390	480	480	390	390	390	390	390	390	320	390	320	320	320	320	320
mit courses	18100	Low	30	0.597989	3.15	14800	14800	14800	18100	18100	22200	18100	18100	18100	14800	18100	18100	18100	18100	18100	22200	22200	22200	22200	22200	18100	18100	27100	27100	22200	22200	27100	40500	49500	33100	40500	27100	18100	18100	22200	18100	18100	18100	22200	18100	18100	18100	18100	14800	14800	14800	14800	14800
mit cs courses	1000	Low	18	0.41	2.424211	1300	1300	1300	1600	1300	1600	1600	1600	1600	1600	1600	1300	1600	1600	1600	1600	1600	1600	1600	1300	1600	1600	1600	1300	1600	1300	1300	1300	2400	1600	1600	1900	1300	1300	1300	1000	1000	1000	1300	1000	1300	1300	1000	1000	880	720	1000	880
mit cto program	480	Medium	66	3.03165	127.454848	90	170	210	140	210	260	260	260	260	170	260	260	260	260	320	260	390	390	320	320	390	260	390	390	320	390	390	260	480	390	480	590	720	390	590	480	590	590	590	390	480	590	390	480	480	320	480	480
mit deep learning course	480	Medium	36	0.732477	4.319082	210	170	210	170	170	210	210	210	170	210	320	260	390	480	390	320	260	320	390	320	320	320	320	320	320	390	390	260	320	260	320	260	210	210	320	260	390	390	390	320	390	480	480	480	390	720	720	720
mit edx courses	90	Medium	44	0.34	2.626647	50	70	70	70	90	50	70	70	50	40	50	70	70	70	70	110	90	70	90	70	50	70	140	170	140	110	110	110	110	110	140	90	90	90	110	70	70	70	90	90	90	140	110	110	110	90	140	110
mit engineering certificate programs	10	High	67			10	10	10	20	10	10	20	10	10	20	10	10	10	10	10	20	10	10	10	10	10	10	10	10	10	10	10	10	0	10	10	10	10	10	10	10	10	10	10	10	0	10	10	10	10	10	10	10
mit idss	1600	Medium	53	0.395914	1.42	1900	1600	1300	1300	1600	1600	1900	1600	1600	1900	1900	1900	1900	1900	1900	1600	1600	1600	1600	1600	1900	1900	1900	1900	1900	1600	1600	1600	1600	1900	1900	1900	1900	1900	1900	1900	1900	1600	1600	1300	1300	1300	1000	1300	1300	1300	1000	4400
mit intro to deep learning	720	Low	33	0.92	4.399182	480	320	480	320	320	260	260	260	320	390	590	390	880	880	880	1000	720	590	590	590	480	720	880	590	590	590	720	590	480	480	390	480	590	480	720	590	1000	1000	720	720	880	880	590	720	590	590	720	590
mit introduction to computational thinking and data science	40	Medium	44	0.76	4.725621	30	30	30	20	10	30	50	20	30	20	30	20	140	90	50	30	40	50	40	50	70	70	70	70	40	30	30	40	70	30	30	50	30	40	40	40	40	30	40	50	30	40	20	20	30	90	50	20
mit launch	210	Medium	37	1.1	4.466527	320	320	260	210	210	210	170	210	260	320	390	320	320	260	260	210	210	170	210	210	260	260	390	320	210	210	170	210	170	170	210	260	320	390	390	260	260	210	170	170	170	140	110	170	210	210	260	210
mit launchx summer program	90	Medium	55	1.039999	5.28	50	50	30	40	30	30	10	90	140	90	90	50	50	50	20	30	110	110	70	90	70	210	320	210	170	90	50	30	20	20	20	20	40	90	110	70	90	50	50	50	40	40	50	90	140	170	140	90
mit mites	2900	Low	13	0.922006	4.077326	880	720	590	720	880	720	880	880	1600	1900	3600	1900	1600	1900	1000	1300	1600	1600	1300	1600	2400	2400	3600	1900	1900	2400	1300	1600	2400	1600	1900	1900	2400	2900	4400	1900	1900	2400	1900	1900	2400	1900	1900	2400	3600	4400	8100	2900
mit mites summer program	590	Low	32	1.133248	4.13161	10	10	10	10	10	10	10	10	30	50	210	210	170	260	140	170	210	210	210	260	320	320	720	390	590	590	210	480	480	260	260	320	390	590	1300	480	390	480	390	390	320	210	170	320	590	880	2400	720
mit ocw website	110000	Low	10	0.350783	4.282879	74000	74000	74000	74000	74000	90500	90500	90500	90500	74000	90500	74000	90500	90500	90500	90500	90500	90500	90500	90500	90500	90500	90500	90500	90500	74000	90500	90500	90500	90500	110000	110000	110000	110000	110000	90500	90500	90500	90500	90500	110000	135000	135000	110000	90500	110000	110000	90500
mit online courses with certificate	590	Low	30	0.615876	4.600209	880	880	880	1000	1000	1300	1000	1000	1000	880	1300	1000	1300	1000	1300	1600	1600	1300	1300	1300	1300	1000	1600	1900	1300	1300	1000	1300	2900	2400	1600	1000	1000	880	1600	880	880	720	720	880	720	720	720	480	480	390	390	590
mit online degree	1300	Medium	47	1.2	7.508431	2400	2400	2400	2400	2400	2400	2400	2400	1900	1900	2400	1900	2400	2400	2400	2400	2900	2400	2400	2400	2400	2400	2400	2400	2400	1900	2400	2900	2400	1900	4400	9900	3600	2400	2400	1900	2400	1900	1600	1300	1600	1600	1300	1000	1000	1000	1000	1000
mit open course	6600	Low	11	0.346571	2.435371	8100	8100	8100	8100	6600	8100	8100	8100	8100	8100	8100	6600	8100	8100	8100	8100	6600	6600	8100	6600	6600	6600	8100	8100	8100	6600	8100	6600	8100	8100	8100	8100	6600	6600	8100	6600	6600	6600	6600	6600	8100	8100	8100	8100	6600	6600	6600	6600
mit open software	30	Low	5			10	20	20	20	20	40	20	20	20	30	30	20	20	10	20	20	20	20	20	20	20	20	30	30	30	20	20	20	20	20	30	20	30	20	20	20	30	20	20	30	70	30	20	20	20	20	30	20
mit opencourseware ai	1600	Medium	59	1.900748	12.880788	390	390	390	390	390	390	480	390	320	390	590	590	720	880	1000	1000	1000	1000	1000	880	1000	1000	1300	1300	1600	1300	1300	1300	1300	1000	1000	1300	1000	1300	1600	1600	1300	1300	1300	1600	1900	1900	1300	1300	1300	1300	1300	1300
mit opencourseware certificate	880	Low	6	0.35	3.017732	590	590	590	480	480	590	590	590	590	590	590	480	720	590	720	590	590	720	720	720	590	590	720	720	590	590	720	720	720	720	880	880	720	720	1000	720	720	720	720	720	880	880	880	590	720	1000	1000	1300
mit opencourseware com	20	Medium	33	0.096018	3.69	20	10	10	10	20	70	50	90	90	40	40	20	40	30	30	20	20	20	20	20	40	20	10	10	10	10	10	10	10	10	40	30	30	20	20	30	30	20	10	10	20	20	30	20	20	20	10	20
mit opencourseware computer science	720	Low	16	0.417803	2.551704	1300	1300	1300	1300	1300	1300	1300	1300	1300	1300	1300	1000	1300	1300	1300	1300	1300	1300	1300	1000	1000	1000	1000	1000	1000	880	1000	880	1000	1000	880	1000	880	880	1300	880	880	720	880	880	880	720	720	590	590	480	590	480
mit opencourseware lectures	140	Low	4	0.259999	1.17	90	110	90	90	90	70	90	110	90	90	90	90	90	90	110	70	90	110	140	140	110	110	140	110	140	140	110	110	90	110	110	140	90	90	90	110	170	110	140	110	140	140	140	170	140	170	170	140
mit opencourseware neuroscience	70	Low	8	0.585791	2.237442	70	40	50	50	40	40	30	50	50	50	50	50	50	40	50	70	50	50	50	50	50	50	50	70	50	70	90	70	40	70	90	50	40	70	90	110	90	70	70	110	70	70	70	70	70	90	90	70
mit opencourseware physics	1000	Low	4	0.313993	2.2	1000	1000	880	880	880	880	1000	1000	880	880	880	880	880	720	880	880	880	1000	880	880	880	1000	1000	1000	1000	1000	1000	1000	1000	1000	1000	1300	1000	1300	1300	1000	1300	1300	1000	1000	1000	1000	1300	1000	880	1000	1000	880
mit opencourseware systems engineering	50	Low	13	0.703023	2.81	40	50	30	40	50	40	70	40	40	30	50	40	70	40	40	30	40	40	50	40	40	40	50	50	50	50	40	40	50	70	70	70	40	40	50	70	50	40	50	50	70	40	70	50	70	50	70	50
mit opencourseware website	110000	Low	10	0.350783	4.282879	74000	74000	74000	74000	74000	90500	90500	90500	90500	74000	90500	74000	90500	90500	90500	90500	90500	90500	90500	90500	90500	90500	90500	90500	90500	74000	90500	90500	90500	90500	110000	110000	110000	110000	110000	90500	90500	90500	90500	90500	110000	135000	135000	110000	90500	110000	110000	90500
mit power electronics	480	Low	5	0.518353	3.080194	140	140	140	170	140	170	170	170	210	140	170	170	170	170	170	140	140	170	210	210	170	170	170	170	210	210	170	170	590	720	720	720	590	590	590	590	590	480	480	480	480	480	590	480	480	480	480	480
mit pro	880	Medium	37	1.07	10.98	880	720	720	720	720	880	880	880	720	590	720	720	880	880	720	720	720	720	720	720	720	590	880	880	880	880	880	720	880	720	720	880	720	590	880	720	720	720	720	590	720	720	720	880	880	1000	880	1000
mit project management	260	Medium	53	1.321082	11.89	320	260	320	260	320	260	260	320	260	260	320	390	390	390	480	390	390	390	480	390	390	320	590	480	480	390	390	390	390	480	590	480	390	320	480	320	390	320	320	260	320	320	260	260	260	260	260	260
mit project management certificate	110	Low	30	3.3	13	140	140	140	140	140	170	140	140	140	140	110	140	170	140	170	170	170	210	170	170	210	170	260	260	210	210	170	140	210	210	260	320	170	110	140	90	140	140	140	90	140	140	90	50	70	90	90	210
mit project management course	30	High	67	2.024236	10.493731	20	30	20	20	30	20	30	30	40	40	50	40	30	30	40	40	50	50	70	40	40	40	50	50	40	50	40	70	40	40	40	30	30	20	30	30	30	30	20	20	40	30	40	40	40	20	30	30
mit project management simulation	70	Low	17	0.94	13	40	40	10	10	10	20	20	30	20	30	50	40	50	40	20	10	20	30	50	70	70	40	110	90	90	140	50	50	90	90	90	70	140	70	70	70	170	70	20	30	30	50	90	70	90	90	40	30
mit sdm	1000	Low	13	0.798499	5.12	1600	1300	1300	1000	1300	1300	1300	1300	1300	1300	1300	1300	1300	1000	1000	1000	1000	1300	1300	1300	1300	1300	1300	1300	1600	1300	1000	880	880	1000	1300	1300	1300	1300	1300	1600	1300	1000	1000	1000	880	1000	1000	1000	1000	1300	1300	1600
mit sloan system dynamics	40	Low	16	1.414627	12.33	30	30	30	40	20	40	40	30	40	40	40	20	40	10	20	20	30	30	30	30	40	40	40	50	30	30	30	30	20	40	70	50	40	30	30	50	40	40	30	30	30	30	50	30	50	50	50	30
mit summer engineering program	20	Medium	47	1.253271	4.650251	30	10	10	10	10	10	10	10	20	10	40	30	30	10	20	10	10	20	10	20	20	20	30	20	10	20	20	10	10	10	10	20	20	40	40	30	30	20	20	20	10	10	10	10	30	30	50	40
mit summer opportunities	10	Low	13			10	10	10	10	10	10	10	10	10	10	20	10	10	10	10	10	10	10	10	10	10	10	10	10	10	10	10	10	10	10	10	10	10	10	10	10	10	20	10	10	10	0	10	10	10	10	10	10
mit summer program	2400	Medium	48	1.05328	5.21	3600	3600	2900	2400	2400	1600	1600	1900	2400	2900	5400	4400	4400	3600	2900	2400	2900	1900	1600	2400	2900	3600	5400	3600	3600	3600	2400	2400	2400	1900	1900	2400	2900	3600	5400	3600	3600	2900	2400	2400	1900	1600	1300	1600	2400	2900	3600	2400
mit supply chain course	90	Medium	61	0.985357	7.775962	70	90	90	90	90	90	50	50	90	30	70	50	70	50	90	70	70	70	70	70	70	70	110	140	110	90	90	90	110	110	90	110	70	90	90	90	90	110	90	140	110	90	90	90	90	90	90	110
mit system architecture	20	Medium	34	0.898878	12.304955	30	30	30	20	30	30	30	30	30	20	40	30	40	40	40	20	20	40	40	30	20	30	30	30	40	30	10	30	20	30	50	30	30	20	30	20	40	20	20	20	30	20	40	20	30	30	10	20
mit system dynamics	260	Low	16	1.234442	7.87	320	260	320	260	320	320	320	320	320	260	260	260	260	260	260	260	260	260	320	320	320	320	390	320	320	320	260	210	260	320	390	320	320	320	320	260	320	260	260	260	210	260	260	210	260	260	320	320
mit system dynamics group	30	Low	7			20	10	20	20	10	20	20	30	10	10	20	20	10	30	20	20	20	40	20	20	20	20	30	30	30	20	20	20	20	30	30	30	30	20	20	30	30	30	20	20	20	20	20	20	20	20	40	40
mit system thinking	210	Medium	59	1.26616	6	210	260	170	170	170	210	210	170	170	210	260	170	260	210	170	140	170	260	260	210	210	260	320	320	320	210	170	170	170	170	260	390	390	210	480	210	210	260	140	110	170	260	260	210	260	210	260	260
mit systems	260	Low	5	1.28	5.381166	320	210	210	260	210	260	320	260	320	210	320	260	260	260	260	320	210	260	260	260	210	210	320	260	260	320	260	210	210	210	260	210	210	260	210	170	260	210	260	260	170	260	320	260	260	210	210	210
mit think	1600	Low	2	1	4	260	260	210	260	480	480	480	590	1300	2400	2900	720	590	480	390	480	720	720	720	880	1600	2900	2900	880	480	480	480	590	590	720	720	1300	1600	3600	4400	880	720	590	1000	880	720	720	720	1000	3600	4400	3600	1300
mit think scholars program	1000	Low	15	0.776297	3.864937	140	170	140	170	210	260	260	260	390	590	590	320	320	320	210	260	260	260	260	260	480	880	590	390	320	390	320	320	480	480	390	720	880	1300	1300	590	720	720	1000	880	880	880	720	720	1600	1900	1600	880
mit university courses	1000	Medium	35	0.413239	1.35	2400	2400	2900	2900	3600	3600	2900	2400	2400	1900	2400	1900	2400	1900	1900	2400	2400	2400	2400	1900	1900	1900	2400	2900	2400	2400	2400	2400	2400	1900	2400	1900	1600	1600	1900	1600	1600	1300	1000	1300	1300	1000	880	880	1000	880	1000	880
mit website	1900	Low	12	0.328747	2.27	1600	1600	1600	1600	1600	1900	1900	1900	1900	1600	1900	1600	1900	1600	1600	1900	1900	1900	1900	2400	1900	1600	1900	1900	1900	1900	1900	1900	1900	1900	1900	1900	1600	1600	1900	1600	1900	1900	2400	1600	1900	1900	2400	1900	1600	1900	1900	1900
mit xpro courses	480	Medium	55	1.2382	11.745465	90	70	70	50	50	70	70	70	90	70	70	50	70	90	70	70	90	90	90	140	140	140	210	260	260	320	260	320	390	1000	2400	390	590	320	720	390	480	390	390	480	480	480	480	390	390	320	480	480
mit xpro project management	30	High	71	2.169028	13	0	0	0	0	0	0	0	0	0	0	0	0	30	50	30	50	30	30	40	30	30	30	50	70	30	40	40	40	170	140	70	50	70	50	50	30	40	50	50	30	30	30	30	30	30	20	30	40
mites summer program	4400	Low	22	1.08605	4.159999	590	480	320	320	320	390	320	390	720	1000	4400	1900	1300	1600	880	880	880	880	720	1000	1900	2400	5400	2900	2400	2900	1300	1600	1600	1300	1300	1600	2400	3600	6600	2900	2900	4400	1900	1900	2400	1600	1600	2400	3600	6600	14800	8100
mitx on edx	480	Medium	37	0.68	3.56	390	390	390	320	320	390	390	390	210	210	320	170	260	260	260	260	210	210	210	210	210	210	260	320	260	260	320	260	320	320	320	320	260	260	390	260	320	390	320	390	480	590	480	390	320	390	480	480
mitx online courses	170	Low	27	0.99	4.98767	30	50	70	70	70	70	90	70	70	70	70	50	70	70	70	50	50	70	70	50	40	70	70	110	90	50	90	90	70	70	140	50	320	210	210	70	90	90	210	140	260	210	110	210	260	110	140	140
modeling complex systems	210	Low	4			390	320	390	320	320	260	480	390	390	320	320	390	390	390	320	320	260	320	480	390	320	320	390	390	390	320	320	320	320	260	390	390	260	320	260	260	320	260	260	210	170	210	260	210	210	170	210	210
monitoring and evaluation course	4400	Medium	38	0.122491	1.09632	3600	3600	4400	4400	4400	4400	4400	4400	4400	3600	5400	4400	4400	4400	5400	4400	4400	5400	5400	5400	5400	4400	6600	5400	5400	5400	5400	5400	5400	5400	4400	5400	4400	3600	5400	3600	3600	3600	3600	14800	3600	2900	4400	2900	2400	2400	3600	2900
mooc gestion de projet	1000	Medium	35	0.440029	1.993474	2400	1600	1300	1300	1000	1300	2400	2400	1900	1300	1600	1600	2900	1600	1300	1300	1000	1000	1900	2400	1900	1300	1600	1600	1900	1900	1300	1000	1000	880	1600	1900	1600	1000	1300	1300	1900	1300	880	880	880	880	1600	1600	1300	720	880	880
moocs courses	27100	Low	27	0.22	2.23	22200	22200	22200	22200	27100	22200	27100	22200	27100	22200	27100	22200	27100	22200	33100	27100	27100	33100	33100	27100	27100	27100	33100	27100	22200	27100	27100	27100	27100	27100	33100	33100	27100	22200	33100	27100	27100	22200	22200	22200	27100	27100	27100	22200	27100	22200	27100	22200
moodle learn	1600	Low	7	1.21	7.481502	1600	1300	1300	880	880	1000	1300	1600	1600	1000	1300	1300	1300	1000	1000	1000	880	880	1300	1600	1300	880	1300	1300	1600	1300	1300	1000	880	880	1300	1300	1000	1000	1300	1000	1600	1300	1300	880	880	1600	2900	2400	1900	1300	1900	1300
moodle learning management system lms	20	Low	26	0.607695	6.6147	10	10	10	20	10	10	10	10	20	10	10	10	10	10	20	10	10	10	20	10	10	10	10	10	10	20	10	10	10	20	20	10	10	20	30	20	20	10	10	10	10	10	20	40	40	10	30	20
moodle training courses	110	Low	31	1.505542	10.14	210	170	170	140	210	210	140	140	140	110	170	140	170	140	110	110	170	170	140	210	140	110	170	170	170	140	140	110	140	140	90	140	110	110	140	170	110	140	140	140	140	110	140	110	90	90	110	90
mostec summer program	70	Low	30	1.788877	4.262867	260	590	170	40	70	90	90	70	170	210	170	90	90	70	70	70	170	110	170	110	110	210	210	110	90	110	40	40	30	40	30	30	90	140	210	110	110	110	50	70	70	30	30	40	70	110	140	50
mygreatlearning	4400	Medium	36	0.511629	3.692705	1600	1600	1900	6600	9900	8100	8100	8100	9900	8100	12100	8100	8100	8100	8100	12100	14800	12100	12100	9900	12100	12100	12100	12100	14800	9900	9900	8100	9900	8100	6600	5400	5400	5400	5400	4400	4400	3600	3600	4400	4400	5400	4400	4400	3600	2900	4400	3600
nanodegree	5400	Medium	47	0.1	1.175	5400	5400	4400	4400	4400	4400	4400	3600	3600	2900	4400	3600	3600	2900	3600	2900	2900	2900	2900	2900	2900	2400	2900	2900	2400	2400	2400	2400	2900	2900	2400	2900	2900	2900	2900	2400	2900	2900	5400	5400	4400	3600	2900	2900	2400	9900	14800	5400
nanodegree program	260	Medium	38	0.1	7.799007	320	210	320	320	320	480	390	390	320	260	260	210	210	170	210	170	170	170	170	170	210	210	210	170	170	170	170	170	170	210	210	210	210	210	210	170	140	170	260	390	320	320	260	170	170	210	260	170
network models	6600	Low		0.338263	7.73	12100	9900	9900	9900	8100	8100	12100	12100	12100	9900	9900	9900	12100	8100	9900	8100	8100	8100	9900	9900	9900	8100	9900	9900	9900	8100	8100	6600	6600	6600	8100	8100	8100	8100	8100	6600	8100	6600	6600	5400	5400	5400	6600	6600	6600	5400	5400	5400
nita courses	1600	Low	1	0.129999	3.2	2400	2400	2900	2400	2400	1900	2400	2400	2400	1900	3600	3600	2900	2400	2400	2900	2400	2400	2900	2400	2400	2400	3600	2900	2400	1900	2400	2400	1900	1600	1300	1600	1000	1300	2900	1900	1600	1600	1900	1600	1900	1600	1600	1300	1000	1300	2400	1600
nptel	550000	Low	1	0.32	0.89288	368000	246000	201000	201000	368000	450000	368000	301000	301000	301000	550000	550000	368000	301000	301000	301000	550000	673000	450000	368000	301000	301000	673000	673000	450000	450000	301000	301000	823000	823000	450000	368000	368000	368000	823000	673000	450000	368000	368000	368000	1000000	1000000	550000	450000	368000	368000	823000	823000
nptel courses	60500	Low	4	0.25	0.794866	40500	33100	33100	40500	74000	60500	40500	33100	33100	49500	110000	60500	60500	40500	40500	60500	135000	90500	49500	49500	40500	60500	110000	74000	40500	40500	40500	49500	110000	74000	49500	40500	40500	60500	110000	74000	49500	40500	49500	60500	135000	90500	49500	49500	40500	60500	110000	60500
nptel online courses	18100	Low	7	0.376661	1.80516	22200	14800	12100	12100	27100	33100	18100	14800	12100	14800	27100	27100	18100	14800	9900	14800	33100	33100	18100	12100	9900	14800	27100	27100	14800	12100	12100	12100	33100	27100	14800	12100	9900	14800	27100	22200	14800	12100	12100	14800	40500	33100	14800	14800	9900	12100	22200	18100
ocw	49500	Low	1	0.39	4.008412	74000	60500	49500	60500	22200	40500	49500	60500	60500	40500	27100	40500	49500	40500	49500	33100	22200	49500	90500	110000	74000	74000	33100	49500	49500	40500	40500	33100	33100	33100	49500	60500	49500	40500	22200	40500	60500	49500	49500	40500	22200	40500	74000	60500	49500	40500	27100	40500
ocw courses	90	Low	28	0.69	4.314122	110	140	110	110	110	140	170	170	140	140	260	90	110	110	170	110	110	210	260	260	320	390	170	170	260	170	90	90	210	210	260	210	170	140	110	90	110	140	90	140	90	90	90	90	90	90	90	110
ocw mit edu courses	1300	Low	29	0.444834	3.673862	880	880	590	880	1600	8100	8100	12100	6600	4400	2900	2400	4400	2400	4400	3600	2400	2400	2400	2400	2400	1600	1600	1600	1000	1000	880	1000	1900	1600	2400	2400	2400	1300	1600	1300	1000	1300	1000	1900	1300	1600	1600	880	1000	880	720	1000
ocw mit edu index htm	10	Low				20	10	10	10	20	40	50	50	50	40	10	10	10	10	10	10	10	10	10	10	10	10	10	10	10	10	10	10	10	10	10	10	10	10	10	10	10	10	10	0	10	10	10	10	10	20	10	10
ocw mit linear algebra	2400	Low	2	0.319076	2.7	1300	1600	1600	1600	1600	1600	1600	1600	1300	1600	1600	1300	1600	1300	1900	1600	1600	1600	1600	1600	1600	1900	1900	1600	1900	1900	2400	2400	2400	1900	2400	2400	1900	1900	2400	2400	2400	4400	2400	1900	2400	1900	2400	1900	1900	1900	2400	1900
odin project	40500	Low	4	0.414714	5.71	60500	49500	60500	74000	74000	74000	74000	60500	60500	60500	74000	60500	60500	49500	60500	60500	74000	74000	60500	60500	60500	49500	60500	60500	49500	49500	49500	60500	60500	60500	60500	49500	49500	40500	49500	49500	49500	40500	49500	49500	49500	49500	40500	33100	33100	33100	33100	33100
odin project certificate	110	Low	4	1.381917	2.63	140	140	140	170	210	210	170	170	170	140	170	140	170	140	210	170	170	170	210	210	140	170	210	170	140	170	110	210	170	140	170	140	140	140	140	110	170	110	90	140	110	110	90	110	70	90	90	70
office management course	4400	Low	30	0.42	4.436254	4400	3600	4400	6600	5400	5400	5400	4400	4400	3600	5400	4400	5400	4400	5400	8100	8100	6600	5400	4400	5400	4400	6600	5400	6600	5400	8100	8100	8100	6600	5400	6600	5400	3600	6600	4400	4400	5400	5400	5400	5400	4400	5400	4400	3600	4400	4400	3600
online business management courses	1900	Medium	34	1.675018	25.335528	1300	1300	1600	1600	1600	1900	1600	1600	1600	1300	1900	1300	6600	1600	1900	1600	1600	1600	1600	1900	1900	1900	2900	2400	5400	22200	1900	2400	2900	1900	1600	2400	2400	1900	2900	1900	2900	2400	1900	1900	1900	1600	1900	1300	1300	1000	1600	1600
online business management courses south africa	110	High	69	0.634813	2.402145	170	110	170	110	140	140	110	110	110	70	170	170	140	110	110	110	90	110	90	140	90	70	140	90	90	110	110	110	110	90	110	90	90	90	140	110	70	50	110	70	110	70	110	170	90	110	210	110
online certificate	9900	Medium	48	1.001385	10.56	9900	8100	9900	9900	9900	9900	9900	8100	8100	8100	9900	9900	9900	9900	9900	9900	9900	9900	9900	9900	9900	9900	12100	9900	9900	9900	12100	12100	12100	9900	9900	9900	9900	8100	9900	8100	12100	9900	9900	9900	9900	9900	9900	8100	8100	8100	8100	8100
online class with certificate	90	Medium	63	0.540759	6.34	50	40	30	40	50	30	70	70	70	70	110	70	110	70	110	110	110	140	140	110	90	70	110	110	70	90	110	90	90	110	110	90	90	90	90	90	110	90	90	90	90	90	110	90	70	90	90	70
online coding classes with certificate	10	Low	14			20	10	10	20	20	20	30	20	20	30	30	20	20	20	10	30	20	40	20	10	10	20	20	20	20	20	20	20	10	20	10	10	10	10	10	10	10	10	20	20	20	10	10	10	10	10	10	10
online computer courses certificate	2400	Medium	44	0.23	1.11	2400	2400	2900	2900	3600	3600	3600	2400	2900	2400	2900	2900	3600	2900	2900	2400	2900	2900	3600	2900	2400	2900	2400	2400	2900	2900	2900	3600	3600	2900	2400	1900	1900	1600	2400	1900	2400	2400	2400	2400	2400	2400	1900	1600	1900	1900	2400	2900
online computer science courses	9900	Low	12	0.567026	13.48	3600	3600	4400	4400	4400	4400	4400	3600	3600	3600	4400	3600	4400	4400	4400	4400	4400	4400	4400	4400	3600	3600	6600	5400	6600	14800	5400	4400	4400	4400	4400	4400	5400	5400	5400	4400	6600	5400	6600	6600	12100	8100	12100	6600	8100	6600	22200	12100
online computer studies	170	Medium	60	0.229358	1.690806	110	110	140	140	110	140	140	140	140	170	210	170	170	140	110	110	140	390	210	260	170	210	390	260	260	140	260	170	170	140	140	140	140	140	170	170	170	170	140	170	210	170	210	140	170	170	210	140
online computer training	320	Low	20	0.27	4.348436	480	320	480	480	390	590	480	480	390	390	390	320	480	480	480	390	390	390	390	390	320	320	390	390	390	390	390	320	390	390	320	320	390	260	390	390	480	390	320	320	320	320	320	320	260	320	320	480
online course agile project management	320	Low	23	1.571361	9.535324	210	210	260	260	260	480	260	260	320	260	390	320	390	390	320	320	320	260	320	390	260	210	320	260	260	320	210	210	260	210	260	170	170	170	320	880	1000	480	320	210	110	170	880	210	90	90	210	320
online course in project planning and management	10	High	69	0.319114	3.197952	20	20	10	30	30	40	30	30	40	20	30	30	30	30	30	30	30	20	20	10	20	20	20	10	10	10	10	10	10	10	20	10	10	10	10	10	10	10	10	10	10	10	10	10	10	10	10	10
online course management system	210	Low	18	0.685808	13.417927	140	90	110	110	90	140	110	90	90	110	110	110	110	90	110	50	70	110	70	70	50	70	110	140	90	110	70	70	720	880	110	110	70	140	140	210	260	260	720	140	110	260	210	140	140	170	90	110
online course systems thinking	10	Low	18			10	10	10	10	10	10	10	10	0	10	10	10	10	10	10	10	10	10	10	10	20	10	10	10	10	10	10	0	10	10	10	10	20	10	10	10	10	10	10	10	20	10	10	10	10	10	10	10
online courses for plc programming	40	Medium	60	0.71	6.5	30	30	30	30	40	40	30	30	30	40	30	20	20	20	30	30	30	20	30	30	20	20	20	30	20	20	10	20	20	10	20	10	20	20	20	20	40	30	30	40	70	50	30	40	70	20	30	10
online courses for project management	8100	Medium	50	1.212908	12.011089	6600	6600	6600	6600	6600	8100	6600	6600	6600	5400	8100	6600	8100	6600	8100	6600	6600	6600	6600	8100	9900	9900	9900	8100	8100	8100	8100	8100	9900	6600	6600	8100	9900	6600	9900	9900	12100	8100	8100	6600	8100	6600	9900	6600	6600	5400	8100	6600
online courses in mit	8100	Medium	48	0.92	5.339584	9900	9900	9900	9900	9900	9900	9900	9900	9900	8100	12100	9900	9900	9900	12100	12100	12100	12100	9900	9900	9900	9900	14800	14800	12100	9900	14800	22200	33100	18100	18100	9900	49500	22200	22200	9900	8100	8100	9900	9900	9900	9900	8100	8100	6600	6600	6600	6600
online design thinking courses	170	Low	27	0.541693	6	260	260	260	260	260	260	260	260	260	210	320	260	320	260	260	170	170	210	210	210	170	210	210	260	170	260	260	210	210	260	260	210	260	260	260	210	210	170	210	210	170	170	170	110	110	140	170	260
online diploma courses in kenya	110	Medium	43	0.11092	0.954847	110	110	140	170	140	140	170	170	140	140	210	170	140	110	170	140	140	140	170	110	90	140	140	140	140	110	110	110	140	140	110	110	90	90	170	110	70	70	110	110	110	110	110	110	140	90	140	90
online erp course	50	Low	25	0.246192	1.802199	30	20	10	20	20	20	20	20	20	20	20	20	10	10	10	20	20	30	30	30	20	20	10	20	10	10	20	20	20	10	10	20	40	20	20	20	90	40	50	40	70	40	70	40	50	30	20	30
online it courses in pakistan	90	Medium	39	0.041037	0.458375	50	40	90	140	110	110	90	70	90	90	70	110	70	50	110	140	170	210	140	110	110	110	140	140	140	140	210	140	170	110	90	70	90	70	90	110	90	140	140	110	140	90	50	90	70	70	90	70
online it courses with certificate	1300	Medium	41	0.421609	8.535002	1000	1000	1000	1300	1600	1600	1000	1000	1300	1000	1600	1300	1600	1000	1600	1600	1600	1300	1000	1300	1300	1300	1600	1000	1000	1000	1300	1600	1600	1300	720	720	720	1000	2400	1000	1300	1600	1000	1000	1000	1000	2900	1000	1000	1000	1300	1600
online learning software	1000	Low	20	0.756544	16.231689	590	590	720	720	480	880	480	590	590	590	880	480	720	1300	880	390	390	390	320	390	390	320	320	320	390	390	480	390	390	320	320	390	320	480	880	720	1300	1000	1900	1300	1300	1300	1300	1000	1000	390	880	170
online management courses	6600	Medium	53	1.626016	12.88	8100	8100	9900	9900	8100	9900	8100	8100	8100	8100	9900	8100	9900	9900	9900	9900	9900	9900	9900	9900	12100	12100	9900	8100	9900	9900	9900	8100	8100	6600	6600	8100	9900	9900	9900	8100	14800	9900	6600	5400	8100	6600	6600	5400	4400	4400	6600	5400
online management information system	40	Low	29	0.974056	16.916424	140	90	90	90	70	70	70	70	90	50	70	70	50	70	50	70	70	50	90	70	90	70	70	70	50	70	90	70	40	70	70	50	50	70	70	70	90	70	30	30	40	30	30	20	10	30	40	30
online mechanical engineering courses	2400	Medium	49	0.41687	4.528057	1900	1900	2400	2400	2400	2400	2400	1900	1900	1900	2400	1900	2400	2400	2400	2400	2400	2400	2400	2400	2400	2400	2900	2400	2400	2400	2900	2400	2900	2400	2400	2400	2400	2400	2900	2400	2900	2400	2900	2400	2900	2900	2400	2400	1900	1900	2900	1900
online project management certification	5400	Low	17	2.867811	16.719193	2400	2400	2900	2900	2400	2900	2400	2400	2400	2400	3600	2900	3600	3600	3600	2900	2900	2900	2900	3600	3600	3600	3600	2900	3600	3600	3600	3600	5400	4400	5400	4400	3600	2900	3600	2900	5400	4400	4400	6600	6600	4400	4400	6600	3600	3600	5400	8100
online project management courses with certificates	30	High	73	1.518177	7.058065	10	10	10	10	20	10	20	20	20	20	40	20	20	20	40	30	20	20	30	10	20	30	30	30	20	30	30	20	20	30	20	20	20	20	40	40	20	40	30	40	30	40	40	30	20	10	40	40
online retail management courses	390	Medium	55	0.755418	6.155784	320	390	390	480	480	590	480	390	390	390	480	390	480	390	390	390	320	390	390	320	320	260	320	390	390	390	390	390	390	390	320	390	320	390	390	320	480	390	480	390	390	390	480	390	320	260	320	320
online short courses with certificate	1900	Medium	63	0.346114	2.835425	1000	1000	1300	1600	1600	1900	1900	1900	1900	1600	2400	1900	2400	1900	1900	1900	1900	1900	1600	1600	1900	1600	2400	1900	1600	1600	1900	1900	2400	2900	1900	1900	1900	1600	3600	2400	2400	2400	2400	1900	1900	1900	2400	1900	1600	1300	2400	1900
online software training courses	110	Low	5	0.647328	17.32	110	140	140	140	140	260	140	140	140	90	110	140	140	140	140	90	110	140	140	170	210	140	110	90	140	110	110	70	90	70	90	70	70	90	140	140	170	210	170	90	90	30	210	110	70	40	50	170
online stanford courses	2400	Medium	39	0.42	3.438794	2900	2900	2900	2900	2900	2900	2900	2900	2900	2400	3600	2900	2900	3600	2900	2900	2900	2900	2900	2400	2400	2900	3600	3600	2900	2900	2900	4400	5400	4400	3600	2400	2400	2400	2900	2900	2400	2400	2400	2400	2400	2400	1900	1900	1900	1600	1900	1900
online tech skills	30	Medium	36			0	0	0	0	0	0	0	0	0	0	0	0	0	0	0	30	30	50	40	30	40	30	70	50	40	40	40	30	50	40	50	40	40	30	70	30	50	40	40	30	30	30	20	20	20	20	20	10
online training courses with certificates	70	High	68	0.68	8.965786	70	50	70	50	50	90	40	30	30	40	50	50	70	30	50	40	50	50	70	70	70	50	110	40	40	50	90	50	70	70	50	90	70	70	90	90	90	90	70	70	50	50	50	40	50	70	70	50
online training project management	8100	Medium	50	1.212908	12.011089	6600	6600	6600	6600	6600	8100	6600	6600	6600	5400	8100	6600	8100	6600	8100	6600	6600	6600	6600	8100	9900	9900	9900	8100	8100	8100	8100	8100	9900	6600	6600	8100	9900	6600	9900	9900	12100	8100	8100	6600	8100	6600	9900	6600	6600	5400	8100	6600
online workshop with certificate	590	Medium	62	0.26652	1.429836	320	320	390	390	390	590	590	590	720	590	590	590	720	720	880	880	880	720	1000	720	590	720	880	880	880	880	1000	880	880	880	1000	880	720	720	880	880	880	720	590	720	720	720	590	480	320	320	390	390
open course ware	9900	Low	15	0.378442	5.025011	9900	8100	8100	9900	8100	9900	9900	9900	8100	9900	9900	8100	9900	9900	9900	9900	9900	9900	9900	9900	9900	9900	9900	9900	12100	12100	12100	9900	12100	12100	12100	12100	12100	9900	12100	9900	12100	9900	9900	9900	9900	12100	12100	12100	9900	9900	9900	9900
open learning library mit	50	Low	12	0.857621	4.09686	40	30	30	20	30	40	20	40	20	30	70	50	30	30	50	50	50	40	40	30	30	40	40	50	40	40	70	70	90	70	70	50	70	40	50	50	50	70	40	30	30	40	40	50	30	50	70	50
open learning mit	170	Low	17	0.96	4.032632	110	110	90	90	90	1600	720	320	720	210	210	390	210	140	140	140	110	90	170	110	110	110	140	170	140	140	210	260	170	170	140	210	140	90	140	140	140	210	170	210	170	260	140	170	170	210	170	140
open moocs	9900	Low	32	0.31307	2.79	9900	9900	12100	9900	8100	9900	9900	9900	12100	9900	12100	9900	12100	9900	12100	12100	9900	9900	9900	9900	12100	9900	9900	8100	9900	12100	9900	8100	9900	8100	12100	9900	8100	6600	9900	8100	8100	8100	6600	6600	12100	8100	9900	18100	22200	9900	9900	6600
open university systems thinking	90	Medium	37	0.938789	6	90	70	50	70	90	110	70	90	70	70	90	70	110	70	70	70	110	110	110	110	90	70	90	90	90	90	70	70	70	70	70	90	90	70	110	90	90	90	90	90	90	90	140	90	70	70	110	70
open university systems thinking free course	10	Low	1			10	10	10	10	10	10	10	10	10	10	10	10	10	10	10	10	10	10	10	10	10	10	10	10	20	10	10	10	10	20	10	10	10	10	10	10	10	10	10	10	10	10	10	10	10	10	10	10
opencourseware ocw	210	Low	21	0.51002	4.540136	70	50	30	30	40	40	40	20	40	40	70	40	40	30	90	110	170	90	70	110	70	90	90	110	110	110	140	90	110	140	110	170	110	110	140	110	170	110	110	90	90	170	880	260	210	170	170	110
operation management certificate	720	Medium	34	0.930084	9.42	880	720	880	880	720	880	720	720	720	720	880	720	880	880	1000	880	880	880	880	880	880	720	1000	880	880	880	1000	880	1300	1300	880	880	720	1000	1600	880	880	880	880	720	720	720	880	590	590	590	590	880
organizational design course	320	Medium	51	1.736574	6.2411	390	390	320	320	320	390	390	390	390	260	390	390	390	320	480	390	390	390	390	590	390	320	480	480	480	480	480	480	480	390	390	390	260	320	390	390	320	320	320	390	320	320	320	260	260	210	320	320
oxford strategic leadership programme	140	High	69	2.622699	16.071636	90	110	110	90	90	90	90	110	110	90	90	140	110	90	140	110	90	110	140	110	140	140	140	110	110	140	110	110	110	110	110	140	110	90	110	140	110	90	110	140	140	140	110	140	140	90	140	140
pega system architect	480	Low	7	0.31	4.58857	1000	880	1000	880	880	1000	880	880	880	720	880	720	880	720	880	720	880	720	590	720	590	590	720	720	590	590	720	590	880	590	590	590	480	480	480	480	590	480	590	590	720	480	480	480	390	390	390	320
phd systems thinking	70	Low	9	1.426435	8.76415	70	70	70	70	70	70	90	140	90	70	70	70	90	70	90	90	70	70	70	70	90	110	110	50	110	110	110	50	70	50	70	110	90	70	90	70	70	70	90	70	50	50	70	90	70	40	110	90
platform engineering course	260	Medium	47	0.352285	2.462726	20	30	20	40	30	40	110	140	140	140	170	210	140	210	210	140	170	170	210	260	210	260	260	320	260	260	210	480	590	590	390	320	480	390	390	260	320	260	260	260	260	260	260	260	260	320	320	390
pm4ngos exam	20	Low	17			30	30	30	30	20	50	30	40	40	30	50	40	40	30	30	40	20	20	40	30	30	20	50	30	30	70	30	10	10	20	10	10	20	10	20	20	20	30	10	20	10	10	20	10	10	30	10	10
pmi certification	14800	Medium	61	0.43	4.003469	14800	14800	14800	14800	14800	14800	14800	14800	14800	12100	18100	18100	18100	14800	18100	14800	14800	18100	18100	18100	18100	14800	22200	18100	18100	18100	18100	14800	18100	18100	18100	27100	14800	12100	18100	18100	18100	14800	14800	14800	14800	14800	14800	12100	12100	9900	14800	12100
pmm course	140	Medium	39	0.711273	5.648042	90	50	320	320	260	210	210	110	70	70	90	50	70	210	260	210	170	110	140	110	70	90	110	110	110	210	210	170	170	110	140	140	110	70	110	110	140	390	260	210	170	90	90	90	110	110	110	90
pmo training	480	Low	31	0.872599	6.05567	480	480	590	480	480	590	720	720	590	480	590	590	590	480	480	480	480	480	590	590	590	390	590	590	480	480	880	1300	1600	1900	18100	9900	2900	1000	880	720	720	480	480	390	390	320	590	390	260	390	390	590
pmp	246000	Low	33	0.458803	3.052187	301000	246000	246000	246000	246000	301000	301000	301000	301000	246000	301000	301000	301000	246000	301000	301000	301000	301000	301000	301000	301000	301000	368000	301000	301000	301000	368000	301000	301000	301000	301000	301000	301000	246000	301000	301000	301000	301000	301000	246000	301000	246000	246000	246000	246000	246000	301000	246000
pmp certification	301000	Medium	48	0.820002	4.493942	246000	201000	201000	201000	201000	246000	201000	201000	201000	201000	246000	246000	246000	246000	246000	246000	246000	246000	246000	246000	246000	246000	301000	301000	301000	301000	301000	246000	301000	246000	246000	246000	246000	246000	301000	301000	301000	301000	301000	301000	301000	301000	301000	301000	301000	246000	301000	301000
pmp certification cost	27100	Medium	65	0.559375	3.190852	18100	22200	22200	27100	22200	27100	22200	22200	22200	22200	27100	27100	27100	27100	33100	27100	33100	33100	33100	33100	33100	33100	49500	40500	40500	49500	60500	40500	40500	40500	40500	33100	49500	40500	49500	33100	33100	33100	33100	27100	33100	27100	27100	27100	22200	22200	27100	22200
pmp certification in ethiopia	30	Medium	38	0.030134	0.490313	90	90	90	50	70	90	70	90	40	50	70	40	40	30	50	40	50	70	90	70	110	90	50	50	40	50	70	70	90	50	20	30	30	40	40	50	50	30	30	50	30	40	30	40	20	40	20	30
pmp certification requirements	8100	Medium	54	0.565173	4.071827	8100	6600	6600	8100	8100	9900	8100	8100	8100	8100	12100	9900	9900	9900	9900	9900	9900	12100	9900	12100	9900	9900	14800	14800	12100	12100	12100	12100	12100	12100	12100	9900	9900	8100	12100	9900	12100	9900	9900	8100	8100	8100	8100	8100	6600	6600	8100	8100
pmp exam fee in pakistan	90	Low	32	0.064324	0.643433	70	20	40	90	50	110	110	110	110	110	170	170	170	170	140	110	170	170	170	110	170	210	260	170	260	170	170	170	210	170	170	140	90	110	170	140	140	170	140	90	70	90	40	70	70	90	70	90
pmp islamabad	10	Low	20			10	10	10	10	10	10	10	10	10	10	10	10	10	10	20	10	10	10	20	10	10	10	20	10	20	20	20	20	20	10	20	10	10	20	20	20	10	10	10	10	10	10	10	10	10	20	10	10
pmp online course	3600	Medium	55	1.516472	9.10807	2900	2900	2900	2900	2900	3600	2900	2900	2900	2900	3600	2900	2900	2400	2900	2400	2400	2900	2900	2900	2900	2900	3600	3600	3600	3600	3600	3600	5400	4400	3600	3600	4400	2900	4400	4400	4400	3600	3600	3600	4400	2900	4400	3600	2900	2900	3600	2900
pmp or prince2	2400	Low	14	0.44095	3.645852	3600	2900	2900	2900	2900	3600	3600	3600	3600	2900	3600	3600	3600	2900	3600	3600	3600	3600	3600	3600	2900	2900	3600	3600	3600	3600	3600	2900	3600	2900	2900	2900	2900	2400	3600	3600	3600	2900	2900	2400	2400	2400	2400	1900	1900	1600	2400	1900
pmp registration online	20	Medium	39	0.216284	1.457097	50	70	70	90	70	90	110	170	140	70	50	50	50	40	50	40	20	20	20	20	20	10	20	10	10	20	10	10	10	20	10	10	10	10	10	20	30	20	20	20	10	10	10	10	10	10	10	30
pmp training	6600	Medium	40	1.337793	12.94	8100	6600	6600	6600	6600	6600	6600	6600	6600	6600	8100	8100	6600	6600	6600	5400	8100	6600	8100	9900	8100	5400	8100	8100	6600	6600	6600	6600	6600	6600	6600	6600	5400	5400	6600	6600	8100	6600	5400	5400	5400	4400	8100	5400	5400	5400	6600	5400
primavera p6 course	4400	Medium	50	0.409327	4.335043	2400	1900	1900	2400	2400	2900	2400	2400	2400	1900	2400	2400	2900	2400	2900	2900	2900	3600	3600	3600	3600	2900	3600	3600	3600	3600	3600	3600	3600	3600	4400	4400	4400	4400	6600	4400	4400	4400	4400	3600	4400	3600	5400	3600	3600	4400	4400	5400
prince 2 certificate	18100	Medium	64	0.809748	5.552373	18100	18100	18100	18100	18100	18100	18100	18100	18100	18100	22200	22200	22200	18100	22200	18100	22200	22200	22200	22200	22200	18100	27100	22200	22200	22200	22200	22200	27100	18100	22200	22200	18100	18100	27100	27100	27100	22200	22200	18100	18100	18100	22200	18100	18100	14800	22200	18100
prince2 foundation certification	1600	Low	16	0.980671	6.592083	590	590	720	720	590	720	590	720	720	590	880	720	880	720	720	720	720	880	720	880	720	590	880	720	880	880	880	720	880	720	880	880	720	720	1000	1600	1900	1600	1300	1300	1300	880	2900	1300	880	1300	1900	2400
principles of system thinking	260	Low	7	0.587507	4	590	880	480	320	390	590	720	720	590	390	390	480	590	880	320	320	320	390	590	590	320	260	480	480	480	590	480	320	320	480	590	320	260	210	320	210	260	260	170	260	390	320	320	210	260	260	170	210
principles of systems	140	Low	4			390	260	320	210	210	210	390	320	260	260	260	260	390	260	210	170	210	260	170	210	210	170	210	210	170	260	260	170	170	140	170	170	210	170	140	140	140	140	110	140	110	140	170	90	140	110	110	110
problem solving	165000	Low	1	0.190644	1.93	201000	165000	201000	201000	165000	165000	246000	246000	201000	165000	201000	201000	201000	165000	201000	165000	165000	165000	201000	246000	201000	165000	201000	201000	201000	165000	165000	135000	135000	165000	165000	165000	165000	135000	165000	165000	165000	165000	165000	135000	135000	165000	201000	201000	165000	165000	201000	165000
problem solving course	880	Low	28	0.351357	2.914633	1000	1000	1000	1000	1000	1000	1000	1000	1000	1000	1000	1000	1300	1000	1300	1000	1000	1000	1000	1000	1000	1000	1000	1000	1000	1000	1000	1000	1000	1300	2900	2400	1300	1000	1300	1300	1300	1000	880	880	880	590	1300	720	590	480	590	590
problem solving in programming	320	Low	6	0.15354	1.654181	880	720	720	720	720	880	880	720	880	720	720	720	720	480	590	590	720	720	880	880	590	720	590	590	590	590	590	480	590	590	590	590	590	390	390	390	480	320	320	320	320	390	390	390	260	320	320	210
problem solving practice	320	Low	5	0.71	3.580891	320	320	390	390	320	480	480	480	390	320	480	390	390	320	320	320	260	320	480	390	320	260	320	320	390	320	320	320	320	590	590	390	320	260	260	320	320	260	320	210	390	320	390	260	260	260	320	260
problem solving presentations	140	Low	2			320	390	390	320	320	320	390	390	480	320	320	390	390	390	390	260	260	320	320	480	480	260	390	320	260	320	320	260	170	210	260	260	320	170	210	210	170	170	170	140	110	140	140	170	140	110	110	90
problem solving skills	27100	Low	2	0.04644	1.628019	60500	49500	49500	49500	40500	49500	60500	60500	60500	49500	60500	60500	60500	49500	49500	49500	49500	49500	60500	60500	49500	40500	49500	60500	60500	49500	49500	40500	40500	40500	40500	40500	40500	33100	40500	40500	40500	33100	33100	27100	27100	27100	27100	22200	22200	18100	22200	18100
problem solving techniques	12100	Low	1	0.187623	1.6	22200	18100	22200	22200	18100	22200	22200	22200	22200	18100	22200	18100	22200	18100	22200	18100	22200	22200	22200	22200	27100	18100	22200	22200	22200	22200	22200	18100	18100	18100	22200	18100	22200	18100	22200	14800	18100	14800	14800	14800	14800	12100	14800	12100	12100	9900	9900	9900
process modeling in system analysis and design	30	Low				90	110	140	170	170	140	170	110	110	140	210	210	110	140	110	110	110	90	90	90	70	50	50	70	70	90	110	110	110	50	50	50	50	40	30	30	50	50	90	30	10	20	10	30	20	10	10	10
product development courses	720	Medium	44	0.519999	5.631604	880	880	1000	1000	1000	1000	1000	880	880	880	1000	1000	1000	1000	1300	1000	1000	1000	1000	1000	1000	1000	1300	1300	1000	1000	1300	1300	1900	1300	1000	1000	1000	880	1000	880	880	880	720	880	880	720	880	720	590	590	720	720
product management bootcamps	210	Low	26	4.42	12.503028	70	90	50	90	50	70	70	40	50	50	70	70	70	70	50	90	50	90	70	40	50	70	90	70	70	50	70	50	50	50	40	40	40	40	90	110	170	170	110	110	110	90	880	110	90	480	70	70
product management certificate	5400	Medium	61	1.363586	8.229999	6600	6600	6600	6600	6600	6600	6600	6600	6600	5400	8100	6600	8100	6600	8100	6600	6600	8100	8100	8100	6600	6600	9900	8100	8100	8100	9900	12100	14800	12100	14800	12100	9900	8100	8100	8100	8100	6600	6600	6600	6600	5400	6600	5400	4400	4400	5400	5400
product management course	22200	Medium	61	0.577567	3.12	18100	18100	22200	22200	22200	22200	22200	22200	22200	18100	22200	18100	22200	22200	22200	22200	27100	22200	22200	22200	22200	22200	40500	33100	27100	27100	33100	33100	27100	22200	22200	22200	22200	22200	22200	22200	22200	22200	22200	22200	22200	22200	22200	18100	22200	22200	22200	18100
product management online course	880	Low	32	0.98	5.304995	880	880	1000	1000	1000	1300	1000	880	880	880	1000	880	1000	880	1000	880	720	880	880	1000	880	880	1000	1000	1000	1000	1000	880	1000	720	880	720	720	880	1000	880	1000	1000	1300	880	720	720	1600	590	480	590	720	1000
product management program	480	Medium	52	0.898451	9	320	320	390	390	480	480	390	320	320	390	390	320	320	320	320	320	320	320	320	390	320	480	480	390	480	480	390	480	390	390	390	390	320	260	390	480	590	590	590	390	320	390	1000	320	260	260	320	320
product management qualification	1600	Low	23	0.517866	3.689533	2900	2900	2900	2900	2900	2900	2900	2900	2900	2900	2900	2400	2900	2400	2900	2400	2900	2400	2400	2400	2400	1900	2400	2400	2400	2400	2400	2400	2400	1900	1900	1900	1900	1600	1900	1600	1900	1900	1900	1900	1600	1300	1600	1300	1600	1300	1600	1300
product management simulation	30	Low	19	0.419344	3.33	30	20	30	20	20	20	20	20	30	20	30	20	20	30	20	20	40	30	30	30	40	20	30	20	40	30	30	30	20	20	50	30	20	20	30	20	30	20	20	40	40	10	20	20	40	10	10	30
product management training	1900	Low	26	1.812819	9.43	1600	1300	1900	1600	1600	1600	1600	1600	1600	1300	1600	1600	1600	1600	1600	1300	1300	1300	1300	1600	1600	1300	1600	1600	1600	1600	1600	1300	1300	1000	1300	1300	1600	1300	1600	1600	1900	12100	1600	1000	1000	880	1900	880	590	720	1600	1300
professional lms	30	Low	31	3.69465	87.04188	20	10	30	20	10	10	10	10	20	20	20	10	20	20	20	30	10	10	20	20	20	10	20	10	20	30	20	10	20	30	30	20	30	30	30	40	50	40	20	20	20	30	70	20	30	30	20	20
program coordinator courses	50	Medium	66	1.299069	7.243135	70	70	50	70	90	70	70	70	70	50	90	70	70	70	90	70	70	70	70	70	110	90	90	90	70	90	90	50	480	590	70	70	50	50	70	50	70	70	50	50	50	50	40	30	40	40	70	50
program management	27100	Low	17	0.709394	8.307619	27100	22200	22200	22200	18100	22200	22200	22200	22200	18100	22200	22200	22200	18100	22200	18100	18100	18100	18100	22200	18100	18100	22200	22200	22200	22200	27100	18100	22200	22200	27100	22200	18100	33100	27100	22200	27100	22200	18100	22200	12100	135000	18100	14800	9900	8100	12100	9900
program management certification	5400	Medium	59	1.68229	10.82	6600	6600	6600	6600	6600	6600	6600	5400	5400	5400	6600	6600	6600	6600	6600	6600	6600	6600	6600	6600	6600	5400	8100	8100	8100	8100	6600	8100	8100	6600	6600	6600	6600	6600	8100	6600	6600	6600	6600	5400	5400	5400	5400	4400	4400	3600	5400	5400
programing course	12100	Low	29	0.479669	6.202643	18100	22200	27100	40500	22200	22200	18100	18100	14800	12100	14800	12100	14800	14800	18100	18100	18100	18100	18100	18100	18100	14800	18100	18100	22200	27100	22200	22200	27100	18100	18100	18100	22200	14800	22200	18100	18100	18100	14800	14800	14800	12100	14800	9900	9900	9900	12100	9900
progressive training development and projects	260	Low	8	0.70095	1.459274	140	90	110	90	140	170	140	90	90	90	210	90	50	140	210	140	170	170	170	210	210	110	390	260	170	210	260	210	260	260	260	260	170	110	390	260	320	260	140	260	210	260	210	260	210	140	480	390
project config	50	Low	1			70	40	70	70	70	90	70	70	70	70	50	70	70	70	70	50	70	70	50	70	90	50	70	70	50	70	70	90	50	50	50	90	70	70	50	70	50	70	50	90	70	40	50	50	30	40	50	50
project finance certification	260	Medium	51	0.619605	4.153432	140	170	170	140	170	170	210	210	170	170	210	170	210	210	210	170	260	210	260	320	260	320	320	320	320	320	320	260	390	390	480	390	260	210	210	210	260	320	260	260	260	260	210	210	260	210	210	210
project leadership course	90	Low	23	1.96	7.226702	70	70	70	70	70	90	70	90	70	50	70	70	110	50	70	90	70	90	110	90	110	70	90	170	170	140	140	90	110	140	170	140	90	70	90	140	210	110	90	140	90	70	70	50	50	50	70	170
project management	301000	Low	14	0.722022	8.811018	368000	301000	368000	368000	301000	368000	368000	368000	368000	301000	450000	368000	368000	301000	368000	301000	301000	368000	368000	368000	368000	301000	368000	368000	368000	368000	368000	301000	301000	301000	301000	301000	246000	246000	301000	301000	301000	246000	246000	201000	201000	201000	246000	301000	368000	246000	368000	450000
project management and business analysis courses	20	Low	15	0.523913	7.60451	20	10	20	10	10	20	10	30	30	20	30	20	20	20	30	30	20	30	20	30	50	20	50	30	40	30	20	40	40	90	720	320	30	10	30	20	10	20	20	10	30	20	10	10	10	10	10	110
project management cert	90500	High	69	1.717323	12	74000	74000	74000	74000	74000	90500	74000	74000	74000	74000	110000	90500	90500	90500	90500	90500	90500	110000	90500	90500	90500	110000	165000	135000	135000	135000	135000	135000	165000	135000	135000	135000	110000	90500	135000	110000	110000	110000	90500	90500	90500	90500	90500	90500	74000	74000	90500	74000
project management certification courses free	70	Medium	54	0.128021	3.34832	20	40	20	50	50	50	30	50	50	40	50	30	30	30	40	30	50	70	50	70	90	90	90	70	70	70	90	70	70	90	70	70	50	70	70	70	90	70	70	90	70	50	50	40	40	50	50	50
project management certification online mit	10					10	10	10	10	10	10	10	10	10	10	10	10	0	10	0	0	10	0	0	10	0	0	0	10	10	0	0	0	0	10	10	10	0	10	0	10	0	10	0	10	10	0	0	10	0	0	0	0
project management certification pmp	90500	High	69	1.717323	12	74000	74000	74000	74000	74000	90500	74000	74000	74000	74000	110000	90500	90500	90500	90500	90500	90500	110000	90500	90500	90500	110000	165000	135000	135000	135000	135000	135000	165000	135000	135000	135000	110000	90500	135000	110000	110000	110000	90500	90500	90500	90500	90500	90500	74000	74000	90500	74000
project management courses by google	170	Medium	60	0.198905	1.23293	140	170	210	210	210	260	210	140	170	260	210	210	260	210	260	170	210	260	210	170	260	260	260	260	260	260	210	260	320	260	260	210	260	210	260	210	210	260	210	140	170	170	140	110	110	140	140	110
project management courses for freshers	10	Medium	43			10	10	20	10	10	10	10	20	10	10	10	10	10	20	10	10	10	20	20	10	10	10	20	20	10	10	10	10	10	10	10	10	10	10	10	10	10	10	10	10	10	10	10	10	10	10	10	10
project management courses in nigeria	140	Medium	65	0.146201	0.675178	260	210	210	320	320	320	390	320	260	140	210	170	170	170	170	140	170	140	110	110	110	110	170	110	110	90	110	140	110	140	110	110	90	110	140	90	140	170	140	170	140	170	170	170	110	110	170	110
project management free course by google	140	Medium	48	0.093081	4.919481	30	40	50	50	40	90	90	90	70	70	140	90	110	50	90	110	140	140	110	140	170	210	260	260	260	260	320	260	210	260	210	210	210	210	260	210	140	140	170	140	170	140	170	140	70	70	90	50
project management free course with certificate	390	Medium	41	0.079539	2.19	320	390	320	320	320	390	390	390	590	390	320	260	390	320	390	590	590	720	480	590	590	390	590	720	720	590	480	480	590	590	480	390	320	390	480	390	480	390	390	480	390	390	390	210	320	260	320	320
project management learnership	210	Medium	35	0.389555	2.02	90	70	70	70	90	90	90	90	110	70	110	140	110	110	170	90	110	140	110	210	170	90	260	260	170	170	170	390	260	140	140	170	140	90	320	260	170	210	210	260	260	210	140	170	170	110	390	260
project management maturity model	590	Low	9	3.109738	10.282149	1000	1000	1000	880	720	720	880	880	1300	1000	1000	880	1000	1000	1000	720	720	880	1000	880	880	720	1000	880	1000	1000	880	720	590	720	880	720	720	590	590	720	1300	1000	720	590	480	390	720	590	390	320	480	390
project management methodologies	9900	Low	15	0.058817	4.23	14800	12100	14800	12100	12100	14800	14800	14800	14800	9900	14800	14800	14800	14800	14800	12100	12100	12100	14800	14800	14800	12100	14800	14800	14800	14800	14800	14800	14800	12100	12100	14800	12100	9900	12100	12100	14800	12100	9900	9900	9900	8100	9900	8100	6600	5400	6600	6600
project management professional certification	301000	Medium	48	0.820002	4.493942	246000	201000	201000	201000	201000	246000	201000	201000	201000	201000	246000	246000	246000	246000	246000	246000	246000	246000	246000	246000	246000	246000	301000	301000	301000	301000	301000	246000	301000	246000	246000	246000	246000	246000	301000	301000	301000	301000	301000	301000	301000	301000	301000	301000	301000	246000	301000	301000
project management professional online course	3600	Medium	55	1.516472	9.10807	2900	2900	2900	2900	2900	3600	2900	2900	2900	2900	3600	2900	2900	2400	2900	2400	2400	2900	2900	2900	2900	2900	3600	3600	3600	3600	3600	3600	5400	4400	3600	3600	4400	2900	4400	4400	4400	3600	3600	3600	4400	2900	4400	3600	2900	2900	3600	2900
project management professional pmp	246000	Low	33	0.458803	3.052187	301000	246000	246000	246000	246000	301000	301000	301000	301000	246000	301000	301000	301000	246000	301000	301000	301000	301000	301000	301000	301000	301000	368000	301000	301000	301000	368000	301000	301000	301000	301000	301000	301000	246000	301000	301000	301000	301000	301000	246000	301000	246000	246000	246000	246000	246000	301000	246000
project management professional pmp certification free	210	Low	15	0.131096	3.928228	170	70	70	110	260	260	210	140	210	260	390	390	320	210	320	390	390	590	590	590	390	320	480	390	390	480	480	590	590	590	720	720	480	320	480	320	390	320	320	320	320	210	210	70	110	50	70	210
project management short course	2900	Medium	61	0.622916	5.004269	1600	1600	1900	1900	1900	2400	1900	1900	1900	1300	2400	2400	2400	1900	2400	2400	2400	2400	2400	2400	2400	2400	3600	2900	2900	2900	3600	2900	2900	2900	2400	2400	2400	1900	3600	3600	4400	4400	3600	2900	2900	2900	2900	2400	1900	1600	2900	2400
project management simulation	720	Low	23	1.252121	12.32	720	720	720	720	590	720	720	720	880	720	720	720	880	590	720	590	590	590	720	880	880	720	880	1000	880	880	880	720	590	480	590	720	720	480	590	720	880	720	590	590	480	480	1600	590	590	390	480	480
project management study	720	Medium	53	1.011052	9.306143	590	590	720	720	720	880	720	720	880	590	880	720	720	720	720	720	720	880	720	720	720	720	1000	880	880	880	1000	880	880	880	880	720	720	590	880	880	880	880	720	720	720	590	720	590	480	390	590	590
project management techniques	1900	Low	17	0.343283	4.55	4400	3600	4400	4400	3600	3600	4400	4400	4400	3600	4400	3600	4400	3600	4400	3600	3600	3600	4400	4400	3600	2900	3600	3600	3600	3600	3600	2900	2900	2900	2900	2900	2900	2400	2900	2400	2900	2400	2400	1900	1900	1600	1900	1600	1300	1300	1300	1300
project plan	40500	Low	30	1.513131	10.836954	90500	74000	74000	74000	60500	60500	74000	74000	90500	60500	74000	74000	90500	74000	74000	74000	60500	60500	74000	74000	74000	49500	74000	74000	74000	74000	60500	49500	49500	49500	60500	60500	49500	40500	60500	60500	60500	49500	49500	40500	40500	40500	49500	40500	40500	33100	40500	40500
project planning courses	260	Medium	39	0.73079	5.08044	210	170	260	210	210	260	210	260	260	260	260	210	320	260	320	260	260	260	320	320	260	260	390	390	390	390	320	320	320	260	260	260	260	260	320	320	320	260	260	210	210	210	210	260	210	210	260	390
project procurement management	3600	Low	8	1.22134	9.417357	4400	3600	4400	3600	2900	3600	3600	3600	4400	3600	3600	3600	4400	3600	3600	2900	2400	2400	2900	2900	3600	2400	2900	2900	3600	2900	2900	2900	1900	2400	1900	2400	2400	1900	2400	5400	8100	6600	3600	1600	1600	1600	14800	2400	2400	1900	1600	1600
project success program	140	Low	6	0.325411	6.554195	50	50	40	50	70	70	50	40	50	30	20	30	30	30	20	40	20	20	40	30	20	10	30	10	20	30	10	10	40	50	70	50	20	20	40	30	10	10	20	30	20	90	210	210	320	210	260	170
retail management course	2900	Medium	40	0.52106	3.828732	2900	2900	2900	3600	3600	3600	3600	3600	3600	2900	3600	2900	3600	3600	3600	3600	3600	3600	2900	2900	2900	2900	3600	2900	3600	3600	3600	3600	3600	2900	2900	2900	2900	2400	3600	2900	3600	2900	2900	2900	3600	2900	2900	2400	2400	1900	2900	2400
retail management short courses	70	Medium	47	0.223447	1.528859	40	50	70	50	50	70	40	50	50	70	110	90	140	70	70	90	90	140	90	110	90	70	110	70	70	90	110	90	90	90	90	70	40	70	140	70	50	70	70	70	70	90	110	70	40	50	90	40
revit course	6600	Medium	45	0.406218	2.700753	4400	4400	4400	4400	5400	5400	4400	4400	5400	4400	5400	5400	5400	5400	5400	6600	6600	6600	6600	6600	5400	5400	6600	6600	6600	6600	8100	8100	9900	8100	6600	6600	6600	5400	6600	6600	6600	6600	6600	6600	6600	6600	6600	5400	5400	4400	6600	6600
revops certification	140	Medium	47	1.776058	8.547633	20	70	40	50	40	50	50	40	50	30	70	50	50	70	50	50	50	70	50	70	50	50	140	70	90	70	70	140	110	70	110	90	90	50	110	90	110	70	140	140	110	110	140	140	110	140	170	140
road transport management course	50	Low	15	0.416604	2.881923	90	90	110	110	110	140	110	140	110	90	90	110	70	70	50	110	70	70	40	70	70	50	90	90	50	70	70	50	40	30	50	50	50	30	70	70	40	50	50	50	50	50	40	20	40	30	170	70
rotational product manager programs	170	Low	21	1.75	6.771473	110	110	260	260	590	390	210	140	110	110	90	90	110	170	110	110	140	140	170	260	140	110	170	110	140	170	170	170	140	260	720	390	90	90	210	110	210	140	90	140	170	590	390	170	90	90	110	110
sap s 4hana training	590	Low	9	0.54502	4.07	260	260	260	210	260	210	210	210	260	210	210	210	260	260	210	210	210	170	260	210	210	170	260	320	210	210	210	170	170	170	170	210	210	880	480	260	390	320	390	320	480	390	480	480	480	590	880	1300
saylor org certificate	720	Medium	34	0.068883	0.691285	590	390	390	720	880	720	720	590	590	590	590	320	260	260	320	390	720	880	1000	880	880	720	720	1000	1000	1300	1600	1000	880	720	590	1300	880	880	720	880	880	880	480	590	590	720	880	880	1300	880	480	590
scaler academy	22200	Low	30	0.408312	2.739358	60500	60500	60500	74000	90500	74000	60500	60500	49500	33100	40500	33100	33100	27100	33100	40500	49500	40500	33100	27100	27100	27100	27100	27100	33100	33100	40500	40500	33100	27100	22200	22200	18100	18100	22200	22200	27100	27100	27100	22200	22200	27100	22200	14800	18100	18100	22200	22200
scrum	368000	Low	5	0.23649	2.75	550000	450000	550000	550000	450000	550000	550000	550000	550000	368000	450000	450000	550000	450000	450000	450000	368000	450000	450000	450000	450000	301000	450000	450000	450000	450000	368000	368000	368000	368000	368000	368000	368000	246000	301000	301000	823000	301000	301000	301000	246000	246000	301000	450000	450000	301000	368000	550000
scrum master certification	40500	Medium	64	0.75	3.784508	74000	74000	90500	90500	74000	90500	74000	74000	74000	60500	90500	74000	90500	74000	74000	74000	74000	74000	74000	74000	60500	60500	90500	74000	74000	74000	74000	74000	74000	60500	60500	60500	49500	49500	74000	60500	60500	49500	49500	49500	49500	40500	49500	40500	40500	33100	40500	33100
scrum master certification exam	390	Medium	35	0.65	3.438447	880	880	1000	1000	880	1000	1000	880	880	880	1300	880	1000	720	880	880	1000	880	880	720	590	720	880	720	880	880	720	590	720	590	590	590	590	1000	880	590	590	480	480	480	390	390	480	320	320	260	320	390
scrum master certification free	1900	Medium	47	0.171581	2.144751	1900	1900	2400	2400	2400	2900	2400	2400	2400	2400	4400	3600	3600	2900	2900	2900	2900	2900	2900	2900	2900	2400	3600	3600	3600	3600	3600	3600	9900	6600	2900	2400	2400	2400	2900	2400	2900	2400	2400	1900	2400	1900	1900	1600	1600	1300	1600	1300
scrum master course	8100	Low	19	0.794743	4.729988	8100	8100	9900	9900	9900	9900	8100	8100	8100	6600	9900	8100	9900	8100	8100	8100	8100	8100	8100	8100	6600	6600	8100	8100	8100	8100	8100	8100	8100	8100	6600	6600	9900	8100	12100	8100	8100	6600	6600	6600	8100	6600	9900	6600	4400	4400	8100	14800
scrum master online course	480	Low	26	1.026471	5.173818	480	590	720	720	720	720	590	590	590	590	720	590	590	720	590	590	590	590	590	590	590	480	720	590	590	720	480	1000	480	480	480	480	390	480	590	480	590	390	390	390	320	320	390	320	390	320	390	1000
scrum org certification	1600	Medium	49	0.358414	2.76	2900	2400	2900	2900	2400	2400	2900	2900	2400	2400	2900	2400	2900	2400	2900	2400	2400	2400	2400	2900	2900	2400	2900	2400	2400	1900	1900	1600	1600	1600	1600	1600	1900	1900	1900	1600	1900	1900	1600	1300	1600	1300	1300	1600	1300	1300	1600	1600
self paced courses	880	Low	28	1.074423	12.07	720	720	720	720	720	880	720	720	720	590	880	720	880	720	880	720	720	720	720	720	720	720	1000	880	1300	880	1000	880	720	720	720	880	720	720	880	880	1000	1000	1000	1000	880	880	880	720	720	590	720	720
short management courses	880	Medium	58	0.501181	4.634846	720	720	880	880	880	1000	880	880	880	720	1000	880	1000	880	880	880	880	880	880	1000	1300	1000	1300	1300	1000	1000	1000	1000	1000	880	1000	1300	1000	720	1000	1000	1300	1300	1000	880	880	880	1000	720	720	480	880	720
simpl learn	50	Low	31	0.188203	12.365529	140	110	140	140	140	140	170	110	140	140	170	140	140	110	110	140	110	110	110	170	140	90	90	70	70	70	70	70	70	70	50	50	70	50	40	40	40	50	40	30	50	40	70	70	70	50	70	70
simplilearn	201000	Low	32	0.457642	2.53	301000	246000	301000	246000	301000	301000	301000	301000	301000	246000	301000	246000	246000	201000	201000	201000	201000	201000	201000	201000	165000	165000	201000	201000	201000	165000	165000	165000	201000	201000	201000	165000	165000	165000	201000	165000	201000	201000	201000	201000	246000	201000	201000	201000	201000	165000	165000	165000
simplilearn certificate	1000	Low	29	0.477579	2.215246	880	880	880	880	1000	1000	1000	1000	1000	1000	1300	1000	1000	720	880	880	880	880	720	720	720	720	880	880	880	880	880	880	880	880	880	880	880	880	1000	1000	880	1000	1000	1000	1300	1000	1300	1300	1300	1000	1000	720
simplilearn com	880	Low	27	0.372389	6.09	1300	1000	1000	1000	1300	1300	2400	2400	3600	3600	2900	2900	1600	1600	1300	1600	1600	1600	1300	1300	1600	1600	1300	1000	1000	880	880	880	720	720	880	720	720	720	1000	880	1000	1000	880	880	720	720	1000	880	880	880	720	590
simplilearn skill up	480	Low	32	0.243599	2.264053	720	590	590	590	480	590	880	590	590	720	210	140	140	140	70	70	70	90	140	260	110	110	70	50	50	70	40	70	110	70	50	90	70	140	110	170	260	390	320	590	720	480	590	590	390	320	320	260
simplilearn skillup	6600	Low	26	0.21	1.222524	320	210	260	260	260	320	320	260	260	720	880	720	720	480	480	480	480	390	390	880	880	880	1600	1900	1600	1900	1900	1900	2400	2400	2400	1900	1900	1900	2400	2400	2900	4400	4400	5400	8100	8100	9900	9900	8100	8100	8100	6600
simplilearn skillup certificate	170	Low	29	0.350298	1.514737	50	20	50	20	50	30	30	20	30	50	10	40	20	20	20	20	20	20	10	30	70	70	40	40	70	40	30	50	50	50	40	30	30	50	50	50	50	50	70	70	70	90	140	260	320	320	260	210
simply learn	201000	Low	32	0.457642	2.53	301000	246000	301000	246000	301000	301000	301000	301000	301000	246000	301000	246000	246000	201000	201000	201000	201000	201000	201000	201000	165000	165000	201000	201000	201000	165000	165000	165000	201000	201000	201000	165000	165000	165000	201000	165000	201000	201000	201000	201000	246000	201000	201000	201000	201000	165000	165000	165000
sites to learn it	10	High	71	0.315977	3.069078	10	10	10	10	10	10	10	10	10	10	10	10	10	10	0	10	10	10	10	10	10	0	10	0	0	10	10	10	10	10	10	10	10	10	10	10	10	10	10	10	10	10	10	10	10	10	10	10
skills build	12100	Low	9	0.396603	4	5400	5400	5400	5400	5400	6600	5400	5400	6600	4400	6600	6600	8100	6600	8100	6600	6600	9900	9900	9900	9900	8100	9900	14800	14800	12100	9900	9900	12100	12100	12100	12100	9900	9900	12100	12100	12100	9900	9900	9900	12100	14800	14800	12100	12100	12100	12100	9900
skills for a project manager	9900	Low	16	0.083921	2.433814	27100	27100	27100	27100	27100	27100	27100	27100	27100	22200	33100	27100	33100	27100	27100	27100	22200	22200	27100	27100	22200	18100	27100	27100	27100	27100	27100	22200	22200	18100	18100	18100	18100	14800	18100	18100	14800	14800	12100	12100	9900	9900	12100	9900	8100	6600	8100	8100
skillup by simplilearn	2400	Low	26	0.19351	1.74	3600	2900	2900	2900	3600	5400	5400	4400	4400	8100	5400	4400	6600	4400	4400	3600	2900	3600	3600	2400	1900	1600	1600	1600	1300	1300	1300	1900	1900	1300	1300	1300	1000	1300	1600	1600	1600	1900	2400	2900	3600	2900	2400	2900	2400	2400	2400	1900
small business management course	880	Medium	55	1.403432	12.758826	720	590	720	720	720	880	880	880	720	590	1000	720	720	720	720	590	720	720	720	720	880	720	1000	720	720	880	1000	720	880	880	1300	1000	880	720	880	880	1000	1000	880	880	720	720	1000	720	590	590	720	720
smartpm training	170	Low	29	0.830852	3.16	260	170	320	320	390	590	480	720	720	480	590	590	480	260	320	390	480	590	880	590	590	590	590	480	320	480	480	590	590	480	480	260	260	210	210	260	170	210	210	260	260	260	210	170	90	110	140	110
soft skill certificate	27100	Low	16	0.21	1.15	90	90	90	110	110	90	140	170	110	110	140	90	140	110	110	110	140	110	140	110	110	110	110	110	110	170	170	140	170	140	170	170	110	110	170	140	170	170	170	170	110	210	8100	27100	110000	60500	74000	60500
soft skills training	12100	Low	18	0.276743	3.61	14800	12100	12100	14800	14800	14800	14800	12100	14800	12100	14800	14800	14800	14800	14800	12100	14800	14800	14800	14800	14800	12100	14800	14800	14800	12100	12100	12100	18100	14800	14800	12100	12100	9900	12100	12100	14800	9900	9900	9900	9900	9900	12100	14800	18100	12100	14800	18100
software architect course	1900	Medium	40	0.427645	2.53	1900	2400	2900	4400	2900	2400	2400	2400	2400	1900	2400	2400	2400	2400	2400	2400	2900	2900	2900	2400	2400	2400	3600	3600	2900	2900	3600	2900	2900	2400	2400	1900	1900	1900	2400	1900	2400	2400	1900	1900	1900	1600	1900	1600	1600	1600	1900	1900
software architecture	165000	Low		0.390073	3.310923	49500	49500	49500	60500	60500	49500	49500	49500	60500	49500	49500	49500	49500	40500	49500	40500	40500	40500	49500	49500	49500	49500	49500	49500	49500	49500	49500	40500	40500	40500	40500	40500	40500	33100	40500	33100	40500	33100	33100	33100	33100	27100	33100	33100	33100	135000	33100	1500000
software architecture certificate programs	10	Low	29			10	10	10	10	10	10	10	10	10	10	10	10	20	10	10	20	30	30	10	10	10	10	30	30	30	20	20	10	10	10	10	10	10	10	10	10	10	10	10	10	10	10	10	10	10	10	10	10
software architecture patterns by mark richards pdf	20	Low	3			30	30	40	30	40	30	40	30	20	20	10	30	20	20	10	10	10	10	10	10	10	10	10	10	10	10	10	10	10	10	10	10	40	20	10	10	10	20	20	20	20	10	20	30	40	20	20	10
software courses online	1000	Medium	52	0.516076	4.712796	1600	1600	1900	1900	1900	1900	1900	1600	1600	1600	1600	1600	1900	1600	1600	1300	1300	1300	1600	1300	1600	1600	1600	1300	1600	1600	1600	1600	1300	1000	1300	1300	1000	1000	1600	1000	1600	1600	1300	1000	1000	720	1900	880	720	590	720	590
software development certificate	390	Low	18	0.538055	8.64	390	390	480	480	480	480	480	480	480	480	590	480	590	480	590	480	480	590	480	480	480	480	720	590	480	590	590	480	590	390	390	390	390	480	590	590	590	590	390	390	260	320	320	260	210	210	320	590
software development courses for beginners	170	Medium	40	0.30681	3.6	390	390	480	480	480	720	590	480	480	390	590	480	480	480	590	390	390	320	260	320	320	260	320	260	320	320	320	260	320	320	320	320	260	260	320	260	260	260	260	210	170	140	210	110	140	140	140	170
software engineer course online	5400	Low	22	0.448795	12.077555	2400	1900	2400	2900	2900	2900	2900	2900	2400	2400	3600	2400	2900	2900	2900	2400	2400	2900	2900	2900	2900	2400	2900	2900	2900	2900	2900	2900	2900	2900	2400	2900	6600	3600	4400	3600	6600	5400	5400	5400	5400	4400	5400	4400	4400	4400	5400	4400
software engineering short course	170	Medium	40	0.374666	1.975864	90	110	110	90	110	140	110	90	90	90	170	140	210	140	140	170	210	170	170	210	210	140	260	260	170	210	210	210	210	320	1600	260	140	140	320	260	210	170	260	140	110	110	110	140	170	110	260	260
software short courses	30	Medium	63	0.384599	0.961697	30	30	40	50	30	30	30	40	30	20	50	40	40	40	50	50	30	40	40	40	50	50	70	40	50	40	30	40	40	20	20	40	30	30	70	50	50	40	50	20	20	20	20	20	10	10	20	20
sololearn	90500	Low	14	0.19	1.901506	165000	165000	165000	165000	165000	201000	201000	201000	201000	165000	165000	165000	165000	135000	135000	135000	165000	165000	165000	165000	135000	135000	135000	135000	135000	110000	110000	90500	110000	110000	110000	110000	110000	90500	110000	110000	110000	90500	90500	90500	90500	90500	90500	90500	74000	74000	90500	74000
stanford online courses	6600	Medium	34	0.488222	3.613818	8100	6600	6600	6600	6600	8100	6600	6600	6600	5400	8100	8100	8100	8100	6600	8100	8100	8100	8100	6600	6600	6600	9900	8100	6600	6600	8100	8100	9900	8100	8100	8100	14800	9900	8100	6600	6600	6600	6600	6600	6600	6600	6600	6600	5400	5400	6600	5400
stanford online management courses	10	High	74	3.121117	7.54	20	10	10	10	10	10	10	10	10	10	20	20	10	10	20	10	20	20	20	30	30	20	40	20	30	30	30	20	10	10	110	50	20	10	10	10	10	20	10	10	10	10	10	10	10	10	10	10
stanford problem solving	10	Low				10	10	10	10	10	10	10	10	10	10	10	10	10	10	10	10	10	10	10	10	10	10	10	10	10	10	10	20	10	10	10	10	20	10	10	10	10	10	10	10	10	10	10	10	10	10	10	10
stanford product management course	170	Medium	60	1.44972	6.57638	320	320	320	320	260	260	210	210	210	210	260	170	210	210	260	140	170	170	210	210	140	260	260	170	210	210	170	170	170	170	170	170	140	170	210	140	170	170	170	170	170	170	140	170	170	110	210	140
stanford university online courses	2400	Medium	39	0.42	3.438794	2900	2900	2900	2900	2900	2900	2900	2900	2900	2400	3600	2900	2900	3600	2900	2900	2900	2900	2900	2400	2400	2900	3600	3600	2900	2900	2900	4400	5400	4400	3600	2400	2400	2400	2900	2900	2400	2400	2400	2400	2400	2400	1900	1900	1900	1600	1900	1900
start learning with edx	50	Medium	38	0.139601	3.38	40	110	70	30	70	70	40	50	70	40	140	40	50	50	90	170	170	110	70	70	40	70	70	90	140	140	110	90	110	70	70	70	40	50	70	70	50	40	50	40	140	70	40	40	40	30	20	30
stella system dynamics	170	Low	4	2.898551	19.88	140	170	140	140	110	140	170	170	210	140	140	210	210	210	260	170	140	140	140	170	260	140	210	260	210	170	210	170	140	140	210	210	210	140	170	210	210	170	170	170	140	140	140	140	140	140	170	110
stem courses	14800	Low	6	0.31406	3.111685	40500	33100	33100	40500	49500	49500	33100	27100	22200	14800	22200	22200	27100	22200	33100	33100	49500	40500	27100	22200	22200	18100	33100	40500	27100	33100	40500	40500	33100	27100	27100	33100	18100	12100	27100	22200	22200	27100	22200	22200	14800	12100	12100	9900	9900	9900	14800	12100
store keeper course	170	Low	18	0.348196	1.253235	110	70	90	170	210	170	170	170	170	170	210	170	210	170	210	210	260	260	210	260	210	210	210	210	210	170	210	170	210	170	170	210	140	140	210	170	110	140	170	170	170	140	140	170	170	210	210	170
store manager courses	90	Medium	46	0.614782	3.803223	90	90	90	110	90	110	110	90	140	110	110	90	110	140	170	110	110	140	140	110	110	110	140	140	110	90	140	90	260	140	110	110	110	110	170	110	110	90	110	90	110	70	110	90	70	50	90	140
stores and stock control courses	10	Medium	48	0.229193	1.442964	30	30	30	20	30	40	30	40	40	30	40	40	40	20	30	20	30	30	20	30	50	50	40	50	40	40	40	30	40	20	10	20	20	10	10	10	20	20	10	10	10	10	10	10	10	10	10	20
strategic skills training	140	Low	7	0.200113	2.544255	10	10	10	10	10	10	10	10	10	10	10	2400	170	140	110	70	70	50	50	50	90	30	880	590	110	90	50	70	880	210	140	90	90	480	590	590	390	140	140	70	260	90	110	50	70	40	110	110
strategic thinking	14800	Low	7	0.19429	3.334068	27100	22200	22200	18100	18100	18100	27100	22200	22200	18100	22200	22200	27100	18100	18100	18100	18100	18100	22200	22200	18100	14800	22200	22200	22200	18100	18100	14800	18100	18100	18100	18100	14800	14800	18100	18100	18100	14800	14800	14800	14800	14800	14800	14800	12100	12100	12100	12100
strategic thinking in complex problem solving	110	Medium	50	0.699064	4.34	110	90	110	140	90	110	110	90	70	90	110	70	90	110	110	90	110	110	90	90	110	90	110	110	170	110	140	90	90	110	90	110	110	110	110	110	110	110	110	110	110	90	90	140	70	90	110	70
strategic thinking workshop	70	Low	30	1.124396	6.02	70	50	70	70	70	90	70	70	70	50	70	70	110	110	110	70	70	70	70	90	70	50	90	70	90	90	70	50	70	70	90	70	50	70	70	110	110	70	70	110	70	90	70	40	40	30	50	50
structured problem solving	880	Low	2	0.517016	4.253887	1300	1000	1000	1000	1000	1300	1000	1000	1000	880	1300	1300	1600	1000	1300	1000	1300	1000	1300	1300	1300	1000	1300	1000	1300	1000	1300	1300	1000	1000	1000	1000	880	720	880	880	1000	880	880	880	720	720	720	880	880	720	720	880
study of systems	880	Low	3	0.91	3.41	880	880	880	880	720	880	1000	1000	1000	1000	1000	1000	1000	1000	880	720	720	1300	1300	1000	880	880	1000	1000	880	880	880	720	720	880	1000	880	880	720	880	880	1000	880	720	720	720	720	880	880	880	720	880	880
supervisor certificate course	70	Medium	65	0.703446	3.89	140	110	140	170	110	70	50	90	70	40	50	30	30	30	20	40	40	20	20	40	30	30	40	50	30	40	30	30	40	50	50	40	50	50	50	50	90	70	70	70	50	40	50	70	40	40	50	90
supply chain fundamentals mit	50	Medium	57	0.87	7.1	40	50	40	40	50	50	50	40	30	40	20	20	50	40	30	40	50	40	40	70	40	40	30	50	50	50	70	40	70	70	50	50	40	50	30	30	70	50	40	50	50	70	50	30	50	40	40	40
supply chain logistics certificate	110	High	67	1.635723	11.617486	90	50	90	70	70	50	50	50	70	40	90	50	70	90	90	90	70	70	90	110	70	70	70	70	70	90	110	90	110	90	90	70	70	70	320	170	110	140	140	140	140	140	90	90	90	90	110	140
supply chain logistics online course	10	Low	32	4.032465	26.945266	10	10	10	20	10	10	10	10	20	10	10	10	10	10	10	10	10	10	10	20	10	10	10	10	10	20	10	10	10	10	20	10	10	10	20	10	20	20	10	10	10	10	10	10	10	10	10	20
sysml	14800	Low	5	1.281129	12.78	22200	14800	18100	18100	12100	14800	22200	18100	18100	14800	18100	18100	22200	22200	18100	18100	14800	14800	22200	22200	22200	14800	18100	18100	18100	18100	18100	14800	14800	12100	18100	18100	18100	12100	14800	14800	18100	14800	14800	14800	14800	12100	18100	18100	14800	12100	14800	14800
sysml tools	210	Low	17	1.97	6.18	320	260	320	260	260	260	260	320	320	210	320	320	390	260	260	260	260	260	320	320	320	260	320	320	320	260	320	320	210	210	260	320	210	170	210	260	260	210	260	260	260	210	210	260	260	170	210	210
syspro training courses	10	Medium	41	0.835317	4.12	20	20	10	20	20	20	10	20	20	10	20	20	20	20	10	10	10	20	20	10	20	10	10	10	10	20	20	10	30	10	10	10	20	10	20	20	20	10	10	10	20	10	10	20	20	10	10	10
system analysis and design	8100	Low	6	0.24003	2.490073	18100	14800	14800	14800	12100	14800	18100	14800	14800	14800	18100	18100	14800	12100	14800	12100	12100	14800	14800	14800	14800	12100	18100	74000	40500	40500	33100	27100	18100	14800	14800	12100	9900	9900	14800	12100	9900	9900	9900	8100	8100	9900	9900	8100	8100	6600	9900	8100
system analysis and design course	260	Low	23	0.327491	3.27	390	320	320	390	390	590	590	480	480	480	590	390	390	390	390	320	390	590	480	480	390	390	720	590	480	390	480	390	390	590	390	390	390	320	390	320	260	210	210	170	320	260	260	260	210	170	260	210
system archetypes	880	Low	1			1000	1000	1000	1000	720	880	880	1000	1000	720	880	1000	1300	1000	1000	1000	880	880	880	1000	1000	880	1000	1000	1300	1000	1000	880	720	880	880	880	880	720	720	880	1000	1300	880	720	720	880	880	1000	880	720	720	880
system architecture certification	110	Low	17	0.714583	5.73	90	90	90	110	90	110	140	110	110	90	140	140	110	110	110	110	90	140	140	110	110	140	140	140	110	140	140	210	260	210	170	110	140	110	110	140	110	110	110	110	90	110	90	90	110	90	110	320
system design	60500	Low	11	0.179951	1.192285	49500	49500	49500	49500	49500	49500	49500	49500	49500	40500	49500	40500	49500	49500	49500	40500	49500	49500	49500	60500	60500	60500	60500	60500	60500	60500	60500	60500	60500	60500	60500	60500	60500	60500	60500	60500	60500	60500	60500	60500	74000	60500	60500	60500	60500	60500	74000	74000
system design and architecture	3600	Low	8	0.252986	2.836459	3600	3600	3600	3600	3600	2900	3600	3600	3600	3600	3600	3600	3600	3600	3600	2900	2900	2900	2900	3600	2900	3600	3600	3600	3600	3600	4400	3600	2900	2900	3600	3600	4400	3600	3600	3600	4400	3600	3600	2900	2900	2900	3600	3600	3600	3600	2900	3600
system design and management mit	260	Low	20	1.25	6.120451	260	210	210	210	210	320	320	260	260	170	210	260	210	260	210	210	170	260	260	260	260	210	260	210	260	170	260	260	320	320	320	320	320	260	260	210	210	260	260	320	320	320	260	260	260	210	260	320
system design beginner	50	Low	10	0.105847	1.149887	10	20	30	30	30	30	30	30	30	20	40	30	30	20	30	30	40	40	40	40	50	40	50	70	40	50	70	50	70	50	50	50	50	40	40	50	50	40	40	40	50	50	70	70	30	50	70	90
system design books	6600	High	79	0.031332	1.398329	3600	4400	4400	4400	4400	4400	4400	4400	3600	3600	4400	3600	4400	3600	3600	4400	4400	4400	4400	5400	5400	5400	6600	5400	5400	5400	6600	6600	6600	6600	6600	6600	6600	6600	8100	6600	6600	5400	5400	6600	6600	6600	6600	6600	6600	8100	8100	8100
system design bootcamp	50	Low	15	0.51711	3.650533	30	40	30	40	40	30	50	40	50	40	40	50	30	30	50	30	40	30	40	50	50	70	70	50	50	70	110	70	70	50	320	880	480	90	40	50	40	50	70	40	40	40	40	40	40	50	70	170
system design certification	590	Medium	48	0.297675	3.12	260	260	260	260	320	320	260	210	260	320	320	320	390	320	320	320	390	390	480	480	480	590	720	590	590	590	590	590	590	590	1000	590	480	480	590	590	590	590	590	480	480	480	720	480	480	480	590	720
system design certification course	30	Medium	63	0.212452	1.288481	10	0	0	10	0	30	40	30	40	10	30	20	10	20	10	20	20	20	10	20	10	40	20	30	30	30	20	10	30	20	20	20	20	20	10	20	10	20	20	20	20	30	30	20	30	40	40	50
system design course	6600	Medium	54	0.234207	1.363754	3600	3600	4400	4400	4400	4400	4400	3600	4400	3600	4400	4400	4400	4400	3600	4400	5400	5400	5400	5400	6600	6600	8100	6600	6600	6600	8100	8100	9900	8100	8100	6600	8100	6600	6600	5400	6600	6600	6600	6600	6600	6600	6600	6600	6600	8100	8100	8100
system design course mit	10	Low	26			50	70	50	90	50	70	50	40	50	40	50	50	40	40	30	40	30	20	20	10	20	10	10	10	20	20	20	10	10	10	10	10	10	10	10	10	10	10	20	10	10	10	10	20	10	10	10	10
system design interview guide for software architecture udemy	20	Low				10	10	10	10	10	10	10	10	10	20	40	20	10	20	20	20	30	20	30	40	30	20	20	20	30	20	30	30	30	50	30	30	30	30	30	20	40	10	20	20	20	20	10	10	10	10	10	10
system design interview pdf	2900	Low	8	0.223453	1.429355	1900	2400	1900	1900	2400	2900	2400	2400	2400	2400	3600	2900	2900	2900	2400	2900	2900	3600	3600	3600	3600	3600	4400	3600	3600	3600	3600	2900	4400	3600	3600	3600	3600	2900	3600	3600	3600	2900	2900	2900	3600	2900	2900	2900	2400	2900	2400	2400
system design masterclass	140	Medium	39	0.271035	1.53	20	50	40	70	40	30	70	40	50	70	50	70	70	40	40	40	70	40	50	40	50	50	40	50	50	50	40	50	70	50	70	110	70	90	110	90	140	90	110	110	140	140	110	110	140	170	210	140
system design mit	90	Low	25	0.69	4.57	110	90	70	90	110	70	110	90	110	90	90	70	70	110	70	90	90	110	110	90	140	110	110	110	110	110	110	110	170	110	110	90	90	90	90	70	70	90	90	90	90	70	70	90	90	90	90	90
system design program	110	Low	10	0.821267	4.915616	210	170	170	140	170	210	170	210	170	140	170	170	140	110	140	140	140	170	170	170	170	170	210	170	210	170	210	170	110	140	110	170	140	140	140	140	140	110	110	140	110	90	110	110	110	70	90	90
system design thinking course	20	Medium	42	0.966335	6	10	20	50	70	90	50	50	50	30	50	50	40	30	70	40	30	30	30	40	30	40	30	20	30	20	20	30	20	20	30	50	30	20	10	10	40	20	30	20	30	20	20	20	10	10	10	20	10
system development	3600	Low	3	0.260982	3.342509	6600	5400	6600	5400	5400	5400	5400	5400	6600	5400	6600	6600	6600	5400	5400	4400	4400	4400	5400	5400	5400	4400	6600	6600	5400	5400	5400	4400	4400	4400	4400	4400	3600	2900	5400	4400	4400	3600	3600	2900	2900	2900	3600	2900	2900	2400	3600	2900
system dynamics and response	10	Low				10	10	10	20	10	10	10	10	10	10	10	10	10	10	10	10	10	10	10	10	10	0	10	10	50	10	10	10	10	10	10	10	10	10	0	10	10	10	10	10	10	10	0	10	10	10	10	10
system dynamics applications	10	Low	7			50	40	20	30	30	50	40	40	50	40	50	30	50	20	20	20	20	30	30	20	20	20	20	70	20	20	30	20	10	10	20	10	30	20	10	20	20	10	10	10	10	10	10	10	10	10	10	20
system dynamics course online	30	Low	28	0.745336	8.1	20	30	30	30	90	70	70	50	40	20	40	30	40	40	30	40	30	40	40	50	50	70	40	50	50	50	40	30	30	30	70	70	50	40	30	40	30	30	40	40	30	20	40	20	20	20	20	30
system dynamics modeling	480	Low	4	1.047246	20	590	590	590	480	590	590	590	720	720	590	880	720	880	880	590	480	480	590	590	720	720	590	720	590	590	590	590	480	480	480	590	590	720	480	590	590	590	590	590	390	390	390	480	590	590	480	480	590
system dynamics modeling examples	50	Low	5			70	40	50	50	40	30	30	70	50	50	90	90	90	70	70	50	40	50	70	110	110	70	110	110	110	90	90	90	70	70	140	140	140	90	90	70	110	70	70	50	50	30	50	50	50	40	50	50
system dynamics modeling tools for learning in a complex world	20	Low	11			10	10	10	10	10	20	20	30	20	10	30	20	10	20	20	20	10	20	70	70	30	20	30	20	20	10	10	10	10	20	30	10	10	10	10	10	10	10	30	10	10	10	20	10	20	10	20	30
system dynamics review	260	Low	3	14.33	20	260	210	210	260	260	320	320	320	210	210	260	210	260	260	260	260	260	260	390	260	320	260	320	390	320	210	320	320	320	260	260	260	210	260	320	320	320	260	210	210	260	210	210	260	260	210	320	260
system dynamics society	390	Low	7	15.45	20	590	390	480	390	590	480	390	390	390	390	480	480	480	480	480	480	590	390	390	480	390	390	590	480	590	480	590	480	480	480	390	480	390	480	590	480	480	480	480	480	390	480	390	390	320	320	390	390
system dynamics tools	30	Low	11	0.83	20	40	40	50	40	50	70	40	40	40	40	70	50	70	30	40	50	40	50	40	70	50	30	40	50	70	50	40	40	30	50	50	50	40	50	40	40	40	40	40	40	40	20	30	30	40	20	30	20
system dynamics training	10	Medium	40	0.264389	3.688473	10	10	10	10	10	10	10	10	10	10	10	10	10	20	20	10	10	20	20	10	10	10	20	10	10	10	20	10	20	10	10	10	20	20	10	10	10	10	10	10	10	10	10	10	10	10	10	10
system emergence	10	Low				30	20	40	20	20	20	20	10	30	10	20	30	20	20	10	20	20	20	30	20	10	10	30	30	20	10	10	20	20	10	10	20	20	20	10	10	10	10	10	10	10	10	20	20	10	10	10	10
system engineer courses	1600	Medium	38	0.56892	5.24	1600	1600	1900	1900	1900	1900	1900	1900	1600	1600	1900	1900	1900	1900	2400	1900	1900	1900	1900	1900	1600	1600	2400	1900	1900	1900	2400	2400	5400	2900	1900	1600	1600	1600	2400	1600	1600	1600	1600	1600	1600	1600	1300	1300	1000	1300	1600	1600
system engineering course online	210	Low	32	0.988953	8.105426	260	260	320	320	320	260	210	210	260	210	210	210	260	210	210	260	210	260	210	210	210	210	260	260	170	260	260	170	170	210	320	880	480	170	260	260	210	320	390	390	260	170	210	140	140	140	170	260
system performance	1600	Low	4	0.190136	3.6	1900	1900	1900	1600	1600	1900	1900	1900	1900	1900	1900	1900	1900	1600	1600	1600	1600	1600	1600	1900	1600	1600	1900	1900	2400	1900	1900	1600	1900	1600	1900	1900	1900	1600	1900	1600	1900	1600	1600	1900	1900	1600	1600	1600	1600	1600	1600	1600
system theory course	30	Low	22	0.38	6.5	20	30	30	30	20	40	40	30	30	30	40	20	50	30	30	30	40	20	20	20	40	20	30	50	20	30	30	20	30	10	30	30	10	20	20	30	20	20	20	20	20	20	20	30	40	30	30	50
system think	40500	Low	11	0.373061	4	49500	40500	40500	40500	33100	40500	49500	49500	40500	33100	40500	40500	49500	40500	40500	33100	33100	40500	49500	49500	40500	33100	49500	40500	40500	40500	40500	33100	33100	33100	40500	40500	33100	27100	40500	33100	40500	40500	40500	33100	33100	40500	40500	40500	40500	33100	40500	40500
system thinking course	1000	Medium	50	0.6	6	720	720	880	720	880	880	880	880	880	720	880	720	1000	880	880	720	720	880	1000	880	880	880	1000	1000	880	1000	880	1000	1600	1000	1600	1000	1300	1000	1300	880	880	1000	880	880	1000	1000	1300	1000	880	880	1000	1000
system thinking course singapore	40	High	73	0.856748	4.143103	50	20	50	30	20	30	20	30	30	30	40	20	70	30	50	40	30	40	70	30	30	10	20	50	70	40	20	30	50	30	40	20	20	40	30	30	40	30	20	30	40	30	40	50	40	30	20	30
system thinking coursera	20	Medium	38	0.209175	4.029762	20	10	10	10	20	10	20	10	10	10	20	10	30	10	10	20	10	20	30	20	20	20	20	20	10	10	10	10	20	20	20	10	20	10	20	10	20	20	20	10	20	30	20	20	10	30	10	20
system thinking definition	4400	Low	3	0.041221	4	6600	5400	5400	4400	4400	5400	6600	6600	5400	4400	5400	6600	5400	5400	5400	4400	3600	5400	5400	5400	4400	3600	5400	5400	4400	4400	4400	3600	3600	4400	5400	5400	4400	2900	4400	4400	4400	4400	4400	3600	3600	4400	5400	4400	4400	3600	4400	4400
system thinking design	480	Low	19	0.83	4	590	590	590	480	590	590	590	590	590	480	590	590	590	480	480	390	390	390	480	590	590	480	590	590	590	590	480	390	390	480	480	480	390	390	590	590	480	480	480	390	480	390	590	480	480	390	480	480
system thinking examples	1000	Low	1	0.39	5.958078	2900	2400	2400	1900	1600	2400	3600	2900	2900	1900	2900	2900	2900	2400	2400	1900	1600	2400	2900	2900	2400	1600	2400	2400	2400	1900	1900	1300	1300	1300	1900	1600	1300	1000	1300	1300	1300	1000	1000	880	880	880	1300	1000	880	880	1000	1000
system thinking online course	70	Medium	56	0.623448	6	110	70	90	50	70	70	70	70	70	70	50	50	90	90	90	50	90	50	90	90	90	90	90	70	40	70	50	70	70	30	90	40	30	50	40	50	70	70	50	70	50	70	40	50	70	70	50	70
system work training	30	Low	16			10	10	10	10	10	10	10	10	10	10	10	10	10	10	10	10	20	40	30	30	30	20	30	20	40	30	30	20	30	20	10	20	20	20	10	10	30	30	30	40	50	40	40	20	30	10	10	10
systems architecture course	260	Medium	57	0.394171	3.18	210	170	210	210	170	260	210	210	210	210	210	210	260	210	260	210	260	260	210	260	260	210	320	320	320	260	260	260	260	210	210	210	260	210	260	260	260	260	210	210	260	260	260	210	210	260	320	320
systems course	260	Low	14	0.428999	2.657684	320	320	320	320	320	210	260	320	320	260	320	260	320	320	320	320	320	260	320	320	320	210	320	320	320	320	260	390	320	210	320	320	260	320	260	260	320	320	260	260	210	170	210	210	170	210	210	210
systems design engineering	2400	Low	7	1.04592	21.776114	2400	2400	2400	1900	1900	2400	2400	2400	2400	1900	2400	2400	2400	1900	2400	1900	1900	1900	2400	2900	2400	2400	2900	2900	2900	2400	2900	2400	2400	2400	2400	2400	2400	2400	2900	2400	2400	2400	2400	1900	1900	1900	2400	2400	1900	1900	2400	1900
systems dynamics	5400	Low	3	0.409019	20	6600	6600	6600	5400	9900	8100	6600	8100	8100	6600	6600	6600	8100	6600	6600	6600	5400	6600	6600	6600	8100	8100	8100	8100	6600	6600	6600	6600	5400	6600	12100	9900	8100	8100	8100	8100	6600	6600	5400	5400	5400	4400	5400	5400	5400	4400	5400	4400
systems engineering course mit	10	Low	22			30	50	30	30	30	20	20	30	20	40	30	40	30	30	30	20	10	30	10	20	10	10	20	10	10	10	10	10	20	10	30	10	10	10	10	10	20	10	10	10	10	10	10	10	10	10	10	10
systems engineering masters	1000	Medium	59	2.122249	15.43	720	720	720	720	590	880	720	720	720	720	880	720	880	880	880	880	880	1000	880	1000	880	720	1000	1000	1000	1000	1300	1900	1000	1000	1900	1300	1600	1000	1900	1000	1600	1300	1000	880	880	880	720	880	720	720	1000	880
systems engineering process steps	40	Low	4			110	90	70	50	50	70	70	50	50	40	70	90	90	110	90	50	50	40	50	10	40	20	50	40	40	50	30	40	30	30	30	30	20	10	70	110	70	50	170	30	20	20	30	10	10	10	10	10
systems engineering training courses	40	Medium	44	0.68	3.988047	40	40	30	20	40	50	50	40	50	40	30	40	50	20	40	30	50	50	50	70	40	40	50	40	40	70	70	40	70	40	40	40	50	30	30	50	40	20	40	30	30	50	50	40	50	40	70	50
systems science masters	10	Low	23	0.489963	6.29	10	10	10	30	10	20	10	10	10	10	10	10	20	10	20	10	10	40	40	10	20	20	20	10	20	50	20	10	10	10	10	10	10	10	10	10	20	10	10	10	10	10	10	10	10	10	10	10
systems thinking and system dynamics	10	Low	19			10	10	10	10	10	10	10	10	10	10	10	10	10	10	10	10	20	10	10	20	10	10	10	10	10	10	10	10	10	10	10	10	10	10	10	20	10	10	10	10	10	10	10	10	10	10	10	10
systems thinking application	10	Low	4			70	20	20	30	20	30	40	40	30	20	20	20	20	20	10	20	10	10	20	20	30	20	20	30	20	20	30	10	20	10	20	20	10	10	10	20	20	10	20	10	20	10	10	10	10	10	10	10
systems thinking approach	1300	Low	5	0.19	17.193078	1900	1900	1600	1600	1600	1600	1600	1900	1900	1600	1900	1900	1900	1900	1900	1600	1600	1900	1900	1900	1600	1000	1300	1300	1300	1600	1300	1300	1000	1300	1600	1600	1600	1000	1300	1300	1300	1300	1300	1300	1300	1000	1600	1300	1300	1000	1000	1300
systems thinking certification	210	Medium	38	1.453707	6.22897	170	260	210	210	210	210	170	210	170	170	210	170	260	210	210	210	170	170	170	170	210	210	140	170	210	210	140	140	140	140	140	210	480	140	210	170	170	210	170	170	210	260	210	170	210	170	260	260
systems thinking certification program	20	Medium	54	1.44	7.411966	20	30	30	20	10	20	10	20	10	10	10	10	10	20	40	10	10	10	0	10	10	10	10	40	40	20	10	10	20	10	10	20	10	10	20	20	20	10	30	10	20	10	10	20	20	20	30	30
systems thinking class	10	Medium	52	2.51	8.05	10	10	10	20	10	10	10	10	10	10	10	10	10	10	10	10	10	10	10	10	10	10	10	20	10	10	10	10	10	10	10	10	10	10	10	10	20	10	20	10	10	20	10	20	10	10	10	10
systems thinking course harvard	40	Medium	46	0.68	4.526828	50	50	50	70	70	90	70	70	50	70	70	50	70	50	40	50	40	40	40	70	40	40	40	30	50	30	30	30	40	40	30	20	20	30	20	50	50	50	50	40	40	40	40	40	50	30	40	40
systems thinking course mit	10	Medium	54	0.666621	2.27	10	10	20	20	20	20	10	10	10	20	20	20	20	10	10	10	10	10	10	10	10	10	10	10	0	10	10	10	10	10	10	10	10	10	10	20	10	10	10	10	10	10	20	10	10	10	10	10
systems thinking course online	30	Medium	34	0.66	6	20	20	30	40	50	30	20	30	20	20	20	10	30	10	20	10	20	20	30	30	30	20	40	20	20	30	40	30	20	20	20	20	10	20	10	10	20	20	20	20	30	30	30	20	30	30	20	40
systems thinking course syllabus	10	Low	5			10	10	10	10	10	10	10	10	10	30	10	10	10	10	10	0	10	10	10	10	10	10	10	10	10	10	10	0	10	10	0	10	10	10	10	10	10	10	10	10	10	10	10	10	10	10	10	10
systems thinking education	170	Low	11	1.52	8.759825	260	260	210	170	210	210	260	320	320	210	260	260	260	210	260	210	170	210	260	210	260	170	260	260	260	260	210	210	170	170	170	210	170	170	140	170	170	210	170	210	210	210	210	140	140	140	170	140
systems thinking for social change	590	High	74	0.253587	3.785961	590	480	390	390	390	480	590	480	480	480	480	590	480	480	480	390	390	590	480	480	480	480	720	720	590	590	590	720	480	590	720	720	590	590	880	590	720	590	590	480	720	590	590	590	590	480	590	590
systems thinking free online course	10	Low	10			10	10	10	10	10	10	10	10	10	10	10	10	10	10	10	10	10	20	10	10	20	30	20	20	10	20	10	10	10	10	10	0	10	10	10	10	10	40	10	10	10	10	10	10	10	10	10	20
systems thinking in business	170	Low	20	0.723159	4	390	320	320	260	260	320	480	480	320	260	320	320	320	260	260	170	170	260	260	260	260	170	260	260	260	260	210	210	210	170	260	260	210	140	210	170	210	210	170	210	170	210	260	210	170	110	170	170
systems thinking in healthcare	320	Low	4	1.09172	4.383958	590	480	590	480	480	480	590	720	590	480	590	720	720	590	590	480	390	480	590	720	590	480	590	590	590	720	480	390	390	390	480	480	390	320	390	480	390	320	390	320	260	260	390	320	260	210	260	260
systems thinking in practice	90	Medium	35	0.85775	4	70	70	40	70	50	50	70	70	90	50	50	90	90	90	70	90	70	70	70	50	70	70	90	90	110	90	110	70	90	70	70	70	70	50	90	70	90	70	70	70	70	90	210	90	70	70	90	70
systems thinking leadership	170	Low	28	1.353384	4.76	320	210	260	210	210	210	260	260	260	210	210	210	260	260	260	210	210	170	210	260	210	170	260	260	260	260	210	170	140	140	170	210	210	140	210	170	210	210	210	210	210	140	170	170	210	170	170	210
systems thinking mooc	10	Medium	45	0.299312	3.164131	10	20	10	10	10	10	10	20	10	10	20	10	10	20	30	10	10	10	40	10	10	30	10	20	10	10	10	0	10	10	10	10	10	10	10	20	20	10	10	20	10	10	10	10	10	10	20	10
systems thinking network	10	Low	3			10	10	10	10	10	10	10	10	10	10	10	10	10	10	20	10	10	10	10	10	10	10	10	10	10	10	10	10	10	10	10	10	10	10	10	20	10	10	10	10	10	10	10	10	10	10	10	20
systems thinking pdf	590	Low	9	0.553156	1.88	590	390	480	590	480	590	590	590	590	590	480	590	590	480	480	390	480	590	590	590	590	720	720	720	720	590	590	480	480	480	480	590	480	480	590	590	590	480	480	590	480	720	590	480	480	480	480	480
systems thinking phd	70	Low	9	1.426435	8.76415	70	70	70	70	70	70	90	140	90	70	70	70	90	70	90	90	70	70	70	70	90	110	110	50	110	110	110	50	70	50	70	110	90	70	90	70	70	70	90	70	50	50	70	90	70	40	110	90
systems thinking playbook pdf	20	Low	5			20	30	30	30	30	20	40	30	40	20	40	30	20	20	30	30	10	20	40	30	40	20	20	20	20	20	20	50	30	20	10	10	30	10	20	10	30	20	20	30	20	10	10	10	10	10	10	10
systems thinking practitioner	50	Low	33	1.34	5.447624	50	50	50	70	30	30	50	50	50	40	50	50	40	50	50	70	70	50	40	70	50	50	50	50	50	50	70	50	70	40	70	70	50	40	50	70	50	30	50	50	50	70	70	70	50	40	30	40
systems thinking research	20	Low	11			20	30	20	20	30	30	10	20	20	20	20	30	30	20	30	20	10	20	20	20	30	10	40	20	20	30	30	30	20	20	20	30	20	10	20	30	10	20	20	20	30	10	10	20	30	10	30	20
systems thinking short course	10	Medium	47	1	6	10	10	10	20	20	10	20	10	10	30	10	30	20	20	10	10	10	20	30	20	20	10	20	30	10	20	20	10	20	20	20	20	10	20	20	20	20	10	10	20	10	10	30	10	10	10	20	20
systems thinking stanford	10	Medium	43	0.259999	4	40	30	20	10	20	20	10	10	10	10	20	10	10	20	10	10	10	10	10	10	20	10	10	10	10	10	10	10	10	10	10	10	10	10	10	10	10	10	10	10	10	10	10	10	10	10	10	10
systems thinking systems practice	140	High	74	0.360403	3.886541	140	140	140	110	140	170	170	140	110	110	110	140	140	140	140	110	110	110	110	210	210	140	170	170	170	170	210	140	140	140	170	170	170	90	170	140	140	140	140	140	110	140	140	170	170	110	210	170
systems thinking training	210	Medium	43	1.555995	6	170	170	170	170	170	170	170	210	170	140	210	170	260	140	210	210	210	260	210	260	210	260	320	320	390	390	320	210	260	210	210	210	320	320	590	210	210	170	210	210	210	210	210	210	210	140	210	320
systems thinking workshop	50	Medium	38	0.816601	6	90	70	70	90	70	50	50	90	70	50	70	90	90	90	110	90	110	70	90	110	110	70	140	90	70	90	90	70	70	50	50	70	50	40	40	70	50	50	50	70	50	40	70	50	40	50	70	90
tech courses online	2900	Low	26	0.892329	19.884204	2400	2900	5400	12100	1300	1300	1300	1300	1300	1000	1300	1000	1300	1300	1300	1300	1900	1600	4400	1600	2400	6600	5400	2400	2900	6600	5400	1600	1000	1300	1300	1300	1900	1900	2400	1600	2400	2400	1900	2400	2400	2400	3600	3600	2900	2400	3600	1600
tech short courses	70	Medium	64	0.356627	2.24	10	20	20	10	20	10	10	20	10	10	20	20	20	20	50	50	50	40	30	50	50	50	90	50	70	70	70	70	70	70	70	70	70	40	90	90	70	50	110	50	50	40	50	50	70	50	110	50
tech skills to learn	1300	Medium	36	0.03047	0.68	590	590	720	590	880	1000	880	720	720	880	1600	1300	1600	1600	1900	1900	2400	1900	1900	1900	1900	1900	2900	2400	1900	1900	2400	1900	1900	1900	1900	2400	1900	1900	2400	1600	1900	1600	1600	1600	1600	1300	1300	1000	880	880	1000	720
technical architecture courses	110	Low	14	0.489848	2.34	170	140	140	210	170	170	210	140	140	140	170	140	170	210	170	210	170	210	170	170	170	170	170	170	170	170	210	210	320	210	170	140	140	110	170	140	170	140	140	110	90	70	70	70	70	90	90	260
technical problem solving	320	Low	1			480	320	390	320	320	320	480	390	390	320	480	390	390	390	320	320	260	320	320	390	390	210	390	480	480	390	320	320	320	320	320	320	320	260	480	320	390	390	260	260	260	320	320	320	260	210	320	320
technical product management	590	Low	19	0.624939	6.534936	880	720	720	720	880	720	720	880	720	720	880	720	880	720	880	720	720	720	720	720	720	720	880	880	880	720	720	590	720	720	720	720	720	590	720	590	720	880	590	590	480	480	590	590	480	390	480	590
technical product manager training	40	Low	19	3.11	9.97	70	70	70	70	50	70	40	50	50	70	50	50	50	40	70	50	70	70	50	70	70	40	70	70	50	40	70	40	50	70	50	70	30	30	40	40	50	40	30	40	50	30	50	40	20	20	30	110
technical program management	6600	Low	9	0.370836	6.92731	12100	9900	12100	9900	9900	9900	9900	9900	8100	6600	9900	8100	8100	8100	8100	8100	8100	8100	8100	8100	8100	6600	9900	9900	8100	8100	9900	8100	8100	8100	8100	8100	6600	6600	8100	8100	8100	6600	6600	6600	6600	6600	6600	6600	5400	5400	6600	6600
technical program management courses	70	Medium	64	1.084641	8.54	90	50	50	70	50	70	90	50	70	70	50	50	70	70	50	70	70	70	70	90	50	50	110	50	70	40	70	110	90	90	110	50	40	70	70	90	90	110	70	50	40	70	50	70	90	70	90	50
technical project management	6600	Low	11	0.317579	4.79758	8100	8100	8100	8100	8100	8100	8100	8100	6600	6600	8100	8100	8100	8100	8100	6600	6600	8100	6600	8100	6600	6600	9900	8100	8100	8100	8100	8100	6600	6600	6600	6600	6600	5400	6600	6600	8100	6600	6600	5400	6600	5400	6600	6600	5400	4400	6600	6600
technical project management courses	210	Low	23	1.082848	7.06944	260	210	170	210	210	170	210	210	170	170	210	210	210	210	170	210	210	210	170	260	170	140	260	170	210	210	320	210	210	210	210	260	210	170	210	260	390	260	320	260	210	110	140	170	110	110	210	480
technical project manager training	210	Low	23	1.082848	7.06944	260	210	170	210	210	170	210	210	170	170	210	210	210	210	170	210	210	210	170	260	170	140	260	170	210	210	320	210	210	210	210	260	210	170	210	260	390	260	320	260	210	110	140	170	110	110	210	480
technology workshops near me	70	Medium	40	0.370805	7.942174	20	30	30	30	30	30	50	20	40	20	50	50	70	40	50	30	50	40	50	50	50	50	50	70	70	70	90	90	70	70	70	50	70	70	70	50	70	70	70	70	70	50	70	70	70	70	70	40
the iceberg model of systems thinking	30	Low	1			10	10	10	10	10	10	20	20	40	30	30	40	50	70	40	40	20	20	30	40	40	40	50	50	50	40	30	20	10	10	20	20	20	20	30	20	20	20	30	40	20	20	20	50	30	10	50	30
the odin project	60500	Low	10	0.366455	4.109169	74000	74000	90500	110000	90500	110000	90500	90500	90500	74000	90500	74000	74000	60500	74000	74000	90500	90500	74000	90500	74000	74000	74000	74000	60500	60500	74000	74000	90500	74000	74000	74000	60500	60500	74000	60500	74000	60500	74000	74000	74000	74000	60500	60500	49500	49500	60500	49500
the systems thinker	390	Low	32	0.179433	3.54811	590	720	880	480	720	390	390	480	720	590	720	590	390	390	390	590	590	720	590	590	720	880	880	880	590	590	590	590	480	320	390	480	320	320	480	390	880	390	320	320	390	320	480	390	320	480	390	320
the v model systems engineering	40	Low	7			30	10	20	20	10	20	30	20	20	10	20	30	40	20	40	20	40	40	30	50	30	10	30	30	30	30	20	20	30	20	50	20	40	30	30	50	40	30	40	40	20	20	50	30	50	20	50	50
think in systems	880	Medium	60	0.071369	1.930161	260	170	210	320	260	320	260	320	390	320	320	260	320	260	260	260	320	720	390	320	320	390	390	320	390	390	390	390	390	480	390	390	480	390	1900	880	720	880	720	1000	720	880	880	880	880	880	1000	880
thinking in systems a primer	18100	Medium	55	0.131543	1.648348	6600	6600	8100	12100	8100	8100	8100	8100	9900	9900	9900	8100	8100	6600	6600	8100	8100	27100	9900	9900	9900	9900	12100	9900	9900	8100	8100	8100	12100	9900	9900	9900	12100	12100	49500	22200	14800	18100	14800	22200	14800	18100	14800	14800	14800	18100	22200	22200
thinking in systems donella meadows	18100	Medium	55	0.131543	1.648348	6600	6600	8100	12100	8100	8100	8100	8100	9900	9900	9900	8100	8100	6600	6600	8100	8100	27100	9900	9900	9900	9900	12100	9900	9900	8100	8100	8100	12100	9900	9900	9900	12100	12100	49500	22200	14800	18100	14800	22200	14800	18100	14800	14800	14800	18100	22200	22200
thinking in systems pdf	1900	Low	4	0.24	1.38	480	590	590	720	590	720	720	590	880	720	880	590	720	590	590	720	720	2400	1000	1000	880	1000	1300	880	880	880	880	1000	1600	1000	1000	880	1000	1000	6600	2400	1600	1900	1300	2900	1600	2400	1600	1600	1600	1600	2400	2400
thinking in systems summary	210	Low	10	0.424938	1.450394	210	170	170	210	210	210	260	260	320	260	390	260	260	210	170	170	210	590	260	260	260	210	320	260	210	210	210	210	210	210	210	210	210	210	880	320	320	320	210	260	170	170	170	170	140	170	170	140
thinking skills	4400	Low	7	0.137479	2.352844	9900	8100	9900	8100	5400	6600	9900	8100	8100	6600	8100	8100	9900	6600	8100	6600	6600	6600	8100	8100	6600	5400	6600	6600	8100	8100	8100	5400	5400	5400	6600	5400	5400	3600	4400	5400	5400	5400	5400	4400	3600	5400	5400	4400	4400	3600	4400	4400
thinking skills questions	170	Low	11			210	140	170	170	210	210	210	170	170	170	320	170	260	320	210	90	140	140	140	170	210	110	170	170	140	260	170	140	170	140	140	110	170	140	170	170	170	260	170	210	140	140	170	110	140	110	140	140
togaf course	1600	Medium	51	1.177307	6.713948	1600	1300	1600	1300	1600	1900	1600	1600	1600	1300	1600	1600	1900	1600	1900	1600	1600	1600	1600	1900	1900	1600	1900	2400	1900	1900	1900	1600	1900	1900	1900	1600	1600	1600	1900	1900	1900	1900	1900	1600	1600	1300	2900	1300	1300	1000	1600	1600
training for critical thinking	880	Low	21	0.713239	4.597983	880	720	880	720	720	880	720	720	880	590	880	880	880	880	720	720	720	720	720	880	880	720	1000	880	880	880	880	880	880	880	720	880	1600	1000	1300	880	1000	1000	1300	880	720	720	720	880	720	590	720	880
training program management	720	Medium	43	2.118594	10.203668	1000	880	880	880	880	1000	880	880	880	720	1000	1000	1000	880	1000	880	880	880	880	880	880	880	1000	880	880	1000	1000	1300	1300	1000	2900	2400	1000	720	880	1000	1000	880	720	590	590	480	720	480	390	480	590	720
tvet colleges offering project management	50	Medium	37	0.679293	1.20231	110	110	140	90	90	110	90	90	110	50	170	90	70	50	70	70	50	70	30	70	40	30	110	50	70	50	70	70	70	40	50	30	20	30	90	70	70	50	70	70	70	50	70	50	30	20	90	40
udemy	5000000	Low	29	0.099186	0.614208	7480000	6120000	6120000	6120000	7480000	7480000	7480000	6120000	7480000	6120000	7480000	6120000	7480000	6120000	6120000	6120000	6120000	6120000	6120000	6120000	6120000	5000000	7480000	6120000	6120000	5000000	6120000	6120000	6120000	6120000	6120000	6120000	5000000	5000000	6120000	5000000	6120000	5000000	5000000	5000000	6120000	5000000	5000000	5000000	5000000	4090000	5000000	4090000
udemy coursera	4400	Low	17	0.197582	2.54	720	590	720	720	720	1000	720	720	720	720	880	720	720	880	880	880	880	880	880	880	1000	1000	1000	1000	1000	1000	1300	1000	1300	1300	1300	1600	1300	1300	1600	1600	1900	1300	1300	1300	1300	1000	1600	1000	1000	27100	6600	2900
udemy courses	135000	Medium	40	0.121989	1.381405	74000	60500	135000	165000	201000	201000	165000	165000	201000	165000	246000	201000	201000	201000	201000	201000	201000	201000	74000	74000	90500	49500	110000	165000	135000	135000	135000	201000	201000	165000	165000	165000	165000	165000	201000	165000	165000	165000	201000	165000	165000	135000	135000	135000	135000	135000	165000	135000
udemy edx	90	Medium	39	0.19	1.995341	70	70	50	50	70	70	70	90	70	70	70	90	90	110	170	110	110	140	110	140	110	70	110	90	90	90	110	70	110	70	90	110	70	110	110	110	110	110	110	90	90	70	90	70	70	50	90	50
udemy online courses	27100	Low	18	0.099611	1.19	5400	4400	5400	6600	8100	8100	8100	8100	8100	6600	8100	8100	8100	6600	6600	6600	8100	8100	12100	5400	3600	4400	8100	5400	6600	6600	8100	6600	8100	8100	6600	6600	6600	6600	8100	8100	9900	14800	14800	18100	135000	74000	8100	8100	8100	8100	9900	14800
university of kwazulu natal	33100	Low	8	0.103214	0.737278	22200	22200	27100	22200	22200	22200	22200	18100	14800	12100	40500	27100	27100	27100	27100	22200	22200	22200	22200	22200	14800	12100	40500	27100	27100	33100	33100	27100	27100	27100	27100	22200	18100	18100	90500	49500	49500	40500	33100	27100	33100	33100	40500	33100	27100	14800	74000	33100
university of technology pretoria	260	Low	11	0.173889	0.782831	170	170	210	170	210	260	260	170	210	70	480	170	170	210	210	170	170	170	140	170	110	90	590	210	170	260	260	170	260	260	260	210	170	140	590	210	260	390	320	210	260	390	260	210	170	110	390	210
waters center for systems thinking	170	Low				170	110	170	90	140	140	140	210	170	110	170	170	170	140	170	170	110	140	170	140	140	90	170	140	140	140	170	140	140	140	170	140	110	90	170	170	170	170	210	170	170	140	170	170	170	140	170	170
web designing free course with certificate	320	Low	26	0.032671	2.21	260	260	260	390	320	260	320	390	390	390	320	320	390	390	390	390	590	480	390	390	390	480	590	480	590	590	590	720	720	590	480	390	390	320	480	390	480	480	480	390	390	390	320	320	260	210	210	260
website system design	110	Low	9	0.281853	3.591653	170	140	170	170	140	170	170	170	210	140	170	170	170	170	170	140	140	210	210	210	170	170	140	170	210	210	170	170	170	140	170	170	170	140	140	110	170	140	110	110	110	90	140	110	90	140	90	140
what is agile project management	4400	Low	13	0.211323	4.370374	8100	6600	8100	6600	6600	8100	6600	8100	8100	5400	8100	6600	8100	6600	6600	6600	6600	6600	6600	8100	6600	5400	8100	8100	8100	8100	8100	6600	6600	6600	6600	6600	5400	4400	6600	5400	6600	5400	5400	4400	4400	3600	5400	4400	3600	2900	4400	4400
what is system engineering	5400	Low	2	0.519999	7.011586	5400	4400	4400	4400	4400	5400	5400	5400	5400	4400	5400	5400	5400	5400	5400	5400	4400	5400	6600	6600	5400	5400	6600	6600	5400	6600	6600	5400	5400	5400	8100	6600	5400	4400	6600	5400	5400	5400	5400	4400	5400	5400	6600	6600	5400	5400	6600	5400
what is systems thinking	6600	Low	3	0.075642	13.122822	6600	5400	5400	4400	4400	5400	6600	6600	6600	4400	5400	6600	6600	5400	5400	4400	4400	5400	6600	6600	6600	4400	6600	6600	6600	6600	6600	5400	5400	5400	6600	6600	5400	4400	6600	5400	6600	6600	6600	6600	6600	6600	8100	8100	8100	6600	8100	8100
wpi system dynamics	10	Low	10			10	10	10	10	10	10	20	10	20	10	10	10	10	10	10	10	10	10	10	10	10	10	10	10	20	10	10	20	10	20	10	10	10	10	10	10	10	10	10	10	10	10	10	10	10	10	10	10
www coursera org	4400	Medium	41	0.46	13.762549	4400	4400	2900	2900	3600	3600	3600	3600	2900	2900	3600	2900	3600	3600	3600	3600	3600	3600	3600	3600	2900	2900	4400	3600	2900	2900	2900	2900	2900	2900	2900	2900	2900	2400	2900	3600	6600	8100	8100	6600	6600	4400	3600	4400	2400	1900	2400	2400
www mindluster com	3600	Medium	44	0.22	3.084391	20	30	50	110	40	20	20	10	40	90	50	30	50	140	1600	3600	2900	4400	2400	4400	2400	1900	1900	1900	1600	1300	1300	1000	1900	1600	1600	1600	1900	6600	3600	3600	2900	3600	2900	2400	5400	4400	4400	4400	4400	4400	4400	720
www ocw mit edu courses	30	Medium	43	0.469538	3.8	20	30	20	20	30	90	90	110	90	40	20	30	50	30	70	50	20	140	40	20	40	50	20	30	10	10	10	10	10	30	30	30	20	20	20	10	20	10	30	40	30	50	40	30	20	20	10	20
www pmi org	720	Medium	40	0.23	3.379778	1300	1000	1000	1000	1300	1600	1600	1300	1300	1000	1000	1000	1000	880	1300	880	1000	1000	1000	1000	880	880	1000	880	1000	880	880	720	880	880	880	880	720	720	880	720	880	880	720	720	880	720	720	720	590	720	720	720
www sdp edu za	110	Medium	33			110	50	30	20	20	10	10	10	10	10	10	10	10	10	10	10	10	10	10	170	210	110	210	210	90	110	50	40	70	30	30	20	20	10	210	70	110	210	210	110	110	140	140	90	50	50	30	10
xpro mit	5400	Medium	48	1.343869	11.10941	5400	4400	4400	3600	4400	4400	4400	4400	4400	3600	5400	4400	5400	5400	5400	4400	4400	5400	4400	4400	4400	4400	5400	5400	5400	5400	5400	4400	5400	6600	22200	6600	5400	3600	5400	4400	5400	5400	5400	5400	5400	5400	5400	5400	4400	3600	4400	4400
academy asana com	390	Low	26	0.041864	1.68	0	0	0	0	0	0	0	0	0	0	0	0	0	0	0	0	0	0	0	0	0	0	0	0	0	0	0	0	0	0	0	0	0	30	10	10	3600	260	90	40	30	40	50	20	10	10	70	50
academy asana com workflow specialist	30	Low	20	0.053011	2.121475	0	0	0	0	0	0	0	0	0	0	0	0	0	0	0	0	0	0	0	0	0	0	0	0	0	0	0	0	0	0	0	0	0	0	0	0	0	40	50	30	10	70	40	20	10	10	20	20
acumen systems thinking course						0	0	0	0	0	0	0	0	0	0	0	0	0	0	0	0	0	0	0	0	0	0	0	0	0	0	0	0	0	0	0	0	0	0	0	0	0	0	0	0	0	0	0	0	0	0	0	0
agicorp academy	20	Low	1			0	0	0	0	0	0	0	0	0	0	0	0	0	0	0	0	0	0	0	0	0	0	0	0	0	0	0	0	0	0	0	0	0	0	0	0	0	0	0	0	0	0	0	30	90	40	50	20
ai in systems engineering	50	Medium	42	1.876217	9.01	0	0	0	0	0	0	0	0	0	0	0	0	0	0	0	0	0	0	0	0	0	0	0	40	40	50	50	50	20	40	30	30	30	30	50	40	40	40	40	50	90	70	50	50	50	40	40	40
ai project management course	480	High	73	0.792715	5.80257	40	30	30	30	40	40	30	30	20	20	50	70	110	110	170	110	210	210	210	260	210	210	320	320	260	320	260	260	320	210	210	260	260	210	320	390	390	320	390	480	590	590	590	590	480	480	720	720
ai software engineer course	210	Medium	62	0.521859	8.213094	0	0	0	0	0	0	0	0	0	0	0	0	0	0	0	0	0	20	20	10	30	40	50	50	210	70	140	110	140	140	70	70	110	90	110	140	140	170	140	170	210	170	210	260	210	210	260	260
ai systems performance engineering	880	Medium	40	1.62	9.052803	0	0	0	0	0	0	0	0	0	0	0	0	0	0	0	0	0	0	0	0	0	0	0	0	0	0	0	0	0	0	0	0	0	0	0	0	0	50	90	90	210	210	210	1600	1600	2900	1900	1600
alx academy courses	10	Medium	42	0.496993	1.647225	0	0	0	0	0	0	0	0	0	0	0	0	0	0	0	0	0	0	0	0	0	0	0	0	0	0	0	0	0	0	0	0	0	0	0	0	0	0	0	0	0	0	0	0	0	30	70	40
applied systems thinking courses						0	0	0	0	0	0	0	0	0	0	0	0	0	0	0	0	0	0	0	0	0	0	0	0	0	0	0	0	0	0	0	0	0	0	0	0	0	0	0	0	0	0	0	0	0	0	0	0
apply mit edu	20	Low	29	1.006544	4.319425	0	0	0	0	0	0	0	0	0	0	0	0	0	0	0	0	0	0	0	0	0	0	0	0	0	0	0	0	0	0	0	20	30	30	20	20	20	10	10	10	10	20	20	20	20	30	30	20
ardiland institute of technology	260	Low	1			0	0	0	0	0	0	0	0	0	0	0	0	0	0	0	0	0	0	0	0	0	90	50	210	170	70	50	90	90	110	210	90	140	390	390	390	390	320	390	320	320	260	260	260	210	170	260	140
automation masters online	10	High	86			0	0	0	0	0	0	0	0	0	0	0	0	0	0	0	0	0	0	0	0	0	0	0	0	0	0	0	0	0	0	0	0	0	0	0	0	0	0	0	0	0	0	30	40	10	10	10	10
become a product manager by cole mercer	30	High	75	1.127986	5.12	0	0	0	0	0	0	0	0	0	0	0	0	0	0	0	0	0	0	0	0	0	0	0	0	0	0	0	0	0	0	0	0	0	0	0	0	0	0	0	0	0	0	40	20	30	10	20	260
business classes online with certificates	20	High	83	6.51	37.837996	0	0	0	0	0	0	0	0	0	0	0	0	0	0	0	0	0	0	0	0	0	0	0	0	0	0	0	0	0	0	0	0	0	0	0	0	0	0	0	0	70	20	10	10	20	10	20	20
business school e learning learnership smart lms						0	0	0	0	0	0	0	0	0	0	0	0	0	0	0	0	0	0	0	0	0	0	0	0	0	0	0	0	0	0	0	0	0	0	0	0	0	0	0	0	0	0	0	0	0	0	0	0
can i get shrm credit for systems thinking course						0	0	0	0	0	0	0	0	0	0	0	0	0	0	0	0	0	0	0	0	0	0	0	0	0	0	0	0	0	0	0	0	0	0	0	0	0	0	0	0	0	0	0	0	0	0	0	0
certificate in systems thinking	10	Medium	34			0	0	0	0	0	0	0	0	0	0	0	0	0	0	0	0	0	0	0	0	0	0	0	0	0	0	0	0	0	0	30	10	10	10	10	10	10	10	10	10	10	10	10	10	10	10	20	10
certification in agentic systems and design	140	High	71	0.827077	2.869299	0	0	0	0	0	0	0	0	0	0	0	0	0	0	0	0	0	0	0	0	0	0	0	0	0	0	0	0	0	0	0	0	0	0	0	0	0	0	0	0	0	0	0	0	0	50	1600	110
certification program in agentic systems and design	90	High	74	0.645637	2.154981	0	0	0	0	0	0	0	0	0	0	0	0	0	0	0	0	0	0	0	0	0	0	0	0	0	0	0	0	0	0	0	0	0	0	0	0	0	0	0	0	0	0	0	90	170	260	390	110
cleveland state university systems thinking course						0	0	0	0	0	0	0	0	0	0	0	0	0	0	0	0	0	0	0	0	0	0	0	0	0	0	0	0	0	0	0	0	0	0	0	0	0	0	0	0	0	0	0	0	0	0	0	0
cm punjab it certification program 2025	590	Low	6			0	0	0	0	0	0	0	0	0	0	0	0	0	0	0	0	0	0	0	0	0	0	0	0	0	0	0	0	0	0	0	0	0	0	0	0	0	0	0	0	0	0	6600	70	90	90	50	20
coding short courses online	30	High	69	0.404364	2.02	0	0	0	0	0	0	0	0	0	0	0	0	0	0	0	0	0	0	0	0	0	0	0	0	0	0	0	0	0	0	0	0	0	0	30	40	10	110	50	30	30	20	10	20	20	10	20	20
complex adaptive systems training						0	0	0	0	0	0	0	0	0	0	0	0	0	0	0	0	0	0	0	0	0	0	0	0	0	0	0	0	0	0	0	0	0	0	0	0	0	0	0	0	0	0	0	0	0	0	0	0
complex systems course online						0	0	0	0	0	0	0	0	0	0	0	0	0	0	0	0	0	0	0	0	0	0	0	0	0	0	0	0	0	0	0	0	0	0	0	0	0	0	0	0	0	0	0	0	0	0	0	0
course on systems thinking	30	Medium	46	0.491905	6	10	10	10	10	10	10	10	10	10	10	10	10	20	10	10	10	10	10	20	20	10	10	20	20	20	20	10	10	10	10	70	40	20	30	40	20	20	30	30	20	40	40	30	20	30	30	40	50
course system thinking quiz 1						0	0	0	0	0	0	0	0	0	0	0	0	0	0	0	0	0	0	0	0	0	0	0	0	0	0	0	0	0	0	0	0	0	0	0	0	0	0	0	0	0	0	0	0	0	0	0	0
course systems thinking						0	0	0	0	0	0	0	0	0	0	0	0	0	0	0	0	0	0	0	0	0	0	0	0	0	0	0	0	0	0	0	0	0	0	0	0	0	0	0	0	0	0	0	0	0	0	0	0
critical thinking bot	50	Low	3	1.029132	7.024287	0	0	0	0	0	0	0	0	0	0	0	0	0	0	0	0	0	0	0	0	0	0	0	0	0	0	0	0	0	0	0	0	0	0	0	0	0	0	0	0	0	0	0	0	0	0	0	720
design thinking systems course nyc						0	0	0	0	0	0	0	0	0	0	0	0	0	0	0	0	0	0	0	0	0	0	0	0	0	0	0	0	0	0	0	0	0	0	0	0	0	0	0	0	0	0	0	0	0	0	0	0
digitalskill lms	110	Low	3	0.51	0.765398	0	0	0	0	0	0	0	0	0	0	0	0	0	0	0	0	0	0	0	0	0	0	0	0	0	0	0	0	0	0	0	0	0	0	0	0	0	0	0	0	0	70	40	70	90	480	320	140
does economics count as a systems thinking course						0	0	0	0	0	0	0	0	0	0	0	0	0	0	0	0	0	0	0	0	0	0	0	0	0	0	0	0	0	0	0	0	0	0	0	0	0	0	0	0	0	0	0	0	0	0	0	0
e learning lms learnership 2024	10					0	0	0	0	0	0	0	0	0	0	0	0	0	0	0	0	0	0	0	0	0	0	260	260	210	880	720	1000	1300	880	390	320	140	110	40	20	20	10	10	0	10	10	10	0	0	0	0	0
e learning lms learnership 2025	140	Low	10			0	0	0	0	0	0	0	0	0	0	0	0	0	0	0	0	0	0	0	0	0	0	0	0	0	0	0	0	0	0	0	0	0	20	480	390	390	390	210	140	110	110	70	30	50	10	10	10
e learning lms learnership 2025 online application	110	Low	5	0.01	0.722633	0	0	0	0	0	0	0	0	0	0	0	0	0	0	0	0	0	0	0	0	0	0	0	0	0	0	0	0	0	0	0	0	0	0	0	70	140	170	110	90	50	140	110	90	140	50	50	70
e learning lms learnership application	140	Low	19	0.41	3.42	0	0	0	0	0	0	0	0	0	0	0	0	0	0	0	0	0	0	0	70	50	70	210	320	140	590	170	170	210	170	90	110	70	50	880	390	320	390	170	140	110	140	110	90	110	40	40	110
edx get smarter	10	Low	33			0	0	0	0	0	0	0	0	0	0	0	0	0	0	0	0	0	0	0	0	0	0	0	0	0	0	0	0	10	10	10	10	10	10	20	10	20	10	20	10	20	10	20	10	10	10	10	10
edx mooc org	20	Medium	62	0.174647	3.52	0	0	0	0	0	0	0	0	0	0	0	0	0	0	0	0	0	0	0	0	0	0	0	0	0	0	0	0	0	0	0	0	0	0	0	0	0	0	0	0	30	20	40	50	40	40	40	20
edx systems thinking	10	Medium	58	0.801504	4.100112	0	0	0	0	0	0	0	0	0	0	0	0	0	0	0	0	0	0	0	0	0	0	0	0	0	0	0	0	0	0	0	0	0	0	0	0	0	0	0	0	0	20	10	10	10	20	20	20
elearning lms learnership 2025	170					0	0	0	0	0	0	0	0	0	0	0	0	0	0	0	0	0	0	0	0	0	0	0	0	0	0	0	0	0	0	0	0	0	0	1000	480	720	720	170	110	70	140	50	10	10	10	0	0
elearning lms learnership 2025 online application	50	Low				0	0	0	0	0	0	0	0	0	0	0	0	0	0	0	0	0	0	0	0	0	0	0	0	0	0	0	0	0	0	0	0	0	0	90	70	90	140	140	140	30	20	10	10	20	10	10	20
elearning platform courses	260	Low	7	0.300368	2.879403	0	0	0	0	0	0	0	0	0	0	0	0	0	0	0	0	0	50	170	170	110	140	260	210	170	260	880	170	260	590	480	480	390	390	320	320	320	320	260	140	140	210	480	390	260	210	210	210
embedded systems engineer certification	10	Medium	37	0.86	7.770028	0	0	0	0	0	0	0	0	0	0	0	0	0	0	0	0	0	0	0	0	0	0	0	0	0	0	0	0	0	0	30	70	10	10	20	20	20	20	10	10	10	10	10	10	20	10	10	10
empowering rural women through it training	210	Low	8	0.687981	1.3	0	0	0	0	0	0	0	0	0	0	0	0	0	0	0	0	0	0	0	0	0	0	0	0	0	0	0	0	0	0	0	0	0	0	0	2900	1000	210	110	30	20	480	20	20	20	30	720	70
engineering systems thinking	10	Low	11			0	0	0	0	0	0	0	0	0	0	0	0	0	0	0	0	0	0	0	0	0	0	0	0	0	0	0	0	0	0	0	0	0	0	0	0	0	0	0	0	0	0	0	0	0	0	0	20
ethio coders et certification	9900	Low	4	0.380986	5.763212	0	0	0	0	0	0	0	0	0	0	0	0	0	0	0	0	0	0	0	0	0	0	0	0	0	0	0	0	0	210	390	1000	1600	2900	2400	1900	2900	5400	8100	18100	9900	6600	4400	9900	8100	18100	14800	12100
ethio coders et certification online	3600	Low	7	0.31	2.621238	0	0	0	0	0	0	0	0	0	0	0	0	0	0	0	0	0	0	0	0	0	0	0	0	0	0	0	0	0	0	0	10	140	390	320	170	480	1000	1900	3600	3600	4400	2400	4400	3600	8100	8100	4400
ethiocoders et courses	27100	Low	2	0.567681	10.82584	0	0	0	0	0	0	0	0	0	0	0	0	0	0	0	0	0	0	0	0	0	0	0	0	0	0	0	0	0	3600	4400	5400	8100	12100	6600	8100	12100	18100	33100	33100	27100	22200	18100	40500	27100	33100	27100	22200
frank miano msb tutorial						0	0	0	0	0	0	0	0	0	0	0	0	0	0	0	0	0	0	0	0	0	10	0	0	0	0	0	0	0	0	0	0	0	0	0	0	0	0	0	0	0	0	0	0	0	0	0	0
free online courses on systems thinking						0	0	0	0	0	0	0	0	0	0	0	0	0	0	0	0	0	0	0	0	0	0	0	0	0	0	0	0	0	0	0	0	0	0	0	0	0	0	0	0	0	0	0	0	0	0	0	0
free systems thinking course	10	Low	15	0.067063	4.469931	0	0	0	0	0	0	0	0	0	0	0	0	0	0	0	0	0	0	0	0	0	0	0	0	0	0	0	0	0	0	0	0	0	0	0	0	0	0	20	10	10	20	20	10	20	20	20	30
fully funded masters in project management	10	Medium	64	0.503184	9.41	0	0	0	0	0	0	0	0	0	0	0	0	0	0	0	0	0	0	0	0	0	0	0	20	40	10	30	90	50	30	50	30	10	40	10	10	10	20	10	20	10	10	10	10	10	10	20	10
futures thinking certification	10	High	71	0.966907	3.371097	0	0	0	0	0	0	0	0	0	0	0	0	0	0	0	0	0	0	0	0	0	0	0	0	0	0	0	0	0	0	0	40	10	10	10	10	20	20	10	10	10	30	20	10	10	10	10	10
futureskill elearning platform	320	Low	3	0.25	1.17	0	0	0	0	0	0	0	0	0	0	0	0	0	0	0	0	0	0	0	0	0	0	0	0	0	0	0	0	0	0	0	0	0	0	0	0	0	0	0	0	0	0	320	590	720	720	880	590
google cybersecurity professional certificate via coursera	30	Medium	37	0.271194	4.60475	0	0	0	0	0	0	0	0	0	0	0	0	0	0	0	0	0	0	0	0	0	0	0	0	0	0	0	0	0	0	0	0	0	0	0	0	0	0	0	30	50	70	20	40	30	30	40	110
google management project certificate	20	Medium	58	0.837906	12.134068	0	0	0	0	0	0	0	0	0	0	0	0	0	0	0	0	0	0	0	0	0	170	170	480	320	320	260	480	390	90	90	30	50	10	20	20	10	20	30	20	20	10	30	20	20	20	20	20
graphic design systems thinking course						0	0	0	0	0	0	0	0	0	0	0	0	0	0	0	0	0	0	0	0	0	0	0	0	0	0	0	0	0	0	0	0	0	0	0	0	0	0	0	0	0	0	0	0	0	0	0	0
how to apply pmo	10	Low				0	0	0	0	0	0	0	0	0	0	0	0	0	0	0	0	0	0	0	0	0	0	0	0	0	0	0	0	0	10	10	10	10	10	10	10	10	10	10	20	30	20	10	10	10	10	10	10
how to develop problem solving skills in the workplace	10	Low	10			0	0	0	0	0	0	0	0	0	0	0	0	0	0	0	0	0	0	0	0	30	10	10	30	40	10	10	20	30	20	20	30	20	20	20	20	20	10	10	10	10	10	10	20	10	10	10	10
https skills nutech edu pk	20	Low	6			0	0	0	0	0	0	0	0	0	0	0	0	0	0	0	0	0	0	0	0	0	0	0	0	0	0	0	0	0	0	0	0	0	0	50	20	40	10	10	10	10	10	20	20	50	10	10	10
https www coursera org learn foundations of project management	10	Medium	56	0.28	3.19	0	0	0	0	0	0	0	0	0	0	0	0	0	0	0	0	0	0	0	0	0	0	0	0	0	0	0	0	0	0	0	0	0	0	0	0	0	0	0	0	0	0	0	0	0	0	50	50
https www edx org school harvardx						0	0	0	0	0	0	0	0	0	0	0	0	0	0	0	0	0	0	0	0	0	0	0	0	0	0	0	0	0	0	0	0	0	0	0	0	0	0	0	0	0	0	0	0	0	0	0	0
https www edx org school mitx						0	0	0	0	0	0	0	0	0	0	0	0	0	0	0	0	0	0	0	0	0	0	0	0	0	0	0	0	0	0	0	0	0	0	0	0	0	0	0	0	0	0	0	0	0	0	0	0
https www tcsion com courses career edge	50	Low	10			0	0	0	0	0	0	0	0	0	0	0	0	0	0	0	0	0	0	0	0	0	0	0	0	0	0	0	0	0	0	50	10	10	110	10	20	170	30	10	90	40	30	50	50	50	40	40	30
https www theforage com simulations cbre project management x2vz	30					0	0	0	0	0	0	0	0	0	0	0	0	0	0	0	0	0	0	0	0	0	0	0	0	0	0	0	0	0	0	0	0	0	0	0	0	0	0	0	0	0	0	0	50	140	140	10	0
hubspot academy revenue operations certification	50	Low	9	0.619012	7.22	0	0	0	0	0	0	0	0	0	0	0	0	0	0	0	0	0	0	0	0	0	0	0	0	0	0	0	0	0	0	0	0	0	0	0	0	0	0	0	0	50	40	40	50	70	90	110	170
ibm business analyst professional certificate	480	Low	27	0.565185	5.951136	0	0	0	0	0	0	0	0	0	0	0	0	0	0	0	0	0	0	0	0	0	0	0	0	0	0	0	0	0	0	0	10	70	170	320	260	320	390	480	480	480	390	590	480	590	590	880	720
in terms of system thinking what is process course hero						0	0	0	0	0	0	0	0	0	0	0	0	0	0	0	0	0	0	0	0	0	0	0	0	0	0	0	0	0	0	0	0	0	0	0	0	0	0	0	0	0	0	0	0	0	0	0	0
india arbitrary allocation pro to the bhajan systemic thinking courses						0	0	0	0	0	0	0	0	0	0	0	0	0	0	0	0	0	0	0	0	0	0	0	0	0	0	0	0	0	0	0	0	0	0	0	0	0	0	0	0	0	0	0	0	0	0	0	0
innovation of products and services mits approach to design thinking						0	0	0	0	0	0	0	0	0	0	0	0	0	0	0	0	0	0	0	0	0	0	0	0	0	0	0	0	0	0	0	0	0	0	0	0	0	0	0	0	0	0	0	0	0	0	0	0
intro to project management google	10	Medium	39			0	0	0	0	0	0	0	0	0	0	0	0	0	0	0	0	0	0	0	0	0	0	0	0	0	0	0	0	20	10	20	20	10	10	20	10	10	10	10	10	10	10	10	10	10	10	10	10
introduction to project management alison	10	High	76	0.37	3.435028	0	0	0	0	0	0	0	0	0	0	0	0	0	0	0	0	0	0	0	0	0	0	0	0	0	0	0	0	0	0	0	0	0	0	0	0	0	0	30	20	20	30	10	10	10	10	10	10
introduction to systems thinking course						0	0	0	0	0	0	0	0	0	0	0	0	0	0	0	0	0	0	0	0	0	0	0	0	0	0	0	0	0	0	0	0	0	0	0	0	0	0	0	0	0	0	0	0	0	0	0	0
isee systems thinking course						0	0	0	0	0	0	0	0	0	0	0	0	0	0	0	0	0	0	0	0	0	0	0	0	0	0	0	0	0	0	0	0	0	0	0	0	0	0	0	0	0	0	0	0	0	0	0	0
it specialist school						0	0	0	0	0	0	0	0	0	0	0	0	0	0	0	0	0	0	0	0	0	0	0	0	0	0	0	0	0	0	0	0	0	0	0	0	0	0	0	0	0	0	0	0	0	0	0	0
knowledge learning platform	20	Low	17	0.180318	15.404669	0	0	0	0	0	0	0	0	0	0	0	0	0	0	0	0	0	0	0	0	0	0	0	0	0	0	0	0	0	30	30	20	30	10	20	10	20	10	10	10	10	10	30	70	50	20	30	30
learn mit edu	210	Low	23	0.31	1.594365	0	0	0	0	0	0	0	0	0	0	0	0	0	0	0	0	0	0	0	0	0	0	0	0	0	0	0	0	0	0	0	0	0	0	0	0	0	0	0	0	590	720	210	210	260	140	90	170
learn the latest tech skills	40	Medium	53	0.18405	0.737546	0	0	0	0	0	0	0	0	0	0	0	0	0	0	0	0	0	0	0	0	0	0	0	0	0	0	0	0	0	0	0	0	0	0	0	0	0	0	0	50	50	90	30	20	20	50	90	40
linkedin learning systems thinking course						0	0	0	0	0	0	0	0	0	0	0	0	0	0	0	0	0	0	0	0	0	0	0	0	0	0	0	0	0	0	0	0	0	0	0	0	0	0	0	0	0	0	0	0	0	0	0	0
lms learnership 2025	110	Low				0	0	0	0	0	0	0	0	0	0	0	0	0	0	0	0	0	0	0	0	0	0	0	0	0	0	0	0	0	0	0	0	0	0	590	210	320	320	210	70	40	50	70	40	70	10	10	10
lms learnership application	210	Low	5	0.01	0.209601	0	0	0	0	0	0	0	0	0	0	0	0	0	0	0	0	0	8100	1000	4400	480	170	390	260	110	260	90	90	90	70	90	140	70	140	720	480	390	210	260	210	210	140	140	110	170	90	260	260
lms learning program	10	Medium	34	0.961651	22.363474	0	0	0	0	0	0	0	0	0	0	0	0	0	0	0	0	0	5400	720	1000	720	210	110	30	20	20	40	20	20	10	10	10	10	10	10	10	10	10	10	10	10	10	10	0	10	10	10	10
lms training application	30	Medium	56	0.76534	4.1	0	0	0	0	0	0	0	0	0	0	0	0	0	0	0	0	0	0	0	0	0	0	0	0	0	0	0	0	0	0	0	0	0	0	0	0	0	0	0	0	0	0	0	0	210	20	70	40
lms training learning program 2026	30	Medium	39	0.480468	3.04	0	0	0	0	0	0	0	0	0	0	0	0	0	0	0	0	0	0	0	0	0	0	0	0	0	0	0	0	0	0	0	0	0	0	0	0	0	0	0	0	0	0	0	0	110	30	140	110
lms training learning programme 2026	20	Low	30	0.429664	2.33	0	0	0	0	0	0	0	0	0	0	0	0	0	0	0	0	0	0	0	0	0	0	0	0	0	0	0	0	0	0	0	0	0	0	0	0	0	0	0	0	0	0	0	0	70	10	90	70
lms training program	40	Medium	39	0.684139	4.66	20	10	10	10	10	10	10	10	10	20	20	10	10	20	10	10	10	90	170	40	10	10	10	10	10	10	10	10	10	20	30	20	20	20	20	20	30	30	20	30	210	20	10	30	70	30	30	10
mit bwsi beaver works summer institute	10	Low	33	1.161181	3.7	0	0	0	0	0	0	0	0	0	0	0	0	0	0	0	0	0	0	0	0	0	0	0	0	0	0	0	0	0	0	0	0	0	0	0	0	0	0	0	0	0	0	0	0	0	0	70	50
mit fundamentals of finance	110	Low	32	0.810127	5.529684	0	0	0	0	0	0	0	0	0	0	0	0	0	0	0	0	0	0	0	0	0	0	0	0	0	0	0	0	0	0	0	0	0	0	0	0	0	0	0	0	10	260	110	320	210	40	320	210
mit introduction to technology engineering and science	70	Low	28	1.25777	4.921359	0	0	0	0	0	0	0	0	0	0	0	0	0	0	0	0	0	0	0	0	0	30	30	10	10	30	20	10	10	20	10	30	30	40	140	70	50	50	40	50	50	50	50	50	70	70	110	90
mit ocw system dynamics self study	10	Low	12			0	0	0	0	0	0	0	0	0	0	0	0	0	0	0	0	0	0	0	0	0	0	0	0	0	0	0	0	0	0	0	20	50	10	10	10	10	10	10	10	10	10	10	10	10	10	10	10
mit opencourseware manufacturing processes	20	Low	1			0	0	0	0	0	0	0	0	0	0	0	0	0	0	0	0	0	0	0	0	0	0	0	0	0	0	0	0	0	0	0	0	0	0	0	0	30	10	10	10	20	20	20	10	10	10	20	20
mit opencourseware ocw website	10	Low	23	0.619046	6.057147	0	0	0	0	0	0	0	0	0	0	0	0	0	0	0	0	0	0	0	0	0	0	0	0	0	0	0	0	0	0	0	0	0	0	0	0	0	0	0	0	0	0	0	0	30	20	30	50
mit opencourseware system dynamics	40	Low	29	0.690788	9	0	0	0	0	0	0	0	0	0	0	0	0	0	0	0	0	0	0	0	0	0	0	0	0	0	0	0	0	0	0	50	30	20	20	30	40	40	40	30	20	40	50	20	30	30	40	40	50
mit opencourseware systems thinking	20	Medium	39	0.716199	6	0	0	0	0	0	0	0	0	0	0	0	0	0	0	0	0	0	0	0	0	0	0	0	0	0	0	0	0	0	0	0	0	0	0	0	0	0	0	20	10	30	20	30	10	20	30	20	20
mit research science institute rsi	5400	Low	16	1.064671	4.06	2400	1600	1300	1600	1900	1900	1600	2400	4400	2900	2400	2400	1900	1900	1900	2400	2900	2900	2900	3600	5400	6600	4400	3600	2900	2900	2400	2400	3600	2900	2900	4400	6600	8100	4400	3600	4400	4400	4400	5400	4400	3600	4400	6600	8100	12100	8100	6600
mit system thinking course	70	Medium	56	1.22	7.413164	10	20	10	10	20	20	20	20	10	20	20	20	30	30	20	10	10	20	30	20	20	20	30	40	20	20	20	20	20	10	30	20	20	20	30	20	30	40	50	50	50	90	90	90	70	40	110	90
mit website login	40	Low	3			0	0	0	0	0	0	0	0	0	0	0	0	0	0	0	0	0	0	0	0	0	0	0	0	0	0	0	0	0	0	0	20	20	20	10	20	20	30	40	30	70	70	40	40	40	10	40	20
mit xpro system thinking	10	Medium	55	1.853036	10.491376	0	0	0	0	0	0	0	0	0	0	0	0	0	0	0	0	0	0	0	0	0	0	0	0	0	0	0	0	0	0	0	0	0	0	0	0	0	0	0	0	0	0	20	20	10	10	30	30
mit xpro systems thinking course						0	0	0	0	0	0	0	0	0	0	0	0	0	0	0	0	0	0	0	0	0	0	0	0	0	0	0	0	0	0	0	0	0	0	0	0	0	0	0	0	0	0	0	0	0	0	0	0
mites minority introduction to engineering and science	50	Low	27	1.51	5.32	0	0	0	0	0	0	0	0	0	0	0	0	0	0	0	0	0	0	0	0	0	0	0	0	0	0	0	0	0	20	10	10	20	30	40	20	30	20	20	20	30	40	30	30	50	70	140	70
mitx systems thinking	10	Medium	40	0.98	15.54	0	0	0	0	0	0	0	0	0	0	0	0	0	0	0	0	0	0	0	0	0	0	0	0	0	0	0	0	0	0	0	0	0	0	0	0	0	0	0	0	0	0	0	0	0	0	10	20
mobile system design book	140	Low	22	0.258605	0.790715	0	0	0	0	0	0	0	0	0	0	0	0	0	0	0	0	40	30	70	90	90	110	70	90	110	70	90	110	70	70	90	70	70	40	70	40	70	70	70	320	210	140	110	90	110	140	140	90
moringa school						0	0	0	0	0	0	0	0	0	0	0	0	0	0	0	0	0	0	0	0	0	0	0	0	0	0	0	0	0	0	0	0	0	0	0	0	0	0	0	0	0	0	0	0	0	0	0	0
my business e learning platform	1900	Low	15	0.349916	1.086099	0	0	0	0	0	0	0	0	0	0	0	0	0	0	0	0	0	0	0	0	0	0	0	0	0	0	0	0	0	390	1300	2900	3600	2900	3600	3600	3600	2400	2900	3600	2900	1600	390	880	2400	260	90	260
northlink college						0	0	0	0	0	0	0	0	0	0	0	0	0	0	0	0	0	0	0	0	0	0	0	0	0	0	0	0	0	0	0	0	0	0	0	0	0	0	0	0	0	0	0	0	0	0	0	0
ocw mit edu courses 6 s087 foundation	10					0	0	0	0	0	0	0	0	0	0	0	0	0	0	0	0	0	0	0	0	0	0	0	0	0	0	0	0	0	0	0	0	0	0	0	0	0	0	0	0	0	0	20	40	20	10	0	0
omidyar systems thinking course						0	0	0	0	0	0	0	0	0	0	0	0	0	0	0	0	0	0	0	0	0	0	0	0	0	0	0	0	0	0	0	0	0	0	0	0	0	0	0	0	0	0	0	0	0	0	0	0
online ai courses with certificate	480	High	75	0.459069	3.395915	0	0	0	0	0	0	0	0	0	0	0	0	0	0	0	0	0	30	10	40	50	30	30	20	30	30	50	50	50	30	70	20	20	30	50	40	40	90	170	320	170	210	210	260	590	720	1300	1600
online classes for it jobs	10	Low	19	6.346763	21.730582	0	0	0	0	0	0	0	0	0	0	0	0	0	0	0	0	30	10	10	10	10	10	20	10	10	20	30	20	10	10	10	10	10	10	20	10	10	10	10	20	10	10	10	10	10	20	10	20
online classes it course	20	High	67	0.588099	8.015988	0	0	0	0	0	0	0	0	0	0	0	0	0	0	0	0	0	0	0	0	0	0	0	0	0	0	0	0	0	0	0	0	0	0	0	0	0	0	0	0	20	20	10	10	50	30	50	40
online college it courses						0	0	0	0	0	0	0	0	0	0	0	0	0	0	0	0	0	0	0	0	0	0	0	0	0	0	0	0	0	0	0	0	0	0	0	0	0	0	0	0	0	0	0	0	0	0	0	0
online computer training school						0	0	0	0	0	0	0	0	0	0	0	0	0	0	0	0	0	0	0	0	0	0	0	0	0	0	0	0	0	0	0	0	0	0	0	0	0	0	0	0	0	0	0	0	0	0	0	0
online courses in kenya with certificates	260	Medium	54	0.100735	0.734544	0	0	0	0	0	0	0	0	0	0	0	0	0	0	0	0	0	0	0	0	0	40	70	70	70	40	70	50	70	90	90	90	110	90	210	210	210	170	210	260	260	210	320	260	260	210	390	260
online courses with certificates in kenya	140	High	68	0.1	1.07084	0	0	0	0	0	0	0	0	0	0	0	0	0	0	0	0	0	0	0	0	0	0	40	20	10	10	20	10	20	10	30	20	10	20	90	20	90	90	140	50	50	110	90	170	170	210	210	170
online learnership lms	30	Medium	54	0.501904	3.75	0	0	0	0	0	0	0	0	0	0	0	0	0	0	0	0	0	0	0	0	0	0	0	0	0	0	0	0	0	0	0	0	0	0	0	0	0	0	0	0	0	0	0	0	170	90	20	20
online learnerships for 2025 with stipend	9900	Low	26	0.253176	0.856934	0	0	0	0	0	0	0	0	0	0	0	0	0	0	0	0	0	0	0	0	0	0	0	0	0	0	0	0	0	30	50	140	210	320	2900	5400	12100	12100	12100	12100	12100	12100	12100	9900	6600	4400	2900	1600
online system thinking course						0	0	0	0	0	0	0	0	0	0	0	0	0	0	0	0	0	0	0	0	0	0	0	0	0	0	0	0	0	0	0	0	0	0	0	0	0	0	0	0	0	0	0	0	0	0	0	0
online tech courses with certificates	50	High	76	0.429075	11.082986	0	0	0	0	0	0	0	0	0	0	0	0	0	0	0	0	0	0	0	30	70	10	20	20	90	10	20	10	40	70	50	70	70	50	110	50	50	70	70	40	30	50	40	40	30	50	50	40
open university systems thinking course						0	0	0	0	0	0	0	0	0	0	0	0	0	0	0	0	0	0	0	0	0	0	0	0	0	0	0	0	0	0	0	0	0	0	0	0	0	0	0	0	0	0	0	0	0	0	0	0
paksoft skill certificate	480	Low	11	0.22	1.879981	0	0	0	0	0	0	0	0	0	0	0	0	0	0	0	0	0	0	0	0	0	0	0	0	0	0	0	0	0	0	0	0	0	0	0	0	0	0	0	0	0	0	0	110	2900	720	1300	480
product school teachable						0	0	0	0	0	0	0	0	0	0	0	0	0	0	0	0	0	0	0	0	0	0	0	0	0	0	0	0	0	0	0	0	0	0	0	0	0	0	0	0	0	0	0	0	0	0	0	0
professionalonline2 mit edu	20	Medium	47	1.25	8.45	0	0	0	0	0	0	0	0	0	0	0	0	0	0	0	0	0	0	0	0	0	0	0	0	0	0	0	0	0	0	0	0	0	0	0	0	20	10	20	30	20	20	20	20	20	10	20	10
project management course drive google com	10	Low				0	0	0	0	0	0	0	0	0	0	0	0	0	0	0	0	0	0	0	0	0	0	0	110	70	50	50	10	10	10	10	20	30	20	10	10	10	10	10	10	10	10	0	10	10	10	10	10
project management course in ethiopia	10	Low	29	0.085626	0.57	0	0	0	0	0	0	0	0	0	0	0	0	0	0	0	0	0	0	0	0	0	0	0	0	0	0	0	0	0	0	0	0	0	20	10	10	10	10	10	10	40	30	10	10	10	10	10	10
project management courses with certificates	170	Low	28	0.761606	6.992146	40	30	50	40	70	50	40	40	40	50	50	40	40	50	70	50	50	70	90	90	90	50	70	90	110	170	170	110	140	110	110	70	110	110	170	210	210	140	140	210	170	170	170	170	170	110	210	210
project management leading organizations to success	10	Medium	60	0.996015	5.965988	0	0	0	0	0	0	0	0	0	0	0	0	0	0	0	0	0	0	0	0	0	0	0	40	30	20	10	10	10	10	10	10	10	10	20	10	10	10	20	10	10	10	10	10	20	10	10	10
project management learnership nqf level 5	20	Low	32	0.488367	1.83	0	0	0	0	0	0	0	0	0	0	0	0	0	0	0	0	0	0	0	0	0	0	0	0	0	0	0	0	0	0	0	0	0	0	0	30	10	20	10	10	10	10	20	10	10	10	40	20
project management skills certification	20	High	71	0.875916	8.163416	0	0	0	0	0	0	0	0	0	0	0	0	0	0	0	0	0	0	0	0	0	0	0	40	20	30	20	20	20	10	10	10	10	10	10	30	40	10	30	10	10	10	10	10	20	40	30	30
send online lms						0	0	0	0	0	0	0	0	0	0	0	0	0	0	0	0	0	0	0	0	0	0	0	0	0	0	0	0	0	0	0	0	0	0	0	0	0	0	0	0	0	0	0	0	0	0	0	0
senge systems thinking course						0	0	0	0	0	0	0	0	0	0	0	0	0	0	0	0	0	0	0	0	0	0	0	0	0	0	0	0	0	0	0	0	0	0	0	0	0	0	0	0	0	0	0	0	0	0	0	0
seta learning practitioner engineering programme	20	Low	29			0	0	0	0	0	0	0	0	0	0	0	0	0	0	0	0	0	0	0	0	0	0	0	0	0	0	0	0	0	0	0	0	0	0	0	0	0	0	0	0	0	0	0	170	10	0	0	10
simple learn skill up	480	Medium	48	0.242982	1.316683	0	0	0	0	0	0	0	0	0	0	0	0	0	0	0	0	0	0	0	0	0	0	0	0	0	0	0	0	0	0	30	30	40	40	40	50	90	90	110	70	110	140	320	390	880	1300	1300	1300
simple learning skillup	140	Medium	36	0.243484	1.399804	0	0	0	0	0	0	0	0	0	0	0	0	0	0	0	0	0	0	0	0	0	0	0	0	0	0	0	0	0	0	0	0	0	0	0	0	0	0	30	20	90	140	210	320	260	210	210	110
simplify complex problems						0	0	0	0	0	0	0	0	0	0	0	0	0	0	0	0	0	0	0	0	0	0	0	0	0	0	0	0	0	0	0	0	0	0	0	0	0	0	0	0	0	0	0	0	0	0	0	0
simplify complex processes						0	0	0	0	0	0	0	0	0	0	0	0	0	0	0	0	0	0	0	0	0	0	0	0	0	0	0	0	0	0	0	0	0	0	0	0	0	0	0	0	0	0	0	0	0	0	0	0
skill certificate online	90	Medium	45	0.2	1.01	0	0	0	0	0	0	0	0	0	0	0	0	0	0	0	0	0	0	0	0	0	0	0	0	0	0	0	0	0	0	0	0	0	20	30	30	20	10	20	10	20	20	40	30	140	170	260	260
skill sprint e learning platform	2400	Low	14	0.25	1.5	0	0	0	0	0	0	0	0	0	0	0	0	0	0	0	0	0	0	0	0	0	0	0	0	0	0	0	0	0	0	0	0	0	0	0	0	3600	4400	6600	5400	5400	5400	720	210	110	90	90	50
soft skill certificate pakistan	3600	Low	8	0.22	0.874891	0	0	0	0	0	0	0	0	0	0	0	0	0	0	0	0	0	0	0	0	0	0	0	0	0	0	0	0	0	0	0	0	0	0	0	0	0	0	0	0	0	0	880	2400	18100	6600	6600	4400
soft skill training certificate pakistan	90	Low	8	0.14802	1	0	0	0	0	0	0	0	0	0	0	0	0	0	0	0	0	0	0	0	0	0	0	0	0	0	0	0	0	0	0	0	0	0	0	0	0	0	0	0	0	0	0	0	90	590	210	170	140
strategic learnership	10	Low	14	0.397676	3.76	0	0	0	0	0	0	0	0	0	0	0	0	0	0	0	0	0	0	0	0	0	0	0	0	0	0	0	0	0	0	0	0	0	0	0	0	0	0	0	0	0	0	0	0	0	0	0	40
supply chain management short courses online	50	Medium	65	0.497701	1.916795	0	0	0	0	0	0	0	0	0	0	0	0	0	0	0	0	50	40	30	70	30	30	50	40	40	40	50	40	20	20	30	10	10	10	40	30	20	10	30	20	40	50	40	10	70	70	260	90
system architecture program						0	0	0	0	0	0	0	0	0	0	0	0	0	0	0	0	0	0	0	0	0	0	0	0	0	0	0	0	0	0	0	0	0	0	0	0	0	0	0	0	0	0	0	0	0	0	0	0
system design for managers	20	Medium	42	0.368732	6.28543	0	0	0	0	0	0	0	0	0	0	0	0	0	0	0	0	0	20	20	10	10	10	20	20	10	20	10	10	10	10	10	10	10	10	10	10	30	20	10	10	10	10	10	20	20	10	20	20
system dynamics certificate						0	0	0	0	0	0	0	0	0	0	0	0	0	0	0	0	0	0	0	0	0	0	0	0	0	0	0	0	0	0	0	0	0	0	0	0	0	0	0	0	0	0	0	0	0	0	0	0
system engineer bootcamp	30	Medium	51	1.47	7.820793	0	0	0	0	0	0	0	0	0	0	0	0	20	10	30	10	50	50	70	40	40	50	50	20	40	40	40	140	90	90	1300	3600	880	30	110	20	30	30	30	30	70	20	30	30	20	40	30	30
system modeling course						0	0	0	0	0	0	0	0	0	0	0	0	0	0	0	0	0	0	0	0	0	0	0	0	0	0	0	0	0	0	0	0	0	0	0	0	0	0	0	0	0	0	0	0	0	0	0	0
system thinking and analysis course description						0	0	0	0	0	0	0	0	0	0	0	0	0	0	0	0	0	0	0	0	0	0	0	0	0	0	0	0	0	0	0	0	0	0	0	0	0	0	0	0	0	0	0	0	0	0	0	0
system thinking course free	90	Low	14	0.05208	2.464676	40	50	40	50	50	40	50	40	70	50	70	40	70	70	70	50	70	70	70	70	90	50	70	70	70	70	70	50	90	50	110	90	50	90	110	70	70	70	70	70	90	140	140	70	110	110	110	90
system thinking course outline						0	0	0	0	0	0	0	0	0	0	0	0	0	0	0	0	0	0	0	0	0	0	0	0	0	0	0	0	0	0	0	0	0	0	0	0	0	0	0	0	0	0	0	0	0	0	0	0
system thinking mit course	10	Medium	49	0.808097	6	0	0	0	0	0	0	0	0	0	0	0	0	0	0	0	0	0	0	0	0	0	0	0	0	0	0	0	0	0	0	0	0	0	0	0	0	0	0	0	0	0	0	0	0	0	0	0	20
system thinking simulation						0	0	0	0	0	0	0	0	0	0	0	0	0	0	0	0	0	0	0	0	0	0	0	0	0	0	0	0	0	0	0	0	0	0	0	0	0	0	0	0	0	0	0	0	0	0	0	0
systems dynamic method						0	0	0	0	0	0	0	0	0	0	0	0	0	0	0	0	0	0	0	0	0	0	0	0	0	0	0	0	0	0	0	0	0	0	0	0	0	0	0	0	0	0	0	0	0	0	0	0
systems thinking college course						0	0	0	0	0	0	0	0	0	0	0	0	0	0	0	0	0	0	0	0	0	0	0	0	0	0	0	0	0	0	0	0	0	0	0	0	0	0	0	0	0	0	0	0	0	0	0	0
systems thinking competency course						0	0	0	0	0	0	0	0	0	0	0	0	0	0	0	0	0	0	0	0	0	0	0	0	0	0	0	0	0	0	0	0	0	0	0	0	0	0	0	0	0	0	0	0	0	0	0	0
systems thinking competency course mit						0	0	0	0	0	0	0	0	0	0	0	0	0	0	0	0	0	0	0	0	0	0	0	0	0	0	0	0	0	0	0	0	0	0	0	0	0	0	0	0	0	0	0	0	0	0	0	0
systems thinking course coursera						0	0	0	0	0	0	0	0	0	0	0	0	0	0	0	0	0	0	0	0	0	0	0	0	0	0	0	0	0	0	0	0	0	0	0	0	0	0	0	0	0	0	0	0	0	0	0	0
systems thinking course design best practices for professionals						0	0	0	0	0	0	0	0	0	0	0	0	0	0	0	0	0	0	0	0	0	0	0	0	0	0	0	0	0	0	0	0	0	0	0	0	0	0	0	0	0	0	0	0	0	0	0	0
systems thinking course design for professionals examples						0	0	0	0	0	0	0	0	0	0	0	0	0	0	0	0	0	0	0	0	0	0	0	0	0	0	0	0	0	0	0	0	0	0	0	0	0	0	0	0	0	0	0	0	0	0	0	0
systems thinking course design for professionals examples vietnam						0	0	0	0	0	0	0	0	0	0	0	0	0	0	0	0	0	0	0	0	0	0	0	0	0	0	0	0	0	0	0	0	0	0	0	0	0	0	0	0	0	0	0	0	0	0	0	0
systems thinking course design for professionals vietnam						0	0	0	0	0	0	0	0	0	0	0	0	0	0	0	0	0	0	0	0	0	0	0	0	0	0	0	0	0	0	0	0	0	0	0	0	0	0	0	0	0	0	0	0	0	0	0	0
systems thinking course hero						0	0	0	0	0	0	0	0	0	0	0	0	0	0	0	0	0	0	0	0	0	0	0	0	0	0	0	0	0	0	0	0	0	0	0	0	0	0	0	0	0	0	0	0	0	0	0	0
systems thinking course ice breaker						0	0	0	0	0	0	0	0	0	0	0	0	0	0	0	0	0	0	0	0	0	0	0	0	0	0	0	0	0	0	0	0	0	0	0	0	0	0	0	0	0	0	0	0	0	0	0	0
systems thinking course london						0	0	0	0	0	0	0	0	0	0	0	0	0	0	0	0	0	0	0	0	0	0	0	0	0	0	0	0	0	0	0	0	0	0	0	0	0	0	0	0	0	0	0	0	0	0	0	0
systems thinking course onlin						0	0	0	0	0	0	0	0	0	0	0	0	0	0	0	0	0	0	0	0	0	0	0	0	0	0	0	0	0	0	0	0	0	0	0	0	0	0	0	0	0	0	0	0	0	0	0	0
systems thinking course outline						0	0	0	0	0	0	0	0	0	0	0	0	0	0	0	0	0	0	0	0	0	0	0	0	0	0	0	0	0	0	0	0	0	0	0	0	0	0	0	0	0	0	0	0	0	0	0	0
systems thinking course starr						0	0	0	0	0	0	0	0	0	0	0	0	0	0	0	0	0	0	0	0	0	0	0	0	0	0	0	0	0	0	0	0	0	0	0	0	0	0	0	0	0	0	0	0	0	0	0	0
systems thinking course uk						0	0	0	0	0	0	0	0	0	0	0	0	0	0	0	0	0	0	0	0	0	0	0	0	0	0	0	0	0	0	0	0	0	0	0	0	0	0	0	0	0	0	0	0	0	0	0	0
systems thinking courses australia						0	0	0	0	0	0	0	0	0	0	0	0	0	0	0	0	0	0	0	0	0	0	0	0	0	0	0	0	0	0	0	0	0	0	0	0	0	0	0	0	0	0	0	0	0	0	0	0
systems thinking courses south africa	10	Medium	57	0.513843	2.226696	0	0	0	0	0	0	0	0	0	0	0	0	0	0	0	0	0	0	0	0	0	0	0	0	0	0	0	0	0	0	0	0	0	0	0	0	0	0	0	0	0	0	0	0	0	0	0	20
systems thinking for engineers						0	0	0	0	0	0	0	0	0	0	0	0	0	0	0	0	0	0	0	0	0	0	0	0	0	0	0	0	0	0	0	0	0	0	0	0	0	0	0	0	0	0	0	0	0	0	0	0
systems thinking for managers						0	0	0	0	0	0	0	0	0	0	0	0	0	0	0	0	0	0	0	0	0	0	0	0	0	0	0	0	0	0	0	0	0	0	0	0	0	0	0	0	0	0	0	0	0	0	0	0
systems thinking for project managers						0	0	0	0	0	0	0	0	0	0	0	0	0	0	0	0	0	0	0	0	0	0	0	0	0	0	0	0	0	0	0	0	0	0	0	0	0	0	0	0	0	0	0	0	0	0	0	0
systems thinking free course	20	Low	13			0	0	0	0	0	0	0	0	0	0	0	0	0	0	0	0	0	0	0	0	0	0	0	0	0	0	0	0	0	0	0	0	0	0	0	0	0	30	20	10	20	20	20	20	10	20	20	10
systems thinking in healthcare course						0	0	0	0	0	0	0	0	0	0	0	0	0	0	0	0	0	0	0	0	0	0	0	0	0	0	0	0	0	0	0	0	0	0	0	0	0	0	0	0	0	0	0	0	0	0	0	0
systems thinking in practice course						0	0	0	0	0	0	0	0	0	0	0	0	0	0	0	0	0	0	0	0	0	0	0	0	0	0	0	0	0	0	0	0	0	0	0	0	0	0	0	0	0	0	0	0	0	0	0	0
systems thinking mit xpro	10	Medium	50	1.17	8.79	0	0	0	0	0	0	0	0	0	0	0	0	0	0	0	0	0	0	0	0	0	0	0	0	0	0	0	0	0	0	0	0	0	0	0	0	0	20	10	10	20	10	10	10	10	10	30	20
systems thinking online certificate						0	0	0	0	0	0	0	0	0	0	0	0	0	0	0	0	0	0	0	0	0	0	0	0	0	0	0	0	0	0	0	0	0	0	0	0	0	0	0	0	0	0	0	0	0	0	0	0
systems thinking process improvement						0	0	0	0	0	0	0	0	0	0	0	0	0	0	0	0	0	0	0	0	0	0	0	0	0	0	0	0	0	0	0	0	0	0	0	0	0	0	0	0	0	0	0	0	0	0	0	0
systems thinking professional certificate						0	0	0	0	0	0	0	0	0	0	0	0	0	0	0	0	0	0	0	0	0	0	0	0	0	0	0	0	0	0	0	0	0	0	0	0	0	0	0	0	0	0	0	0	0	0	0	0
systems thinking professional certificate mit						0	0	0	0	0	0	0	0	0	0	0	0	0	0	0	0	0	0	0	0	0	0	0	0	0	0	0	0	0	0	0	0	0	0	0	0	0	0	0	0	0	0	0	0	0	0	0	0
systems thinking program mit xpro						0	0	0	0	0	0	0	0	0	0	0	0	0	0	0	0	0	0	0	0	0	0	0	0	0	0	0	0	0	0	0	0	0	0	0	0	0	0	0	0	0	0	0	0	0	0	0	0
systems thinking standards institute	20	Low	4			0	0	0	0	0	0	0	0	0	0	0	0	0	0	0	0	0	0	0	0	0	0	0	0	0	0	0	0	0	0	0	0	0	0	0	0	0	0	0	0	0	30	20	30	40	30	40	30
systems thinking training course						0	0	0	0	0	0	0	0	0	0	0	0	0	0	0	0	0	0	0	0	0	0	0	0	0	0	0	0	0	0	0	0	0	0	0	0	0	0	0	0	0	0	0	0	0	0	0	0
the mind luster	390	Medium	64	0.323893	1.402237	0	0	0	0	0	0	0	0	0	0	0	0	0	0	0	0	0	0	0	0	0	0	0	0	0	0	0	0	0	0	0	0	0	0	0	0	0	0	0	0	0	0	0	1300	1300	880	480	210
thinking in systems course						0	0	0	0	0	0	0	0	0	0	0	0	0	0	0	0	0	0	0	0	0	0	0	0	0	0	0	0	0	0	0	0	0	0	0	0	0	0	0	0	0	0	0	0	0	0	0	0
top lms platforms 2024	10	Low	8			0	0	0	0	0	0	0	0	0	0	0	0	0	0	0	0	0	0	0	0	0	0	0	140	210	260	170	170	140	110	110	140	140	70	170	90	10	10	30	20	20	10	20	20	10	10	10	10
training mbusoms co za	10	Medium	51	0.909767	2.956605	0	0	0	0	0	0	0	0	0	0	0	0	0	0	0	0	0	0	0	0	0	0	0	0	0	0	0	0	0	0	0	0	0	0	0	0	0	0	0	0	0	0	0	0	110	10	10	10
training think tank energy systems course						0	0	0	0	0	0	0	0	0	0	0	0	0	0	0	0	0	0	0	0	0	0	0	0	0	0	0	0	0	0	0	0	0	0	0	0	0	0	0	0	0	0	0	0	0	0	0	0
udacity courses with certificate	90	Low	29	0.1	0.915302	0	0	0	0	0	0	0	0	0	0	0	0	0	0	0	0	0	0	0	0	0	0	0	0	0	0	0	0	0	0	0	0	0	0	0	0	0	0	0	0	0	0	0	0	70	320	480	320
vanguard systems thinking course						0	0	0	0	0	0	0	0	0	0	0	0	0	0	0	0	0	0	0	0	0	0	0	0	0	0	0	0	0	0	0	0	0	0	0	0	0	0	0	0	0	0	0	0	0	0	0	0
what course transfer to wgu systems thinking						0	0	0	0	0	0	0	0	0	0	0	0	0	0	0	0	0	0	0	0	0	0	0	0	0	0	0	0	0	0	0	0	0	0	0	0	0	0	0	0	0	0	0	0	0	0	0	0
what course transfer to wgu systems thinking reddit						0	0	0	0	0	0	0	0	0	0	0	0	0	0	0	0	0	0	0	0	0	0	0	0	0	0	0	0	0	0	0	0	0	0	0	0	0	0	0	0	0	0	0	0	0	0	0	0
what courses count as systems thinking or systems engineering						0	0	0	0	0	0	0	0	0	0	0	0	0	0	0	0	0	0	0	0	0	0	0	0	0	0	0	0	0	0	0	0	0	0	0	0	0	0	0	0	0	0	0	0	0	0	0	0
whats systems thinking	10	Low				0	0	0	0	0	0	0	0	0	0	0	0	0	0	0	0	0	0	0	0	0	0	0	0	0	0	0	0	0	0	0	0	0	0	0	0	0	30	30	20	10	10	10	10	0	10	10	10
www learnwithdexa com	90	Low	21	0.484624	2.05	0	0	0	0	0	0	0	0	0	0	0	0	0	0	0	0	0	0	0	0	0	0	0	0	0	0	0	0	0	30	40	20	30	90	110	110	90	110	140	140	50	90	90	70	70	70	170	90
www the programmers university com	10					0	0	0	0	0	0	0	0	0	0	0	0	0	0	0	0	0	0	0	0	0	0	0	0	0	0	0	0	0	0	0	0	0	0	0	0	0	0	0	0	0	0	0	0	0	20	10	0
