Day,t_Clicks_OptCost,t_Clicks_ActCost,tm1_Clicks_OptCost,Actual_Clicks,Opt_Cost,Act_Cost,Hist_MSE,Hist_R2,Hist_Bias,Day_MSE,Day_R2,Day_Bias,N_Obs,N_Opt,SlurmJobId,SlurmArrayTaskId,x_max,alpha
2025-12-13,140.32899475097656,198.76932525634766,510.0356022032744,303.0,400.00000000000006,428.2099999999999,7.419668674468994,0.9522008895874023,-0.00030183826561861626,0.21453534066677094,0.9990847110748291,-0.08406693359901166,29,36,8143240,12,50,0.3
