Day,t_Clicks_OptCost,t_Clicks_ActCost,tm1_Clicks_OptCost,Actual_Clicks,Opt_Cost,Act_Cost,Hist_MSE,Hist_R2,Hist_Bias,Day_MSE,Day_R2,Day_Bias,N_Obs,N_Opt,SlurmJobId,SlurmArrayTaskId,x_max,alpha
2025-12-15,277.90130615234375,165.44679641723633,644.2862295103803,220.0,399.9280044857987,252.12,6.590376377105713,0.9512998461723328,-0.0005810695188750496,0.1502404659986496,0.9985208511352539,-0.06148803234100342,31,75,8143279,14,50,0.3
