Day,t_Clicks_OptCost,t_Clicks_ActCost,tm1_Clicks_OptCost,Actual_Clicks,Opt_Cost,Act_Cost,Hist_MSE,Hist_R2,Hist_Bias,Day_MSE,Day_R2,Day_Bias,N_Obs,N_Opt,SlurmJobId,SlurmArrayTaskId,x_max,alpha
2025-12-08,275.2868957519531,219.7144317626953,484.93952641948675,302.0,400.0000000000001,349.33000000000004,6.794540882110596,0.9554170966148376,-0.0013976025439201368,0.1065291240811348,0.9995094537734985,-0.0535511826023911,33,65,8143091,7,50,0.3
