Day,t_Clicks_OptCost,t_Clicks_ActCost,tm1_Clicks_OptCost,Actual_Clicks,Opt_Cost,Act_Cost,Hist_MSE,Hist_R2,Hist_Bias,Day_MSE,Day_R2,Day_Bias,N_Obs,N_Opt,SlurmJobId,SlurmArrayTaskId,x_max,alpha
2025-12-05,238.27528381347656,221.10304260253906,384.68332180738184,303.0,511.75144164229454,326.77000000000004,4.253337860107422,0.927976131439209,-0.00027595908497397224,0.052484069019556046,0.999660849571228,-0.032251759579307156,38,130,8193611,4,10.0,0.25
