Day,t_Clicks_OptCost,t_Clicks_ActCost,tm1_Clicks_OptCost,Actual_Clicks,Opt_Cost,Act_Cost,Hist_MSE,Hist_R2,Hist_Bias,Day_MSE,Day_R2,Day_Bias,N_Obs,N_Opt,SlurmJobId,SlurmArrayTaskId,x_max,alpha
2025-12-03,255.42630004882812,217.02365112304688,547.3206209095957,276.0,511.8701262432571,359.4600000000001,4.09044075012207,0.9281527996063232,-0.000359097410682346,0.20764067769050598,0.9990504384040833,-0.07701633373896281,36,81,8193426,2,20.0,0.75
