Day,t_Clicks_OptCost,t_Clicks_ActCost,tm1_Clicks_OptCost,Actual_Clicks,Opt_Cost,Act_Cost,Hist_MSE,Hist_R2,Hist_Bias,Day_MSE,Day_R2,Day_Bias,N_Obs,N_Opt,SlurmJobId,SlurmArrayTaskId,x_max,alpha
2025-12-07,289.3974609375,225.44158935546875,450.2564807978453,304.0,511.85005754708914,355.98,3.885101795196533,0.9348636269569397,-0.00043782547296586605,0.23646938800811768,0.9990569949150085,-0.10076341909520767,34,36,8193977,6,,0.5
