Day,t_Clicks_OptCost,t_Clicks_ActCost,tm1_Clicks_OptCost,Actual_Clicks,Opt_Cost,Act_Cost,Hist_MSE,Hist_R2,Hist_Bias,Day_MSE,Day_R2,Day_Bias,N_Obs,N_Opt,SlurmJobId,SlurmArrayTaskId,x_max,alpha
2025-12-02,256.37451171875,228.93316650390625,376.07263998677746,292.0,511.39284845116003,350.34000000000003,3.6299800872802734,0.9263100624084473,-0.00046033194208063087,0.2018638253211975,0.9991461634635925,-0.0862741470336914,32,78,8193157,1,30.0,0.75
