Day,t_Clicks_OptCost,t_Clicks_ActCost,tm1_Clicks_OptCost,Actual_Clicks,Opt_Cost,Act_Cost,Hist_MSE,Hist_R2,Hist_Bias,Day_MSE,Day_R2,Day_Bias,N_Obs,N_Opt,SlurmJobId,SlurmArrayTaskId,x_max,alpha
2025-12-09,233.15008544921875,231.01846313476562,535.7255295428821,323.0,399.91557354309464,362.77,7.168323040008545,0.9498091340065002,-0.0010200142415749298,0.06510215997695923,0.9996573328971863,-0.03883494602309333,36,76,8144106,8,40.0,1.0
