Day,t_Clicks_OptCost,t_Clicks_ActCost,tm1_Clicks_OptCost,Actual_Clicks,Opt_Cost,Act_Cost,Hist_MSE,Hist_R2,Hist_Bias,Day_MSE,Day_R2,Day_Bias,N_Obs,N_Opt,SlurmJobId,SlurmArrayTaskId,x_max,alpha
2025-12-30,301.946533203125,208.44872283935547,537.749805791112,276.0,399.787271392849,295.62999999999994,7.451889514923096,0.9493086934089661,-0.0009738092838201375,0.20519641041755676,0.9988126754760742,-0.08123404885593213,38,45,8144480,29,40.0,1.0
