Day,t_Clicks_OptCost,t_Clicks_ActCost,tm1_Clicks_OptCost,Actual_Clicks,Opt_Cost,Act_Cost,Hist_MSE,Hist_R2,Hist_Bias,Day_MSE,Day_R2,Day_Bias,N_Obs,N_Opt,SlurmJobId,SlurmArrayTaskId,x_max,alpha
2025-12-04,269.5547790527344,198.94517517089844,521.4929044863903,305.0,399.6986818720585,369.16,7.248627662658691,0.9490453004837036,-0.0010287516971510477,0.07428496330976486,0.9997025728225708,-0.0545812634860768,34,31,8144041,3,40.0,1.0
