Day,t_Clicks_OptCost,t_Clicks_ActCost,tm1_Clicks_OptCost,Actual_Clicks,Opt_Cost,Act_Cost,Hist_MSE,Hist_R2,Hist_Bias,Day_MSE,Day_R2,Day_Bias,N_Obs,N_Opt,SlurmJobId,SlurmArrayTaskId,x_max,alpha
2025-12-29,166.4507598876953,212.10364532470703,499.1838871931845,301.0,399.86863954000916,329.39,7.862906455993652,0.9462418556213379,-0.0005176537023270598,0.18539604544639587,0.9990227222442627,-0.07551789126898113,38,60,8144479,28,40.0,1.0
