Day,t_Clicks_OptCost,t_Clicks_ActCost,tm1_Clicks_OptCost,Actual_Clicks,Opt_Cost,Act_Cost,Hist_MSE,Hist_R2,Hist_Bias,Day_MSE,Day_R2,Day_Bias,N_Obs,N_Opt,SlurmJobId,SlurmArrayTaskId,x_max,alpha
2025-12-05,0.0,213.63367462158203,78.94374790584531,299.0,399.2485095445918,323.65,6.902172565460205,0.955912709236145,-0.0008509460059878701,0.05951615050435066,0.9996368885040283,-0.03428759234292167,35,450,8144068,4,1.0,1.0
