Day,t_Clicks_OptCost,t_Clicks_ActCost,tm1_Clicks_OptCost,Actual_Clicks,Opt_Cost,Act_Cost,Hist_MSE,Hist_R2,Hist_Bias,Day_MSE,Day_R2,Day_Bias,N_Obs,N_Opt,SlurmJobId,SlurmArrayTaskId,x_max,alpha
2025-12-25,233.16726684570312,196.02103424072266,79.31552675294967,271.0,399.39270972741167,341.1,7.14255428314209,0.9510010480880737,-0.0008482159747480993,0.4759615957736969,0.9984349608421326,-0.13680732063949108,32,500,8144429,24,1.0,1.0
