Day,t_Clicks_OptCost,t_Clicks_ActCost,tm1_Clicks_OptCost,Actual_Clicks,Opt_Cost,Act_Cost,Hist_MSE,Hist_R2,Hist_Bias,Day_MSE,Day_R2,Day_Bias,N_Obs,N_Opt,SlurmJobId,SlurmArrayTaskId,x_max,alpha
2025-12-11,62.624149322509766,127.52103042602539,96.54837067398765,166.0,399.5325736148145,177.5,6.3391547203063965,0.956687867641449,-0.001351209713460042,0.1346288025379181,0.9986507296562195,-0.07600196983133044,28,483,8144143,10,1.0,1.0
