Day,t_Clicks_OptCost,t_Clicks_ActCost,tm1_Clicks_OptCost,Actual_Clicks,Opt_Cost,Act_Cost,Hist_MSE,Hist_R2,Hist_Bias,Day_MSE,Day_R2,Day_Bias,N_Obs,N_Opt,SlurmJobId,SlurmArrayTaskId,x_max,alpha
2025-12-12,0.0,182.21797943115234,176.64221825933083,235.0,399.9999999999987,232.43999999999994,5.147830963134766,0.9218065738677979,-0.0006073862928638442,0.07978560775518417,0.9986361265182495,-0.04388275500890371,37,486,8144144,11,1.0,1.0
