Day,t_Clicks_OptCost,t_Clicks_ActCost,tm1_Clicks_OptCost,Actual_Clicks,Opt_Cost,Act_Cost,Hist_MSE,Hist_R2,Hist_Bias,Day_MSE,Day_R2,Day_Bias,N_Obs,N_Opt,SlurmJobId,SlurmArrayTaskId,x_max,alpha
2025-12-27,58.641197204589844,194.5679168701172,56.90782924423757,283.0,303.5410599299587,332.59000000000003,6.510020732879639,0.9535922408103943,-0.0006160171568337638,0.08835232257843018,0.99942547082901,-0.04333738791636932,39,383,8144473,26,1.0,1.0
