Day,t_Clicks_OptCost,t_Clicks_ActCost,tm1_Clicks_OptCost,Actual_Clicks,Opt_Cost,Act_Cost,Hist_MSE,Hist_R2,Hist_Bias,Day_MSE,Day_R2,Day_Bias,N_Obs,N_Opt,SlurmJobId,SlurmArrayTaskId,x_max,alpha
2025-12-28,375.8446960449219,230.87679290771484,597.7380276522152,309.0,399.9999999999999,338.32,8.07589054107666,0.9451817870140076,-0.0013129470252543564,0.08515597879886627,0.9995026588439941,-0.03908027159540277,38,79,8143709,27,50,0.0
