Day,t_Clicks_OptCost,t_Clicks_ActCost,tm1_Clicks_OptCost,Actual_Clicks,Opt_Cost,Act_Cost,Hist_MSE,Hist_R2,Hist_Bias,Day_MSE,Day_R2,Day_Bias,N_Obs,N_Opt,SlurmJobId,SlurmArrayTaskId,x_max,alpha
2025-12-27,181.16281127929688,178.77117919921875,370.0215961446014,259.0,399.97870498523656,308.71,7.064055442810059,0.9529613256454468,-0.0004722995406640326,0.0903923436999321,0.9995127320289612,-0.04957095653780045,31,51,8143708,26,50,0.0
