Day,t_Clicks_OptCost,t_Clicks_ActCost,tm1_Clicks_OptCost,Actual_Clicks,Opt_Cost,Act_Cost,Hist_MSE,Hist_R2,Hist_Bias,Day_MSE,Day_R2,Day_Bias,N_Obs,N_Opt,SlurmJobId,SlurmArrayTaskId,x_max,alpha
2025-12-01,228.78594970703125,225.66648483276367,390.60912988630895,272.0,399.70763106085485,328.59999999999997,4.440462112426758,0.9259747266769409,-0.0011780611914896644,0.28354668617248535,0.9990706443786621,-0.12280565721017343,27,68,8142842,0,50,0.0
