Day,t_Clicks_OptCost,t_Clicks_ActCost,tm1_Clicks_OptCost,Actual_Clicks,Opt_Cost,Act_Cost,Hist_MSE,Hist_R2,Hist_Bias,Day_MSE,Day_R2,Day_Bias,N_Obs,N_Opt,SlurmJobId,SlurmArrayTaskId,x_max,alpha
2025-12-26,321.2353515625,228.28551483154297,554.0437738432371,273.0,399.9999999999979,334.9200000000001,6.868240833282471,0.9511582851409912,-0.00048364263576547765,0.31355905532836914,0.9987002611160278,-0.08547161306653704,35,69,8143666,25,50,0.0
