Day,t_Clicks_OptCost,t_Clicks_ActCost,tm1_Clicks_OptCost,Actual_Clicks,Opt_Cost,Act_Cost,Hist_MSE,Hist_R2,Hist_Bias,Day_MSE,Day_R2,Day_Bias,N_Obs,N_Opt,SlurmJobId,SlurmArrayTaskId,x_max,alpha
2025-12-31,246.73568725585938,136.6390151977539,532.621454330016,183.0,399.910565655194,187.03,6.37600040435791,0.9512223601341248,-0.00030364370333631994,0.053446296602487564,0.9990113377571106,-0.042190714794046735,34,43,8142840,30,50,0.0
