Day,t_Clicks_OptCost,t_Clicks_ActCost,tm1_Clicks_OptCost,Actual_Clicks,Opt_Cost,Act_Cost,Hist_MSE,Hist_R2,Hist_Bias,Day_MSE,Day_R2,Day_Bias,N_Obs,N_Opt,SlurmJobId,SlurmArrayTaskId,x_max,alpha
2025-12-04,266.65325927734375,112.79558563232422,504.1902588807155,217.0,400.0,248.39,6.274771213531494,0.9537644386291504,-0.0020130334231644805,0.21811498701572418,0.9986239671707153,-0.09078255494435629,30,69,8142978,3,50,0.0
