Day,t_Clicks_OptCost,t_Clicks_ActCost,tm1_Clicks_OptCost,Actual_Clicks,Opt_Cost,Act_Cost,Hist_MSE,Hist_R2,Hist_Bias,Day_MSE,Day_R2,Day_Bias,N_Obs,N_Opt,SlurmJobId,SlurmArrayTaskId,x_max,alpha
2025-12-20,307.43426513671875,238.99188232421875,519.8301424075536,309.0,400.0000000000001,406.70000000000005,6.572746753692627,0.9554328918457031,-0.0011921428652867014,0.14216409623622894,0.9994967579841614,-0.08150828653766264,31,72,8143432,19,50,0.0
