Day,t_Clicks_OptCost,t_Clicks_ActCost,tm1_Clicks_OptCost,Actual_Clicks,Opt_Cost,Act_Cost,Hist_MSE,Hist_R2,Hist_Bias,Day_MSE,Day_R2,Day_Bias,N_Obs,N_Opt,SlurmJobId,SlurmArrayTaskId,x_max,alpha
2025-12-17,191.3065948486328,218.83359909057617,452.94080101121347,274.0,399.9636557663382,316.19,6.776856899261475,0.9504019618034363,-0.0010141166030650495,0.2264840006828308,0.9992390275001526,-0.09611191600561142,32,25,8143320,16,50,0.0
