Day,t_Clicks_OptCost,t_Clicks_ActCost,tm1_Clicks_OptCost,Actual_Clicks,Opt_Cost,Act_Cost,Hist_MSE,Hist_R2,Hist_Bias,Day_MSE,Day_R2,Day_Bias,N_Obs,N_Opt,SlurmJobId,SlurmArrayTaskId,x_max,alpha
2025-12-21,254.4160614013672,224.799072265625,541.0384610189768,270.0,400.0000000000001,340.28000000000003,7.141782760620117,0.9493340849876404,-0.0008522250741427937,0.12477037310600281,0.999349057674408,-0.05675015739492468,37,64,8143471,20,50,0.0
