Day,t_Clicks_OptCost,t_Clicks_ActCost,tm1_Clicks_OptCost,Actual_Clicks,Opt_Cost,Act_Cost,Hist_MSE,Hist_R2,Hist_Bias,Day_MSE,Day_R2,Day_Bias,N_Obs,N_Opt,SlurmJobId,SlurmArrayTaskId,x_max,alpha
2025-12-12,313.20574951171875,162.63796615600586,528.7647376598983,212.0,400.00000000000006,207.20999999999998,5.629428863525391,0.9611232876777649,-0.0016227962904931856,0.07709772884845734,0.9987337589263916,-0.04578544462428374,34,53,8143179,11,50,0.0
