Day,t_Clicks_OptCost,t_Clicks_ActCost,tm1_Clicks_OptCost,Actual_Clicks,Opt_Cost,Act_Cost,Hist_MSE,Hist_R2,Hist_Bias,Day_MSE,Day_R2,Day_Bias,N_Obs,N_Opt,SlurmJobId,SlurmArrayTaskId,x_max,alpha
2025-12-17,228.80935668945312,109.35785675048828,478.58766960821924,188.0,399.99999999999994,198.56000000000006,6.158391952514648,0.9563349485397339,-0.0015033492080073416,0.31422364711761475,0.9985788464546204,-0.10303768057089585,26,90,8144296,16,20.0,1.0
