Day,t_Clicks_OptCost,t_Clicks_ActCost,tm1_Clicks_OptCost,Actual_Clicks,Opt_Cost,Act_Cost,Hist_MSE,Hist_R2,Hist_Bias,Day_MSE,Day_R2,Day_Bias,N_Obs,N_Opt,SlurmJobId,SlurmArrayTaskId,x_max,alpha
2025-12-04,278.4588623046875,198.94517517089844,492.8293524138995,305.0,399.9931221843185,369.16,7.248627662658691,0.9490453004837036,-0.0010287516971510477,0.07428496330976486,0.9997025728225708,-0.0545812634860768,34,48,8144041,3,20.0,1.0
