Day,t_Clicks_OptCost,t_Clicks_ActCost,tm1_Clicks_OptCost,Actual_Clicks,Opt_Cost,Act_Cost,Hist_MSE,Hist_R2,Hist_Bias,Day_MSE,Day_R2,Day_Bias,N_Obs,N_Opt,SlurmJobId,SlurmArrayTaskId,x_max,alpha
2025-12-14,149.97581481933594,286.40231704711914,508.30426246756,353.0,399.9354712853516,524.29,6.890982627868652,0.9503342509269714,-0.0006725173606142928,0.17779068648815155,0.9992941617965698,-0.07039937759057069,39,59,8144191,13,20.0,1.0
