Day,t_Clicks_OptCost,t_Clicks_ActCost,tm1_Clicks_OptCost,Actual_Clicks,Opt_Cost,Act_Cost,Hist_MSE,Hist_R2,Hist_Bias,Day_MSE,Day_R2,Day_Bias,N_Obs,N_Opt,SlurmJobId,SlurmArrayTaskId,x_max,alpha
2025-12-07,306.1373291015625,203.0598602294922,525.0955535843685,277.0,399.81659614148583,339.03,6.05324649810791,0.9571024179458618,-0.0012329221117474366,0.2555520236492157,0.9991121292114258,-0.11810195034947889,29,86,8154829,,20.0,1.0
