Day,t_Clicks_OptCost,t_Clicks_ActCost,tm1_Clicks_OptCost,Actual_Clicks,Opt_Cost,Act_Cost,Hist_MSE,Hist_R2,Hist_Bias,Day_MSE,Day_R2,Day_Bias,N_Obs,N_Opt,SlurmJobId,SlurmArrayTaskId,x_max,alpha
2025-12-30,298.16107177734375,208.44872283935547,532.9506016935952,276.0,398.0255721508897,295.62999999999994,7.451889514923096,0.9493086934089661,-0.0009738092838201375,0.20519641041755676,0.9988126754760742,-0.08123404885593213,38,51,8144480,29,20.0,1.0
