Day,t_Clicks_OptCost,t_Clicks_ActCost,tm1_Clicks_OptCost,Actual_Clicks,Opt_Cost,Act_Cost,Hist_MSE,Hist_R2,Hist_Bias,Day_MSE,Day_R2,Day_Bias,N_Obs,N_Opt,SlurmJobId,SlurmArrayTaskId,x_max,alpha
2025-12-04,103.36907196044922,194.2918243408203,463.8867008478788,308.0,512.0000009505691,370.06000000000006,4.2749152183532715,0.9309830069541931,-0.0009344185601321671,0.0740588903427124,0.9996959567070007,-0.05093374422618321,35,30,8193514,3,,0.0
