Day,t_Clicks_OptCost,t_Clicks_ActCost,tm1_Clicks_OptCost,Actual_Clicks,Opt_Cost,Act_Cost,Hist_MSE,Hist_R2,Hist_Bias,Day_MSE,Day_R2,Day_Bias,N_Obs,N_Opt,SlurmJobId,SlurmArrayTaskId,x_max,alpha
2025-12-10,243.4040985107422,209.34765625,329.3958194364309,285.0,361.9108571238569,347.52,4.155767917633057,0.930263876914978,-0.001312060971244354,0.07023870199918747,0.9993925094604492,-0.04375080058449193,38,40,8197343,9,30.0,0.0
