Day,t_Clicks_OptCost,t_Clicks_ActCost,tm1_Clicks_OptCost,Actual_Clicks,Opt_Cost,Act_Cost,Hist_MSE,Hist_R2,Hist_Bias,Day_MSE,Day_R2,Day_Bias,N_Obs,N_Opt,SlurmJobId,SlurmArrayTaskId,x_max,alpha
2025-12-01,321.8083801269531,270.7044372558594,292.6232273549549,322.0,362.3534120609943,355.41,4.051510334014893,0.9295918941497803,-0.0006067543217258743,0.31627070903778076,0.9989595413208008,-0.10453353389616936,31,33,8197348,0,30.0,0.0
