Day,t_Clicks_OptCost,t_Clicks_ActCost,tm1_Clicks_OptCost,Actual_Clicks,Opt_Cost,Act_Cost,Hist_MSE,Hist_R2,Hist_Bias,Day_MSE,Day_R2,Day_Bias,N_Obs,N_Opt,SlurmJobId,SlurmArrayTaskId,x_max,alpha
2025-12-05,131.33363342285156,221.10305786132812,189.72032142467077,303.0,362.2995833511168,326.77000000000004,3.5240674018859863,0.9272143244743347,-0.0007945978401873805,0.052484069019556046,0.999660849571228,-0.032251759579307156,38,199,8197634,4,30.0,0.0
