Keyword,bert_0,bert_1,bert_2,bert_3,bert_4,bert_5,bert_6,bert_7,bert_8,bert_9,bert_10,bert_11,bert_12,bert_13,bert_14,bert_15,bert_16,bert_17,bert_18,bert_19,bert_20,bert_21,bert_22,bert_23,bert_24,bert_25,bert_26,bert_27,bert_28,bert_29,bert_30,bert_31,bert_32,bert_33,bert_34,bert_35,bert_36,bert_37,bert_38,bert_39,bert_40,bert_41,bert_42,bert_43,bert_44,bert_45,bert_46,bert_47,bert_48,bert_49
system dynamics,0.41638383,0.51074564,0.38272214,0.1146567,0.18366602,-0.095174715,0.4039628,0.04993208,-0.16216263,-0.007749288,-0.10549571,0.011741517,-0.0004711968,0.058817018,0.13359644,-0.06283871,0.14279814,-0.037918866,0.045320198,-0.024214113,0.008938553,0.11571709,0.011825914,-0.045054525,-0.022676088,0.112888835,0.007509156,-0.016394755,-0.017341213,0.028275574,-0.0064895805,-0.04563817,-0.15920523,0.0820692,0.027209474,0.057694435,-0.03783258,0.06290638,0.071401566,0.079666674,-0.036519412,-0.02746895,0.035348672,-0.031705063,-0.008168092,0.020958843,0.018558744,0.03025044,0.017408153,0.13592806
what is system engineering,0.6185706,0.18689004,0.36570638,0.009254316,-0.10088505,-0.00033898526,0.0044833976,-0.044499833,0.25717694,0.14979789,0.3078135,-0.20916362,0.09769965,0.1267288,-0.024950812,0.04729663,0.026985237,-0.06407595,-0.01618931,-0.11831834,0.050054614,0.019965975,0.011694395,0.14506307,0.10011027,-0.06687408,-0.14846313,0.03728142,-0.05674899,-0.008875393,-0.06281499,0.059850838,-0.10055282,-0.10494683,0.08901912,-0.04552174,-0.0023262333,-0.030186255,0.038350042,-0.09017407,-0.0805295,0.05551439,0.023117235,0.109684125,0.0022173475,-0.03379987,0.0047201584,-0.12267182,-0.09174868,-0.023558341
system engineering,0.7056544,0.19599858,0.44753835,0.07625164,-0.057987932,-0.038098805,-0.0641338,-0.13216506,0.19656007,0.098247886,0.116809875,-0.087850414,0.20645653,0.10893849,-0.024954345,0.0349979,0.060549885,-0.056199696,-0.036458187,-0.11745908,0.073994145,-0.0046537276,0.03253622,0.12265264,0.033838037,-0.0022144557,-0.0412456,0.026709931,0.03048599,-0.001568417,-0.086621925,0.047815356,-0.079858206,-0.050431676,0.10229023,-0.07836189,0.019999728,-0.00060228794,0.017024245,-0.07425349,-0.06516468,0.00038489807,0.047740493,0.01877305,-0.017053891,-0.030154323,-0.008858704,-0.046547737,-0.064274795,-0.033584412
system architecture course,0.76350605,0.10777478,0.30761993,-0.04617416,0.10442406,0.36820698,-0.303422,-0.07261372,-0.029547362,0.027038692,-0.001017337,-0.0414532,0.03953502,-0.0022658575,0.077127665,0.08384311,0.009187099,-0.05602198,0.029511925,-0.039632376,-0.044707533,0.020428102,0.008635772,0.039936364,-0.058904536,0.073775254,0.032407973,-0.055546414,0.056264445,-0.05094182,0.043715127,-0.019597797,-0.033680648,-0.012061321,-0.023487665,-0.05815767,-0.0056562014,0.0057714744,-0.022346685,-0.0010231686,0.0011565933,-0.020391297,-0.024324566,-0.041931488,0.07129983,0.038064826,0.0004993844,0.014576885,-0.027346898,-0.009933447
system thinking training,0.7585242,0.39822713,-0.24255599,0.06345362,-0.051993936,-0.10795765,-0.096720494,-0.102402434,-0.1271687,-0.22245795,0.16809675,-0.120898925,0.006554094,0.037742503,-0.051304784,0.077865526,-0.04565346,-0.0022853613,0.04497016,0.09944255,0.022925261,0.012440725,0.03659103,-0.0045865937,0.080125555,0.06922731,0.06187157,-0.009412188,-0.020656291,-0.028781753,-0.0063208546,0.0024983247,0.038482316,-0.036091324,-0.048787545,-0.047051884,-0.011943811,0.03758828,0.00020184905,-0.045334376,-0.02089998,-0.02033858,0.0150365075,0.023071406,0.008236384,0.04816471,0.011713672,-0.045582652,0.024762299,-0.004180208
project management program,0.64029074,-0.41093788,0.009638869,0.4375827,-0.15307146,0.085953236,0.14069583,0.017823841,0.08459984,-0.15926054,-0.1523415,-0.07124013,0.049711738,0.03674377,-0.079576656,0.058595054,-0.0054457095,-0.022880351,0.14112842,0.06726573,-0.070572786,0.02272529,-0.053572625,0.012079117,0.05205442,0.08575782,-0.038808644,0.1439275,-0.0776568,0.04975727,-0.051284347,-0.041937612,-0.031627502,-0.056546956,0.05516136,0.00642504,-0.038967557,-0.088420145,-0.046857517,0.0052164076,-0.012382231,0.011315339,0.043175936,-0.028091226,-0.03357431,-0.0065685855,-0.029449087,0.017046936,0.037949853,0.005500898
pmp certification,0.40484238,-0.33317214,-0.13156305,-0.33963698,-0.045612913,-0.024005314,0.18447532,-0.23533955,-0.054676272,-0.26228267,0.055290654,0.13899493,0.32379848,-0.38073498,-0.03535582,-0.11433555,0.109486036,-0.21104458,0.037006732,-0.15815404,-0.03098506,-0.077169925,-0.12602568,-0.053325824,0.024695892,0.0011301552,-0.072528355,-0.0648942,-0.03222393,-0.04693685,-0.005444079,0.0022308056,0.030116705,-0.03936653,0.0765039,0.0422585,0.021031903,-0.032710984,-0.027972132,0.009073089,0.013833871,0.003018614,-0.055045065,-0.0022499152,-0.01572133,-0.048812725,0.007466969,0.005725243,-0.040777124,0.008944251
learn project management,0.66387683,-0.42384082,-0.18900077,0.44902885,-0.08086157,0.11449954,0.07941005,0.0604866,-0.027654339,-0.10126292,-0.011970533,-0.13536307,-0.019901834,-0.04714826,0.07709137,0.020105945,-0.055579126,0.029066006,0.061918292,-0.042719252,0.0058242627,0.08730872,0.071254164,0.0640397,0.0066480036,0.020089528,0.009986069,0.06258897,0.0759699,0.0016095801,0.017795486,0.049626883,-0.024841834,0.07213512,0.04995973,0.020546824,0.03984419,0.011797857,-0.00852983,0.055802777,-0.017764764,-0.046359595,0.020641329,-0.090144485,-0.038976233,-0.063479885,-0.04384436,-0.032041233,-0.0036661006,0.039834682
logistics training,0.49965438,-0.2950481,-0.021047607,-0.06304024,0.47395116,-0.32696202,0.020371879,-0.32750845,0.1713392,-0.19057587,0.18004954,-0.1572983,-0.08529921,0.049483612,0.0037427242,0.121746026,0.013727545,0.1366533,-0.015201182,0.095549405,0.04956794,-0.030400256,0.052374512,-0.08782223,-0.017107025,0.06795118,-0.0654773,0.0057013575,-0.020913316,-0.042354196,-0.07082212,-0.008561695,0.022655403,-0.03559959,0.0012010137,-0.028395893,-0.0061478564,0.055127043,0.020805914,0.05533965,0.0026037053,-0.0022799757,0.0053850017,-0.030151786,0.037916522,0.026944872,0.0060351565,0.017993914,-0.003289225,-0.031794783
logistics online course,0.5299383,-0.27995256,-0.08841659,-0.2136679,0.6206159,-0.0646056,0.04041789,-0.045957316,0.199083,-0.03390795,-0.15365314,-0.032143474,-0.22288167,0.07097757,-0.19393279,-0.0147862835,0.025715653,0.104527034,-0.037644263,-0.03621873,0.06312399,0.0048538116,0.039728258,0.0056802426,-0.012216058,-0.0011494234,0.01581497,-0.03182592,-0.0033558672,-0.02598245,0.027104309,-0.0010833619,-0.062304534,0.0016072142,0.02075317,0.038369253,-0.044431165,0.0016854642,-0.0123843085,-0.0018506873,0.007545979,0.017395055,0.02471487,-0.019211115,0.032768212,-0.0071464796,-0.014503412,-0.009465429,-0.052200563,-0.009334985
project management training,0.63736606,-0.4741822,-0.1984905,0.3724886,-0.06704504,0.09663227,0.11886691,-0.05963799,-0.074012555,-0.16016354,0.08338087,-0.22751427,0.008018238,-0.043508552,0.059700895,0.064468645,-0.05024664,0.028380297,0.033154797,0.08102279,0.08869226,-0.020400295,0.025055623,-0.032441523,0.034507584,0.11673225,-0.038594693,0.041858096,0.005355896,-0.03459137,-0.063755356,-0.011267682,-0.042017475,-0.007993175,-0.0069148117,-0.020663079,-0.01013716,0.0327779,0.036439996,0.039442945,-0.042420805,-0.0562492,-0.0060386932,-0.03617147,0.0027075415,0.016102416,0.001132364,-0.048502695,-0.0011730168,0.0001105456
project management course,0.70914096,-0.4771349,-0.19227359,0.2960851,0.07226912,0.2330798,0.082149886,0.06563063,0.0493956,-0.019964868,-0.08519059,-0.048543938,0.1038248,-0.06165078,0.09993262,0.0022337255,-0.05376986,-0.014790082,0.011334522,0.009925964,-0.010082241,0.06664757,-0.053791508,0.018108469,0.022379788,0.08296499,-0.0008160183,0.006917439,0.015688974,0.07151464,0.006221663,-0.022589665,-0.047900166,-0.00020101658,0.0005949244,0.010801252,-0.03623163,-0.0036586318,-0.019132413,0.016079364,-0.050466973,0.002238223,0.050398953,-0.028876271,0.029594637,0.016144713,-0.024604939,-0.024905944,0.0065373643,-0.0077202464
learn product management,0.5945393,-0.37540606,0.0943106,0.1410321,0.029628713,-0.4225266,-0.33247912,0.27970827,-0.1957761,-0.020816624,-0.008075198,-0.005740333,-0.04995166,-0.03726782,0.040894885,-0.029005015,-0.0074786297,0.05502927,0.025303375,-0.07066537,0.003795661,0.090799585,0.049949676,0.07887392,0.005583176,0.0022868558,0.000931122,0.020752242,0.06882411,-0.0136435935,0.022745505,0.05103586,0.037722677,0.05658722,0.04239941,0.009644022,0.05970815,-0.000520852,-0.002652329,0.033394624,-0.027763613,-0.037252143,0.02758924,-0.027774516,-0.056794126,-0.09292946,-0.018090907,-0.012973595,-0.038836133,0.019997219
product management certificate,0.47121117,-0.52251995,0.17666693,-0.39439967,-0.22680004,-0.31182408,0.019394701,0.26989865,-0.16281928,0.041393597,-0.06293704,0.0820045,0.013647466,-0.015819706,0.06532803,0.004366517,0.0014356103,-0.055726428,0.07899728,0.05515951,0.0006730113,0.08191963,0.02707822,0.106651,-0.008938071,-0.013676022,0.013513437,0.016761528,0.029939111,-0.057901707,0.034301575,-0.053830016,0.030226698,-0.025067814,-0.010767114,-0.06478512,-0.025054583,-0.0072270236,0.0026827848,-0.014396665,-0.017297475,0.05434119,0.005319976,0.0034377193,0.042097233,-0.0036385183,-0.009330984,0.004252354,-0.02045602,0.0054593678
engineering problem solving,0.4923131,-0.02490296,0.13924566,0.25773838,0.013585337,-0.20669232,-0.007505991,-0.36630684,0.1245732,0.46085835,-0.009385383,0.14460504,0.081839986,0.077694975,-0.16597618,-0.2393279,-0.0048058545,-0.12967005,0.020698698,-0.020935038,0.015788473,0.15656741,-0.046831276,0.07217475,0.06492376,-0.022165727,-0.007975689,0.033911247,-0.06583216,0.008081796,-0.10985651,-0.08071384,-0.023020005,0.017369924,0.052355032,-0.14117001,0.028114954,0.11173367,0.015809922,0.046165165,-0.037989855,-0.082335725,-0.06379536,0.033564523,0.003984827,0.004680148,-0.12151919,-0.034930643,0.008892105,0.011234196
logistics course,0.60642445,-0.32088593,-0.06626057,-0.13560666,0.5866696,-0.117633455,-0.01798966,-0.12990454,0.2769291,-0.043875303,0.016183708,0.04237049,0.024677008,0.04378073,0.075442575,0.051723592,-0.01413501,0.051981065,-0.045560773,-0.0069314977,-0.051670372,0.0853075,-0.02258606,-0.016446836,-0.039938945,0.055930004,0.014015323,-0.015465253,0.005232156,0.064494036,0.0064163264,-0.03367827,-0.0067905006,-0.01717808,0.030839624,0.007900926,-0.03851972,-0.00074649934,-0.0150190005,0.0096861245,-0.004253234,0.0070720487,0.029935334,-0.04602322,0.02329451,0.029969055,-0.018132983,0.04277691,-0.00021811435,-0.060038578
online system thinking course,0.8120858,0.28437623,-0.1938543,-0.063321665,0.14833367,0.094850875,-0.077989586,0.113606595,-0.037491847,-0.052699905,-0.15833233,-0.06597752,-0.10974595,0.042644553,-0.26526988,-0.057901382,-0.0013053364,0.0045688576,-0.04854134,0.0030132486,0.056242626,-0.040858362,0.023514258,0.061494756,0.008684715,-0.013275415,0.081321865,0.008446553,0.011967485,-0.041676763,-0.039492033,0.008984143,-0.05404137,-0.00035463294,-0.007130254,0.012997296,-0.018421302,-0.0012067247,-0.047778685,-0.052142963,0.03866476,-0.058278155,0.0065166373,0.0075292718,0.07562821,0.028386347,0.013777561,-0.04266606,-0.041065793,0.034258332
system thinking certification,0.7936958,0.20614667,-0.14326832,-0.36703342,-0.28164238,-0.08718977,-0.017878477,-0.10123175,-0.048272077,-0.072157785,0.03321973,-0.08759062,0.06624004,0.06895615,-0.05133014,-0.0199075,-0.0758231,-0.0018714583,-0.07934146,0.025684025,0.012425157,0.02997405,-0.07352276,-0.068293266,0.02701897,0.068286195,0.022452947,-0.00856818,-0.019970214,0.035360828,0.012666904,0.039133254,-0.03334124,0.014901538,-0.0036801742,0.0026118306,0.0024839856,0.003777777,-0.06528216,-0.029056614,0.009357189,-0.039520964,0.020336008,-0.023650227,0.009031161,0.022277098,0.04892763,-0.032658264,-0.0012752218,-0.006966821
logistics management,0.47771305,-0.28935742,0.09119355,0.0678789,0.3238118,-0.47555143,0.08124603,-0.24634108,0.40370533,-0.114833966,-0.06547661,0.0370049,-0.08464856,0.04235312,0.037927095,0.070877545,0.035108883,0.092275046,-0.02083925,-0.056046493,-0.13660057,0.05704677,0.05409667,0.007571006,-0.04221574,-0.017391779,-0.008242977,-0.06053786,-0.015451327,0.006059451,0.06362711,-0.055737916,-0.03861527,0.08059969,0.017222553,0.0025539596,0.022120146,-0.025908846,-0.10165399,-0.006437133,0.04213855,0.04729277,0.03549004,-0.03493589,0.002955005,-0.023432724,0.013395818,0.01330211,0.014350753,0.026470173
logistics management training,0.51897645,-0.3647974,-0.025804056,-0.014613851,0.41546136,-0.36344054,0.016947903,-0.25940052,0.20800455,-0.21927619,0.14688362,-0.17060107,-0.102168724,0.021637069,0.030438304,0.11008627,-0.01715063,0.11409939,0.027294831,0.08124813,-0.012707275,-0.02723221,0.08537636,-0.060821205,-0.050541814,0.011224214,-0.067292765,-0.011490256,-0.054831095,-0.042542513,-0.0022978215,-0.012643852,-0.018017942,0.039579716,-0.020285292,0.0033217752,0.0007716795,0.020822713,-0.02415065,0.045779105,0.059523825,0.020419277,0.016082574,-0.026588514,0.04932351,0.015255316,0.02286937,0.0007446349,-0.0063037327,-0.0005353033
technical product management,0.53359705,-0.32707384,0.24052942,0.15668836,-0.10814454,-0.474041,-0.21915717,0.15512823,-0.058648,0.12636745,-0.00907735,0.06130014,0.046710547,0.15643984,-0.09237967,0.019939302,0.26536584,-0.08264524,-0.11046862,-0.021191534,-0.025044914,-0.045768842,-0.021708768,-0.07385346,0.069302,-0.057018287,0.08589479,-0.049925614,0.105032034,0.005717354,0.12140359,0.011773616,0.0673118,0.0016116542,0.0107743805,0.013315747,0.03784715,0.027787738,-0.022820234,-0.051028278,0.004309984,0.0059341565,-0.008311666,0.011196288,-0.015605752,-0.040084593,0.01479927,0.033564206,-0.03636516,0.034828983
project management professional online course,0.64612794,-0.45091417,-0.21910195,0.09588734,0.16340415,0.28169984,0.12447676,0.155594,-0.028304443,-0.014407294,-0.21945812,-0.11154847,-0.11609689,-0.035611976,-0.17923369,-0.0662536,0.022949269,0.0023145382,-0.0065696477,-0.04148096,0.14690736,-0.061848275,0.017580997,0.027647553,0.043006312,0.006657475,-6.912615e-05,0.04329258,0.02082692,-0.024240233,0.02590656,-0.036271494,-0.08035658,0.027558759,-0.017950408,0.06255035,-0.05218567,-0.014682503,0.014216518,0.04003313,-0.038483005,-0.0037280836,0.043138452,-0.015965406,0.03557712,-0.025636043,-0.010786256,-0.066181,-0.03975752,-0.0016151441
product management certification,0.5543014,-0.5161655,0.15680994,-0.33192357,-0.2239908,-0.35080454,-0.101609945,0.16831379,-0.1770847,0.011979937,-0.025213396,0.021392038,0.049582902,0.002892735,0.045671355,-0.031623594,-0.043821957,0.030801563,-0.09121477,-0.036155894,-0.020466527,0.03166314,-0.074728996,-0.009408237,0.007465802,0.06824508,-0.0021426096,-0.010356021,-0.02711648,0.0025773614,0.031107174,0.021935051,-0.038449436,0.058107045,0.04678807,-0.016813772,0.003117635,-0.01816085,-0.04604438,-0.037215177,0.0024622257,0.013466375,-0.004646918,-0.02280831,0.013942888,0.005184582,0.021393681,-0.031903908,-0.036089335,0.00399547
technical project management,0.6453095,-0.37124798,0.013552661,0.43741316,-0.20083334,-0.0103571275,0.13589297,-0.032929376,0.11338358,0.09848318,-0.021552809,-0.06154648,0.06263889,0.19377445,-0.051543735,0.04505902,0.22004066,-0.09231416,-0.06481714,0.026700418,-0.013680952,-0.05824028,-0.036856905,-0.07176764,0.069306254,-0.028362423,0.09160907,-0.0148603,0.10811102,0.03035538,0.10605263,0.02049157,0.037022673,0.02746569,-0.0028625138,0.042899642,0.020002525,0.020022703,-0.01689964,-0.040731613,0.0051694475,0.011123741,-0.009208766,-0.046960127,0.004016968,-0.019726662,0.008217104,0.03178653,0.008189392,0.011315725
system architecture program,0.5567195,0.20215118,0.5312483,0.06769518,-0.11879618,0.18733463,-0.22273399,-0.22995758,0.018231789,-0.13189293,-0.077710204,0.061564535,0.022887295,0.019977845,-0.04896571,0.15945698,0.07900335,-0.021982834,0.1930628,0.043668054,-0.14422986,-0.037922278,0.0063328114,0.11488811,-0.0014401753,0.12222284,-0.012105928,0.056986764,-0.02986734,-0.034510132,0.009870925,-0.013405042,-0.120441675,-0.10382576,-0.029208455,-0.017742034,-0.069706485,-0.07577491,-0.0487779,0.0056017907,0.004925608,-0.020179465,0.010613919,-0.0010756294,0.049129598,0.06880812,0.022706224,0.012121338,-0.056826044,0.0354809
pmp training,0.4362648,-0.24912071,-0.15676421,0.04505031,0.20567614,-0.045924086,0.06637213,-0.28120798,-0.117704935,-0.4111744,0.18146811,0.035349302,0.2886902,-0.39506614,-0.050324097,-0.025476636,0.11553858,-0.18249024,0.079682276,-0.08650967,0.059056062,-0.09237672,-0.0036091204,-0.07686936,0.040234797,0.006511147,-0.08092406,-0.020464117,-0.041840803,-0.10675159,-0.08598944,-0.011961081,0.0853787,-0.06596378,0.079773314,0.0036879845,0.009108227,-2.514679e-05,0.0330861,0.030182403,-0.03783961,-0.028570862,-0.04699503,0.008496209,0.00049016613,0.014525624,0.0035039731,-0.02134075,-0.008768158,-0.016745824
supply chain logistics certificate,0.36586827,-0.40063068,0.08680801,-0.5972307,0.12915803,-0.28839526,0.25441638,-0.12130313,0.19377962,-0.0040960237,-0.052398786,0.0653089,-0.023746816,0.06374434,0.046414625,0.060101707,-0.019828467,0.0068524014,0.15461686,0.038188685,-0.059086073,0.04423114,0.021679645,0.06342201,0.034339946,-0.0068302844,-0.0031756156,-0.05504864,0.11781544,-0.0045649963,0.078098126,0.049890872,0.052256305,-0.12614936,-0.011941046,-0.07457672,0.047475707,0.03640585,0.0695645,0.025311388,0.00753886,0.009764485,0.0010152025,0.05579346,-0.05755071,-0.050715495,-0.017408568,-0.027546925,0.002050788,0.031977046
logistics simulation,0.36507487,-0.044050314,0.18689243,0.067394614,0.39046186,-0.43992054,0.1716742,-0.2714643,0.29272795,-0.117113285,-0.038500488,0.13038173,-0.116104275,0.17852,-0.051292397,-0.0026859923,-0.33109736,-0.0706094,-0.034216348,0.026676757,-0.14109184,-0.053354967,-0.1365501,-0.009946148,-0.06707311,-0.047792733,-0.024372716,-0.030029185,0.08989893,-0.042627435,-0.03777671,-0.016367003,0.0039090575,-0.043620095,-0.06412962,0.092430495,0.0018521679,-0.021617282,0.05826532,0.04712789,-0.018144235,-0.041727394,-0.031058582,-0.01079426,0.0062645646,-0.06529833,-0.053842507,0.03099457,0.018902408,-0.00905949
system performance,0.3335787,0.27803832,0.38963357,0.05873194,-0.12887901,-0.03625844,-0.03129126,-0.1106483,-0.058944564,-0.14505437,-0.12904896,-0.016313018,0.24164152,-0.04653628,-0.090186864,0.06761217,-0.002628483,0.1023071,-0.06536935,0.0049179713,0.1173437,0.11492063,0.32269552,-0.17445059,-0.02879072,0.22677477,0.13990124,-0.18411991,0.030087058,0.0046073482,-0.089101486,-0.015060548,-0.19582571,0.019333359,-0.13243636,-0.052775376,-0.02952566,-0.20093222,0.1815408,-0.08074381,-0.086012565,0.074545965,-0.11643334,-0.0014384341,0.008494715,-0.19755016,-0.008518438,0.095761694,0.03103383,0.05994562
system emergence,0.4471465,0.41302145,0.28372994,0.13393825,0.05652718,-0.063673764,0.18199483,-0.062217083,-0.09424643,-0.110453546,-0.08397447,0.07235153,-0.08256819,-0.04203965,0.119907685,0.003166373,0.22985294,0.16095065,-0.069557115,-0.00649822,0.026306422,0.1284766,-0.09365033,0.108542465,-0.015316699,-0.036336385,-0.13248762,0.11945228,-0.05157914,0.013740835,0.17417197,0.25884944,0.0302432,-0.019771114,0.028995607,-0.08782281,-0.035166692,-0.05785524,0.24480535,-0.13931176,0.075604245,-0.07534919,-0.02222192,-0.09612758,0.17777273,-0.012030758,-0.120233476,0.034600165,0.11246024,0.023606973
dynamic models,0.31161895,0.17817,0.30023187,0.16359591,0.17104456,-0.11042835,0.27324945,-0.14745107,-0.3840494,-0.13220978,-0.096209235,0.19365178,-0.18639891,0.051016748,0.09514694,-0.2521886,0.086446,0.0022589948,-0.21919131,0.06716491,0.13387369,-0.0208557,0.082438275,0.09428061,0.11392977,-0.11292914,-0.015620985,-0.107448556,-0.13447325,0.11095148,-0.075859375,-0.0067807646,0.016878655,-0.12683935,-0.05354614,-0.064550504,0.13121577,-0.0988883,-0.15682559,0.08856782,-0.037837945,-0.046239927,0.011373519,-0.09844958,0.10573433,-0.041552816,0.017531186,-0.011202375,0.119027935,-0.0559114
technical problem solving,0.5423874,0.036867764,0.04662799,0.23896538,0.011109279,-0.2718174,0.005919353,-0.34158325,0.023030663,0.46173093,-0.09188672,0.061219696,0.079828426,0.021857409,-0.17377077,-0.15589271,0.21492572,-0.15231742,-0.07990414,0.09855721,-0.06547083,0.04973437,-0.042087864,-0.07288576,0.02896299,0.0036264074,0.14354986,0.0059408597,0.04910342,-0.02620125,-0.003513172,0.002920729,0.016934842,0.073943615,0.026397994,-0.07825937,0.058301825,0.061812893,-0.00765159,0.07352583,0.025776096,-0.07103806,-0.100863785,-0.007699552,-0.0002556473,-0.011110094,-0.038829204,0.017453877,0.010101736,3.0272857e-05
pmp online course,0.5082835,-0.26715142,-0.21182111,-0.10257243,0.37622386,0.1486691,0.043854397,-0.07064592,-0.057816338,-0.25277635,-0.12467956,0.13064425,0.1510197,-0.3757786,-0.20055239,-0.12788789,0.13568303,-0.20354782,0.044548906,-0.15056756,0.041459482,-0.078225434,-0.028192552,-0.012720429,-0.03495037,-0.07111697,0.012952374,-0.020784574,-0.0050498145,-0.06669064,-0.004388435,-0.016733902,0.016963672,-0.032298606,0.10362658,0.028563151,0.0022114357,-0.016664369,0.008288408,-0.012985118,-0.0024682526,-0.031023761,-0.015786992,-0.014291693,0.012075876,-0.048335392,0.016189331,-0.012369702,-0.027257271,0.021744281
logistics certification,0.49725398,-0.3928983,0.04857798,-0.4794019,0.18938635,-0.31134975,0.16965398,-0.2940408,0.19127296,-0.036612857,0.06346253,-0.022029353,0.0059470283,0.07622184,0.037130006,0.033713084,-0.03186002,0.11609085,-0.09654057,-0.036890283,-0.053129632,0.0059664473,-0.06594755,-0.051766872,0.0021229396,0.102538355,-0.028238246,-0.044872582,0.016861109,0.045480635,0.020016331,0.043895468,-0.03993624,0.015012028,0.050101005,0.014798607,-0.021585621,0.008448393,-0.07994765,-0.019973831,0.006927063,0.0022976692,-0.0007827559,-0.035389874,-0.02504213,-0.0041928114,0.01367939,0.0005380915,-0.014435469,0.006472418
technical project manager training,0.63554287,-0.433937,-0.13495137,0.35485274,-0.07062721,0.034602385,0.09529473,-0.11059349,-0.0727413,-0.019242492,0.21653889,-0.21807471,0.04414585,0.105432026,-0.03151248,0.052867394,0.15034053,-0.06900265,-0.040867303,0.08713186,0.087218,-0.11010676,0.0265459,-0.10441923,0.05818091,0.03196359,0.009527246,0.038934086,0.08870071,-0.030852776,0.0007793897,0.00909485,0.027952226,0.006678248,-0.09050037,0.057432216,-0.0079931365,-0.035701845,0.065959424,0.08488934,0.025478087,-0.0656984,-0.02311596,-0.03200604,0.0076516937,0.04700533,-0.03545651,-0.0042235805,-0.006221326,-0.031582583
product management program,0.5930604,-0.37780547,0.24075137,0.13167912,-0.036148142,-0.3692541,-0.25941953,0.23477842,-0.07334415,-0.10412167,-0.13559714,0.058256764,0.031787243,0.014536799,-0.11291412,0.01866451,0.057352345,-0.013450347,0.10913527,0.05955286,-0.109588556,0.027386358,-0.05231172,0.024254415,0.03757748,0.05352772,-0.04076193,0.120879345,-0.12211349,0.025500802,-0.06255656,-0.04284471,-0.031713758,-0.065387204,0.06709973,0.016377114,-0.04160432,-0.12732168,-0.06134047,-0.00014709242,-0.00055626634,0.03976094,0.062815964,0.015820595,-0.02302371,-0.027156468,-0.0045291763,0.038641833,0.020429553,0.015517839
product management training,0.5750794,-0.44565856,0.0849876,0.067904994,0.022946905,-0.45161384,-0.3073381,0.19309063,-0.21239762,-0.10642807,0.073101684,-0.10426919,-0.03434622,-0.049384616,0.053682793,0.00042170883,0.023688432,0.048380762,-0.010852101,0.057343777,0.07707565,-0.020245964,0.022238681,-0.010851915,0.0037256707,0.08387628,-0.031528544,0.0082301125,-0.020038666,-0.064026125,-0.05542477,-0.018377047,-0.005456468,-0.0143614495,-0.016318073,-0.033555962,-0.019649038,0.02228142,0.03896461,0.04745466,-0.054910872,-0.028468851,0.003754357,0.00442327,0.0036069572,0.0050720763,0.012109865,-0.041388087,-0.046123978,-0.0011896989
project management simulation,0.5395307,-0.25895625,0.06510124,0.4692915,-0.13634317,-0.033562873,0.23864435,0.008502248,0.03383876,-0.1441925,-0.09583184,0.04663497,-0.06744537,0.14835632,0.026358472,-0.0047755367,-0.3862318,-0.18145339,-0.035614762,0.028612535,-0.017832601,-0.06388632,-0.15925233,0.046273977,-0.06956566,-0.038704224,-0.004800123,0.0208395,0.06323886,-0.08879131,-0.023118155,-0.02356497,-0.010986254,-0.0027724875,-0.053739958,0.078283906,0.048940588,-0.03812543,0.1173481,-0.061939463,-0.047396358,-0.058657512,-0.073528655,-0.0050059482,0.007851724,-0.03913014,-0.004482181,-0.017156005,0.023850288,0.0035814967
systems dynamic method,0.41807982,0.45477197,0.30479988,0.11317962,0.10096325,-0.11114606,0.3083063,-0.025385566,-0.1731488,0.031605735,-0.10675854,-0.034209635,0.019440854,0.021169642,0.036446806,-0.13527459,0.09021585,0.049776647,0.00889057,0.04002502,0.0055682026,0.052220523,-0.019612027,0.12101138,0.110575385,-0.10877447,-0.038758326,-0.25681618,-0.28988865,-0.0076354705,0.017109508,0.14303558,-0.04951825,-0.14125556,-0.084847145,0.019879056,0.03373113,-0.009973113,-0.12173577,-0.020619316,-0.049328525,-0.16753143,0.04272825,-0.092102885,0.050912187,-0.043040562,0.065800704,-0.013953383,-0.08394299,-0.026137155
network models,0.29903746,0.11266965,0.23090547,0.14531392,0.0833017,0.014205011,0.11701078,-0.24289052,-0.12356221,-0.12967215,-0.09470917,0.22958037,-0.09307783,-0.12255767,0.08858204,-0.2742944,-0.013964118,-0.054330207,-0.46827123,0.13417014,0.010267002,-0.11859271,0.16749589,-0.0005600449,0.0062727677,0.0065526133,-0.06967428,0.22592127,0.2122295,-0.083666116,-0.0069474634,0.03938349,-0.019554377,-0.150964,-0.004084953,-0.19941735,-0.16804321,-0.053977776,-0.0531578,-0.051359076,0.07283564,0.049148165,0.091674395,0.012944277,-0.15425004,0.051054586,-0.045761544,0.029878657,-0.05356821,0.05199347
simplify complex processes,0.23723356,0.16936979,0.10912738,0.15651986,0.13372649,-0.22046514,0.096872225,-0.049297135,-0.17057368,0.2621834,-0.14507982,0.19790395,-0.09082723,-0.22828546,0.02852827,0.5875009,-0.19753465,-0.17313509,-0.06729203,-0.12153092,0.16219541,0.009486846,0.08091632,-0.12785126,0.085750684,-0.011795064,-0.011176082,-0.06333907,-0.08959247,0.11135479,0.02611542,0.03629543,0.09797726,-0.0371804,0.041486565,0.033117037,-0.1106072,0.00023112701,0.013491842,-0.025983963,0.031171123,-0.143023,0.08969407,-0.023143038,-0.05862084,-6.9134454e-05,-0.039874334,0.04447998,-0.0104535725,-0.01695662
technical product manager training,0.57867485,-0.3897746,0.091631435,0.11151108,-0.0016887014,-0.39093882,-0.2422164,0.07218019,-0.2036696,0.025807569,0.237355,-0.093985036,0.030076116,0.09169214,-0.053197753,0.0128121,0.22743727,-0.080015,-0.07682282,0.069179185,0.095140494,-0.11893163,0.034837913,-0.09940384,0.052592393,-0.0102833435,0.026253022,0.024435367,0.08903671,-0.052518815,0.036015056,0.005063441,0.065166816,-0.016392563,-0.09317017,0.04673289,-0.016208258,-0.034594953,0.06396017,0.07632621,0.01901221,-0.036542077,-0.027528543,0.016245821,0.021860065,0.04296933,-0.033855993,-0.00907999,-0.05777852,-0.019997435
learn system thinking,0.7445881,0.52300256,-0.18020926,0.033097208,-0.023690952,-0.07447254,-0.094023824,-0.026693776,-0.12594369,-0.1770885,0.1126249,-0.04027593,0.0007745461,0.013395059,-0.025663592,0.07003355,-0.04592551,0.0054232865,0.059857804,0.013746041,-0.0087958565,0.10138125,0.028357148,0.09379337,0.055559706,0.018016705,0.064299375,0.012697956,0.06859353,0.018090142,0.06395942,0.07289464,0.032537352,-0.011763325,0.016366815,-0.007248895,-0.0019197782,0.028508296,-0.019084604,-0.037980556,0.022180567,-0.0223914,0.0022243655,-0.0099094175,-0.033124663,-0.007818616,0.00918922,-0.02068795,0.012906929,0.021632569
product management simulation,0.4339231,-0.19326308,0.30696195,0.17720999,-0.03405819,-0.50409853,-0.12190922,0.21103072,-0.15755919,-0.104254216,-0.10162425,0.19269894,-0.050483957,0.11992112,0.005860275,-0.053467523,-0.32224572,-0.16259032,-0.06363502,0.008435554,-0.038700122,-0.07237217,-0.15773514,0.06858837,-0.070457004,-0.074996345,0.0006892843,-0.04166556,0.059863158,-0.10178156,-0.0233454,-0.020341063,0.030600607,-0.02019093,-0.050907858,0.06116765,0.043081637,-0.040320054,0.08263998,-0.048714522,-0.036823913,-0.04436998,-0.05233768,0.03808808,0.025536297,-0.0493253,-0.03709464,-0.0062914663,0.003783861,0.02731838
supply chain logistics online course,0.52035695,-0.2972151,-0.04473017,-0.22785388,0.60228664,-0.105871126,-0.011390017,0.031871174,0.21305966,-0.024893837,-0.20393007,0.0050598513,-0.19743887,0.058666267,-0.17354177,-0.045325473,0.0070536286,0.06676359,0.051028803,-0.051083006,0.038385548,-0.021212285,0.02741846,0.014318677,0.002998804,0.0012252069,0.019677285,-0.051760517,0.057933345,-0.019486688,0.062585674,0.076104164,-0.05177702,-0.05421422,-0.0036717374,0.0011181453,0.03732308,-0.025896208,0.039715152,0.01906063,0.028991727,-0.01622709,0.022030493,0.04684367,-0.021621272,-0.031155331,-0.0072507737,-0.06611013,-0.021085395,0.028237341
logistics certificate,0.40503153,-0.39594296,0.040634338,-0.60189044,0.16230646,-0.26416248,0.29089928,-0.17596394,0.1929474,0.010063953,-0.014855272,0.038274277,-0.031852603,0.07354325,0.041724674,0.07843781,0.014392878,0.032088883,0.095343,0.04950382,-0.050016284,0.06807667,0.03453984,0.06564181,0.010139627,0.022882085,-0.0072651687,-0.02302689,0.063242875,-0.0022798157,0.04146146,-0.027131395,0.051794093,-0.067072704,0.0031233553,-0.034298874,-0.029782103,0.029452883,-0.006344399,0.022216063,-0.009265322,0.0327133,0.013500207,-0.023553995,-0.0075387293,-0.041027762,-0.03549093,0.039369762,-0.002799391,-0.004569615
system thinking simulation,0.6578884,0.5162009,-0.054299373,0.13829026,-0.07780487,-0.14130552,0.029015789,-0.032755587,-0.007153845,-0.18250139,0.029911205,0.079131804,-0.0453852,0.15080632,-0.05827282,-0.047473677,-0.3105493,-0.17556387,-0.014233216,0.021162143,-0.025824271,0.0023751247,-0.13489048,-0.0011385487,-0.026388524,-0.033078168,0.04624513,-0.02102931,0.019469555,-0.031017989,0.016655391,0.0058511384,-0.0070978883,-0.019442188,-0.08080649,0.1055722,0.0015309183,-0.020431004,0.03545835,-0.043144062,-0.05799433,-0.011725688,-0.0073948363,0.00999321,0.03252895,0.016430274,-0.0024393478,0.008447492,0.012021024,-0.009494851
simplify complex problems,0.18924154,0.07302588,-0.046703655,0.11124979,0.07512622,-0.185067,0.0556149,-0.15544823,-0.16519098,0.4299409,-0.22942583,0.09315883,-0.0579426,-0.2648395,-0.052777257,0.55459046,-0.1386197,-0.16949722,-0.10340381,-0.004011439,0.044901054,0.13645539,0.022200873,-0.13823377,0.065442495,-0.040974252,-0.070492,0.07397622,-0.027958434,-0.10060205,-0.13242584,-0.06398608,-0.032723196,0.052454617,-0.12497588,-0.084821515,0.05928304,0.08881964,-0.08630672,0.0072687296,-0.018893773,-0.008377546,0.12402964,-0.050250202,-0.037378807,-0.021891315,0.051865034,0.049967047,0.017298244,0.02783348
critical thinking and problem solving,0.5445287,0.19015989,-0.5703247,0.1303586,-0.04504467,-0.15170549,0.019112786,-0.18924966,-0.06701623,0.2550378,-0.1255102,0.19160919,0.11316618,0.13453022,0.026073182,0.013704532,0.07021641,0.026439818,0.07981594,-0.09522099,0.014756,-0.10399342,0.058155995,0.102537,-0.13562576,0.073564045,-0.063007675,0.024321606,-0.025464661,-0.06988604,-0.019941755,-0.010584707,-0.026935983,0.006422616,0.0616457,0.0066350517,0.08097861,-0.016648782,0.01604511,0.08768127,-0.021879125,0.06709585,-0.054599732,-0.022380596,0.005575873,0.006604198,0.013922988,-0.010356211,-0.025923816,0.027532699
project management cert,0.55074376,-0.54973,-0.04006481,-0.17687021,-0.34095228,0.07325675,0.34309027,0.029983616,-0.003326279,0.009033379,-0.07308903,-0.020914553,0.0065742205,-0.0142686535,0.020691501,0.029654568,0.009646874,-0.09135031,0.14644605,0.052277062,0.04925367,0.15543146,0.018747438,0.09859326,-0.062862836,-0.02700918,0.067556545,0.071603715,0.07768007,0.002321831,0.0608289,-0.021412792,0.094138056,-0.013063918,-0.035140175,-0.048526384,-0.021153532,0.02509851,0.010430953,0.019400135,-0.014481227,0.0032869051,0.028917389,-0.055291515,-0.006790931,0.024974598,-0.0030477599,0.020979848,0.014713285,-0.021433774
systems thinking course,0.8770093,0.3511335,-0.20869291,-0.045890294,0.045318194,0.048521694,-0.06379461,0.09498632,0.066313125,-0.018262185,-0.0076758247,-0.07878379,0.06364227,-0.038417175,0.03476737,0.015886271,-0.0066203903,-0.0661088,-0.054233227,0.04645748,-0.07295495,-0.0019087682,-0.04873373,0.031493355,-0.0016454569,0.032003514,0.013031749,-0.021290682,-0.0047201538,0.02102168,-0.01176454,-0.01311139,-0.01375916,0.013215723,-0.0049083717,-0.035802357,-0.020651361,-0.004613303,-0.0097698,-0.020460334,0.0071083754,0.003885515,0.01241975,0.012752534,0.0037839243,0.018520663,-0.04005764,0.02134091,0.01679489,-0.008485753
mit systems thinking,0.72505283,0.33877584,-0.12835026,0.043474283,-0.12983654,-0.0036580903,0.0747334,0.13954218,0.16763978,0.04757187,0.31293786,0.29316106,-0.184317,-0.084711716,-0.032358233,-0.06094584,0.0021002889,0.06296343,-0.07158577,0.039347254,-0.0073020174,-0.012680534,-0.008915866,-0.06196694,0.028527766,0.07172528,0.026368955,-0.03331957,-0.03955619,-0.02311219,0.025113462,0.04667121,0.018992592,-0.040908877,0.022977432,0.016290093,0.048164114,-0.006336584,-0.013437555,0.038435727,-0.009691892,0.023838542,-0.018182032,-0.009354735,-0.034003112,0.013620069,0.03549687,0.016015066,-0.028888011,-0.0047274698
construction management courses,0.54357845,-0.4877259,-0.1439401,0.0538001,0.27014792,0.23658426,-0.06918344,-0.11268699,0.12240445,0.0047698594,0.02333778,-0.03276837,0.006971898,0.086952396,0.13786073,0.021738973,-0.05326912,-0.07787895,-0.0075308057,0.036513686,0.11471682,0.10063401,0.0016143066,0.023817634,0.10355799,-0.08805276,-0.025111388,-0.034131452,-0.12833694,0.06592048,0.11022756,-0.08550941,0.07589192,-0.02639472,-0.10844276,-0.061936636,0.10551635,-0.05309599,0.047646556,-0.13968426,0.04020966,0.058930025,-0.15120551,-0.022611504,-0.0051416196,0.086569734,0.20672153,0.063954234,0.012665269,0.13201442
systems thinking courses,0.8547531,0.33546597,-0.22186866,-0.07625596,0.049825374,0.06638788,-0.07272558,0.117659576,0.073701836,-0.045435615,-0.011928176,-0.13537729,0.0029314316,-0.041432478,0.07541377,0.06562658,0.018722713,-0.048099093,-0.07131431,0.049266737,-0.11452948,-0.024855528,-0.023522427,-0.0040066335,0.0037843746,-0.02076756,-0.034693625,-0.03570151,-0.028740583,0.004736248,-0.01796936,-0.0035843316,0.03216949,-0.0049785515,-0.012813214,-0.043374583,0.00064415735,0.033362005,-0.001149968,-0.014071139,-0.0006674678,0.041468758,-0.018446116,0.0020193702,0.0066065816,-0.00459438,-0.018339798,0.045469195,0.0034516794,0.023647953
lms learning program,0.5104579,-0.18542038,0.041102793,0.023105916,0.20439094,-0.009897278,-0.013107499,-0.15047108,-0.24033351,-0.23022343,0.1821428,0.056219775,0.015125455,-0.054008145,-0.24641259,-0.058830503,-0.1557586,0.05380991,0.065937206,0.22433904,0.12738422,0.03940606,0.07246909,0.18101111,-0.05501101,-0.09497399,-0.06658036,0.18294315,-0.14554037,0.19300553,0.02817635,0.13797261,0.027403882,0.30310127,0.007839505,-0.041980922,0.07029588,0.009621566,-0.08983312,-0.024595367,-0.03674761,0.04591572,-0.038263842,0.05746163,-0.12237395,-0.043206107,-0.07463649,0.11416853,-0.029653434,0.07191398
systems thinking certificate,0.7438005,0.19961762,-0.157685,-0.44122276,-0.32431987,-0.051775724,0.15606616,-0.0024999634,-0.00872954,0.017064145,-0.040771324,-0.023928951,-0.0077391425,0.012320124,-0.012816969,-0.0044482914,-0.011936761,-0.07021158,0.037778065,0.10940949,0.026814958,0.08458035,0.027063563,0.04774723,0.009236924,-0.031666823,0.00637974,0.0041124756,0.03684412,0.020524818,0.038938478,-0.061958928,0.053726323,-0.064045265,-0.026780358,-0.039124407,-0.014432659,0.011023055,0.026771285,-0.006473227,-0.028451286,0.020145725,0.039874207,0.010898365,0.0038289255,-0.000940592,0.009609126,0.023289138,-0.010519531,-0.022416383
scrum master certification,0.5016642,-0.30745673,-0.103157945,-0.28745934,-0.09817894,-0.008847795,0.12166275,-0.10863331,-0.08368169,-0.0058571277,0.13965023,-0.055467233,0.09256238,-0.07158283,-0.045628086,-0.02333613,-0.013617145,0.09684035,-0.16154937,-0.117204785,0.0970457,-0.15781464,-0.050759014,-0.14994852,-0.30049452,-0.1533364,0.13963221,0.17004645,-0.101187706,0.052634507,0.0993171,0.10669731,-0.17161705,0.030617025,-0.19895227,-0.027937105,-0.13446297,0.13832472,-0.06330578,0.0045094695,-0.19186212,0.03792931,0.070687726,-0.0058093295,0.08047388,-0.08855715,0.008402805,-0.020255428,0.015354263,0.05198404
strategic thinking workshop,0.5999656,0.026638784,-0.35789815,0.10473675,-0.11913484,-0.17752962,-0.055576596,-0.06657549,0.0077958116,-0.1109958,-0.05533358,0.11465238,-0.029194761,0.062067784,0.15015414,-0.12598439,-0.025892979,0.08902751,0.30994785,-0.056172337,0.03711497,-0.048446752,-0.114477254,-0.29423425,0.060241908,-0.17269465,0.113180675,0.12823854,0.028020661,-0.029976921,-0.10630356,0.10128464,-0.07993854,-0.05714972,0.046090066,-0.16790596,-0.017740952,0.007095704,-0.02166411,-0.08852017,-0.021429,0.011521987,0.0007631397,0.015344618,0.01960007,0.06896982,-0.049367223,0.11411799,0.08590985,-0.02651585
phd systems thinking,0.679914,0.39138362,-0.23212856,0.008349139,-0.20668887,-0.05180715,-0.043684296,0.01009277,0.13368912,-0.06977239,0.030448304,0.109251864,-0.141462,-0.084815025,0.034865264,-0.118918836,0.08067266,0.03219458,-0.03539299,-0.010176563,0.06418708,0.112926155,0.013623973,-0.08409017,-0.06376347,0.099071026,-0.12351593,0.059272673,-0.03121934,0.150975,-0.07722054,-0.11627228,0.006106635,-0.08210385,0.031000605,0.1932528,-0.0033967518,-0.0009709681,0.074455075,0.011072697,-0.068485245,0.0061149257,-0.047153343,-0.088789046,0.06349954,-0.074221365,0.04725324,0.07325898,-0.06389138,-0.09617218
best critical thinking courses,0.5357438,0.016312499,-0.59809643,-0.06476941,0.14757846,0.16272958,-0.0590975,0.020890675,-0.1380047,0.06812997,-0.11641753,0.25219992,0.19080493,0.21887948,0.037711736,0.0457417,-0.00055565167,0.10127575,-0.026729723,-0.014236502,-0.11813528,-0.08384633,0.1543368,-0.012661053,-0.015238881,-0.041077677,-0.16791484,-0.034942936,-0.03465014,0.00032459717,-0.04928466,-2.2131691e-05,0.041101296,-0.025773888,-0.01946431,0.025025629,0.023978816,0.0636781,0.046710756,-0.008106383,0.02115973,0.0136111835,-0.039072774,0.042868197,0.00955268,0.01471386,0.003657447,0.022565395,-0.04663095,0.039877303
system dynamics course,0.72032946,0.26389375,0.23673864,-0.01841385,0.38203478,0.09016425,0.2439649,0.12973009,-0.14410909,0.070470594,-0.020592557,-0.06511254,0.124928296,0.0867123,0.09983079,-0.039891817,0.06427704,-0.043420028,0.068628535,-0.0005282475,-0.025191294,0.07275378,-0.060165655,-0.059271347,-0.05723532,0.08580257,0.040803865,0.011246155,0.027956102,-0.00016996768,-0.030344423,-0.06390675,-0.020295054,0.087323435,0.0058222413,0.001954124,-0.039511617,0.030711016,-0.023816368,-0.016318148,0.008235046,-0.052742634,0.00047701286,0.037724774,-0.013968436,0.006983611,-0.01593203,0.0006802658,0.02958611,-0.022993868
introduction to systems thinking,0.76945823,0.52101815,-0.11009173,0.017983912,-0.08172226,-0.09418861,-0.039826646,0.10195752,0.13823979,-0.05729271,-0.0235058,-0.07586509,0.020451713,-0.036163416,0.116396025,0.013596247,0.051175676,-0.027229669,-0.01115526,-0.06649064,-0.051412582,0.013634501,-0.05354387,0.037359726,-0.018127177,-0.03876257,0.015671369,-0.00703272,0.028383665,-0.07645132,-0.020677418,0.050566006,0.047989104,0.029084451,0.051446564,-0.025081007,0.011622859,0.018641194,-0.07345301,0.057650622,-0.012926618,-0.032486446,0.017178696,-0.030624796,0.007242036,0.042112652,-0.056420587,0.004135769,0.046178725,0.018442757
the systems thinker,0.6180033,0.5525688,-0.049052116,0.018718665,-0.14116114,-0.13498992,0.09581564,-0.032451432,-0.026460733,-0.15619944,0.015830105,0.13046475,0.02811845,-0.0075518405,0.015984831,0.016123224,0.09916476,0.101243086,-0.17708111,-0.014838468,0.064031094,0.13584127,-0.06991709,0.059091534,0.09519949,0.11261717,-0.0053414293,0.0013776515,-0.017220976,0.003890057,0.12359542,-0.1324024,0.021179995,0.018685464,-0.0037060129,0.070726976,-0.043024234,-0.04189594,0.06300516,0.018287154,0.106379196,0.066432916,0.015833344,0.08751914,-0.11225715,-0.0058845114,0.041790273,-0.12416726,0.10223244,0.052561313
product development courses,0.6260741,-0.3640502,-0.0040649027,-0.017995507,0.16448608,-0.11646943,-0.30701208,0.25846097,-0.12884876,0.15509231,-0.03072938,-0.019044412,0.019124372,-0.026160618,0.13135773,-0.09700977,0.00806209,0.04756611,-0.014034079,0.028816804,0.1242054,-0.027833004,-0.17024936,-0.0156047465,0.035968333,0.082900286,-0.08967945,-0.074369,-0.006019795,0.18850732,-0.027532717,0.020914592,0.029514307,-0.18060803,-0.002805242,-0.07510612,0.016306616,0.12976263,0.073573,0.027051013,-0.13547468,0.009559932,0.025586013,0.008407863,-0.0024225407,-0.058496855,0.010653068,0.087213844,-0.03615759,0.04996529
project management techniques,0.5850666,-0.35533148,-0.010551404,0.57274514,-0.26927736,0.042113032,0.18024468,-0.022904526,0.033015676,-0.01871374,-0.19911604,-0.08134096,-0.011071364,-0.0011032679,0.021295821,0.016948203,-0.01709609,0.015954124,-0.026890073,0.030287994,0.00024451778,0.018943649,0.032124896,0.031529076,-0.006442306,-0.00174655,-0.011506109,-0.106492564,-0.037503846,-0.009694906,0.0031920266,0.02183981,-0.004324954,-0.046558037,0.0069046784,0.021589132,-0.04464392,0.0739691,-0.023075035,-0.073136985,0.004739143,-0.004460186,0.0015130503,-0.042472012,-0.073995106,-0.02583314,0.051517356,-0.031555645,-0.036177833,-0.018708395
software architecture course,0.69311994,-0.18687731,0.121145226,0.0048869723,0.093903504,0.46039122,-0.3297019,-0.13660409,-0.095410384,0.011541627,0.011672675,0.08440171,-0.17803177,0.050837565,0.10196508,0.002304348,0.004541965,-0.08613665,0.03541449,-0.039977506,-0.09104424,0.014067603,-0.06859094,-0.010017079,-0.043130387,0.016197676,0.050244745,-0.03459676,-0.021430025,0.01828705,0.05508299,-0.020509906,-0.034056462,-0.0067238663,0.0323689,-0.036994383,0.0068175937,0.0009476699,0.02974414,0.11001426,-0.054746833,-0.016718594,0.074633054,-0.007040471,0.014853329,-0.0008931017,0.014504008,0.010479426,0.018661082,0.022837896
logical thinking training,0.5467513,0.057244673,-0.517431,-0.034062635,0.06789113,-0.12050054,-0.09731707,-0.2173904,-0.23298028,-0.16448534,0.1861019,0.1121244,-0.021409318,0.108286016,-0.05193743,0.077045254,-0.05384947,0.010437966,0.005594848,0.2224085,0.05729054,-0.004974457,-0.11446819,0.11274911,0.17856623,-0.049954858,0.026128933,0.05633811,-0.01682143,0.066812076,-0.09469298,-0.040599234,-0.009704962,0.03833529,-0.069404304,0.06597634,-0.083003536,0.11947518,-0.0015239931,-0.039319944,0.097528264,-0.034165666,-0.018515995,0.083826534,0.036054373,-4.136062e-05,-0.011725117,0.005325638,-0.03223473,0.120191745
system design and architecture,0.5174842,0.20784669,0.53215957,0.059152536,-0.1744329,0.10992048,-0.16578805,-0.28286886,0.13434055,-0.029078722,-0.19248505,0.14166442,0.13951059,-0.062348876,0.039171826,-0.014305136,0.0025244437,0.12705892,0.08003455,0.07507932,0.11059254,0.021453671,0.06868389,0.053745158,-0.0011527017,0.08480592,0.037576757,-0.029099118,0.10391775,-0.06732597,0.07783464,-0.1136272,-0.088590235,0.026338091,-0.05439578,0.095273934,-0.012342086,0.09494758,-0.08445402,-0.0029213773,-0.024467833,-0.04647389,-0.016011335,0.02899796,0.048322454,0.104316674,-0.00042584358,0.0010693518,-0.009461136,0.07008818
thinking in systems a primer,0.675487,0.49211267,-0.22150098,0.091293514,-0.14724511,-0.17104872,-0.067640364,-0.054434545,0.03761685,-0.15686074,-0.043897327,0.15042676,-0.030276055,-0.06850388,-0.0021527484,-0.027667694,0.068110995,-0.0111938985,-0.014325159,-0.025523346,0.082052596,0.14039695,-0.03288602,-0.016582394,0.119213134,0.03280699,0.005087882,-0.012039881,0.06938161,0.031616632,0.10614524,-0.066810824,0.016206004,-0.005722235,0.047777742,0.124032274,0.062057227,-0.0044304943,-0.03663593,0.009088502,0.11487631,0.059445757,0.06439165,0.0029406752,0.02106432,-0.10316236,0.026027488,-0.010602161,0.04031947,0.025382359
business systems design,0.6258586,0.19519433,0.34222957,-0.029034276,-0.11589431,-0.19367018,-0.037871554,-0.049914666,0.2699055,0.07267385,-0.19734696,0.04788168,0.0006149596,-0.21285753,0.1889258,-0.1173938,0.023049017,0.092606276,0.079420224,0.19494098,0.10219024,-0.11010759,0.053336382,-0.017524319,0.11158,-0.10879,-0.06138118,0.06339843,0.0025470837,-0.009324955,-0.056397393,0.0513517,-0.0022958561,0.08680756,-0.05950121,0.09893516,0.10938688,0.03063663,0.03380916,0.046051662,-0.023927165,-0.08019908,-0.038769502,0.059052043,-0.068554245,0.04866847,0.007880256,-0.09455797,0.031363834,-0.0035950437
how to develop problem solving skills,0.45909607,0.0470374,-0.3278693,0.18291226,0.011985368,-0.19128019,0.0037245036,-0.31554216,-0.24829243,0.407537,0.10690681,-0.22534855,-0.07302073,-0.25659484,-0.010466578,-0.11150747,-0.033118766,0.16720298,0.08507001,-0.0028765546,-0.036072757,-0.08439964,-0.050209526,0.10720932,-0.16586748,0.013213115,0.002599509,-0.021766573,0.055617858,0.076343335,0.060037456,-0.10965438,-0.0048473873,-0.061315037,0.034421116,0.056217235,0.021846222,-0.06764906,-0.02902799,-0.065840475,0.039991915,-0.01663022,0.008591128,-0.008865445,0.013328605,-0.011933933,0.001893358,0.053080026,0.031896487,0.009255444
best systems thinking courses,0.8206793,0.3326887,-0.23916282,-0.09574195,0.034324914,0.09318038,-0.10742181,0.115581416,0.026853561,-0.04429019,-0.012114688,-0.0796081,0.025445268,-0.04602955,0.002668538,0.027034251,-0.033285506,0.036448315,-0.09628643,0.003318589,-0.19586039,0.02599465,0.058130547,-0.05692304,0.04193254,-0.07368005,-0.05379521,-0.07517238,-0.047599997,0.019526059,-0.0420871,-0.0040496807,0.04027813,-0.038302425,-0.014487624,-0.025861366,-0.010305121,0.0537563,0.009542497,-0.0109621,0.05338448,0.021828268,-0.029642535,0.045675367,0.041144777,0.015689727,-0.052087303,0.05606995,-0.0132444175,0.055030376
critical thinking class,0.53977585,0.13068753,-0.55993104,0.047678083,0.041962784,0.0072539286,-0.0059709535,-0.07290069,-0.101582855,0.032802064,-0.12402945,0.30732504,0.21462816,0.30171716,0.09452372,0.0528666,0.06824014,0.07413987,0.05742457,0.058972064,0.07887657,-0.15970092,0.01827905,0.097522326,-0.026986029,0.06125916,-0.11359442,0.024820212,-0.012548503,-0.07892358,0.01688911,-0.012869448,0.011842168,0.007682581,0.009072195,-0.024839446,-0.0039163586,-0.013703766,0.036578204,0.026052417,-0.012263357,0.044561002,0.067561775,-0.04995278,-0.0015678203,-0.01225702,-0.014245952,-0.036799368,0.019231597,-0.028581021
enterprise architecture certification,0.51616603,-0.26126108,0.26046526,-0.43012163,-0.29014817,0.12213337,-0.07045196,-0.2783245,-0.08306385,0.010155055,0.048642535,0.08556047,-0.2430671,0.044001002,0.17650107,0.018893614,0.04681074,-0.036874253,0.009555437,-0.045354094,-0.02872239,-0.1525201,-0.04567649,-0.06119587,0.06520362,-0.01104883,-0.02525651,-0.027252827,0.02656895,0.060130816,-0.12673481,-0.0035314201,0.01933511,0.11620952,0.033289287,0.009051623,-0.05997884,0.033241123,-0.015208263,-0.13557366,0.016248338,-0.003981899,0.0023085524,-0.020640677,0.020890843,-0.087142415,0.05060296,-0.084546864,0.038565014,0.040413022
systems thinking in business,0.7377683,0.435162,-0.12872857,-0.010512479,-0.17966974,-0.25344,-0.042319022,0.038361356,0.1991943,-0.077615194,-0.07404892,-0.05204165,-0.13957429,-0.08657528,0.12971641,-0.049715854,0.07173234,-0.08767889,0.04119251,-0.008478144,0.0056925304,-0.027386682,0.045485012,-0.015178322,0.04328698,-0.010214602,0.015632471,-0.021286925,0.000521033,0.011405474,-0.019275283,0.029830178,0.015888317,0.032612678,-0.010858868,-0.015725102,0.086411834,-0.0014345425,0.0060974443,0.042591244,-0.08484942,0.0072893286,-0.011763011,-0.008295808,-0.053945396,0.048053373,-0.018258743,-0.025211329,0.0056276317,0.057224225
system analysis and design course,0.76913416,0.099615805,0.34709835,-0.043428596,0.13508394,0.18380794,-0.1165498,0.024704924,0.017862538,0.19757506,-0.08905738,-0.107407704,0.26926997,0.061066404,0.05800427,-0.08012138,-0.12245181,-0.011770542,0.054592915,-0.0030606478,0.11330903,-0.020747406,0.008990204,-0.09821083,0.00015196402,0.032184277,0.05355303,-0.017537292,0.0147593925,0.052064084,-0.026522644,0.03742009,0.005724089,0.0470323,-0.008992182,0.014108411,0.007840012,0.017283231,0.00047462498,0.0059758844,-0.0012230951,0.04922099,-0.040769465,-0.038523108,-0.016284673,-0.013765001,-0.058222413,-0.036637936,0.03208441,0.0027430123
best project management certification,0.63157654,-0.5636565,-0.082539916,-0.069074735,-0.3088322,0.11394383,0.20942569,-0.012181894,-0.07304926,-0.038062144,-0.06021589,-0.057589334,0.10522347,-0.0076416195,-0.018643826,-0.013359682,-0.108345896,0.10427755,-0.08076346,-0.067593485,-0.1220245,0.060520213,0.057858445,-0.080874614,0.06356167,-0.016393187,-0.032686472,-0.037421558,-0.029013703,0.041640528,-0.013931198,0.03300491,-0.038669135,0.049367055,0.049070913,0.025437979,0.028718485,0.009308091,-0.011612582,0.009631614,0.046383616,-0.049262766,-0.036727916,0.013683017,0.012513142,0.048453882,-0.045770694,-0.03655607,0.02911432,0.016132964
critical thinking short course,0.53600436,0.094121665,-0.59775555,-0.0113387415,0.11093014,0.026418064,-0.07963568,-0.045291986,-0.089981884,0.0917342,-0.1558571,0.31577125,0.20805643,0.2314939,0.07400378,0.101575695,0.056843683,0.0071021463,0.041359566,0.018391814,0.072067946,-0.10185934,0.05024295,0.08722172,-0.060688205,0.065170474,-0.043354712,0.0028068952,-0.0038026164,-0.034189522,-0.009749966,0.04632421,-0.0716009,0.04660174,0.025125656,-0.015871055,0.053931426,-0.019217357,0.011743869,-0.0110096,-0.04732581,0.0027957668,0.023798795,-0.05314265,-0.021034699,0.017801002,0.03202036,0.02617,0.055250518,-0.06830085
system design certification,0.6292793,-0.043379363,0.3464595,-0.47040462,-0.2564913,0.01551727,-0.023747804,-0.13841121,-0.04629195,0.09520729,0.010204155,-0.12941872,0.21885039,0.027417537,0.021081692,-0.02103178,-0.16475257,0.09580796,-0.06034553,0.03185008,0.10050899,-0.044619817,-0.11582668,-0.053611696,0.030760908,0.04082534,0.0068003437,-0.0065078167,-0.0024407243,-0.02651292,0.038122106,0.030136213,-0.03457238,-0.0027935805,0.05409719,0.001695279,0.057024848,0.007781686,-0.030169388,-0.022733824,0.03417089,-0.0096839415,-0.011233308,-0.045426182,-0.03297111,-0.009509358,0.08291358,-0.038852215,-0.021135814,0.001184311
systems thinking education,0.7866906,0.46610197,-0.22597402,-0.059291158,-0.08449394,-0.038221564,-0.050484717,0.04622171,0.10686158,-0.06552219,0.059733093,-0.19018309,-0.03758872,-0.015683787,0.06132571,0.06135252,0.04550542,-0.058336943,-0.014823263,-0.025234573,-0.0470847,-0.061343823,-0.023537746,0.044801645,-0.017825222,-0.008952011,0.0022610126,0.03157964,-0.024289045,-0.039071374,-0.033794392,0.032006472,0.026273245,0.009018167,0.014564829,-0.03645107,0.018322943,0.019108266,-0.008342592,0.03237794,-0.029321562,0.014639243,0.01725285,-0.0082145,0.001491787,-0.013775472,-0.045309447,0.0508976,0.0036620076,0.019838218
togaf course,0.27239168,-0.1822874,-0.14660785,-0.042359713,0.1980318,0.061931904,-0.07327885,-0.043666735,-0.028323745,-0.004875505,-0.0033035206,0.028183922,0.16530925,0.04214098,0.18275991,0.26143,0.10789392,0.20367643,-0.23770115,0.115525424,0.12072697,0.2506746,-0.11789863,0.08523241,-0.25429517,-0.17176713,0.40281913,0.04920934,-0.051687147,-0.038864143,-0.24282086,0.039811686,0.120842524,-0.17824808,0.181288,0.1352169,0.022723105,-0.087204315,0.0057399375,0.0631717,-0.07775023,-0.007458373,-0.029733375,0.10657429,-0.01317801,0.05604515,0.054414883,-0.054461274,0.020003306,0.060730647
engineering manager course,0.6318453,-0.38484102,0.017002152,0.11107033,0.2381676,0.0755779,-0.081608824,-0.038481694,0.08291573,0.14179404,0.3101113,0.061786473,0.12910801,0.15789436,0.05469503,-0.08723012,-0.034486644,-0.13553993,-0.038610857,-0.06336532,0.12610662,0.1422853,0.12022226,0.09031373,-0.0043239403,-0.10827875,-0.03927546,0.051900808,-0.069280475,0.042862885,0.002691848,-0.13388188,-0.04735059,0.117580675,-0.005312653,0.016685022,-0.07729595,-0.09207632,0.051383033,-0.063975886,-0.0037600077,-0.009996197,0.10733676,-0.008459492,0.06914651,0.0732287,-0.03252256,-0.0717897,-0.00802671,-0.015523386
systems thinking certification,0.80037093,0.2255521,-0.15477571,-0.3595967,-0.286166,-0.082952775,0.015894525,-0.05454478,0.0010825294,-0.012821431,0.018477645,-0.153258,0.012267208,0.01033072,-0.009965955,-0.013477857,-0.056908235,-0.018574482,-0.10261897,0.01755424,-0.026890032,-0.017001558,-0.055958845,-0.06400786,-0.008377598,0.046871692,0.014610681,-0.006449546,-0.031906027,0.025823064,0.0015830232,0.045041215,-0.030859392,0.030184964,0.033637367,-0.01059324,0.01669338,0.006478905,-0.04142784,-0.004027426,-0.010796008,-0.0322104,0.02725591,-0.0390958,-0.013925423,0.014086665,0.026600504,-0.0046718484,0.0033442765,0.010690523
best course on system design,0.7584907,0.096601695,0.24543051,-0.03583465,0.15167625,0.24405219,-0.21798077,0.049956195,0.01268896,0.11149711,-0.106840335,-0.06885937,0.26874512,-0.018971466,-0.0018657243,-0.09425416,-0.12287561,0.1727693,0.01216616,0.016279986,-0.022719089,0.05859893,0.095555015,-0.0932629,-0.00048284774,-0.08272185,0.005901619,-0.08446675,0.09268592,-0.045035902,0.027221518,-0.009697628,0.020948995,0.0041363738,0.02625873,0.023839334,-0.0077568176,0.034086134,-0.009030672,-0.0058119297,0.07122745,-0.08046908,0.024171617,0.0155610815,0.020170704,-0.02324599,-0.028174222,0.013542043,0.0024532538,-0.03283888
technical project management courses,0.69943714,-0.4364117,-0.1586359,0.25786996,0.061058305,0.20625497,0.056200497,0.064489216,0.05439114,0.1293635,0.036502443,-0.09757359,0.09106409,0.13326028,0.021519346,0.02749632,0.13870995,-0.10568861,-0.08801267,0.049141783,-0.051110387,-0.0540968,-0.074470654,-0.11198525,0.0515278,-0.047036745,0.0038064057,-0.038360216,0.09915867,0.10253546,0.09021297,0.02219722,0.023249678,-0.022038575,-0.050307848,0.051838048,-0.0040432904,0.045457147,-0.02035964,-0.011853736,-9.8241355e-05,0.06109387,-0.0116398735,-0.034764525,0.023163471,0.0028458156,0.03018841,0.04074308,-0.0115609635,0.023050254
mit project management,0.5999334,-0.39455408,0.02436715,0.39701673,-0.1832266,0.13989955,0.23237593,0.16643092,0.17479898,0.023152532,0.18380772,0.22165348,-0.098946474,-0.07130756,-0.044651825,0.018956373,-0.02651292,0.09586779,0.0090154335,0.05268901,-0.038781155,-0.022936875,0.037092976,0.0035427408,0.049064834,0.11987453,0.10343715,-0.040236406,-0.006266881,-0.04617624,-0.015591313,0.039256144,0.013363108,0.005722545,0.032981645,-0.03872524,0.058556486,0.0066139437,-0.02384531,-0.0075520976,-0.025374413,-0.009754188,-0.0030169766,-0.045456924,0.0039046155,-0.009067487,0.0091996705,0.007560701,0.029156366,-0.009658789
systems thinking coursera,0.87334156,0.36297286,-0.14086476,-0.030400459,0.009613224,0.024284877,-0.07605104,0.0601521,0.031271316,-0.07766561,-0.039702736,-0.027304756,0.03555941,0.012946072,0.008472052,0.022658665,0.0003959873,0.011393163,-0.095063485,0.0867277,0.043677397,0.09796358,-0.083077796,0.012245701,-0.025349243,0.0020640267,0.03302927,-0.01567757,-0.0039686477,0.013380185,0.029291945,-0.0428124,0.010480869,0.0362732,0.019651419,-0.04099691,0.05221238,-0.021668194,0.0016569357,-0.005236932,0.0118749095,0.05768018,0.030551435,0.046651203,-0.012429409,-0.051597312,-0.06533141,-0.02250597,0.015752578,-0.045551687
sysml,0.36772665,0.10458314,0.1252858,0.030586103,-0.004014154,-0.031324502,0.043850895,0.038975038,-0.049527884,-0.21061328,0.004054007,0.10213881,0.21245359,-0.14242283,-0.059868477,0.25033104,0.038542684,0.25914806,-0.1275405,-0.105962604,-0.15680748,-0.22603367,-0.12060336,0.25308403,0.17685632,-0.23334065,0.18126638,0.090231374,0.11255286,0.22034793,0.0007574773,-0.25310573,-0.20176227,0.014145902,-0.013290348,-0.11592584,-0.0012568793,0.09951747,0.12747416,0.06648267,0.017060827,-0.0141987745,-0.13805793,-0.14117269,-0.0463088,-0.018127643,0.049506802,-0.027539827,0.0136067895,-0.104715176
best system design course,0.7659884,0.055508073,0.20185657,-0.084842436,0.14029746,0.28701332,-0.22370122,0.085612975,0.028280566,0.12974285,-0.06314635,-0.08435606,0.26842517,-0.03083399,-0.0130462935,-0.07493623,-0.12747806,0.17400505,-0.0138041545,-0.0013918536,-0.048876774,0.026358223,0.04153609,-0.08850407,0.032820955,-0.111238174,-0.03641565,-0.051764116,0.026770603,-0.035140768,0.0045554494,-0.034214545,0.028437875,-0.033048496,0.01254734,0.015707482,-0.0049924017,-0.0028422067,-0.0053166826,0.03681949,0.06442654,-0.039350256,0.011119281,0.012020574,-0.0037587057,-0.02709584,-0.05305778,0.044447437,0.008033461,0.00491365
mit system dynamics course,0.654855,0.21285479,0.24214743,-0.0076496997,0.36528137,0.14767075,0.33168396,0.22369434,-0.08880237,0.12861483,0.18735245,0.17131284,-0.009136272,0.0021829566,0.052316662,-0.07860755,0.06647752,-0.0010177079,0.04797877,0.019814227,-0.05481393,-0.0003949369,-0.028624555,-0.07465486,-0.06513383,0.094523735,0.060355768,-0.010050857,0.00430586,-0.015316142,-0.03628258,-0.01407511,-0.005539783,0.04794566,0.013752153,0.048060153,-0.06390968,0.009733288,-0.019855613,-0.007907581,-0.0019727985,-0.057996206,-0.012025842,0.055390954,-0.02291153,-0.0063938834,-0.0132961925,0.03705682,0.023732284,-0.008230932
system dynamics course online,0.7016004,0.25911352,0.21229084,-0.06505819,0.40694958,0.10480827,0.23130833,0.16607535,-0.17118506,0.06971302,-0.09887718,-0.12649146,0.0018296496,0.07881283,-0.0400343,-0.038102344,0.058512636,-0.025540726,0.107127324,-0.043788098,0.011318033,-0.0048320685,-0.06359199,-0.035032995,-0.06338117,0.057415925,0.043673854,0.029723208,0.045943704,-0.05737986,-0.03204734,-0.026749006,-0.008844933,0.08093981,0.0058861715,-0.015764082,-0.015011846,0.0015373145,-0.045577724,-0.07025203,0.03243999,-0.073245615,-0.020334244,0.034943778,-0.0015804191,-0.00539811,0.024255756,-0.012559361,-0.009995022,-0.0347005
open university systems thinking,0.6368896,0.23985185,-0.18951394,-0.06409054,-0.1414755,0.03667072,-0.06233574,0.11361122,0.14945877,-0.04135825,-0.011125137,0.07759428,-0.1631185,-0.0017189658,-0.025704585,-0.14707105,-0.0025881063,-0.06917743,-0.008628785,0.020957254,0.11265403,0.19242473,0.0303954,-0.16918583,-0.1983109,0.047950238,-0.011149882,0.18967088,-0.09782322,0.11063318,-0.17612545,-0.052559633,-0.021724142,-0.044153783,0.07393539,0.008171334,0.05371156,0.16924264,0.07048513,-0.06698299,0.22278218,0.014818513,-0.026911842,-0.20565568,-0.06185204,-0.053380344,-0.017109271,-0.088564046,-0.07013243,-0.012047526
mit system dynamics group,0.36804318,0.2625214,0.32545578,0.04839498,0.22201136,0.019771162,0.47165465,0.23822477,-0.15372866,0.044506643,0.26159295,0.27663088,-0.11107656,-0.050782982,0.11875137,0.047080703,0.15532991,0.13009124,0.08987199,-0.059052676,-0.06474401,-0.04277632,-0.108307056,-0.026285406,-0.06626049,-0.00020008298,-0.015220637,0.04634506,-0.06724976,-0.02226132,0.052045118,-0.05227603,-0.07077024,-0.0012634383,0.0010706706,0.038425714,-0.097415395,0.028531855,0.08623844,0.022256112,0.03467571,-0.046602257,-0.06347014,0.046278518,-0.038607147,0.050956525,-0.08544815,0.02516127,-0.081366464,0.12438505
how to develop problem solving skills in the workplace,0.4572404,0.018525338,-0.2707898,0.2123566,-0.02959322,-0.26576713,0.031808496,-0.27613127,-0.17579524,0.41163388,0.06533908,-0.2118916,-0.13868628,-0.27449593,0.04418474,-0.12555388,-0.045855787,0.16528876,0.075231805,-0.008202323,-0.038102336,-0.12839705,-0.004702375,0.059195522,-0.15923546,0.02010082,-0.0030608964,-0.056673218,0.01448164,0.013373111,0.08025142,-0.144402,0.029336466,-0.001650016,-0.006387111,-0.0049150437,0.05642723,-0.13421962,0.027819907,-0.09583775,0.043882553,-0.024445554,0.06192927,-0.038164653,-0.044118628,0.054293428,0.03925221,-0.0071434854,0.043494377,-0.0055596563
mit xpro systems thinking,0.6522871,0.25937518,0.1076731,0.015555152,-0.18526857,0.027770989,-0.07216474,-0.011916271,0.077798605,-0.039934162,0.10458089,0.16025473,0.024721969,-0.02093344,-0.24650544,-0.024087228,0.06380639,0.08139644,0.0014574423,-0.050552253,0.20699146,0.14026764,-0.15968175,-0.05650663,-0.17428043,-0.133982,-0.21838513,-0.22147016,0.1801037,0.08340739,-0.07534969,0.037042797,0.034933306,0.07464437,-0.082557864,-0.067861386,-0.08497671,-0.08090826,0.00966404,0.09260779,0.038913622,-0.007863277,0.0033037434,0.010595467,-0.038067475,0.046656672,0.07089307,0.0040047406,-0.03507112,0.009040901
ai project management courses,0.6778063,-0.36760494,-0.2216563,0.31325912,0.0957307,0.2363966,0.011701875,0.008213237,-0.10228864,-0.018690046,0.013318192,-0.049980126,-0.06884275,-0.0044728923,0.01248264,0.008973995,0.026159562,0.009851555,-0.046333868,-0.014140583,-0.13442793,0.040871266,-0.12081202,0.015581812,0.10198876,0.09783626,-0.13610947,-0.047495853,0.03287043,0.067586884,0.017925512,0.0039598574,0.061601177,-0.02817728,-0.07206685,0.02059866,0.001468857,0.08279824,-0.027409872,-0.015498863,-0.1271549,0.10600621,0.07275646,0.12340907,0.020411868,-0.07379324,-0.011589381,-0.111809865,0.07047039,-0.023441084
critical thinking certification,0.57163924,-0.023357805,-0.543173,-0.29148498,-0.124514356,-0.015088694,0.048885673,-0.12235858,-0.15231334,0.10117902,-0.034125026,0.17205341,0.16730882,0.26377985,0.0097617,0.05151103,0.0037242875,0.0354349,-0.028881675,-0.021405239,0.04854922,-0.1764792,0.006062252,0.016434966,-0.03778787,0.10936096,-0.120680556,0.04258455,-0.03837393,-0.035372607,-0.025929065,0.08389056,-0.024350181,0.057373848,0.008585522,0.06535472,0.026151964,-0.031465095,-0.004649838,0.011709225,-0.025938625,-0.025040537,-0.017693438,-0.0289373,-0.036367077,-0.03445085,0.05213322,0.012478181,-0.013947839,0.020150742
system design mit,0.7004358,0.116576724,0.428051,0.007507195,-0.11465778,0.15173398,-0.031447753,0.100163154,0.19641122,0.13825476,0.25228816,0.16347246,0.058926318,-0.10540788,-0.09359081,-0.005085545,-0.0765116,0.16848467,0.018121049,0.08244054,0.022208527,-0.12413666,0.029570293,-0.07000094,0.044204835,-0.0047586155,0.026406784,0.0032219833,-0.007746507,-0.1109873,-0.0114456555,0.01861579,0.045052517,-0.038624913,0.02232907,0.00826946,0.05962507,0.0075827334,-0.02353914,0.033784185,-0.0036047737,-0.012317861,-0.020073239,-0.017375631,-0.031343002,-0.041866574,0.02510233,0.031529702,0.01424475,-0.021895835
enterprise application architecture,0.41814613,-0.017424747,0.4225021,0.029876627,-0.26458365,0.018251082,-0.19441874,-0.17276804,0.07898524,-0.13858992,-0.13641565,0.18157008,-0.2786255,-0.06516766,0.076589584,0.060478136,0.21974745,-0.055125747,0.11744334,0.055963416,-0.088155165,-0.22956982,0.13660984,-0.0047481363,-0.070024304,-0.016130872,-0.024944354,-0.069242015,0.082685135,0.09906525,-0.2192066,-0.08865178,0.10860561,0.09013998,0.02272794,0.040310636,-0.07281377,0.07439338,0.008244915,-0.1182994,-0.006622891,-0.030091062,0.084998176,0.07724678,0.10531574,-0.06624794,0.0070317034,-0.12156452,0.12546404,0.03654753
lean manufacturing online course,0.46890956,-0.2601612,0.03128456,-0.11335307,0.43989822,-0.03628111,-0.07356019,0.09535313,0.041088235,0.029122906,-0.218535,-0.013184125,-0.19169217,0.038407,-0.26892334,-0.0606563,0.047338948,0.056304555,0.047328655,-0.21158561,0.278764,-0.13651215,-0.037996832,-0.0028999783,0.13338482,0.121879965,0.15492271,-0.037061024,-0.11719572,0.030590672,0.047661565,0.02522154,0.08508988,0.011182207,-0.07666183,-0.09279309,0.03352052,0.013412855,0.032362606,0.025576219,0.0040616784,0.050017092,-0.03281979,0.052207846,-0.14918824,0.0800619,-0.013569903,-0.0370126,0.18950103,-0.03831196
system dynamics tools,0.51413727,0.33776116,0.47098115,0.09819307,0.15004097,-0.047947098,0.3427152,0.086855,-0.21622632,-0.02173341,-0.007329032,-0.117504016,0.077271864,0.17641632,-0.07975855,0.018770168,0.04887591,0.035074096,0.07553393,-0.16201325,-0.16514733,-0.061174396,0.03524925,-0.049748417,0.0019140841,-0.051581513,-0.015972814,-0.050759524,-0.025209418,0.013716766,-0.115486905,-0.062294085,0.023081698,0.0008002101,0.0012596502,0.02852758,0.084563695,-0.0030840528,-0.013245536,-0.07690858,0.03552982,0.06485255,0.015631381,0.015743587,-0.122558184,0.013005388,0.03046994,0.06895805,-0.009942082,0.0060040457
complex systems mit,0.61885834,0.2182887,0.22444518,0.1172715,0.051239774,0.06396523,0.20380768,0.11551092,-0.026603222,0.21871859,0.17924106,0.32261527,-0.15454327,-0.2049921,0.0037258426,0.26919308,0.052584313,0.11527901,-0.095421314,0.024795799,0.007677136,0.019251605,-0.055444457,-0.046374965,0.0786215,0.017860975,-0.12478067,0.09612757,0.0489702,-0.06679706,0.045501374,0.06166631,-0.02773611,-0.01863039,-0.02527377,0.03210503,0.054343287,-0.10419012,-0.028501153,0.006201759,-0.026888875,0.09173834,-0.066517174,0.047086403,0.018257989,0.030054219,-0.026457189,-0.09309204,-0.03382805,-0.0074296966
system dynamics modeling examples,0.48113003,0.3841621,0.4323643,0.13378485,0.218896,-0.010285244,0.3394212,0.07365307,-0.24252093,-0.04980463,-0.05412157,-0.011964539,-0.022523198,0.12927467,0.10252805,-0.15622658,-0.09198641,-0.12413148,-0.006079563,-0.014891261,-0.09369317,-0.11398973,0.05704291,-0.026604896,-0.03762577,-0.015884155,-0.009713365,0.014214773,0.014940249,0.08443422,-0.03226703,-0.07301884,0.035440758,-0.022130301,0.006672696,0.03342053,-0.070511594,-0.0029929217,-0.094419174,0.11463122,0.026756616,0.13171339,0.047542643,-0.053534705,-0.031348508,0.039372057,0.086761825,-0.042512286,0.00060671306,0.019536657
how to train problem solving skills,0.45267797,-0.027948882,-0.3407993,0.22780773,0.09348661,-0.18880714,-0.014666685,-0.34401295,-0.30686802,0.3034106,0.21720038,-0.2672793,-0.059421703,-0.2168722,-0.074400425,-0.060483504,-0.049158998,0.13301787,0.065998234,0.11495438,-0.047053102,-0.05554201,-0.019979956,0.06628746,-0.09152044,0.034982726,-0.011858738,-0.064811826,0.033344526,0.016134316,0.031411365,-0.086780064,0.047081012,-0.09257244,0.023731766,0.007081216,0.00033666517,-0.03651378,0.028767833,-0.07182388,0.014750144,0.0023130458,-0.00038846786,0.016310798,0.03496433,-0.010239403,-0.04255223,-0.042251524,-0.007837388,0.0540215
architecture software courses online,0.6193208,-0.19155556,0.029100167,-0.08921257,0.1716654,0.48332697,-0.243926,-0.052461017,-0.13187525,-0.0034002112,-0.08445359,0.0006725375,-0.38386118,0.07747329,-0.08767949,-0.012162347,0.0061016437,-0.03346274,-0.0031766093,-0.089423686,0.04526796,-0.026518961,-0.05904116,-0.038605686,0.029456383,-0.034083754,0.028067043,0.012819252,-0.050911147,-0.06603778,0.027070638,-0.034777973,-0.017358867,-0.03349478,0.040365607,-0.043025725,0.034622006,0.0063624065,0.05075496,0.08703576,-0.04440921,0.02511081,-0.012535244,-0.011086307,-0.0046013007,-0.026902761,0.0671191,0.011990412,0.0011364594,0.08094837
learn software architecture,0.5963596,-0.049407627,0.22226617,0.09983346,-0.02746064,0.35179305,-0.34210896,-0.26691136,-0.21873522,-0.093099765,0.09389839,0.048826978,-0.29033837,0.038820263,0.04008307,0.049032263,-0.01662963,-0.011515847,0.09906651,-0.066775404,-0.09285318,0.019081092,0.047359653,0.070200205,-0.02455977,-0.0018449285,0.045459446,0.0012476481,0.08521226,0.014121695,0.06745027,0.09254328,0.0071520484,-0.011034584,0.10311098,-0.009962384,0.09669219,0.041057713,0.008048219,0.12129377,-0.041730404,-0.034375265,0.052829232,-0.022532372,-0.07180075,-0.0832469,0.004878176,0.024653533,-0.023988541,0.043659892
learn system architecture,0.6316749,0.22312611,0.3520897,0.04487066,0.01774977,0.26330087,-0.3037074,-0.22950037,-0.20335801,-0.14494632,0.106411025,-0.034314424,-0.1068474,0.005624067,0.019216279,0.12386719,-0.025293166,0.07894037,0.07147141,-0.03307531,-0.017291255,0.06442644,0.11150626,0.12741897,-0.0079190275,0.020637317,0.013818016,0.009763823,0.14574528,-0.049665235,0.086251915,0.07448506,0.014311125,0.0029791864,0.052495148,-0.022859225,0.08604491,0.05698635,-0.020925116,0.003148867,-0.018960375,-0.016266465,-0.026908392,-0.04174177,0.0035585412,-0.041072614,0.024005173,0.021414712,-0.06753275,0.002293013
system design program,0.6198404,0.17534035,0.46979105,0.08055437,-0.08018991,0.041638177,-0.109766744,-0.077929534,0.11208544,0.0031028835,-0.13810109,-0.05098281,0.24846789,0.015439397,-0.12983653,0.00955045,-0.06337302,0.07755603,0.25094107,0.18277213,-0.014522216,-0.07080181,-0.10051215,-0.016031757,0.09848471,-0.0034958657,-0.04608403,0.1556186,-0.098193265,-0.026983824,-0.030231753,-0.013975494,-0.042668708,-0.13077497,0.025162475,0.028186325,-0.03662119,-0.096621044,-0.03788788,0.054620817,0.03327107,0.0090166,0.044594705,0.014944505,-0.048015084,-0.029199457,0.04801386,0.047335405,0.032589603,0.035667866
business systems courses,0.7947636,0.012766935,0.0658941,-0.20306738,0.21742964,0.08224748,-0.11167246,0.15756936,0.15086026,0.036377218,-0.05852749,-0.12581229,-0.023527253,-0.18422636,0.21148896,0.016992135,0.09253016,-0.04438766,-0.06302582,0.12904672,-0.09895401,-0.03822697,-0.0046790754,0.008575673,-0.0057248077,-0.044760086,-0.12872697,7.763718e-05,-0.013791349,0.07712777,-0.060328044,0.119689114,-0.011271844,0.04035496,-0.065492205,-0.0016411229,0.056622144,-0.013166951,0.046663497,0.004346889,-0.029984755,0.007627579,-0.0739022,-0.0032467698,-0.06089223,0.017232656,0.029474694,-0.00380926,-0.008066044,-0.014217131
how to learn to think strategically,0.40808514,0.15881284,-0.49624783,0.14372854,0.019768247,-0.18104875,-0.06389422,-0.13732103,-0.23737246,-0.1338188,0.12969689,0.07863782,-0.10352644,0.010450078,0.12580317,-0.12363869,-0.09531688,0.097244084,0.18793766,-0.10917939,0.035154495,0.15184918,0.14038046,-0.07136427,0.16836372,-0.12504655,0.09148103,-0.048786625,0.15114743,-0.019278571,0.040178467,0.1593435,-0.087832116,-0.08551467,-0.021944623,0.12950517,-0.18468156,0.02598397,-0.078245394,-0.07811851,0.005360261,-0.017185675,-0.0601757,0.027667567,-0.12886965,0.015355847,0.07679049,-0.0061626146,0.025236184,-0.13702258
organizational design course,0.68626267,-0.2385733,0.0331,-0.047762565,0.184794,0.18265355,-0.19177751,0.10398985,0.09783257,0.1355234,-0.049165905,-0.00638661,-0.03017749,-0.04206928,0.2801105,-0.14075221,-0.09608469,0.090281986,0.13893428,0.0495784,0.11464764,-0.047682986,-0.10184059,-0.12331684,0.07195258,-0.10428749,-0.0036134743,0.118020475,-0.14284347,-0.04022353,0.07311385,-0.12402215,0.010793783,0.031412285,-0.00016414394,0.035232186,-0.043637745,-0.077219315,0.14085822,-0.012126037,0.050682362,-0.038248666,0.08162158,-0.023206374,-0.10518595,-0.10489283,0.045164537,-0.033176593,-0.050678074,-0.014303928
information architecture certification,0.5367045,-0.218016,0.22044678,-0.39195296,-0.3013077,0.20645061,-0.101595074,-0.27569228,-0.10192948,0.012618275,-0.018488927,0.063328646,-0.25597295,0.07823187,0.11753692,0.05808245,0.051507305,-0.0066315136,-0.0718849,0.05516282,0.085287884,0.00072868716,-0.104043536,0.032362264,0.05328653,-0.008570795,0.025978442,-0.0987214,-0.05472756,-0.067908995,-0.009342349,-0.06747667,-0.055667106,0.11842477,0.071148574,0.0685846,-0.06018098,-0.0261142,-0.11245182,-0.0484925,0.009902581,0.0011621339,-0.09153048,-0.010598783,0.005034012,-0.009406128,-0.12362103,0.03398427,-0.05534478,-0.09325701
mit project management course,0.677691,-0.4410325,-0.096841134,0.2847284,0.033947315,0.26450822,0.14605269,0.19433253,0.12727527,0.057468142,0.1452127,0.1533936,-0.00088375487,-0.10395329,0.0016970745,-0.014623279,-0.08595733,0.057108957,0.032986633,0.056846645,-0.042809617,-0.017754246,-0.0090475,0.007893496,0.032346275,0.10724278,0.08577455,-0.06186728,0.018656006,0.012250912,0.0018075496,0.043667823,0.0014681849,-0.013292696,0.014058643,-0.014894685,0.0026841117,0.002238312,-0.02939507,0.0066106464,-0.03702696,-0.005404277,0.0347485,-0.018490056,0.02881703,0.005402896,0.0009485954,-0.0034439361,0.029096287,-0.028851187
technical program management,0.6172662,-0.22456011,0.15860015,0.23435368,-0.06731517,-0.13960502,-0.11737127,-0.045948826,0.049376555,0.03752602,0.032526527,-0.0702201,0.04848685,0.25679684,-0.18280885,0.14505437,0.29212806,-0.19189346,0.0056550964,0.1305647,-0.13600545,-0.067186765,0.027768701,-0.17318727,-0.0060062516,-0.14050205,0.09068484,0.11620931,-0.06660685,0.099221304,0.103371635,0.08440149,-0.025623528,-0.007844079,0.0874989,0.101907335,0.0138569465,-0.09991255,0.00350311,-0.042424034,0.07636251,-0.019605624,0.051876504,-0.0040199426,0.025495242,-0.021629041,0.078357264,0.04329697,-0.0021098389,-0.0237048
designing distributed systems,0.55504435,0.2240898,0.31044024,0.096962035,-0.09919987,-0.026507273,0.041508045,-0.09239247,0.18233503,-0.0029823922,-0.27462912,0.037043195,0.0033187727,-0.20555228,-0.11929619,-0.11078073,-0.005226159,0.18963064,-0.14627057,0.006784986,0.053316396,-0.005132925,0.0060570226,-0.009450434,0.038358927,-0.055423353,-0.09780668,0.13353911,0.078712806,-0.069318265,0.10177209,-0.024502046,0.028682895,0.09321322,0.15416381,0.19026224,0.020902617,0.12996618,0.05233713,-0.10843218,-0.22887808,0.0016150607,0.08905922,0.048172597,0.038974907,0.13272041,0.09114612,0.16709752,0.032436196,-0.0404451
information architecture courses,0.5990263,-0.123875126,0.020951113,-0.057526022,0.074387886,0.443263,-0.28092313,-0.14170921,-0.06324116,-0.007440522,-0.05667641,0.06749545,-0.32186002,0.066287026,0.19653587,0.048857242,0.07549772,-0.020891454,-0.011194714,0.056841865,0.110355996,0.047748424,-0.0756505,-0.006713525,0.09197075,-0.08842594,-0.027000032,-0.10788659,-0.074004225,-0.09467644,-0.012956403,-0.15590498,0.009780131,0.048461407,0.024464875,0.039028127,-0.10218001,-0.041591253,-0.045114335,0.037505724,0.0021198774,0.06766709,-0.1190255,-0.00913895,-0.0016672177,-0.021859298,-0.097609594,0.09778384,-0.030311218,-0.058774438
mit xpro project management,0.6243415,-0.32871616,0.11825677,0.33456028,-0.221198,0.12442284,0.104172975,0.08060531,0.09412157,-0.049862508,0.055815104,0.12259679,-0.014089024,-0.006347888,-0.21894245,0.07989421,0.035984397,0.104667455,0.1095722,-0.044647753,0.09605863,0.084839135,-0.10285767,0.025347214,-0.16040312,-0.10320505,-0.12406167,-0.17410587,0.12502615,0.06879496,-0.060005877,0.06534944,0.058379885,0.09256454,-0.032828562,-0.076135196,-0.09573441,-0.024408676,0.02135107,0.0528497,0.016811194,-0.036811214,0.014320527,-0.06338996,0.004388285,0.058435246,0.06671143,-0.01597962,0.015733358,-0.009772958
best courses for project management,0.6318048,-0.4878124,-0.24360447,0.27611306,0.03215277,0.2568257,0.06333468,0.07840878,-0.006849785,-0.0136823645,-0.06631787,-0.07348698,0.09603489,-0.083526686,0.036516394,-0.03121753,-0.082248434,0.079569995,-0.077697754,-0.014601921,-0.13472764,0.09043335,0.07943795,-0.045486655,0.1131548,-0.052167196,-0.11133479,-0.077429324,0.01859964,0.09172325,-0.021789655,-0.020595778,-0.010056154,-0.043849315,-0.032121584,0.03483755,-0.005617837,0.06995599,-0.013403448,0.0101594655,0.002695882,0.012857038,-0.020631867,0.04218962,0.025609989,0.019893521,-0.04835236,0.0019050139,-0.03502416,0.086500324
how to get into product management,0.5276871,-0.37769875,0.0542315,0.07657732,-0.043690603,-0.43745008,-0.3020834,0.28343233,-0.09925183,0.07102916,0.005372208,0.0061126794,-0.055297185,-0.089213945,0.098960154,-0.046140686,0.026478546,-0.060633264,0.081319146,-0.17904924,-0.032559235,0.019541167,0.09683638,0.1549879,-0.0881798,0.046610203,0.054417938,0.026660755,0.051998068,-0.037539482,-0.083747715,0.08856607,-0.034374785,0.041318636,-0.018376749,0.104551904,-0.104439266,-0.016571108,-0.07551431,0.022496516,0.04359111,-0.019744288,-0.06611583,-0.08734389,-0.08140915,-0.0042531015,0.0082606245,0.024664132,0.010758217,0.05972482
best software architect certification,0.5559457,-0.3103335,0.042514917,-0.3419428,-0.32137078,0.21462092,-0.04335636,-0.26492813,-0.17770244,0.03256362,0.06168568,0.011281288,-0.040275667,0.07666569,-0.053922027,-0.047169223,-0.08730282,0.115796946,-0.11136717,-0.18017903,-0.20242709,-0.004379953,0.047779184,-0.10620761,0.04135767,-0.07956499,0.013118511,-0.0071086655,-0.08694107,0.04986597,-0.061311707,0.013892798,-0.0075025423,0.005055277,-0.0076786843,0.032831345,0.026158476,-0.09884361,0.07529949,0.12779577,0.019902011,-0.06369055,0.08756265,0.05400479,-0.024081917,0.033055257,-0.052114893,-0.009473018,0.090317726,0.03477786
best online certificate programs for project management,0.5374805,-0.46863562,-0.0782997,-0.15769188,-0.14913255,0.21953568,0.26478982,0.11428442,-0.09860097,-0.0021756045,-0.22422552,-0.10176061,-0.12051632,0.015862387,-0.32057816,-0.004491317,-0.0015139868,0.027766366,0.005769185,0.0023564678,-0.0879995,0.053062942,0.22362417,0.0118153095,0.05914951,-0.118831135,-0.013135802,0.041935664,-0.016968682,0.021083174,-0.06359491,-0.036089532,0.01287284,-0.08734545,0.04196725,0.06509989,0.0058189216,-0.018036358,0.06583179,0.028689018,0.019769005,0.00014259659,-0.016099393,0.024880331,0.016763622,0.046379786,-0.07298752,0.020207725,-0.0082935495,0.054743305
how to become a systems engineer without a degree,0.50782007,0.0442455,0.09223495,-0.15115699,0.023415433,0.10921136,-0.014375968,0.02930273,0.18989249,0.26067233,0.29343712,-0.27766758,0.011923471,-0.007982469,0.014062413,0.080315754,-0.020906966,-0.21761832,-0.07610585,-0.21681277,0.107900806,-0.027501535,0.0995644,0.28245434,-0.0035154107,-0.051955484,-0.13378583,0.06320396,-0.012473215,-0.052198816,-0.044540472,0.12146312,-0.11652505,-0.13307899,-0.019645184,0.18156582,-0.11267117,0.0927382,-0.01060507,0.050758034,0.116028816,0.00027446783,-0.07882134,-0.0014902643,-0.016598267,-0.04711389,0.013110066,0.09911973,0.23053433,0.018628567
how to solve algorithm problems,0.29099065,0.06610682,0.05451495,0.1707441,0.02400395,-0.12088655,-0.11963092,-0.4104709,-0.1393257,0.29216063,-0.16370559,0.07256486,0.0018623607,-0.21182236,-0.19693132,-0.1526215,-0.058988567,-0.10290344,-0.016930627,0.11312357,-0.31009144,0.1896635,-0.03793958,0.07087498,0.06584006,0.083502755,0.10774699,0.012894655,-0.17423368,-0.088947386,-0.015470454,0.18029223,0.02592271,0.1291916,-0.044855017,0.025689851,-0.18428443,0.07561245,0.16810185,0.117932886,0.017301582,0.18893081,-0.06677666,0.013716735,0.042356703,-0.01884414,0.13149807,-0.047944933,-0.030024419,-0.10980358
mit project management certificate,0.5129067,-0.53461164,0.012263175,-0.11868861,-0.26609522,0.16354986,0.37889114,0.18980773,0.042131618,0.07327074,0.19138393,0.1681508,-0.055963423,-0.07374653,-0.016349383,0.04555434,-0.070117444,0.009433174,0.14268585,0.09703846,0.006269146,0.011644194,0.067558005,0.07156764,0.019000182,0.058094837,0.09600509,-0.008543356,0.01617202,-0.06669096,-0.009331734,0.018683033,0.018506879,-0.03351115,0.0059690676,-0.0647348,0.02515707,-0.005955065,-0.009612516,0.007143717,-0.007151429,0.054053295,-0.013572444,-0.0098297065,0.04554293,0.008625215,-0.0045010666,0.038345292,0.023859525,-0.0009431582
waters center for systems thinking,0.66523564,0.20461944,-0.05543243,-0.010853133,-0.07937827,-0.004134415,0.05372364,0.06292431,0.105398506,0.019180955,-0.08007802,0.0055320766,0.020123394,0.062117342,-0.01221214,0.028082227,-0.021989964,0.13044135,0.024725474,-0.14577565,-0.0729556,0.08487779,0.050805334,-0.07199769,-0.06421569,0.10602799,-0.09332214,0.2844664,-0.035414256,0.116774455,0.13487746,-0.06607609,0.2616002,0.01582162,-0.025097607,-0.08709931,-0.12352753,-0.059401423,-0.18583831,0.06849103,-0.07445621,-0.17457625,-0.23661001,0.11167082,0.07143854,-0.13615398,0.07796685,-0.04758818,0.050964613,-0.006908838
mit systems thinking course online,0.789515,0.2374342,-0.21276423,-0.071519025,0.103077054,0.13814446,0.023823572,0.24172162,0.09731721,0.05894842,0.10884853,0.123454,-0.18941483,-0.052978322,-0.19051789,-0.05848701,-0.06112148,0.004852842,-0.0044026156,0.036884718,-0.03305202,-0.14290102,0.0067723813,0.011870088,0.0053757024,0.048812736,0.097045235,-0.010863835,-0.0254233,-0.032132037,-0.034375295,0.029268224,-0.025037514,-0.013742547,-0.024793215,-9.86429e-05,-0.000101763384,0.018967593,-0.041351177,-0.053402722,0.04105872,-0.05281198,-0.02758063,-0.004229122,0.032916974,0.00023766475,0.058595933,0.019209534,-0.054885335,0.027518183
digital project manager certification,0.61032027,-0.53550726,-0.017826846,-0.107709646,-0.32024413,0.10429235,0.24972244,-0.04938571,-0.0834396,-0.062342923,-0.043440405,-0.16227898,-0.019881224,0.053848855,-0.07882486,-0.021172974,0.0049088285,-0.00089859637,-0.09424241,-0.0039375727,0.13114095,0.011831009,-0.09618223,0.05428614,0.05476272,0.03876527,-0.059125073,0.01265398,-0.039811537,-0.08053121,0.019998465,-0.018122101,-0.0081171235,0.06759458,0.012565112,0.06893026,0.006282027,-0.038837343,-0.024935797,0.057905156,0.024869578,-0.02497065,-0.024576113,-0.031084765,-0.030751733,0.052790698,-0.12046798,0.06960865,-0.036810003,-0.061830327
best course on critical thinking,0.5803565,0.06389622,-0.5796788,-0.029563645,0.12175944,0.1001131,-0.04889035,0.002180406,-0.13828321,0.08797862,-0.14332353,0.29486325,0.21860802,0.22844692,0.04507902,0.029908452,0.030342126,0.077006586,0.028658895,-0.024784463,-0.06267739,-0.07317832,0.1456082,0.044018757,-0.028091483,-0.01877558,-0.05219181,-0.047433015,0.012365361,-0.053846497,-0.0058816625,0.037381474,0.008158488,0.018243114,0.015843699,0.029228177,-0.015167242,0.010994073,0.020355882,-0.014109301,0.009214939,-0.026573177,0.009172463,0.030845843,-0.002836507,0.016332943,-0.0062992536,-0.015452031,-0.0058735493,-0.038911164
systems thinking short course,0.8544075,0.40285897,-0.19921929,-0.016025838,0.0261463,0.008802251,-0.08474463,0.072161086,0.06939372,-0.0031341813,-0.03534683,-0.05772047,0.055094976,-0.043227196,0.030399159,0.034380108,-0.016218966,-0.07528286,-0.051976945,0.054547142,-0.03138719,0.010491346,-0.04231941,0.045191843,-0.012091705,0.03175609,0.027199667,-0.037629917,0.008551369,0.014252575,-0.0044231527,0.017932933,-0.04710825,0.038628384,0.018483017,-0.04854884,0.01331358,-0.020975303,-0.02439644,-0.010097717,-0.011745454,0.0026570347,0.013672933,-0.019450668,-0.011473819,0.017616626,-0.05476622,0.038911648,0.05776311,-0.031468973
engineering management mit,0.55021554,-0.3343745,0.16689081,0.13998896,-0.018755808,0.0076948744,0.037296705,0.07922584,0.24181134,0.16382262,0.49623844,0.26597413,-0.023862688,0.080614544,-0.09436733,-0.069206364,-0.04265403,-0.028309897,-0.009493819,-0.08116885,0.02102849,0.021091012,0.16267043,0.06333608,0.037896965,-0.09906727,0.059137642,-0.0047374694,-0.08836303,-0.028505532,-0.050196692,-0.087713495,-0.051813494,0.07811154,0.035972208,-0.035592042,0.03902115,-0.035087436,-0.024933452,-0.10497465,-0.032550905,0.014865856,0.03759411,0.026942318,0.004832326,-0.0374876,0.044128403,-0.00478228,0.0059504127,0.0006260525
certificate course on business management,0.5941469,-0.45977327,-0.025240382,-0.3834969,0.04467036,0.014170069,0.0839198,0.11748557,-0.013056739,0.08648848,-0.075997144,0.043121785,-0.021728773,-0.12769204,0.19912183,-0.026050016,0.003339424,-0.11977003,0.14300692,0.174938,-0.06902953,0.059049506,0.17643604,0.03307932,-0.044458434,-0.15203919,0.043761123,-0.03383415,0.024942188,0.099514745,0.0010052085,0.098855875,-0.05311961,0.081088714,-0.08675632,0.037520003,0.04013703,-0.080168605,0.026655221,-0.016615184,-0.0012617677,0.009824078,0.007481852,-0.014525152,0.018083595,0.07421178,0.03244481,-0.056594867,0.015502176,0.008334099
stanford product management course,0.6160602,-0.41042608,0.1219198,-0.0066189426,0.19072314,-0.1704331,-0.2832772,0.34643513,-0.084845595,0.07613041,0.04872051,0.18562031,0.0039718817,-0.017603198,-0.04293235,-0.05600217,0.041870333,0.03367259,-0.023156881,-0.0059339907,-0.035177365,0.103729755,-0.0046231407,0.034115788,-0.005216331,0.12324161,-0.02808925,-0.021055447,-0.05005163,0.08458916,0.041412167,-0.026132872,-0.027179545,-0.09796431,0.038227163,0.014090928,-0.064993404,0.10437165,0.06194726,-0.054569665,0.0010832293,-0.035153676,0.11815925,0.05007198,-0.0043647597,0.029967908,-0.03799985,0.0057544303,0.03263864,-0.12671451
system design masterclass,0.66197145,0.088261366,0.37394077,0.0065411516,-0.05699934,0.17933367,-0.09945545,0.022921348,-0.010881552,0.039902847,0.09663856,0.08058081,0.25397265,-0.011340613,-0.0032057038,0.004932525,-0.07014051,0.08223694,0.086422734,0.059643976,0.10474947,-0.058079813,-0.029593162,-0.08990517,-0.026184695,-0.16112447,0.0043583214,-0.030962616,-0.10479286,-0.22543372,0.17465685,0.03593494,0.12376314,-0.042855684,-0.06683053,0.024305215,-0.04459137,0.113025256,-0.027949043,0.026773434,0.10235724,0.13710906,0.064418875,-0.10423095,0.062601306,-0.09222993,-0.071479656,-0.09759465,0.06503098,0.06934437
cmu software architecture,0.44095293,-0.0537483,0.37433514,0.092809685,-0.097180806,0.19134337,-0.21952324,-0.18761072,-0.05107877,-0.15136014,-0.034572262,0.19574285,-0.027144104,0.021988912,-0.124916255,0.066007055,0.05875676,-0.16091591,0.06282901,0.043181524,-0.03902318,0.063448094,0.13307847,-0.07431392,-0.3294838,-0.017279394,-0.051495153,0.044599243,-0.10019655,0.11703058,0.17177628,-0.06845769,-0.075847365,-0.21719521,-0.19869572,0.0775748,0.15217179,0.099584796,-0.064073294,-0.056191515,-0.016409144,-0.006377334,-0.107088685,0.053258862,-0.113749646,0.0884629,-0.10359859,-0.07153822,-0.0005074404,-0.11365748
pmm course,0.5379202,-0.31096992,-0.15674382,-0.041565496,0.32215458,0.09266898,0.00028238047,-0.06577313,-0.02991643,-0.28738183,0.040990576,0.21157227,0.31199571,-0.32413036,0.04037789,-0.0043184576,0.006788314,-0.23579323,-0.009920441,-0.117019705,-0.025214687,0.08675459,0.029589549,0.029307183,-0.04578522,-0.04336731,0.09536804,-0.022592016,-0.009219493,-0.046619877,0.09260079,-0.056740962,0.039071675,0.08535403,0.033515226,-0.028308252,0.082125075,0.011928806,-0.010108697,-0.08094673,0.010124539,0.0093717445,0.051448755,0.02250841,0.035613168,-0.008839865,0.005536625,0.016439741,0.026619148,-0.0047277496
institute of project management certification,0.6422614,-0.5680045,-0.053022355,-0.099349014,-0.27400133,0.12444616,0.27025828,-0.0766834,-0.018419683,-0.022969017,-0.048437458,-0.027111886,0.0492531,0.01183147,0.04302022,0.07534223,-0.023202991,0.029174648,-0.019505903,-0.061912283,0.011799126,0.060512986,-0.08198117,-0.02114753,0.049896684,0.14021528,0.012344826,0.02219724,0.0060712015,0.026138999,-0.01715926,0.041602656,-0.065955244,0.007327169,0.02567619,0.025988402,0.049349368,-0.041791875,-0.05241939,-0.04179807,0.032621153,0.03130091,-0.030170156,0.015233824,0.026646191,0.046913188,-0.015189863,-0.07510853,0.012947613,0.0004893947
system dynamics modeling tools for learning in a complex world,0.60960656,0.2948145,0.21768913,0.11781856,0.24534053,0.01367344,0.23418286,0.071830064,-0.36388493,-0.04790775,0.08700267,-0.1506976,-0.12349649,0.09868457,0.028572008,0.020018578,-0.108432814,0.017535388,-0.018173445,-0.107056774,0.007711989,0.033826716,0.04811316,-0.06420776,-0.037426922,-0.10904014,-0.07495264,0.07664848,0.07198646,0.03407551,-0.002199998,0.01753316,0.05400363,0.07856151,0.11416599,0.008973158,0.1580904,-0.016330011,0.028780969,-0.0067533744,0.019175824,0.18082598,0.005956084,0.052403882,0.05830001,-0.05441679,0.025055517,0.039027072,-0.0068976576,-0.11376336
best product management certification,0.55626535,-0.49412027,0.12732641,-0.3223398,-0.21805893,-0.29292083,-0.12827712,0.15655124,-0.19153781,0.014668666,-0.051812887,0.04736994,0.0897758,0.013041221,-0.03509566,-0.060422774,-0.073487364,0.13372801,-0.13455233,-0.0842895,-0.121591695,0.054779194,0.04719592,-0.0892871,0.039338667,-0.028940659,-0.032986294,-0.05748083,-0.031873394,0.011660119,-0.00568004,0.009999592,-0.0059903376,0.03934318,0.04409045,-0.0009656114,0.014494398,-0.01966559,-0.012520111,-0.013180663,0.030414669,-0.053175833,-0.020647787,0.027432665,0.009188551,0.029907227,-0.03101243,-0.03031075,-0.015963137,4.7749018e-05
product management qualification,0.5236065,-0.49493647,0.16671957,-0.13211274,-0.10755966,-0.33850762,-0.23732889,0.2113193,-0.0975701,0.033807244,0.0005825707,0.044540793,0.07988477,-0.13237251,0.143485,-0.056655537,0.040820334,-0.06104277,-0.03070008,-0.07575198,0.097662486,-0.045394205,-0.053306237,0.10263256,-0.012580657,0.082802296,-0.016768962,-0.009277206,-0.03058046,0.019669916,-0.0002483117,-0.088861264,-0.11085136,0.0003561937,-0.13277985,0.038562573,0.007457055,-0.0035548888,-0.0869514,0.043166004,0.06810407,0.11585274,-0.018246742,0.10806499,0.08372263,0.06080119,0.016768482,0.10733082,0.021883132,0.023160208
strategic thinking in complex problem solving,0.5396455,0.15171759,-0.37641478,0.23367573,-0.08029531,-0.27073854,0.01977533,-0.12335228,-0.0061049904,0.18909594,-0.11354027,0.056701172,-0.1560461,-0.08505952,0.15652443,-0.028661951,-0.016017279,0.01711709,0.22052385,-0.16442445,0.054928232,0.064081,-0.052304376,-0.18219616,0.077347524,-0.14970814,0.02842594,0.07435837,0.1049427,0.04405874,-0.050111312,0.051755264,-0.19924755,-0.092973605,0.0022080436,-0.057253063,0.035812326,-0.04779866,-0.07213142,0.022929158,-0.0013995554,0.15030748,-0.06810007,0.053291544,0.1178806,0.018970536,-0.06966509,-0.042029195,-0.035105944,0.007865676
infrastructure architect course,0.62988764,-0.25152695,-0.008440721,-0.04395763,0.17619228,0.35110065,-0.07831108,-0.27483597,0.09469202,0.084686674,0.027866848,0.011075393,0.0028034027,0.12035579,0.20982473,-0.15562181,-0.0049616327,-0.11040197,-0.05248395,-0.1644139,-0.03462169,0.09978122,0.015888589,0.019455494,0.07339148,0.0048969644,0.017805504,0.13437107,0.08429599,-0.046086326,-0.05653976,-0.03520327,0.17922498,-0.012928042,-0.12525259,-0.08800247,-0.10269821,-0.12392505,0.032173652,-0.06358966,-0.054139815,-0.06606887,-0.0065661203,-0.034266748,-0.020100249,0.035374124,0.08453455,0.065253906,-0.051554993,-0.0066429046
project management methodologies,0.5890503,-0.32621542,-0.08512695,0.50688434,-0.26989672,0.042955898,0.191534,-0.033968322,0.12823825,-0.028756987,-0.23280099,-0.06756659,-0.013938541,0.00045814386,0.108605765,-0.021139888,0.026485266,0.055397797,-0.08248889,-0.037867617,0.006286961,-2.7465345e-05,0.0036735716,0.03171463,-0.09816757,-0.019068396,0.009750204,-0.08920147,-0.069841854,-0.0605558,0.008770777,0.039328497,0.0373802,-0.047253124,0.005146288,-0.053330213,-0.054735806,0.06275298,-0.014782353,-0.07581866,0.016325308,0.044367976,-0.037256867,0.0012670028,-0.09451312,0.00064311916,0.04390221,-0.030742584,-0.0409191,0.060258992
business systems course,0.79338616,0.006890602,0.07949594,-0.2039409,0.23257539,0.05929802,-0.111105025,0.16472203,0.16797987,0.06651464,-0.08693544,-0.08973105,0.018142426,-0.19994569,0.19638,-0.005331146,0.08401815,-0.092667095,-0.016193474,0.121323004,-0.078523,-0.063658394,-0.0025813133,0.049153697,-0.020950634,-0.011169275,-0.052624963,0.022438549,0.008998765,0.05628992,-0.05511579,0.12226257,-0.031887535,0.07573546,-0.061128758,0.011959991,0.020660909,-0.06331615,0.04291943,0.010180961,-0.028941022,-0.04417331,-0.037576456,-0.0028101562,-0.05758552,0.038153976,0.006118669,-0.031941254,0.005900886,-0.05398769
carnegie mellon software architecture certification,0.54639125,-0.28588527,0.18318781,-0.39208555,-0.28616562,0.23620686,-0.08077484,-0.2130234,-0.15283486,-0.020339282,0.08954905,0.03916266,-0.18326235,0.05228773,-0.027497636,0.013790907,-0.03830526,-0.066502176,-0.060873847,-0.13042732,-0.10683813,-0.02434224,-0.12519763,-0.100788034,-0.08615288,0.16166686,0.00031839748,-0.005634442,-0.053733937,0.0024007538,0.055452395,0.07799922,-0.064540625,-0.044974584,0.034557916,-0.036612976,0.07329008,-0.0134178875,0.14010242,-0.047100376,0.023681458,-0.034938056,0.03520617,0.019576993,-0.064135775,0.12085686,0.031725917,0.0077358577,0.053383388,0.0029588721
it project management methodologies,0.5826361,-0.27371904,0.00564565,0.35965607,-0.29226124,0.06719209,0.13438338,-0.03741024,0.16592212,-0.0389053,-0.19118077,-0.16880399,-0.078213,0.0040878686,0.10204809,0.025612902,0.14963719,0.08068669,-0.082210794,0.035282,-0.012895953,-0.1329805,-0.031004263,0.07550132,-0.18319802,-0.073535874,0.01201966,-0.16644317,-0.12560403,-0.086768754,-0.021930417,0.019252213,0.04985585,0.020055277,0.055539,-0.052605122,-0.098124065,0.017878307,-0.034274064,-0.066230714,-0.008914872,0.10203494,-0.04885161,0.09268877,-0.13122581,-0.093310535,-0.0693951,0.05576131,0.008074474,-0.059340976
process modeling in system analysis and design,0.43993086,0.20579119,0.4696553,0.0629388,-0.05535345,-0.1400017,0.072323196,-0.08038702,0.04750278,0.047412097,-0.122889735,0.051012516,0.074966565,0.00079867995,0.08787315,0.037185702,-0.2831698,-0.09897275,0.022529824,-0.05775475,0.1953559,-0.26385236,0.16681372,0.015310886,-0.0014401333,0.06120974,0.11375307,-0.056230616,-0.01860071,0.26515675,0.06804432,0.09007149,0.15916625,-0.01951051,0.18691844,0.019466659,-0.11483544,0.0017719547,0.051796347,0.09122821,0.027519157,0.097125985,-0.06900284,-0.0155219035,0.095098905,0.12916516,-0.024562247,-0.045485806,-0.08022787,0.0105356835
product management bootcamps,0.48921242,-0.30970937,0.24462284,0.12531008,-0.1074107,-0.33251378,-0.28228337,0.29926226,-0.12572818,-0.1388001,-0.019303244,-0.03711805,-0.09173964,0.06763927,-0.099015124,0.05112645,-0.081176385,0.10656215,-0.03918484,-0.03986478,-0.08425716,0.02884023,0.07308284,-0.04208859,-0.08066998,-0.043796014,-0.1441263,0.03385229,-0.09730786,-0.2107697,-0.043075677,-0.09320762,0.048236396,-0.02043771,0.08498758,-0.13896604,-0.04417019,0.07795771,-0.0043905196,-0.044774648,0.005180946,0.03372621,-0.11420262,-0.11860079,0.07154255,0.124859296,0.09683923,-0.0072366283,0.07842033,-0.029086875
project management maturity model,0.43909755,-0.3598792,0.04990806,0.33668786,-0.2933126,0.019918524,0.20521562,-0.050015904,0.078436606,-0.11499256,-0.11085869,-0.007594265,-0.04341727,-0.010792991,0.22230491,-0.023591181,-0.056654636,-0.023348376,-0.034009144,-0.020483058,0.14552411,-0.04433054,0.02827017,0.05015431,-0.096408546,0.038583353,0.021861129,0.018259022,-0.013146834,-0.009799854,0.0056481403,0.032663442,-0.11342005,0.010371945,0.0006046394,-0.12752351,0.09720997,0.09951363,0.050923113,0.12570982,0.27462915,-0.11464242,0.068198346,0.28579313,0.100265354,-0.07615556,0.14913926,0.10242045,-0.057239056,-0.0927265
system thinking course,0.85014755,0.42350915,-0.15938187,0.0043493644,0.014951648,-0.0018562475,-0.07740518,0.0015170822,-0.018733516,-0.09837576,0.00021151935,0.010326396,0.124651834,0.029448373,-0.015451734,0.014762608,-0.021281604,-0.029142689,-0.02964536,0.0668756,-0.0024699501,0.08647838,-0.0272742,0.031608686,0.022484746,0.066602625,0.064300716,-0.012602919,0.018878138,0.01118201,0.024875235,-0.015740756,-0.008684485,-0.008140626,-0.032875888,-0.05632507,-0.0056627267,-0.017204937,-0.033201743,-0.044876583,0.024687625,-0.0140034305,0.03405552,0.001884883,0.00788143,0.023927085,-0.026933264,-0.022979962,0.02315768,-0.023511365
mit systems thinking course,0.82000166,0.25604704,-0.19186674,-0.010359127,0.029953124,0.0939304,0.011613703,0.18472387,0.13432981,0.06802054,0.2289944,0.21047518,-0.08167337,-0.08562796,-0.036051977,-0.052554768,-0.053054288,0.00024036478,-0.03350037,0.086199015,-0.08679883,-0.06574442,-0.013708238,-0.013245654,0.01959447,0.065869436,0.070596,-0.05340198,-0.032173432,0.017377308,-0.0037337183,0.029913329,0.0007686623,-0.01734053,-0.022254298,-0.003125024,-0.007957184,0.007602689,-0.03241305,-0.01213988,0.019782262,-0.014168798,-0.006648381,0.0042269356,0.009688651,0.017749624,0.009800318,0.041886047,-0.015195384,0.0020317556
systems thinking online course,0.8320463,0.30913684,-0.24617225,-0.10449442,0.13258088,0.09662368,-0.055044357,0.15666322,0.03302147,-0.020268986,-0.11392958,-0.13224824,-0.08955419,-0.032255244,-0.13241275,-0.009818705,0.0019942028,-0.04931063,-0.043111037,-0.0015772479,-0.012046361,-0.06659233,0.0020100106,0.053475212,-0.017374912,-0.002401576,0.058238667,-0.013644634,0.0019406887,-0.04061869,-0.033787005,0.008796816,-0.050191734,0.01546476,0.003287653,-0.01813702,-0.010396584,-0.0063103293,-0.011868318,-0.03765345,0.018992417,-0.034181174,0.003129722,0.008826463,0.040086925,0.011971246,0.0028392945,-0.023739705,-0.0075062276,0.01296861
system modeling course,0.782725,0.17049813,0.31211048,0.051232513,0.2621109,0.18016168,0.009336332,0.07492607,-0.09339036,0.012431119,0.026569482,-0.089366004,0.12424318,0.00859432,0.06355017,-0.048303626,-0.16688469,-0.09066286,-0.108776525,0.068590656,-0.025058033,-0.07577339,0.013473423,0.021431195,-0.07056799,0.058417868,0.050484773,0.026356537,0.07373609,0.06678218,-0.011056315,0.006984676,0.0592899,-0.008493965,0.035875347,-0.032771,0.0003743061,-0.058702447,-0.077913426,0.05226251,0.027646607,0.06414097,0.038096078,-0.027256604,0.03514129,0.0023785974,-0.014390702,-0.012080268,0.0012758266,-0.06112769
complex systems course online,0.7429875,0.17547815,0.061987184,-0.05574554,0.28614604,0.1819592,0.05447096,0.15711707,-0.08109851,0.1841618,-0.1772022,-0.08985899,-0.09366086,-0.14323689,-0.11638742,0.22385536,0.007077802,0.00085149106,-0.039369345,-0.024734816,0.04096953,-0.03034987,-0.08313876,-0.031825934,-0.0027981668,0.0005400345,-0.1104093,0.09876399,0.10411863,-0.07585338,0.01685834,0.045418024,-0.037172716,0.003614163,-0.012060517,0.011064979,0.05848608,-0.09537584,-0.035717756,-0.055702735,0.03271395,0.036962464,-0.08101635,0.034307934,0.035079878,-0.023944726,0.017877756,-0.08568363,-0.043255333,-0.031115873
systems thinking process improvement,0.67425245,0.41773006,-0.21610959,0.0457559,-0.22855602,-0.19629717,-0.027159631,0.0031974004,0.12395732,-0.015090916,-0.024625244,-0.08035358,-0.040791873,-0.054887958,-0.00389713,0.13891588,-0.08734397,-0.05485662,0.110305466,-0.08587296,0.053204298,-0.15448177,0.08880297,0.0058990596,0.03462855,0.01452087,0.09459481,-0.071493156,-0.18505661,0.09977737,0.1015511,-0.023107247,0.097209826,0.01584767,0.060415734,-0.05317314,-0.06544215,-0.026061652,0.06685752,-0.058154833,-0.016776782,-0.016547576,-0.012849595,0.054041818,0.01371976,0.009561123,-0.078827195,0.049928155,-0.08217449,-0.015466223
systems thinking and system dynamics,0.6803494,0.6184954,-0.025136974,0.06615,-0.07196016,-0.14443856,0.15043168,0.06732395,0.032187738,-0.06030322,-0.013297044,-0.053183038,-0.07740562,0.067627326,0.11836522,-0.025560636,0.039966088,-0.051012345,0.03894111,-0.11263391,0.0073249647,0.0650131,-0.037623193,-0.018870903,0.013895196,0.020895256,0.020678902,-0.029238712,-0.038508356,-0.0076088523,0.08760964,-0.01164687,-0.024039889,0.021682493,0.059400007,0.031295132,0.009272202,0.04959536,0.0030976431,0.04721377,-0.04197383,0.057585947,0.01215485,-0.017960567,-0.0020718945,0.060218,0.031352676,0.018681007,-0.039540578,0.073062114
systems thinking for managers,0.75765723,0.3447087,-0.09147947,0.1411499,-0.23873742,-0.21104415,-0.010418594,0.074647166,0.14061062,-0.117214486,0.0029841445,-0.11214152,-0.07574646,-0.032677285,0.11935128,-0.012335207,0.024038358,-0.037847728,-0.033472907,-0.07453185,-0.02491838,0.021917153,0.12968661,-0.022311551,-0.050130934,-0.06020862,-0.0054257424,0.017675878,-0.063273124,-0.14575209,0.03868295,-0.061343778,0.013438194,0.08222977,-0.03431963,-0.01348763,0.07027455,-0.07099649,0.018111998,0.11861386,0.019780638,-0.008579363,0.019066075,-0.015019546,0.036954425,0.06490655,-0.014017213,-0.016608987,0.021261433,0.0009987553
systems thinking leadership,0.6800028,0.37938437,-0.24612318,0.079692155,-0.19122873,-0.16136934,0.038180057,0.038479384,0.12272451,-0.0912564,0.019697584,-0.06621389,-0.06635943,-0.026381591,0.09128558,0.03331934,0.0198131,0.07656739,-0.04228735,-0.18928085,-0.12870717,-0.01670512,0.085843585,0.022556864,0.004129729,-0.10214908,0.09081379,0.040272098,-0.1356979,-0.07963302,0.12826835,-0.07386538,-0.0008022534,0.052348576,-0.16616827,-0.015614492,-0.0520475,-0.06248101,0.042944066,0.085782684,-0.06468019,-0.04230179,0.1056604,0.026638502,-0.045944255,-0.009387184,-0.018671291,-0.054982577,-0.10271246,-0.05027618
systems thinking for engineers,0.7688028,0.42241767,-0.034818113,0.10681987,-0.17259291,-0.083841436,-0.061903227,-0.062406972,0.20372176,0.0605507,0.11995247,-0.078266315,0.028156621,0.12762395,-0.051616866,-0.114596896,-0.030762564,-0.0927902,-0.02991824,-0.15190496,0.04689818,0.06373813,0.04159275,-0.018423127,0.04132787,0.0057074893,-0.055920374,-0.026156945,0.033301424,0.019007927,-0.015239712,-0.07539318,0.018558422,-0.013258744,0.023047147,-0.021465132,0.04763159,0.039627,-0.002819977,0.03208937,-0.087193795,-0.013771526,-0.0076760235,0.017229253,-0.03514093,0.017799266,-0.012018045,-0.01065974,0.0040621525,0.060149647
systems thinking professional certificate,0.7524896,0.15303114,-0.1940955,-0.45798796,-0.2818526,-0.013285513,0.106554784,0.045507163,0.007024057,0.025999704,-0.0043373937,-0.08463745,0.02287071,-0.031001462,-0.023888014,-0.011254899,0.040738143,-0.07694508,0.0262488,0.08122139,0.03698369,0.003728785,0.061763696,-0.008411591,0.002847041,-0.009446583,-0.023737792,0.045775924,0.052725904,0.018763209,-0.008671584,-0.093801714,0.03792839,-0.05151582,-0.060436774,0.020356243,-0.02531513,-0.014857,0.038050774,0.05595688,-0.024125269,0.013270818,0.034156535,-0.015374978,-0.00065522426,-0.0721455,0.0081251515,0.04399659,0.026919637,-0.034563508
systems thinking course online,0.8352421,0.3269985,-0.22760096,-0.09824188,0.119912654,0.0960072,-0.03447597,0.17276987,0.03299393,-0.01794676,-0.082833074,-0.14214441,-0.07390307,-0.02011731,-0.11635368,0.006810704,-0.017995056,-0.05466704,-0.0054907193,-0.0030969563,-0.03358537,-0.08782399,-0.028844997,0.046001583,-0.0114379935,0.012337043,0.047574643,0.008211839,0.0048891217,-0.032000165,-0.04028903,0.017067125,-0.027104134,0.011130487,-0.0015051282,-0.030869603,0.0024675422,-0.0016019422,-0.026725266,-0.057985708,0.032803725,-0.038551554,-0.018794036,0.003665767,0.025106387,-0.010318824,0.016583944,-0.008883354,-0.020283328,0.019469459
thinking in systems course,0.8747777,0.35514477,-0.19811846,-0.029863838,0.03571774,0.015849045,-0.08863398,0.099622615,0.07228639,-0.036301173,-0.018430535,-0.08751512,0.0201688,0.010116844,0.015154074,0.027028462,-0.017647883,-0.077219754,-0.031815454,0.036217775,0.015179112,0.03209206,-0.022208413,-0.012349727,-0.027903268,0.043737568,0.04263096,-0.06969073,0.06419402,0.012520206,0.008748727,-0.036076516,0.009814562,0.013783881,0.0055294987,-0.04883576,0.005698381,0.0015605417,0.0008567267,-0.02180672,0.025788782,0.015654625,0.006232314,-0.009045031,-0.015683126,-0.01875803,-0.031383812,-0.033031512,0.025312008,0.009524081
systems thinking professional certificate mit,0.7699073,0.1353179,-0.12782599,-0.35646757,-0.27242106,0.058522943,0.115486614,0.13888702,0.07936619,0.098940074,0.1900177,0.063519545,-0.06935454,-0.09581042,-0.084484056,-0.0052290848,0.018597405,-0.014200698,-0.0274337,0.08616775,-0.036561552,-0.055255868,0.11739711,-0.039522253,-0.018996,-0.017302327,0.0095569715,-0.012632215,0.047648642,-0.008148772,-0.042502273,-0.028244045,0.04235872,-0.055732787,-0.01531466,0.0162386,0.011080208,-0.024770338,0.037226666,0.0733692,-0.024424618,0.016686136,0.019911688,-0.03971404,0.0035347685,-0.056273963,-0.0017983386,0.052934073,0.031058589,-0.029346071
systems thinking online certificate,0.6267699,0.08409814,-0.15952031,-0.508756,-0.22007148,0.0110078985,0.18465723,0.05327277,-0.052306827,0.049899153,-0.21323964,-0.051051095,-0.19289011,0.004812642,-0.23420337,-0.0732702,0.033806738,-0.025974704,0.010750883,0.07786754,0.13875657,0.04544654,0.119186714,0.086339235,0.009993806,-0.058829874,0.040532157,0.03686926,0.057183415,-0.04484795,0.0044710604,-0.05444893,0.018701885,-0.059577238,0.01933444,0.009797763,-0.019213272,0.008256413,0.043444455,-0.01677943,-0.049639624,0.018282864,0.016783638,0.025788754,0.0353262,0.0016260372,0.038809307,0.00080937624,-0.015780376,-0.0059044943
systems thinking program mit xpro,0.7647567,0.3386451,0.0070987795,0.06007069,-0.17872772,-0.025524039,-0.11011139,-0.006079667,0.02769921,-0.113220826,0.03466278,0.03481099,0.042986024,0.011329334,-0.27464768,0.06479727,0.020655993,0.0015956886,0.13088997,0.03011258,0.011190085,0.05421474,-0.17388986,0.010371116,-0.085177414,-0.11194954,-0.11107774,-0.11303372,0.025613958,0.103665724,-0.043667566,0.02460672,-0.015776487,0.031315763,-0.02335703,-0.064296745,-0.09267087,-0.097419135,-0.001449547,0.07735708,0.013506799,0.04043201,0.0783156,0.028483357,-0.029896615,0.050690267,0.028511222,0.025338821,0.0070875264,-0.0067661623
system dynamics certificate,0.45126393,0.078031294,0.29139858,-0.5276207,-0.059107807,-0.061171692,0.46462092,0.03899242,-0.2444449,0.09977539,-0.03247481,-0.09268648,0.049603052,0.10170445,0.06701409,0.0596754,0.097917974,-0.08329427,0.17756635,0.037739806,-0.020494498,0.045924563,-0.055918526,0.07765868,-0.015632587,-0.08393008,0.0075820675,-0.014817309,0.035655618,-0.062773734,0.0102365,-0.07460154,0.062011573,-0.023038877,-0.019888707,-0.0480903,-0.020555979,0.08594896,0.027730044,-0.021088747,-0.03546145,-0.019334145,0.0016920461,-0.0030785832,-0.03906731,-0.011090107,0.026865719,-0.0021691155,-0.039006565,-0.029546674
system dynamics training,0.5937402,0.26605648,0.24659464,0.074978955,0.2634921,-0.09981925,0.20852332,-0.059117083,-0.35175335,-0.15862456,0.25054,-0.2572893,0.013897874,0.08828162,0.012499584,0.060228907,0.06372395,0.047738712,0.06726677,0.07617253,0.047562547,0.018338563,0.09378406,-0.11783812,0.032652497,0.030976107,-0.011272249,-0.03587568,-0.039901655,-0.0784061,-0.08422944,-0.034857407,0.026857395,0.041624762,-0.010416365,-0.012679459,0.0038945593,0.10329414,0.06442134,-0.007998002,-0.06027039,0.01586718,-0.029591128,0.06571864,-0.017307004,0.03984169,0.020551162,-0.015113883,0.033010513,-0.049918987
pega system architect,0.49631342,0.046940688,0.3209285,0.041768588,-0.09559808,0.053873595,-0.014344851,-0.16357236,0.06351444,-0.04564172,-0.08251355,0.025226852,0.06113789,-0.009435693,-0.03514898,-0.026454624,0.09994565,0.24485086,0.05194157,-0.3149372,-0.0012458811,-0.0047967425,-0.095215574,0.1388697,0.060224384,0.12003625,0.13530608,0.13424872,-0.0018851745,0.024609847,-0.24814747,0.09416055,0.26719674,0.0030432185,-0.32797363,0.10968398,0.12107694,0.025097428,0.0013491816,-0.075548545,0.08685074,0.08187399,0.099656485,-0.047085248,0.043868907,0.030317727,-0.07007881,0.06750533,-0.10610695,-0.028621713
