Day,t_Clicks_OptCost,t_Clicks_ActCost,tm1_Clicks_OptCost,Actual_Clicks,Opt_Cost,Act_Cost,Hist_MSE,Hist_R2,Hist_Bias,Day_MSE,Day_R2,Day_Bias,N_Obs,N_Opt,SlurmJobId,SlurmArrayTaskId,x_max,alpha
2025-12-25,220.59423828125,202.41791534423828,553.0060519375294,279.0,399.91055922324034,348.86000000000007,7.370454788208008,0.9514603018760681,-0.00048077851819589067,0.4645678699016571,0.9983835220336914,-0.12806098952012904,34,62,8143649,24,50,0.4
