Day,t_Clicks_OptCost,t_Clicks_ActCost,tm1_Clicks_OptCost,Actual_Clicks,Opt_Cost,Act_Cost,Hist_MSE,Hist_R2,Hist_Bias,Day_MSE,Day_R2,Day_Bias,N_Obs,N_Opt,SlurmJobId,SlurmArrayTaskId,x_max,alpha
2025-12-01,249.48101806640625,225.66648483276367,386.9566676379169,272.0,399.9357674350695,328.59999999999997,4.440462112426758,0.9259747266769409,-0.0011780611914896644,0.28354668617248535,0.9990706443786621,-0.12280565721017343,27,75,8142842,0,50,0.4
