Day,t_Clicks_OptCost,t_Clicks_ActCost,tm1_Clicks_OptCost,Actual_Clicks,Opt_Cost,Act_Cost,Hist_MSE,Hist_R2,Hist_Bias,Day_MSE,Day_R2,Day_Bias,N_Obs,N_Opt,SlurmJobId,SlurmArrayTaskId,x_max,alpha
2025-12-14,127.39954376220703,300.2089309692383,674.4601089897707,350.0,397.98692630650925,517.42,6.44123649597168,0.9523215293884277,-0.0008197765909997016,0.20395800471305847,0.9992222785949707,-0.0749549994597564,37,39,8143241,13,50,0.4
