Day,t_Clicks_OptCost,t_Clicks_ActCost,tm1_Clicks_OptCost,Actual_Clicks,Opt_Cost,Act_Cost,Hist_MSE,Hist_R2,Hist_Bias,Day_MSE,Day_R2,Day_Bias,N_Obs,N_Opt,SlurmJobId,SlurmArrayTaskId,x_max,alpha
2025-12-05,137.895263671875,221.10304260253906,310.5798073666722,303.0,392.9949034910388,326.77000000000004,6.515537261962891,0.9517929553985596,-0.0009194450285911739,0.052484069019556046,0.999660849571228,-0.032251759579307156,38,167,8174849,4,5.0,0.025
