Day,t_Clicks_OptCost,t_Clicks_ActCost,tm1_Clicks_OptCost,Actual_Clicks,Opt_Cost,Act_Cost,Hist_MSE,Hist_R2,Hist_Bias,Day_MSE,Day_R2,Day_Bias,N_Obs,N_Opt,SlurmJobId,SlurmArrayTaskId,x_max,alpha
2025-12-23,102.09710693359375,209.86165618896484,231.50935828713688,275.0,336.93964062227326,323.91,7.342178821563721,0.9465415477752686,9.071386781647108e-05,0.0889599621295929,0.9995110034942627,-0.04846648617488582,41,199,8175035,22,5.0,0.025
