Day,t_Clicks_OptCost,t_Clicks_ActCost,tm1_Clicks_OptCost,Actual_Clicks,Opt_Cost,Act_Cost,Hist_MSE,Hist_R2,Hist_Bias,Day_MSE,Day_R2,Day_Bias,N_Obs,N_Opt,SlurmJobId,SlurmArrayTaskId,x_max,alpha
2025-12-12,249.1989288330078,185.86260223388672,326.30046288166284,242.0,392.45032895566965,240.51999999999995,7.30832052230835,0.9461873769760132,-0.0013760780103695698,0.07285498827695847,0.9986968636512756,-0.043915170889634356,39,263,8174890,11,5.0,0.025
