Day,t_Clicks_OptCost,t_Clicks_ActCost,tm1_Clicks_OptCost,Actual_Clicks,Opt_Cost,Act_Cost,Hist_MSE,Hist_R2,Hist_Bias,Day_MSE,Day_R2,Day_Bias,N_Obs,N_Opt,SlurmJobId,SlurmArrayTaskId,x_max,alpha
2025-12-07,51.808204650878906,225.44159698486328,384.942428059471,304.0,399.98351270212044,355.98,6.744345188140869,0.950162947177887,-0.0014687071309390245,0.23646938800811768,0.9990569949150085,-0.10076341909520767,34,277,8174866,6,5.0,0.025
