Day,t_Clicks_OptCost,t_Clicks_ActCost,tm1_Clicks_OptCost,Actual_Clicks,Opt_Cost,Act_Cost,Hist_MSE,Hist_R2,Hist_Bias,Day_MSE,Day_R2,Day_Bias,N_Obs,N_Opt,SlurmJobId,SlurmArrayTaskId,x_max,alpha
2025-12-29,81.05210876464844,212.67302703857422,292.96874114960315,302.0,399.51550205534966,329.52,7.164802551269531,0.9482911825180054,-0.0005113946729566972,0.17193777859210968,0.9990757703781128,-0.07512669685559395,39,233,8175302,28,5.0,0.025
