Day,t_Clicks_OptCost,t_Clicks_ActCost,tm1_Clicks_OptCost,Actual_Clicks,Opt_Cost,Act_Cost,Hist_MSE,Hist_R2,Hist_Bias,Day_MSE,Day_R2,Day_Bias,N_Obs,N_Opt,SlurmJobId,SlurmArrayTaskId,x_max,alpha
2025-12-25,282.4394226074219,199.1697540283203,232.19959302963608,281.0,398.9985651272639,351.03999999999996,7.128915786743164,0.948319137096405,-0.0008737731455815657,0.45405012369155884,0.998343825340271,-0.12361699508296119,36,147,8175063,24,5.0,0.025
