Day,t_Clicks_OptCost,t_Clicks_ActCost,tm1_Clicks_OptCost,Actual_Clicks,Opt_Cost,Act_Cost,Hist_MSE,Hist_R2,Hist_Bias,Day_MSE,Day_R2,Day_Bias,N_Obs,N_Opt,SlurmJobId,SlurmArrayTaskId,x_max,alpha
2025-12-08,73.63710021972656,220.15817260742188,256.78429693915734,310.0,393.38329153856114,355.0,6.541078090667725,0.9517585635185242,-0.0009131485330389638,0.1026790663599968,0.9995021224021912,-0.05397993837084089,35,236,8174867,7,5.0,0.025
