Day,t_Clicks_OptCost,t_Clicks_ActCost,tm1_Clicks_OptCost,Actual_Clicks,Opt_Cost,Act_Cost,Hist_MSE,Hist_R2,Hist_Bias,Day_MSE,Day_R2,Day_Bias,N_Obs,N_Opt,SlurmJobId,SlurmArrayTaskId,x_max,alpha
2025-12-06,281.9275207519531,240.35546875,210.98598478891006,309.0,399.99999999999915,443.0,6.503819942474365,0.951904296875,-0.00134301903484122,0.15404470264911652,0.9990816712379456,-0.048972619904412165,36,325,8174850,5,5.0,0.025
