Day,t_Clicks_OptCost,t_Clicks_ActCost,tm1_Clicks_OptCost,Actual_Clicks,Opt_Cost,Act_Cost,Hist_MSE,Hist_R2,Hist_Bias,Day_MSE,Day_R2,Day_Bias,N_Obs,N_Opt,SlurmJobId,SlurmArrayTaskId,x_max,alpha
2025-12-27,189.37875366210938,194.5679168701172,528.671142785934,283.0,399.6237851919675,332.59000000000003,7.03297758102417,0.9564738869667053,-0.00032675945840598443,0.08835232257843018,0.99942547082901,-0.04333738791636932,39,79,8156748,26,25.0,0.05
