Day,t_Clicks_OptCost,t_Clicks_ActCost,tm1_Clicks_OptCost,Actual_Clicks,Opt_Cost,Act_Cost,Hist_MSE,Hist_R2,Hist_Bias,Day_MSE,Day_R2,Day_Bias,N_Obs,N_Opt,SlurmJobId,SlurmArrayTaskId,x_max,alpha
2025-12-22,191.45016479492188,208.2992935180664,527.8752596067297,297.0,396.6983710720926,351.6900000000001,6.366494655609131,0.9508415460586548,-0.000987142124127506,0.0661185011267662,0.999589204788208,-0.041773029275842616,37,75,8156672,21,25.0,0.05
