Day,t_Clicks_OptCost,t_Clicks_ActCost,tm1_Clicks_OptCost,Actual_Clicks,Opt_Cost,Act_Cost,Hist_MSE,Hist_R2,Hist_Bias,Day_MSE,Day_R2,Day_Bias,N_Obs,N_Opt,SlurmJobId,SlurmArrayTaskId,x_max,alpha
2025-12-06,275.2362365722656,240.35546875,515.4210696059098,309.0,399.99999999999955,443.0,6.108591556549072,0.9555479288101196,-0.00038866198202688434,0.15404470264911652,0.9990816712379456,-0.048972619904412165,36,110,8156387,5,25.0,0.05
