Day,t_Clicks_OptCost,t_Clicks_ActCost,tm1_Clicks_OptCost,Actual_Clicks,Opt_Cost,Act_Cost,Hist_MSE,Hist_R2,Hist_Bias,Day_MSE,Day_R2,Day_Bias,N_Obs,N_Opt,SlurmJobId,SlurmArrayTaskId,x_max,alpha
2025-12-20,375.0640869140625,278.47534942626953,603.8905080637363,351.0,399.68068202482846,456.1700000000001,6.995223045349121,0.9534705877304077,-0.0014280425163200868,0.12594060599803925,0.9994577765464783,-0.06303929671263084,39,42,8156618,19,25.0,0.05
