Day,t_Clicks_OptCost,t_Clicks_ActCost,tm1_Clicks_OptCost,Actual_Clicks,Opt_Cost,Act_Cost,Hist_MSE,Hist_R2,Hist_Bias,Day_MSE,Day_R2,Day_Bias,N_Obs,N_Opt,SlurmJobId,SlurmArrayTaskId,x_max,alpha
2025-12-25,219.4969482421875,199.1697540283203,493.73695214074684,281.0,399.9288991436288,351.03999999999996,7.851990222930908,0.9499167203903198,-0.000602518619592039,0.45405012369155884,0.998343825340271,-0.12361699508296119,36,51,8156710,24,25.0,0.05
