Day,t_Clicks_OptCost,t_Clicks_ActCost,tm1_Clicks_OptCost,Actual_Clicks,Opt_Cost,Act_Cost,Hist_MSE,Hist_R2,Hist_Bias,Day_MSE,Day_R2,Day_Bias,N_Obs,N_Opt,SlurmJobId,SlurmArrayTaskId,x_max,alpha
2025-12-03,217.36610412597656,217.0236473083496,491.0992704418692,276.0,399.9999999999996,359.4600000000001,6.726939678192139,0.9521603584289551,-0.0005916963166996559,0.20764067769050598,0.9990504384040833,-0.07701633373896281,36,60,8156349,2,25.0,0.05
