Day,t_Clicks_OptCost,t_Clicks_ActCost,tm1_Clicks_OptCost,Actual_Clicks,Opt_Cost,Act_Cost,Hist_MSE,Hist_R2,Hist_Bias,Day_MSE,Day_R2,Day_Bias,N_Obs,N_Opt,SlurmJobId,SlurmArrayTaskId,x_max,alpha
2025-12-04,196.14910888671875,194.2918243408203,515.7861663921684,308.0,400.000000000002,370.06000000000006,6.573817253112793,0.9532060623168945,-0.00046748641197101826,0.0740588903427124,0.9996959567070007,-0.05093374422618321,35,104,8156350,3,25.0,0.05
