Day,t_Clicks_OptCost,t_Clicks_ActCost,tm1_Clicks_OptCost,Actual_Clicks,Opt_Cost,Act_Cost,Hist_MSE,Hist_R2,Hist_Bias,Day_MSE,Day_R2,Day_Bias,N_Obs,N_Opt,SlurmJobId,SlurmArrayTaskId,x_max,alpha
2025-12-09,335.96331787109375,231.01846313476562,354.30667682117803,323.0,400.0,362.77,6.9745306968688965,0.9495553970336914,-0.0009107837719884566,0.06510215997695923,0.9996573328971863,-0.03883494602309333,36,137,8156433,8,25.0,0.05
