Day,t_Clicks_OptCost,t_Clicks_ActCost,tm1_Clicks_OptCost,Actual_Clicks,Opt_Cost,Act_Cost,Hist_MSE,Hist_R2,Hist_Bias,Day_MSE,Day_R2,Day_Bias,N_Obs,N_Opt,SlurmJobId,SlurmArrayTaskId,x_max,alpha
2025-12-09,152.4099884033203,231.01846313476562,276.40730787955977,323.0,511.85216659858355,362.77,4.352497100830078,0.927573025226593,-0.000338870500645528,0.06510215997695923,0.9996573328971863,-0.03883494602309333,36,127,8194316,8,10.0,0.0
