Day,t_Clicks_OptCost,t_Clicks_ActCost,tm1_Clicks_OptCost,Actual_Clicks,Opt_Cost,Act_Cost,Hist_MSE,Hist_R2,Hist_Bias,Day_MSE,Day_R2,Day_Bias,N_Obs,N_Opt,SlurmJobId,SlurmArrayTaskId,x_max,alpha
2025-12-12,388.8414306640625,185.86260223388672,506.4283630603099,242.0,399.64578610893267,240.51999999999995,7.641750335693359,0.9473167061805725,-0.0007756911689621424,0.07285498827695847,0.9986968636512756,-0.043915170889634356,39,53,8173325,11,15.0,0.05
