Day,t_Clicks_OptCost,t_Clicks_ActCost,tm1_Clicks_OptCost,Actual_Clicks,Opt_Cost,Act_Cost,Hist_MSE,Hist_R2,Hist_Bias,Day_MSE,Day_R2,Day_Bias,N_Obs,N_Opt,SlurmJobId,SlurmArrayTaskId,x_max,alpha
2025-12-20,332.8196105957031,278.47534942626953,583.3931929865215,351.0,399.9532185433891,456.1700000000001,7.492939472198486,0.9476397633552551,7.24952251026095e-05,0.12594060599803925,0.9994577765464783,-0.06303929671263084,39,69,8173459,19,15.0,0.05
