Day,t_Clicks_OptCost,t_Clicks_ActCost,tm1_Clicks_OptCost,Actual_Clicks,Opt_Cost,Act_Cost,Hist_MSE,Hist_R2,Hist_Bias,Day_MSE,Day_R2,Day_Bias,N_Obs,N_Opt,SlurmJobId,SlurmArrayTaskId,x_max,alpha
2025-12-28,185.80850219726562,230.87679290771484,605.3371474173008,309.0,396.7974630204679,338.32,7.760330677032471,0.9505318403244019,-0.0009657643015096775,0.08515597879886627,0.9995026588439941,-0.03908027159540277,38,65,8156757,27,15.0,0.05
