Day,t_Clicks_OptCost,t_Clicks_ActCost,tm1_Clicks_OptCost,Actual_Clicks,Opt_Cost,Act_Cost,Hist_MSE,Hist_R2,Hist_Bias,Day_MSE,Day_R2,Day_Bias,N_Obs,N_Opt,SlurmJobId,SlurmArrayTaskId,x_max,alpha
2025-12-24,185.0885467529297,222.3334503173828,562.5220396879341,294.0,399.96235631584847,353.90999999999997,6.3965253829956055,0.9495099186897278,-0.001120999777619432,0.6013098359107971,0.9983742237091064,-0.13858969509601593,36,47,8156698,23,15.0,0.05
