Day,t_Clicks_OptCost,t_Clicks_ActCost,tm1_Clicks_OptCost,Actual_Clicks,Opt_Cost,Act_Cost,Hist_MSE,Hist_R2,Hist_Bias,Day_MSE,Day_R2,Day_Bias,N_Obs,N_Opt,SlurmJobId,SlurmArrayTaskId,x_max,alpha
2025-12-14,165.91165161132812,286.40231704711914,547.1006570469755,353.0,399.9834916748164,524.29,5.921228885650635,0.9559052586555481,-0.0016119452267431918,0.17779068648815155,0.9992941617965698,-0.07039937759057069,39,59,8156497,13,15.0,0.05
