Day,t_Clicks_OptCost,t_Clicks_ActCost,tm1_Clicks_OptCost,Actual_Clicks,Opt_Cost,Act_Cost,Hist_MSE,Hist_R2,Hist_Bias,Day_MSE,Day_R2,Day_Bias,N_Obs,N_Opt,SlurmJobId,SlurmArrayTaskId,x_max,alpha
2025-12-19,227.78244018554688,145.03557586669922,596.6852298598845,219.0,399.9253915123524,255.50000000000003,6.547991752624512,0.9515644311904907,-0.0011568942436670445,0.1562499850988388,0.9987147450447083,-0.07451416590274909,39,63,8156589,18,15.0,0.05
