Day,t_Clicks_OptCost,t_Clicks_ActCost,tm1_Clicks_OptCost,Actual_Clicks,Opt_Cost,Act_Cost,Hist_MSE,Hist_R2,Hist_Bias,Day_MSE,Day_R2,Day_Bias,N_Obs,N_Opt,SlurmJobId,SlurmArrayTaskId,x_max,alpha
2025-12-06,216.4477081298828,240.35546875,528.6298382918255,309.0,398.2430795413683,443.0,7.2945756912231445,0.9502800107002258,-0.0012708168964887148,0.15404470264911652,0.9990816712379456,-0.048972619904412165,36,64,8173246,5,15.0,0.05
