Day,t_Clicks_OptCost,t_Clicks_ActCost,tm1_Clicks_OptCost,Actual_Clicks,Opt_Cost,Act_Cost,Hist_MSE,Hist_R2,Hist_Bias,Day_MSE,Day_R2,Day_Bias,N_Obs,N_Opt,SlurmJobId,SlurmArrayTaskId,x_max,alpha
2025-12-17,255.91851806640625,219.86534881591797,394.7185305554261,295.0,399.9999999999997,335.03000000000003,7.416874885559082,0.9489877820014954,-0.0015901163719853376,0.20545659959316254,0.9992456436157227,-0.08894278662545341,35,132,8173419,16,15.0,0.05
