Day,t_Clicks_OptCost,t_Clicks_ActCost,tm1_Clicks_OptCost,Actual_Clicks,Opt_Cost,Act_Cost,Hist_MSE,Hist_R2,Hist_Bias,Day_MSE,Day_R2,Day_Bias,N_Obs,N_Opt,SlurmJobId,SlurmArrayTaskId,x_max,alpha
2025-12-16,330.4335632324219,249.00111389160156,261.12664752932596,310.0,400.0000000000005,367.58000000000004,6.144341945648193,0.9549071192741394,-0.0009441240165747178,0.3240439295768738,0.9988030195236206,-0.08300259866212543,38,173,8156515,15,15.0,0.05
