Day,t_Clicks_OptCost,t_Clicks_ActCost,tm1_Clicks_OptCost,Actual_Clicks,Opt_Cost,Act_Cost,Hist_MSE,Hist_R2,Hist_Bias,Day_MSE,Day_R2,Day_Bias,N_Obs,N_Opt,SlurmJobId,SlurmArrayTaskId,x_max,alpha
2025-12-11,167.7388916015625,158.53372955322266,439.9153770895085,218.0,399.70140274258324,227.73,7.10622501373291,0.9521609544754028,-0.001646549396571659,0.11442513018846512,0.9987303018569946,-0.0628469399043492,35,129,8173291,10,15.0,0.05
