Day,t_Clicks_OptCost,t_Clicks_ActCost,tm1_Clicks_OptCost,Actual_Clicks,Opt_Cost,Act_Cost,Hist_MSE,Hist_R2,Hist_Bias,Day_MSE,Day_R2,Day_Bias,N_Obs,N_Opt,SlurmJobId,SlurmArrayTaskId,x_max,alpha
2025-12-29,142.0875244140625,212.67302703857422,561.8044325649963,302.0,400.00000000000017,329.52,7.673359394073486,0.9502527713775635,-0.0012575288701434887,0.17193777859210968,0.9990757703781128,-0.07512669685559395,39,74,8156762,28,15.0,0.05
