Day,t_Clicks_OptCost,t_Clicks_ActCost,tm1_Clicks_OptCost,Actual_Clicks,Opt_Cost,Act_Cost,Hist_MSE,Hist_R2,Hist_Bias,Day_MSE,Day_R2,Day_Bias,N_Obs,N_Opt,SlurmJobId,SlurmArrayTaskId,x_max,alpha
2025-12-12,389.87353515625,185.86260223388672,528.4859710954132,242.0,399.9252793988477,240.51999999999995,5.909041404724121,0.9562386274337769,-0.001412372685333562,0.07285498827695847,0.9986968636512756,-0.043915170889634356,39,97,8156464,11,15.0,0.05
