Day,t_Clicks_OptCost,t_Clicks_ActCost,tm1_Clicks_OptCost,Actual_Clicks,Opt_Cost,Act_Cost,Hist_MSE,Hist_R2,Hist_Bias,Day_MSE,Day_R2,Day_Bias,N_Obs,N_Opt,SlurmJobId,SlurmArrayTaskId,x_max,alpha
2025-12-21,349.5745544433594,224.799072265625,426.4644981313966,270.0,399.8887533260614,340.28000000000003,7.252357006072998,0.9509577751159668,-0.0009824270834742012,0.12477037310600281,0.999349057674408,-0.05675015739492468,37,66,8156619,20,15.0,0.05
