Day,t_Clicks_OptCost,t_Clicks_ActCost,tm1_Clicks_OptCost,Actual_Clicks,Opt_Cost,Act_Cost,Hist_MSE,Hist_R2,Hist_Bias,Day_MSE,Day_R2,Day_Bias,N_Obs,N_Opt,SlurmJobId,SlurmArrayTaskId,x_max,alpha
2025-12-30,191.9020233154297,208.44872283935547,385.39435988091543,276.0,399.989936526422,295.62999999999994,6.621652126312256,0.9546903371810913,-0.000478201004563883,0.20519641041755676,0.9988126754760742,-0.08123404885593213,38,147,8173590,29,15.0,0.05
