Day,t_Clicks_OptCost,t_Clicks_ActCost,tm1_Clicks_OptCost,Actual_Clicks,Opt_Cost,Act_Cost,Hist_MSE,Hist_R2,Hist_Bias,Day_MSE,Day_R2,Day_Bias,N_Obs,N_Opt,SlurmJobId,SlurmArrayTaskId,x_max,alpha
2025-12-16,317.5373840332031,249.00111389160156,418.4653483332862,310.0,394.8637921858903,367.58000000000004,6.703832149505615,0.9525997042655945,-0.001066444026289788,0.3240439295768738,0.9988030195236206,-0.08300259866212543,38,83,8173407,15,15.0,0.05
