Day,t_Clicks_OptCost,t_Clicks_ActCost,tm1_Clicks_OptCost,Actual_Clicks,Opt_Cost,Act_Cost,Hist_MSE,Hist_R2,Hist_Bias,Day_MSE,Day_R2,Day_Bias,N_Obs,N_Opt,SlurmJobId,SlurmArrayTaskId,x_max,alpha
2025-12-29,102.72166442871094,212.10364532470703,469.5083725584773,301.0,399.9488591718141,329.39,7.862906455993652,0.9462418556213379,-0.0005176537023270598,0.18539604544639587,0.9990227222442627,-0.07551789126898113,38,94,8144479,28,20.0,1.0
