Day,t_Clicks_OptCost,t_Clicks_ActCost,tm1_Clicks_OptCost,Actual_Clicks,Opt_Cost,Act_Cost,Hist_MSE,Hist_R2,Hist_Bias,Day_MSE,Day_R2,Day_Bias,N_Obs,N_Opt,SlurmJobId,SlurmArrayTaskId,x_max,alpha
2025-12-01,321.98138427734375,268.9049186706543,501.5553351695851,318.0,399.85684206369746,349.89000000000004,6.1838297843933105,0.954917848110199,-0.0004978816276394278,0.324297159910202,0.9989858269691467,-0.1278333150107285,29,56,8144011,0,20.0,1.0
