Day,t_Clicks_OptCost,t_Clicks_ActCost,tm1_Clicks_OptCost,Actual_Clicks,Opt_Cost,Act_Cost,Hist_MSE,Hist_R2,Hist_Bias,Day_MSE,Day_R2,Day_Bias,N_Obs,N_Opt,SlurmJobId,SlurmArrayTaskId,x_max,alpha
2025-12-12,436.6842346191406,182.21797943115234,604.0082494108035,235.0,399.92919945134906,232.43999999999994,5.147830963134766,0.9218065738677979,-0.0006073862928638442,0.07978560775518417,0.9986361265182495,-0.04388275500890371,37,55,8144144,11,20.0,1.0
