Day,t_Clicks_OptCost,t_Clicks_ActCost,tm1_Clicks_OptCost,Actual_Clicks,Opt_Cost,Act_Cost,Hist_MSE,Hist_R2,Hist_Bias,Day_MSE,Day_R2,Day_Bias,N_Obs,N_Opt,SlurmJobId,SlurmArrayTaskId,x_max,alpha
2025-12-19,224.52450561523438,65.99771118164062,515.8585109698822,115.0,400.00000000000017,122.21000000000001,5.607945442199707,0.9579814076423645,-0.0013642297857004919,0.07592137157917023,0.9983705282211304,-0.05293610595887707,31,71,8144376,18,20.0,1.0
