Day,t_Clicks_OptCost,t_Clicks_ActCost,tm1_Clicks_OptCost,Actual_Clicks,Opt_Cost,Act_Cost,Hist_MSE,Hist_R2,Hist_Bias,Day_MSE,Day_R2,Day_Bias,N_Obs,N_Opt,SlurmJobId,SlurmArrayTaskId,x_max,alpha
2025-12-20,357.4151916503906,265.3275833129883,589.930525322843,336.0,399.75216764597036,443.48,5.340213298797607,0.9237740635871887,-0.0008791989650757055,0.1311054676771164,0.9994957447052002,-0.07752961095641642,34,61,8144377,19,20.0,1.0
