Day,t_Clicks_OptCost,t_Clicks_ActCost,tm1_Clicks_OptCost,Actual_Clicks,Opt_Cost,Act_Cost,Hist_MSE,Hist_R2,Hist_Bias,Day_MSE,Day_R2,Day_Bias,N_Obs,N_Opt,SlurmJobId,SlurmArrayTaskId,x_max,alpha
2025-12-08,255.6798858642578,152.43565368652344,445.64805798752855,233.0,399.795967221908,265.24,5.7855658531188965,0.9564245343208313,-0.0013782430390221491,0.18589232861995697,0.9984896183013916,-0.07611469179391861,32,62,8154829,,20.0,1.0
