Day,t_Clicks_OptCost,t_Clicks_ActCost,tm1_Clicks_OptCost,Actual_Clicks,Opt_Cost,Act_Cost,Hist_MSE,Hist_R2,Hist_Bias,Day_MSE,Day_R2,Day_Bias,N_Obs,N_Opt,SlurmJobId,SlurmArrayTaskId,x_max,alpha
2025-12-10,269.950927734375,209.34768676757812,386.4599806094602,285.0,399.93869717409433,347.52,6.0604472160339355,0.9556744694709778,-0.0010066307395122291,0.07023870199918747,0.9993925094604492,-0.04375080058449193,38,165,8173284,9,5.0,0.1
