Day,t_Clicks_OptCost,t_Clicks_ActCost,tm1_Clicks_OptCost,Actual_Clicks,Opt_Cost,Act_Cost,Hist_MSE,Hist_R2,Hist_Bias,Day_MSE,Day_R2,Day_Bias,N_Obs,N_Opt,SlurmJobId,SlurmArrayTaskId,x_max,alpha
2025-12-05,72.05209350585938,221.10304260253906,356.5495534137565,303.0,399.8660508015927,326.77000000000004,6.096396446228027,0.955592155456543,-0.0011918714202065438,0.052484069019556046,0.999660849571228,-0.032251759579307156,38,202,8173242,4,5.0,0.1
