Day,t_Clicks_OptCost,t_Clicks_ActCost,tm1_Clicks_OptCost,Actual_Clicks,Opt_Cost,Act_Cost,Hist_MSE,Hist_R2,Hist_Bias,Day_MSE,Day_R2,Day_Bias,N_Obs,N_Opt,SlurmJobId,SlurmArrayTaskId,x_max,alpha
2025-12-03,219.44216918945312,217.0236473083496,339.4213892713212,276.0,399.8411762411133,359.4600000000001,4.133723258972168,0.9646182060241699,-0.0007349975639203433,0.20764067769050598,0.9990504384040833,-0.07701633373896281,36,168,8173232,2,5.0,0.1
