Day,t_Clicks_OptCost,t_Clicks_ActCost,tm1_Clicks_OptCost,Actual_Clicks,Opt_Cost,Act_Cost,Hist_MSE,Hist_R2,Hist_Bias,Day_MSE,Day_R2,Day_Bias,N_Obs,N_Opt,SlurmJobId,SlurmArrayTaskId,x_max,alpha
2025-12-19,137.1431427001953,145.03557586669922,360.1047662272709,219.0,399.9383572807426,255.50000000000003,7.593107223510742,0.9493515491485596,-0.001654815351832149,0.1562499850988388,0.9987147450447083,-0.07451416590274909,39,171,8173435,18,5.0,0.1
