Day,t_Clicks_OptCost,t_Clicks_ActCost,tm1_Clicks_OptCost,Actual_Clicks,Opt_Cost,Act_Cost,Hist_MSE,Hist_R2,Hist_Bias,Day_MSE,Day_R2,Day_Bias,N_Obs,N_Opt,SlurmJobId,SlurmArrayTaskId,x_max,alpha
2025-12-04,175.3905029296875,194.2918243408203,426.04155250077724,308.0,398.53633082720285,370.06000000000006,6.728792667388916,0.9556798934936523,-0.0018225873395020954,0.0740588903427124,0.9996959567070007,-0.05093374422618321,35,92,8173233,3,20.0,0.15
