Day,t_Clicks_OptCost,t_Clicks_ActCost,tm1_Clicks_OptCost,Actual_Clicks,Opt_Cost,Act_Cost,Hist_MSE,Hist_R2,Hist_Bias,Day_MSE,Day_R2,Day_Bias,N_Obs,N_Opt,SlurmJobId,SlurmArrayTaskId,x_max,alpha
2025-12-05,265.3836975097656,221.10304260253906,520.8616731167476,303.0,399.999999999999,326.77000000000004,6.096396446228027,0.955592155456543,-0.0011918714202065438,0.052484069019556046,0.999660849571228,-0.032251759579307156,38,101,8173242,4,20.0,0.15
