Day,t_Clicks_OptCost,t_Clicks_ActCost,tm1_Clicks_OptCost,Actual_Clicks,Opt_Cost,Act_Cost,Hist_MSE,Hist_R2,Hist_Bias,Day_MSE,Day_R2,Day_Bias,N_Obs,N_Opt,SlurmJobId,SlurmArrayTaskId,x_max,alpha
2025-12-23,169.35414123535156,209.86165618896484,481.6561882547287,275.0,399.99999999999983,323.91,7.321905136108398,0.9521441459655762,-0.000896450346028351,0.0889599621295929,0.9995110034942627,-0.04846648617488582,41,92,8173474,22,20.0,0.15
