Day,t_Clicks_OptCost,t_Clicks_ActCost,tm1_Clicks_OptCost,Actual_Clicks,Opt_Cost,Act_Cost,Hist_MSE,Hist_R2,Hist_Bias,Day_MSE,Day_R2,Day_Bias,N_Obs,N_Opt,SlurmJobId,SlurmArrayTaskId,x_max,alpha
2025-12-03,207.00111389160156,217.0236473083496,398.4633285758977,276.0,399.99696940608084,359.4600000000001,4.133723258972168,0.9646182060241699,-0.0007349975639203433,0.20764067769050598,0.9990504384040833,-0.07701633373896281,36,78,8173232,2,20.0,0.15
