Day,t_Clicks_OptCost,t_Clicks_ActCost,tm1_Clicks_OptCost,Actual_Clicks,Opt_Cost,Act_Cost,Hist_MSE,Hist_R2,Hist_Bias,Day_MSE,Day_R2,Day_Bias,N_Obs,N_Opt,SlurmJobId,SlurmArrayTaskId,x_max,alpha
2025-12-12,405.0466613769531,185.86260223388672,505.0613771639367,242.0,399.9762040251047,240.51999999999995,7.641750335693359,0.9473167061805725,-0.0007756911689621424,0.07285498827695847,0.9986968636512756,-0.043915170889634356,39,62,8173325,11,20.0,0.15
