Day,t_Clicks_OptCost,t_Clicks_ActCost,tm1_Clicks_OptCost,Actual_Clicks,Opt_Cost,Act_Cost,Hist_MSE,Hist_R2,Hist_Bias,Day_MSE,Day_R2,Day_Bias,N_Obs,N_Opt,SlurmJobId,SlurmArrayTaskId,x_max,alpha
2025-12-10,290.46563720703125,209.34768676757812,529.9569142283115,285.0,400.00000000000006,347.52,6.0604472160339355,0.9556744694709778,-0.0010066307395122291,0.07023870199918747,0.9993925094604492,-0.04375080058449193,38,81,8173284,9,20.0,0.15
