Day,t_Clicks_OptCost,t_Clicks_ActCost,tm1_Clicks_OptCost,Actual_Clicks,Opt_Cost,Act_Cost,Hist_MSE,Hist_R2,Hist_Bias,Day_MSE,Day_R2,Day_Bias,N_Obs,N_Opt,SlurmJobId,SlurmArrayTaskId,x_max,alpha
2025-12-29,95.96334075927734,212.10364532470703,373.52104029745874,301.0,399.89034121232567,329.39,7.862906455993652,0.9462418556213379,-0.0005176537023270598,0.18539604544639587,0.9990227222442627,-0.07551789126898113,38,139,8144479,28,10.0,1.0
