Day,t_Clicks_OptCost,t_Clicks_ActCost,tm1_Clicks_OptCost,Actual_Clicks,Opt_Cost,Act_Cost,Hist_MSE,Hist_R2,Hist_Bias,Day_MSE,Day_R2,Day_Bias,N_Obs,N_Opt,SlurmJobId,SlurmArrayTaskId,x_max,alpha
2025-12-12,389.68328857421875,182.21797943115234,433.4792128338747,235.0,399.4740540771876,232.43999999999994,5.147830963134766,0.9218065738677979,-0.0006073862928638442,0.07978560775518417,0.9986361265182495,-0.04388275500890371,37,160,8144144,11,10.0,1.0
