Day,t_Clicks_OptCost,t_Clicks_ActCost,tm1_Clicks_OptCost,Actual_Clicks,Opt_Cost,Act_Cost,Hist_MSE,Hist_R2,Hist_Bias,Day_MSE,Day_R2,Day_Bias,N_Obs,N_Opt,SlurmJobId,SlurmArrayTaskId,x_max,alpha
2025-12-14,203.5550994873047,286.40231704711914,404.7407446830126,353.0,400.0000000000002,524.29,6.890982627868652,0.9503342509269714,-0.0006725173606142928,0.17779068648815155,0.9992941617965698,-0.07039937759057069,39,100,8144191,13,10.0,1.0
