Day,t_Clicks_OptCost,t_Clicks_ActCost,tm1_Clicks_OptCost,Actual_Clicks,Opt_Cost,Act_Cost,Hist_MSE,Hist_R2,Hist_Bias,Day_MSE,Day_R2,Day_Bias,N_Obs,N_Opt,SlurmJobId,SlurmArrayTaskId,x_max,alpha
2025-12-25,211.80892944335938,196.02103424072266,470.20349201024567,271.0,399.9964832627573,341.1,7.14255428314209,0.9510010480880737,-0.0008482159747480993,0.4759615957736969,0.9984349608421326,-0.13680732063949108,32,131,8144429,24,10.0,1.0
