Day,t_Clicks_OptCost,t_Clicks_ActCost,tm1_Clicks_OptCost,Actual_Clicks,Opt_Cost,Act_Cost,Hist_MSE,Hist_R2,Hist_Bias,Day_MSE,Day_R2,Day_Bias,N_Obs,N_Opt,SlurmJobId,SlurmArrayTaskId,x_max,alpha
2025-12-16,380.1027526855469,236.3140411376953,369.38918732014054,295.0,399.96455052351195,359.03999999999996,6.076094150543213,0.9542852640151978,-0.0007692321377751882,0.34833770990371704,0.9988647699356079,-0.09400556123617923,33,137,8144277,15,10.0,1.0
