Day,t_Clicks_OptCost,t_Clicks_ActCost,tm1_Clicks_OptCost,Actual_Clicks,Opt_Cost,Act_Cost,Hist_MSE,Hist_R2,Hist_Bias,Day_MSE,Day_R2,Day_Bias,N_Obs,N_Opt,SlurmJobId,SlurmArrayTaskId,x_max,alpha
2025-12-13,295.2928771972656,191.54428100585938,450.0261987302357,265.0,400.0000000000004,354.2,6.904621601104736,0.9509825110435486,-0.0006108143702049845,0.21659448742866516,0.999031662940979,-0.09488458505698613,28,97,8144190,12,10.0,1.0
