Day,t_Clicks_OptCost,t_Clicks_ActCost,tm1_Clicks_OptCost,Actual_Clicks,Opt_Cost,Act_Cost,Hist_MSE,Hist_R2,Hist_Bias,Day_MSE,Day_R2,Day_Bias,N_Obs,N_Opt,SlurmJobId,SlurmArrayTaskId,x_max,alpha
2025-12-19,1.8147565126419067,65.99771118164062,157.69195702727978,115.0,399.77887776012943,122.21000000000001,5.607945442199707,0.9579814076423645,-0.0013642297857004919,0.07592137157917023,0.9983705282211304,-0.05293610595887707,31,473,8144376,18,1.0,1.0
