Day,t_Clicks_OptCost,t_Clicks_ActCost,tm1_Clicks_OptCost,Actual_Clicks,Opt_Cost,Act_Cost,Hist_MSE,Hist_R2,Hist_Bias,Day_MSE,Day_R2,Day_Bias,N_Obs,N_Opt,SlurmJobId,SlurmArrayTaskId,x_max,alpha
2025-12-22,0.0,140.6880340576172,105.39962131950881,213.0,399.6993373591482,246.34999999999997,6.278061866760254,0.9527971744537354,-0.0013175363727911734,0.14181919395923615,0.9986392855644226,-0.06497155502438545,32,567,8144383,21,1.0,1.0
