Day,t_Clicks_OptCost,t_Clicks_ActCost,tm1_Clicks_OptCost,Actual_Clicks,Opt_Cost,Act_Cost,Hist_MSE,Hist_R2,Hist_Bias,Day_MSE,Day_R2,Day_Bias,N_Obs,N_Opt,SlurmJobId,SlurmArrayTaskId,x_max,alpha
2025-12-14,0.0,286.40231704711914,103.71181171131191,353.0,399.6244446225693,524.29,6.890982627868652,0.9503342509269714,-0.0006725173606142928,0.17779068648815155,0.9992941617965698,-0.07039937759057069,39,456,8144191,13,1.0,1.0
