Day,t_Clicks_OptCost,t_Clicks_ActCost,tm1_Clicks_OptCost,Actual_Clicks,Opt_Cost,Act_Cost,Hist_MSE,Hist_R2,Hist_Bias,Day_MSE,Day_R2,Day_Bias,N_Obs,N_Opt,SlurmJobId,SlurmArrayTaskId,x_max,alpha
2025-12-04,88.65129852294922,194.2918243408203,406.06596044315415,308.0,399.9625985184488,370.06000000000006,6.573817253112793,0.9532060623168945,-0.00046748641197101826,0.0740588903427124,0.9996959567070007,-0.05093374422618321,35,141,8156350,3,10.0,0.1
