Day,t_Clicks_OptCost,t_Clicks_ActCost,tm1_Clicks_OptCost,Actual_Clicks,Opt_Cost,Act_Cost,Hist_MSE,Hist_R2,Hist_Bias,Day_MSE,Day_R2,Day_Bias,N_Obs,N_Opt,SlurmJobId,SlurmArrayTaskId,x_max,alpha
2025-12-31,310.326904296875,170.35708618164062,401.80538516918784,231.0,399.6828772176381,233.60000000000002,7.183162212371826,0.9524027705192566,-0.0008114773309432399,0.042645979672670364,0.999347448348999,-0.03830429835197253,39,84,8173211,30,10.0,0.1
