Day,t_Clicks_OptCost,t_Clicks_ActCost,tm1_Clicks_OptCost,Actual_Clicks,Opt_Cost,Act_Cost,Hist_MSE,Hist_R2,Hist_Bias,Day_MSE,Day_R2,Day_Bias,N_Obs,N_Opt,SlurmJobId,SlurmArrayTaskId,x_max,alpha
2025-12-25,256.9810791015625,199.1697540283203,465.5940552559424,281.0,399.9046417872424,351.03999999999996,7.851990222930908,0.9499167203903198,-0.000602518619592039,0.45405012369155884,0.998343825340271,-0.12361699508296119,36,94,8156710,24,10.0,0.1
