Day,t_Clicks_OptCost,t_Clicks_ActCost,tm1_Clicks_OptCost,Actual_Clicks,Opt_Cost,Act_Cost,Hist_MSE,Hist_R2,Hist_Bias,Day_MSE,Day_R2,Day_Bias,N_Obs,N_Opt,SlurmJobId,SlurmArrayTaskId,x_max,alpha
2025-12-25,247.2359619140625,199.1697540283203,377.64787052168913,281.0,399.5416928515382,351.03999999999996,6.489027976989746,0.9517881870269775,-0.0013165185332100855,0.45405012369155884,0.998343825340271,-0.12361699508296119,36,86,8173496,24,10.0,0.1
