Day,t_Clicks_OptCost,t_Clicks_ActCost,tm1_Clicks_OptCost,Actual_Clicks,Opt_Cost,Act_Cost,Hist_MSE,Hist_R2,Hist_Bias,Day_MSE,Day_R2,Day_Bias,N_Obs,N_Opt,SlurmJobId,SlurmArrayTaskId,x_max,alpha
2025-12-15,211.78878784179688,260.1197814941406,505.97420195127876,314.0,399.9742210076038,381.4199999999999,6.39404296875,0.9539796710014343,-0.001381039561701024,0.18150389194488525,0.9990571737289429,-0.06515936475051076,38,173,8173406,14,10.0,0.1
