Day,t_Clicks_OptCost,t_Clicks_ActCost,tm1_Clicks_OptCost,Actual_Clicks,Opt_Cost,Act_Cost,Hist_MSE,Hist_R2,Hist_Bias,Day_MSE,Day_R2,Day_Bias,N_Obs,N_Opt,SlurmJobId,SlurmArrayTaskId,x_max,alpha
2025-12-30,192.53802490234375,208.44872283935547,377.9870717623203,276.0,400.0000000000001,295.62999999999994,6.621652126312256,0.9546903371810913,-0.000478201004563883,0.20519641041755676,0.9988126754760742,-0.08123404885593213,38,154,8173590,29,10.0,0.1
