Day,t_Clicks_OptCost,t_Clicks_ActCost,tm1_Clicks_OptCost,Actual_Clicks,Opt_Cost,Act_Cost,Hist_MSE,Hist_R2,Hist_Bias,Day_MSE,Day_R2,Day_Bias,N_Obs,N_Opt,SlurmJobId,SlurmArrayTaskId,x_max,alpha
2025-12-08,247.91445922851562,220.15817260742188,326.3149112065233,310.0,511.69902932478607,355.0,3.555704116821289,0.9343506097793579,-9.296661013980538e-05,0.1026790663599968,0.9995021224021912,-0.05397993837084089,35,43,8194109,7,30.0,0.25
