Day,t_Clicks_OptCost,t_Clicks_ActCost,tm1_Clicks_OptCost,Actual_Clicks,Opt_Cost,Act_Cost,Hist_MSE,Hist_R2,Hist_Bias,Day_MSE,Day_R2,Day_Bias,N_Obs,N_Opt,SlurmJobId,SlurmArrayTaskId,x_max,alpha
2025-12-10,211.4044189453125,209.34765625,335.14081330933584,285.0,511.928185308187,347.52,3.412523031234741,0.9231648445129395,-0.0004414739331624682,0.07023870199918747,0.9993925094604492,-0.04375080058449193,38,92,8193153,9,30.0,0.25
