Day,t_Clicks_OptCost,t_Clicks_ActCost,tm1_Clicks_OptCost,Actual_Clicks,Opt_Cost,Act_Cost,Hist_MSE,Hist_R2,Hist_Bias,Day_MSE,Day_R2,Day_Bias,N_Obs,N_Opt,SlurmJobId,SlurmArrayTaskId,x_max,alpha
2025-12-18,115.69903564453125,172.32799530029297,439.925368954542,230.0,399.8139898762714,272.38999999999993,6.6155104637146,0.953483521938324,-0.0013337948023744379,0.24372613430023193,0.9985316395759583,-0.08361619518649194,31,14,8143355,17,50,0.4
