Day,t_Clicks_OptCost,t_Clicks_ActCost,tm1_Clicks_OptCost,Actual_Clicks,Opt_Cost,Act_Cost,Hist_MSE,Hist_R2,Hist_Bias,Day_MSE,Day_R2,Day_Bias,N_Obs,N_Opt,SlurmJobId,SlurmArrayTaskId,x_max,alpha
2025-12-29,190.7529754638672,199.7464370727539,528.2264560138356,281.0,399.9999999999998,302.90999999999997,7.2986345291137695,0.9527566432952881,-0.0010518329115214472,0.18993639945983887,0.9990177750587463,-0.07863356616045977,37,54,8143805,28,50,0.4
