{"learner":{"attributes":{"scikit_learn":"{\"_estimator_type\": \"regressor\"}"},"feature_names":[],"feature_types":[],"gradient_booster":{"model":{"gbtree_model_param":{"num_parallel_tree":"5","num_trees":"5"},"iteration_indptr":[0,5],"tree_info":[0,0,0,0,0],"trees":[{"base_weights":[-1.2054715E-2,-8.2912284E-1,1.6416931E1,-1.8488584E0,2.5074232E0,6.588374E0,7.4635155E1,-2.279372E0,7.116366E-1,1.0398154E0,8.183431E0,8.5897595E-1,2.376876E1,1.3002742E2,2.6879738E1,-4.776289E-3,-7.864133E-4,3.7560728E-3,-5.7725366E-3,1.2574205E-3,1.8591333E-2,1.2640384E-2,4.4845503E-2,4.2024464E-3,-5.8776783E-3,3.215839E-2,5.9364054E-2,3.0869082E-1,2.8360108E-2,6.5996006E-2,-4.965721E-3],"categories":[],"categories_nodes":[],"categories_segments":[],"categories_sizes":[],"default_left":[0,0,0,0,0,0,0,0,0,0,0,0,0,0,0,0,0,0,0,0,0,0,0,0,0,0,0,0,0,0,0],"id":0,"left_children":[1,3,5,7,9,11,13,15,17,19,21,23,25,27,29,-1,-1,-1,-1,-1,-1,-1,-1,-1,-1,-1,-1,-1,-1,-1,-1],"loss_changes":[1.4535092E5,3.5100336E4,2.930475E5,8.711113E3,2.0108809E4,4.3290227E4,1.9225562E5,1.3867852E3,4.7811475E3,6.510679E3,1.3017785E4,1.5677758E3,4.5244844E3,9.359531E4,7.447508E3,0E0,0E0,0E0,0E0,0E0,0E0,0E0,0E0,0E0,0E0,0E0,0E0,0E0,0E0,0E0,0E0],"parents":[2147483647,0,0,1,1,2,2,3,3,4,4,5,5,6,6,7,7,8,8,9,9,10,10,11,11,12,12,13,13,14,14],"right_children":[2,4,6,8,10,12,14,16,18,20,22,24,26,28,30,-1,-1,-1,-1,-1,-1,-1,-1,-1,-1,-1,-1,-1,-1,-1,-1],"split_conditions":[2.4870098E0,1E0,1E0,1.1372019E0,6.0029775E-1,1.3159109E-2,5.806179E-2,5.924611E-1,1E0,1.4165808E0,1E0,1.692287E0,1.2425224E0,1.124163E0,1.692287E0,-4.776289E-3,-7.864133E-4,3.7560728E-3,-5.7725366E-3,1.2574205E-3,1.8591333E-2,1.2640384E-2,4.4845503E-2,4.2024464E-3,-5.8776783E-3,3.215839E-2,5.9364054E-2,3.0869082E-1,2.8360108E-2,6.5996006E-2,-4.965721E-3],"split_indices":[52,63,68,42,48,4,12,5,64,34,68,9,12,3,9,0,0,0,0,0,0,0,0,0,0,0,0,0,0,0,0],"split_type":[0,0,0,0,0,0,0,0,0,0,0,0,0,0,0,0,0,0,0,0,0,0,0,0,0,0,0,0,0,0,0],"sum_hessian":[1.0826E4,1.0314E4,5.12E2,7.9E3,2.414E3,4.39E2,7.3E1,6.763E3,1.137E3,1.919E3,4.95E2,3.3E2,1.09E2,3.3E1,4E1,6.394E3,3.69E2,8.59E2,2.78E2,1.829E3,9E1,4.39E2,5.6E1,2.49E2,8.1E1,4.9E1,6E1,2.7E1,6E0,3.3E1,7E0],"tree_param":{"num_deleted":"0","num_feature":"77","num_nodes":"31","size_leaf_vector":"1"}},{"base_weights":[2.6415963E-2,-8.023794E-1,1.6769966E1,-1.8411512E0,2.5912428E0,1.1216194E2,8.919006E0,-2.2777648E0,7.429246E-1,1.039561E0,8.414081E0,1.4973827E2,1.5137003E1,4.386341E0,2.5917963E1,-4.7195936E-3,2.612232E-4,3.869085E-3,-5.794966E-3,1.146277E-3,2.0422777E-2,1.2914725E-2,4.3541867E-2,3.10207E-1,4.87673E-3,1.1780853E-2,6.431509E-2,8.7466285E-2,2.6943341E-3,3.8626034E-2,6.534193E-2],"categories":[],"categories_nodes":[],"categories_segments":[],"categories_sizes":[],"default_left":[0,0,0,0,0,0,0,0,0,0,0,0,0,0,0,0,0,0,0,0,0,0,0,0,0,0,0,0,0,0,0],"id":1,"left_children":[1,3,5,7,9,11,13,15,17,19,21,23,25,27,29,-1,-1,-1,-1,-1,-1,-1,-1,-1,-1,-1,-1,-1,-1,-1,-1],"loss_changes":[1.5123088E5,3.6610438E4,3.839438E5,8.97235E3,2.1982908E4,1.3992125E5,3.6562395E4,1.3441406E3,4.994278E3,8.22064E3,1.3240844E4,2.1750125E4,1.6991599E3,4.502342E4,3.8293438E3,0E0,0E0,0E0,0E0,0E0,0E0,0E0,0E0,0E0,0E0,0E0,0E0,0E0,0E0,0E0,0E0],"parents":[2147483647,0,0,1,1,2,2,3,3,4,4,5,5,6,6,7,7,8,8,9,9,10,10,11,11,12,12,13,13,14,14],"right_children":[2,4,6,8,10,12,14,16,18,20,22,24,26,28,30,-1,-1,-1,-1,-1,-1,-1,-1,-1,-1,-1,-1,-1,-1,-1,-1],"split_conditions":[2.4870098E0,1E0,5.806179E-2,1.1372019E0,6.0029775E-1,1.124163E0,1.3159109E-2,1.1710228E0,1E0,1.4165808E0,1E0,1E0,5.032022E-2,7.3544934E-2,1.3025196E0,-4.7195936E-3,2.612232E-4,3.869085E-3,-5.794966E-3,1.146277E-3,2.0422777E-2,1.2914725E-2,4.3541867E-2,3.10207E-1,4.87673E-3,1.1780853E-2,6.431509E-2,8.7466285E-2,2.6943341E-3,3.8626034E-2,6.534193E-2],"split_indices":[52,63,12,42,48,3,4,5,64,34,68,67,12,12,12,0,0,0,0,0,0,0,0,0,0,0,0,0,0,0,0],"split_type":[0,0,0,0,0,0,0,0,0,0,0,0,0,0,0,0,0,0,0,0,0,0,0,0,0,0,0,0,0,0,0],"sum_hessian":[1.0896E4,1.0383E4,5.13E2,7.95E3,2.433E3,3.8E1,4.75E2,6.801E3,1.149E3,1.922E3,5.11E2,2.7E1,1.1E1,3.76E2,9.9E1,6.577E3,2.24E2,8.66E2,2.83E2,1.83E3,9.2E1,4.47E2,6.4E1,2.6E1,1E0,8E0,3E0,2.6E1,3.5E2,5.2E1,4.7E1],"tree_param":{"num_deleted":"0","num_feature":"77","num_nodes":"31","size_leaf_vector":"1"}},{"base_weights":[1.0327117E-2,-8.169496E-1,1.6710955E1,-1.8729063E0,2.6230745E0,1.1769087E2,8.82657E0,-2.28642E0,5.7439065E-1,1.0681075E0,8.693141E0,1.5451093E2,1.661521E1,4.4128666E0,2.5377964E1,-4.7730124E-3,-4.8550902E-4,3.3819207E-3,-5.786874E-3,1.144899E-3,2.131395E-2,1.34761175E-2,4.719638E-2,3.375747E-1,1.7921725E-1,1.3534277E-2,6.431509E-2,8.069866E-2,2.153017E-3,3.4514494E-2,6.2900715E-2],"categories":[],"categories_nodes":[],"categories_segments":[],"categories_sizes":[],"default_left":[0,0,0,0,0,0,0,0,0,0,0,0,0,0,0,0,0,0,0,0,0,0,0,0,0,0,0,0,0,0,0],"id":2,"left_children":[1,3,5,7,9,11,13,15,17,19,21,23,25,27,29,-1,-1,-1,-1,-1,-1,-1,-1,-1,-1,-1,-1,-1,-1,-1,-1],"loss_changes":[1.4987625E5,3.7550598E4,4.0659747E5,8.0051523E3,2.290801E4,1.3513234E5,3.4661207E4,1.3833516E3,4.434543E3,9.185811E3,1.4265586E4,9.8926875E3,1.4660681E3,4.51577E4,4.3884727E3,0E0,0E0,0E0,0E0,0E0,0E0,0E0,0E0,0E0,0E0,0E0,0E0,0E0,0E0,0E0,0E0],"parents":[2147483647,0,0,1,1,2,2,3,3,4,4,5,5,6,6,7,7,8,8,9,9,10,10,11,11,12,12,13,13,14,14],"right_children":[2,4,6,8,10,12,14,16,18,20,22,24,26,28,30,-1,-1,-1,-1,-1,-1,-1,-1,-1,-1,-1,-1,-1,-1,-1,-1],"split_conditions":[2.4870098E0,1E0,5.806179E-2,1.1372019E0,6.0029775E-1,1.124163E0,1.3159109E-2,1.1942434E0,1E0,1.4165808E0,1E0,9.247148E-1,5.032022E-2,7.935111E-2,1.2425224E0,-4.7730124E-3,-4.8550902E-4,3.3819207E-3,-5.786874E-3,1.144899E-3,2.131395E-2,1.34761175E-2,4.719638E-2,3.375747E-1,1.7921725E-1,1.3534277E-2,6.431509E-2,8.069866E-2,2.153017E-3,3.4514494E-2,6.2900715E-2],"split_indices":[52,63,12,42,48,3,4,6,64,34,68,3,12,12,12,0,0,0,0,0,0,0,0,0,0,0,0,0,0,0,0],"split_type":[0,0,0,0,0,0,0,0,0,0,0,0,0,0,0,0,0,0,0,0,0,0,0,0,0,0,0,0,0,0,0],"sum_hessian":[1.0846E4,1.0335E4,5.11E2,7.908E3,2.427E3,3.6E1,4.75E2,6.765E3,1.143E3,1.933E3,4.94E2,2.6E1,1E1,3.76E2,9.9E1,6.449E3,3.16E2,8.65E2,2.78E2,1.839E3,9.4E1,4.38E2,5.6E1,2E1,6E0,7E0,3E0,3.1E1,3.45E2,4.4E1,5.5E1],"tree_param":{"num_deleted":"0","num_feature":"77","num_nodes":"31","size_leaf_vector":"1"}},{"base_weights":[-1.7562633E-2,-8.29613E-1,1.6353533E1,-1.8793916E0,2.674261E0,1.16301025E2,8.323306E0,-2.2869573E0,5.7233787E-1,8.004499E0,1.1056018E0,1.496396E2,7.989057E0,3.8149014E0,2.3981667E1,-4.7932807E-3,-7.0908264E-4,3.349096E-3,-5.778486E-3,1.2066474E-2,4.6273563E-2,-1.3732829E-4,1.0886742E-2,3.096194E-1,4.87673E-3,2.4931535E-2,-3.6849042E-3,7.833369E-2,1.8358121E-3,2.9759947E-2,5.7293262E-2],"categories":[],"categories_nodes":[],"categories_segments":[],"categories_sizes":[],"default_left":[0,0,0,0,0,0,0,0,0,0,0,0,0,0,0,0,0,0,0,0,0,0,0,0,0,0,0,0,0,0,0],"id":3,"left_children":[1,3,5,7,9,11,13,15,17,19,21,23,25,27,29,-1,-1,-1,-1,-1,-1,-1,-1,-1,-1,-1,-1,-1,-1,-1,-1],"loss_changes":[1.4402914E5,3.797236E4,4.0996372E5,7.9382773E3,1.9891111E4,1.3602125E5,3.3440773E4,1.4427695E3,4.327675E3,1.5998281E4,9.372772E3,2.1692812E4,4.6309583E2,3.7857387E4,4.0744023E3,0E0,0E0,0E0,0E0,0E0,0E0,0E0,0E0,0E0,0E0,0E0,0E0,0E0,0E0,0E0,0E0],"parents":[2147483647,0,0,1,1,2,2,3,3,4,4,5,5,6,6,7,7,8,8,9,9,10,10,11,11,12,12,13,13,14,14],"right_children":[2,4,6,8,10,12,14,16,18,20,22,24,26,28,30,-1,-1,-1,-1,-1,-1,-1,-1,-1,-1,-1,-1,-1,-1,-1,-1],"split_conditions":[2.4870098E0,1E0,5.806179E-2,1.1372019E0,-8.392711E-1,1.124163E0,1.3159109E-2,5.924611E-1,1E0,1E0,8.367887E0,1E0,1E0,7.935111E-2,1.1922021E0,-4.7932807E-3,-7.0908264E-4,3.349096E-3,-5.778486E-3,1.2066474E-2,4.6273563E-2,-1.3732829E-4,1.0886742E-2,3.096194E-1,4.87673E-3,2.4931535E-2,-3.6849042E-3,7.833369E-2,1.8358121E-3,2.9759947E-2,5.7293262E-2],"split_indices":[52,63,12,42,62,3,4,5,64,68,13,67,67,12,12,0,0,0,0,0,0,0,0,0,0,0,0,0,0,0,0],"split_type":[0,0,0,0,0,0,0,0,0,0,0,0,0,0,0,0,0,0,0,0,0,0,0,0,0,0,0,0,0,0,0],