{"learner":{"attributes":{"scikit_learn":"{\"_estimator_type\": \"regressor\"}"},"feature_names":[],"feature_types":[],"gradient_booster":{"model":{"gbtree_model_param":{"num_parallel_tree":"10","num_trees":"10"},"iteration_indptr":[0,10],"tree_info":[0,0,0,0,0,0,0,0,0,0],"trees":[{"base_weights":[-2.2308476E-1,-1.1352582E1,2.3882793E1,8.385251E-2,-1.2121208E-2,5.7967313E-2,-1.842028E-3],"categories":[],"categories_nodes":[],"categories_segments":[],"categories_sizes":[],"default_left":[0,0,0,0,0,0,0],"id":0,"left_children":[1,3,5,-1,-1,-1,-1],"loss_changes":[1.1941425E7,2.2293365E6,1.2327294E7,0E0,0E0,0E0,0E0],"parents":[2147483647,0,0,1,1,2,2],"right_children":[2,4,6,-1,-1,-1,-1],"split_conditions":[1.0064044E0,-1.617973E0,9.9724144E-1,8.385251E-2,-1.2121208E-2,5.7967313E-2,-1.842028E-3],"split_indices":[12,14,3,0,0,0,0],"split_type":[0,0,0,0,0,0,0],"sum_hessian":[4.4508E4,3.045E4,1.4058E4,2.43E2,3.0207E4,6.046E3,8.012E3],"tree_param":{"num_deleted":"0","num_feature":"77","num_nodes":"7","size_leaf_vector":"1"}},{"base_weights":[2.0650348E-1,-4.938982E0,6.702613E1,-5.4308684E-3,6.60917E-1,6.2233318E-2,8.3387953E-1],"categories":[],"categories_nodes":[],"categories_segments":[],"categories_sizes":[],"default_left":[0,0,0,0,0,0,0],"id":1,"left_children":[1,3,5,-1,-1,-1,-1],"loss_changes":[1.5546472E7,1.3754417E7,1.1830619E7,0E0,0E0,0E0,0E0],"parents":[2147483647,0,0,1,1,2,2],"right_children":[2,4,6,-1,-1,-1,-1],"split_conditions":[2.9166129E0,3.7040234E0,1.7708846E0,-5.4308684E-3,6.60917E-1,6.2233318E-2,8.3387953E-1],"split_indices":[17,26,12,0,0,0,0],"split_type":[0,0,0,0,0,0,0],"sum_hessian":[4.5215E4,4.1983E4,3.232E3,4.1953E4,3E1,3.213E3,1.9E1],"tree_param":{"num_deleted":"0","num_feature":"77","num_nodes":"7","size_leaf_vector":"1"}},{"base_weights":[-2.7837577E0,-3.4346583E0,8.072852E2,-7.5183297E-3,5.0341226E-2,6.547511E0,2.770509E-1],"categories":[],"categories_nodes":[],"categories_segments":[],"categories_sizes":[],"default_left":[0,0,0,0,0,0,0],"id":2,"left_children":[1,3,5,-1,-1,-1,-1],"loss_changes":[2.3642594E7,9.838376E6,1.0775794E8,0E0,0E0,0E0,0E0],"parents":[2147483647,0,0,1,1,2,2],"right_children":[2,4,6,-1,-1,-1,-1],"split_conditions":[2.6604111E0,2.9166129E0,1.6318497E-1,-7.5183297E-3,5.0341226E-2,6.547511E0,2.770509E-1],"split_indices":[15,17,3,0,0,0,0],"split_type":[0,0,0,0,0,0,0],"sum_hessian":[4.4833E4,4.4798E4,3.5E1,4.1637E4,3.161E3,2E0,3.3E1],"tree_param":{"num_deleted":"0","num_feature":"77","num_nodes":"7","size_leaf_vector":"1"}},{"base_weights":[-1.1021241E0,-1.7578497E0,8.560215E2,-5.9577418E-3,5.2535955E-2,4.9053254E0,3.05917E-1],"categories":[],"categories_nodes":[],"categories_segments":[],"categories_sizes":[],"default_left":[0,0,0,0,0,0,0],"id":3,"left_children":[1,3,5,-1,-1,-1,-1],"loss_changes":[2.4997578E7,1.0134113E7,7.423576E7,0E0,0E0,0E0,0E0],"parents":[2147483647,0,0,1,1,2,2],"right_children":[2,4,6,-1,-1,-1,-1],"split_conditions":[3.7040234E0,2.9166129E0,1.6318497E-1,-5.9577418E-3,5.2535955E-2,4.9053254E0,3.05917E-1],"split_indices":[26,17,3,0,0,0,0],"split_type":[0,0,0,0,0,0,0],"sum_hessian":[4.4473E4,4.444E4,3.3E1,4.125E4,3.19E3,3E0,3E1],"tree_param":{"num_deleted":"0","num_feature":"77","num_nodes":"7","size_leaf_vector":"1"}},{"base_weights":[-8.031418E-1,-1.4612541E0,9.7298865E2,-1.1895966E-2,2.1487698E-2,6.547511E0,3.409687E-1],"categories":[],"categories_nodes":[],"categories_segments":[],"categories_sizes":[],"default_left":[0,0,0,0,0,0,0],"id":4,"left_children":[1,3,5,-1,-1,-1,-1],"loss_changes":[2.8467338E7,1.06299E7,1.0346379E8,0E0,0E0,0E0,0E0],"parents":[2147483647,0,0,1,1,2,2],"right_children":[2,4,6,-1,-1,-1,-1],"split_conditions":[3.7040234E0,1.0064044E0,1.6318497E-1,-1.1895966E-2,2.1487698E-2,6.547511E0,3.409687E-1],"split_indices":[26,12,3,0,0,0,0],"split_type":[0,0,0,0,0,0,0],"sum_hessian":[4.4417E4,4.4388E4,2.9E1,3.0514E4,1.3874E4,2E0,2.7E1],"tree_param":{"num_deleted":"0","num_feature":"77","num_nodes":"7","size_leaf_vector":"1"}},{"base_weights":[-6.15556E-2,-7.085859E-1,7.848928E2,-5.843139E-3,6.395714E-2,4.9053254E0,2.770509E-1],"categories":[],"categories_nodes":[],"categories_segments":[],"categories_sizes":[],"default_left":[0,0,0,0,0,0,0],"id":5,"left_children":[1,3,5,-1,-1,-1,-1],"loss_changes":[2.2816468E7,1.4904188E7,7.606453E7,0E0,0E0,0E0,0E0],"parents":[2147483647,0,0,1,1,2,2],"right_children":[2,4,6,-1,-1,-1,-1],"split_conditions":[3.7040234E0,2.9166129E0,1.6318497E-1,-5.843139E-3,6.395714E-2,4.9053254E0,2.770509E-1],"split_indices":[26,17,3,0,0,0,0],"split_type":[0,0,0,0,0,0,0],"sum_hessian":[4.4922E4,4.4886E4,3.6E1,4.1585E4,3.301E3,3E0,3.3E1],"tree_param":{"num_deleted":"0","num_feature":"77","num_nodes":"7","size_leaf_vector":"1"}},{"base_weights":[1.14101104E-1,-5.361176E-1,8.072852E2,-5.878144E-3,6.496489E-2,4.9053254E0,2.860898E-1],"categories":[],"categories_nodes":[],"categories_segments":[],"categories_sizes":[],"default_left":[0,0,0,0,0,0,0],"id":6,"left_children":[1,3,5,-1,-1,-1,-1],"loss_changes":[2.34738E7,1.5637777E7,7.548831E7,0E0,0E0,0E0,0E0],"parents":[2147483647,0,0,1,1,2,2],"right_children":[2,4,6,-1,-1,-1,-1],"split_conditions":[2.6604111E0,2.9166129E0,1.6318497E-1,-5.878144E-3,6.496489E-2,4.9053254E0,2.860898E-1],"split_indices":[15,17,3,0,0,0,0],"split_type":[0,0,0,0,0,0,0],"sum_hessian":[4.4724E4,4.4689E4,3.5E1,4.132E4,3.369E3,3E0,3.2E1],"tree_param":{"num_deleted":"0","num_feature":"77","num_nodes":"7","size_leaf_vector":"1"}},{"base_weights":[1.3842967E0,7.2638506E-1,8.826049E2,-4.5968057E-3,6.634247E-2,4.9053254E0,3.1682196E-1],"categories":[],"categories_nodes":[],"categories_segments":[],"categories_sizes":[],"default_left":[0,0,0,0,0,0,0],"id":7,"left_children":[1,3,5,-1,-1,-1,-1],"loss_changes":[2.5645278E7,1.5439839E7,7.355346E7,0E0,0E0,0E0,0E0],"parents":[2147483647,0,0,1,1,2,2],"right_children":[2,4,6,-1,-1,-1,-1],"split_conditions":[3.7040234E0,2.9166129E0,1.6318497E-1,-4.5968057E-3,6.634247E-2,4.9053254E0,3.1682196E-1],"split_indices":[26,17,3,0,0,0,0],"split_type":[0,0,0,0,0,0,0],"sum_hessian":[4.4234E4,4.4202E4,3.2E1,4.0886E4,3.316E3,3E0,2.9E1],"tree_param":{"num_deleted":"0","num_feature":"77","num_nodes":"7","size_leaf_vector":"1"}},{"base_weights":[4.151957E-1,-2.2563857E-1,8.072852E2,-5.4725334E-3,6.3686155E-2,4.9053254E0,2.860898E-1],"categories":[],"categories_nodes":[],"categories_segments":[],"categories_sizes":[],"default_left":[0,0,0,0,0,0,0],"id":8,"left_children":[1,3,5,-1,-1,-1,-1],"loss_changes":[2.3456026E7,1.5200571E7,7.548831E7,0E0,0E0,0E0,0E0],"parents":[2147483647,0,0,1,1,2,2],"right_children":[2,4,6,-1,-1,-1,-1],"split_conditions":[3.7040234E0,2.9166129E0,1.6318497E-1,-5.4725334E-3,6.3686155E-2,4.9053254E0,2.860898E-1],"split_indices":[26,17,3,0,0,0,0],"split_type":[0,0,0,0,0,0,0],"sum_hessian":[4.5362E4,4.5327E4,3.5E1,4.1889E4,3.438E3,3E0,3.2E1],"tree_param":{"num_deleted":"0","num_feature":"77","num_nodes":"7","size_leaf_vector":"1"}},{"base_weights":[-9.236295E-2,-7.4961144E-1,8.072852E2,-1.1503211E-2,2.2468355E-2,4.9053254E0,2.860898E-1],"categories":[],"categories_nodes":[],"categories_segments":[],"categories_sizes":[],"default_left":[0,0,0,0,0,0,0],"id":9,"left_children":[1,3,5,-1,-1,-1,-1],"loss_changes":[2.348601E7,1.1041712E7,7.548831E7,0E0,0E0,0E0,0E0],"parents":[2147483647,0,0,1,1,2,2],"right_children":[2,4,6,-1,-1,-1,-1],"split_conditions":[3.7040234E0,1.0064044E0,1.6318497E-1,-1.1503211E-2,2.2468355E-2,4.9053254E0,2.860898E-1],"split_indices":[26,12,3,0,0,0,0],"split_type":[0,0,0,0,0,0,0],"sum_hessian":[4.4257E4,4.4222E4,3.5E1,3.0224E4,1.3998E4,3E0,3.2E1],"tree_param":{"num_deleted":"0","num_feature":"77","num_nodes":"7","size_leaf_vector":"1"}}]},"name":"gbtree"},"learner_model_param":{"base_score":"2.1232038E1","boost_from_average":"1","num_class":"0","num_feature":"77","num_target":"1"},"objective":{"name":"reg:squarederror","reg_loss_param":{"scale_pos_weight":"1"}}},"version":[2,1,4]}