{"learner":{"attributes":{"scikit_learn":"{\"_estimator_type\": \"regressor\"}"},"feature_names":[],"feature_types":[],"gradient_booster":{"model":{"gbtree_model_param":{"num_parallel_tree":"5","num_trees":"5"},"iteration_indptr":[0,5],"tree_info":[0,0,0,0,0],"trees":[{"base_weights":[4.431298E-1,-2.057542E0,1.27538E2,6.415178E1,-6.0527925E0,1.13871315E2,4.0555742E3,6.1229507E1,6.0348083E2,-6.2108946E0,7.94896E2,8.510812E2,5.9890327E1,1.6260925E1,-2.575257E-2,2.0329155E-1,6.548853E-2,4.4454966E0,-3.5869654E-2,-2.4290906E-2,8.0345925E-3,-3.4336764E-2,5.932247E0,1.2659378E0,7.905096E0,8.7286085E-1,4.7174368E-2],"categories":[],"categories_nodes":[],"categories_segments":[],"categories_sizes":[],"default_left":[0,0,0,0,0,0,0,0,0,0,0,0,0,0,0,0,0,0,0,0,0,0,0,0,0,0,0],"id":0,"left_children":[1,3,5,7,9,11,13,15,17,19,21,23,25,-1,-1,-1,-1,-1,-1,-1,-1,-1,-1,-1,-1,-1,-1],"loss_changes":[1.913922E7,1.5622577E7,6.191808E7,5.260206E6,7.0580635E6,4.60718E7,6.6418624E7,3.846509E6,1.8152152E7,3.3803002E6,1.9445866E7,5.0939136E7,1.4766532E7,0E0,0E0,0E0,0E0,0E0,0E0,0E0,0E0,0E0,0E0,0E0,0E0,0E0,0E0],"parents":[2147483647,0,0,1,1,2,2,3,3,4,4,5,5,6,6,7,7,8,8,9,9,10,10,11,11,12,12],"right_children":[2,4,6,8,10,12,14,16,18,20,22,24,26,-1,-1,-1,-1,-1,-1,-1,-1,-1,-1,-1,-1,-1,-1],"split_conditions":[2.8274415E0,-2.536554E0,2.1298292E0,2.5350044E0,2.871137E0,2.8806868E-1,4.5325756E-1,1.069723E1,1.9341868E-1,3.5723594E-1,2.7195454E0,4.140092E0,-7.7693576E-1,1.6260925E1,-2.575257E-2,2.0329155E-1,6.548853E-2,4.4454966E0,-3.5869654E-2,-2.4290906E-2,8.0345925E-3,-3.4336764E-2,5.932247E0,1.2659378E0,7.905096E0,8.7286085E-1,4.7174368E-2],"split_indices":[12,17,50,3,58,3,1,6,4,12,1,10,59,0,0,0,0,0,0,0,0,0,0,0,0,0,0],"split_type":[0,0,0,0,0,0,0,0,0,0,0,0,0,0,0,0,0,0,0,0,0,0,0,0,0,0,0],"sum_hessian":[6.0218E4,5.9057E4,1.161E3,3.36E3,5.5697E4,1.158E3,3E0,3.343E3,1.7E1,5.5687E4,1E1,7.8E1,1.08E3,1E0,2E0,1.381E3,1.962E3,4E0,1.3E1,3.524E4,2.0447E4,8E0,2E0,7.4E1,4E0,9.4E1,9.86E2],"tree_param":{"num_deleted":"0","num_feature":"74","num_nodes":"27","size_leaf_vector":"1"}},{"base_weights":[4.268786E-1,-2.1555548E0,1.2828183E2,-5.918199E0,6.354171E1,1.1477039E2,1.6260925E1,-6.075063E0,6.696328E2,6.0270737E1,6.0886E2,4.862444E2,2.2751492E1,8.868176E-2,-1.3670122E-2,-3.5117142E-2,5.932247E0,5.0204314E-2,1.7768684E-1,-3.6356572E-2,7.918247E0,7.8528047E-1,9.501896E0,2.3583697E-2,9.7699696E-1],"categories":[],"categories_nodes":[],"categories_segments":[],"categories_sizes":[],"default_left":[0,0,0,0,0,0,0,0,0,0,0,0,0,0,0,0,0,0,0,0,0,0,0,0,0],"id":1,"left_children":[1,3,5,7,9,11,-1,13,15,17,19,21,23,-1,-1,-1,-1,-1,-1,-1,-1,-1,-1,-1,-1],"loss_changes":[1.9929092E7,1.4625447E7,1.2827132E8,5.9341415E6,5.68013E6,4.0802996E7,0E0,2.144008E6,2.0567756E7,3.200261E6,3.99861E7,9.274355E7,4.8842745E6,0E0,0E0,0E0,0E0,0E0,0E0,0E0,0E0,0E0,0E0,0E0,0E0],"parents":[2147483647,0,0,1,1,2,2,3,3,4,4,5,5,7,7,8,8,9,9,10,10,11,11,12,12],"right_children":[2,4,6,8,10,12,-1,14,16,18,20,22,24,-1,-1,-1,-1,-1,-1,-1,-1,-1,-1,-1,-1],"split_conditions":[2.8274415E0,2.8644054E0,2.1298292E0,2.7668908E0,2.7195454E0,1.0562518E0,1.6260925E1,3.8409155E-2,2.7195454E0,1.0624352E1,1E0,1.0370473E0,2.0136273E0,8.868176E-2,-1.3670122E-2,-3.5117142E-2,5.932247E0,5.0204314E-2,1.7768684E-1,-3.6356572E-2,7.918247E0,7.8528047E-1,9.501896E0,2.3583697E-2,9.7699696E-1],"split_indices":[12,52,50,58,1,3,0,3,1,5,71,3,24,0,0,0,0,0,0,0,0,0,0,0,0],"split_type":[0,0,0,0,0,0,0,0,0,0,0,0,0,0,0,0,0,0,0,0,0,0,0,0,0],"sum_hessian":[6.0357E4,5.9163E4,1.194E3,5.5959E4,3.204E3,1.193E3,1E0,5.5947E4,1.2E1,3.186E3,1.8E1,2.36E2,9.57E2,8.3E2,5.5117E4,1E1,2E0,1.429E3,1.757E3,1.6E1,2E0,2.32E2,4E0,9.36E2,2.1E1],"tree_param":{"num_deleted":"0","num_feature":"74","num_nodes":"25","size_leaf_vector":"1"}},{"base_weights":[-9.849894E-2,4.551301E2,-7.6767963E-1,3.9215483E3,2.4082622E2,6.071818E1,-4.4567075E0,1.309758E1,-2.575257E-2,5.8602394E1,4.890588E2,5.62055E1,6.140305E2,-6.327108E0,9.08265E1,-5.995933E-3,1.0011425E0,1.5789223E0,-3.5869654E-2,9.3306646E-2,2.6422188E-1,4.4454966E0,4.7522452E-1,-1.2974993E-2,1.3392656E0,1.5189588E-1,8.111148E0],"categories":[],"categories_nodes":[],"categories_segments":[],"categories_sizes":[],"default_left":[0,0,0,0,0,0,0,0,0,0,0,0,0,0,0,0,0,0,0,0,0,0,0,0,0,0,0],"id":2,"left_children":[1,3,5,7,9,11,13,-1,-1,15,17,19,21,23,25,-1,-1,-1,-1,-1,-1,-1,-1,-1,-1,-1,-1],"loss_changes":[1.805578E7,6.3685012E7,1.3424567E7,5.176775E7,3.725753E6,8.330178E6,9.951364E6,0E0,0E0,1.3355476E6,5.3447325E6,2.403943E6,1.5821717E7,5.9413525E6,6.3105956E7,0E0,0E0,0E0,0E0,0E0,0E0,0E0,0E0,0E0,0E0,0E0,0E0],"parents":[2147483647,0,0,1,1,2,2,3,3,4,4,5,5,6,6,9,9,10,10,11,11,12,12,13,13,14,14],"right_children":[2,4,6,8,10,12,14,-1,-1,16,18,20,22,24,26,-1,-1,-1,-1,-1,-1,-1,-1,-1,-1,-1,-1],"split_conditions":[-3.569373E0,1.728412E-1,-2.536554E0,1E0,4.5466394E0,1.873459E0,2.8274415E0,1.309758E1,-2.575257E-2,1E0,1.9012532E0,1.629889E0,1.9363812E0,2.7668908E0,2.1298292E0,-5.995933E-3,1.0011425E0,1.5789223E0,-3.5869654E-2,9.3306646E-2,2.6422188E-1,4.4454966E0,4.7522452E-1,-1.2974993E-2,1.3392656E0,1.5189588E-1,8.111148E0],"split_indices":[28,3,17,68,12,12,12,0,0,70,3,12,12,58,50,0,0,0,0,0,0,0,0,0,0,0,0],"split_type":[0,0,0,0,0,0,0,0,0,0,0,0,0,0,0,0,0,0,0,0,0,0,0,0,0,0,0],"sum_hessian":[5.9269E4,8.6E1,5.9183E4,4E0,8.2E1,3.349E3,5.5834E4,2E0,2E0,4.8E1,3.4E1,3.323E3,2.6E1,5.476E4,1.074E3,4.3E1,5E0,2.1E1,1.3E1,2.953E3,3.7E2,4E0,2.2E1,5.4748E4,1.2E1,1.071E3,3E0],"tree_param":{"num_deleted":"0","num_feature":"74","num_nodes":"27","size_leaf_vector":"1"}},{"base_weights":[3.7387553E-1,5.1378845E2,-4.3636802E-1,3.5480999E3,2.2886572E2,-9.224582E0,2.8505733E1,1.309758E1,1.4564047E3,1.07739876E2,8.0308716E2,-6.308077E0,-1.7574816E1,6.924094E1,-1.4657748E0,-2.575257E-2,4.388528E0,6.748299E-1,-3.782409E-2,-3.2190714E-2,2.4285758E0,1.19006895E-1,-1.5054264E-2,1.9953959E-2,-3.757363E-2,1.053741E-1,9.7802603E-1,-5.1591024E-3,5.932247E0],"categories":[],"categories_nodes":[],"categories_segments":[],"categories_sizes":[],"default_left":[0,0,0,0,0,0,0,0,0,0,0,0,0,0,0,0,0,0,0,0,0,0,0,0,0,0,0,0,0],"id":3,"left_children":[1,3,5,7,9,11,13,-1,15,17,19,21,23,25,27,-1,-1,-1,-1,-1,-1,-1,-1,-1,-1,-1,-1,-1,-1],"loss_changes":[2.481699E7,8.045514E7,1.515033E7,4.067455E7,5.9645915E6,1.1126245E6,1.6938808E7,0E0,6.532991E6,2.129863E6,5.072271E6,2.7173658E6,3.951245E5,4.0840476E7,2.6429674E7,0E0,0E0,0E0,0E0,0E0,0E0,0E0,0E0,0E0,0E0,0E0,0E0,0E0,0E0],"parents":[2147483647,0,0,1,1,2,2,3,3,4,4,5,5,6,6,8,8,9,9,10,10,11,11,12,12,13,13,14,14],"right_children":[2,4,6,8,10,12,14,-1,16,18,20,22,24,26,28,-1,-1,-1,-1,-1,-1,-1,-1,-1,-1,-1,-1,-1,-1],"split_conditions":[-3.569373E0,2.8806868E-1,1.0574996E0,1E0,1E0,1E0,1.0562518E0,1.309758E1,1.5363662E-1,1.1714792E0,3.9328053E-4,9.602289E-2,-8.113275E0,2.8274415E0,1.8581665E0,-2.575257E-2,4.388528E0,6.748299E-1,-3.782409E-2,-3.2190714E-2,2.4285758E0,1.19006895E-1,-1.5054264E-2,1.9953959E-2,-3.757363E-2,1.053741E-1,9.7802603E-1,-5.1591024E-3,5.932247E0],"split_indices":[28,3,12,68,68,66,3,0,3,3,6,3,13,12,16,0,0,0,0,0,0,0,0,0,0,0,0,0,0],"split_type":[0,0,0,0,0,0,0,0,0,0,0,0,0,0,0,0,0,0,0,0,0,0,0,0,0,0,0,0,0],"sum_hessian":[5.9656E4,9.3E1,5.9563E4,7E0,8.6E1,4.569E4,1.3873E4,2E0,5E0,7.2E1,1.4E1,3.3864E4,1.1826E4,5.88E3,7.993E3,2E0,3E0,2.5E1,4.7E1,5E0,9E0,6.15E2,3.3249E4,4.98E2,1.1328E4,5.658E3,2.22E2,7.991E3,2E0],"tree_param":{"num_deleted":"0","num_feature":"74","num_nodes":"29","size_leaf_vector":"1"}},{"base_weights":[-7.7515537E-1,-1.5264904E0,4.703905E2,-4.096682E0,9.077284E1,3.9215483E3,2.7771463E2,-5.6355677E0,7.980491E1,1.26028206E2,2.868441E1,1.309758E1,-2.575257E-2,6.5274124E1,1.0392368E3,-1.157625E-2,1.3392656E0,1.2922409E-1,8.111148E0,2.2736982E-1,8.3324325E-1,3.1893216E-2,7.4854386E-1,4.3636835E-1,-3.782409E-2,-3.4336764E-2,3.4898748E0],"categories":[],"categories_nodes":[],"categories_segments":[],"categories_sizes":[],"default_left":[0,0,0,0,0,0,0,0,0,0,0,0,0,0,0,0,0,0,0,0,0,0,0,0,0,0,0],"id":4,