feature,level,weight
Match type,Exact match,-2.2222920976041385
Match type,Phrase match,6.052178439753408
Region,B,-3.4465249487103686
Region,C,-14.936404317891816
Region,USA,-16.87164724349055
day_of_week,Monday,-0.9386193695762207
day_of_week,Saturday,0.2619142697293238
day_of_week,Sunday,-0.1763730748787325
day_of_week,Thursday,6.899076429831785
day_of_week,Tuesday,1.4104433579012317
day_of_week,Wednesday,5.361049195597599
