feature,level,weight
Match type,Exact match,-4.552799510790504
Match type,Phrase match,-3.861220849782702
Region,B,1.472883733501635
Region,C,7.9068696895286035
Region,USA,3.414614281718846
day_of_week,Monday,0.7770070189494382
day_of_week,Saturday,-0.24188605908271502
day_of_week,Sunday,0.28476796714444214
day_of_week,Thursday,0.3478929110606622
day_of_week,Tuesday,0.6956197275148613
day_of_week,Wednesday,0.13379194784771237
