{"learner":{"attributes":{"scikit_learn":"{\"_estimator_type\": \"regressor\"}"},"feature_names":[],"feature_types":[],"gradient_booster":{"model":{"gbtree_model_param":{"num_parallel_tree":"1","num_trees":"10"},"iteration_indptr":[0,1,2,3,4,5,6,7,8,9,10],"tree_info":[0,0,0,0,0,0,0,0,0,0],"trees":[{"base_weights":[7.7611236E-7,4.7684076E2,-7.241691E-1,9.455162E2,6.3856236E1,1.9071854E1,-1.309465E0],"categories":[],"categories_nodes":[],"categories_segments":[],"categories_sizes":[],"default_left":[0,0,0,0,0,0,0],"id":0,"left_children":[1,3,5,-1,-1,-1,-1],"loss_changes":[2.2999964E7,7.064853E7,1.5568237E7,0E0,0E0,0E0,0E0],"parents":[2147483647,0,0,1,1,2,2],"right_children":[2,4,6,-1,-1,-1,-1],"split_conditions":[-3.569373E0,2.8806868E-1,-2.536554E0,9.455162E2,6.3856236E1,1.9071854E1,-1.309465E0],"split_indices":[28,3,17,0,0,0,0],"split_type":[0,0,0,0,0,0,0],"sum_hessian":[6.6604E4,1E2,6.6504E4,8E0,9.2E1,3.563E3,6.2941E4],"tree_param":{"num_deleted":"0","num_feature":"74","num_nodes":"7","size_leaf_vector":"1"}},{"base_weights":[1.5422347E-2,-2.2863202E0,1.1510255E2,-1.3078582E0,2.0365265E1,3.0874376E1,1.2169669E3],"categories":[],"categories_nodes":[],"categories_segments":[],"categories_sizes":[],"default_left":[0,0,0,0,0,0,0],"id":1,"left_children":[1,3,5,-1,-1,-1,-1],"loss_changes":[1.764399E7,9.500011E6,6.2320536E7,0E0,0E0,0E0,0E0],"parents":[2147483647,0,0,1,1,2,2],"right_children":[2,4,6,-1,-1,-1,-1],"split_conditions":[2.8274415E0,1.0624352E1,2.1298292E0,-1.3078582E0,2.0365265E1,3.0874376E1,1.2169669E3],"split_indices":[12,5,50,0,0,0,0],"split_type":[0,0,0,0,0,0,0],"sum_hessian":[6.6604E4,6.5299E4,1.305E3,6.3426E4,1.873E3,1.302E3,3E0],"tree_param":{"num_deleted":"0","num_feature":"74","num_nodes":"7","size_leaf_vector":"1"}},{"base_weights":[2.981589E-2,3.2054224E2,-4.5694128E-1,9.440617E2,5.146517E1,-2.0098293E0,6.145022E0],"categories":[],"categories_nodes":[],"categories_segments":[],"categories_sizes":[],"default_left":[0,0,0,0,0,0,0],"id":2,"left_children":[1,3,5,-1,-1,-1,-1],"loss_changes":[1.0391308E7,4.199122E7,8.693664E6,0E0,0E0,0E0,0E0],"parents":[2147483647,0,0,1,1,2,2],"right_children":[2,4,6,-1,-1,-1,-1],"split_conditions":[-3.569373E0,1.728412E-1,1.0574996E0,9.440617E2,5.146517E1,-2.0098293E0,6.145022E0],"split_indices":[28,3,12,0,0,0,0],"split_type":[0,0,0,0,0,0,0],"sum_hessian":[6.6604E4,1E2,6.6504E4,4E0,9.6E1,5.1232E4,1.5272E4],"tree_param":{"num_deleted":"0","num_feature":"74","num_nodes":"7","size_leaf_vector":"1"}},{"base_weights":[3.5880305E-2,-1.3766934E0,7.0664536E1,-4.5297948E-1,1.8601773E2,1.3268205E2,-7.307455E0],"categories":[],"categories_nodes":[],"categories_segments":[],"categories_sizes":[],"default_left":[0,0,0,0,0,0,0],"id":3,"left_children":[1,3,5,-1,-1,-1,-1],"loss_changes":[6.645157E6,5.4077105E6,4.612732E7,0E0,0E0,0E0,0E0],"parents":[2147483647,0,0,1,1,2,2],"right_children":[2,4,6,-1,-1,-1,-1],"split_conditions":[2.8274415E0,2.871137E0,1.0562518E0,-4.5297948E-1,1.8601773E2,1.3268205E2,-7.307455E0],"split_indices":[12,58,3,0,0,0,0],"split_type":[0,0,0,0,0,0,0],"sum_hessian":[6.6604E4,6.5299E4,1.305E3,6.5286E4,1.3E1,2.65E2,1.04E3],"tree_param":{"num_deleted":"0","num_feature":"74","num_nodes":"7","size_leaf_vector":"1"}},{"base_weights":[2.9784339E-2,2.3804045E2,-3.1017512E-1,6.802251E2,3.0031137E1,-2.093589E0,2.734064E0],"categories":[],"categories_nodes":[],"categories_segments":[],"categories_sizes":[],"default_left":[0,0,0,0,0,0,0],"id":4,"left_children":[1,3,5,-1,-1,-1,-1],"loss_changes":[5.3893495E6,2.636594E7,4.179725E6,0E0,0E0,0E0,0E0],"parents":[2147483647,0,0,1,1,2,2],"right_children":[2,4,6,-1,-1,-1,-1],"split_conditions":[-2.9744005E0,1.728412E-1,3.5723594E-1,6.802251E2,3.0031137E1,-2.093589E0,2.734064E0],"split_indices":[21,3,12,0,0,0,0],"split_type":[0,0,0,0,0,0,0],"sum_hessian":[6.6604E4,9.4E1,6.651E4,5E0,8.9E1,3.8949E4,2.7561E4],"tree_param":{"num_deleted":"0","num_feature":"74","num_nodes":"7","size_leaf_vector":"1"}},{"base_weights":[3.1522434E-2,7.0283933E0,-7.2842383E0,1.3581126E0,8.484241E1,-2.2585566E0,3.958239E2],"categories":[],"categories_nodes":[],"categories_segments":[],"categories_sizes":[],"default_left":[0,0,0,0,0,0,0],"id":5,"left_children":[1,3,5,-1,-1,-1,-1],"loss_changes":[3.4093902E6,2.3483702E7,1.0562642E7,0E0,0E0,0E0,0E0],"parents":[2147483647,0,0,1,1,2,2],"right_children":[2,4,6,-1,-1,-1,-1],"split_conditions":[1.1906838E0,2.8274415E0,1.8917755E0,1.3581126E0,8.484241E1,-2.2585566E0,3.958239E2],"split_indices":[3,12,16,0,0,0,0],"split_type":[0,0,0,0,0,0,0],"sum_hessian":[6.6604E4,3.4044E4,3.256E4,3.3739E4,3.05E2,3.2555E4,5E0],"tree_param":{"num_deleted":"0","num_feature":"74","num_nodes":"7","size_leaf_vector":"1"}},{"base_weights":[2.9268673E-2,-1.1174101E0,3.963801E1,4.744298E1,-4.128423E-1,2.0813105E1,-3.8772793E0],"categories":[],"categories_nodes":[],"categories_segments":[],"categories_sizes":[],"default_left":[0,0,0,0,0,0,0],"id":6,"left_children":[1,3,5,-1,-1,-1,-1],"loss_changes":[3.0251438E6,2.6675412E6,2.930239E6,0E0,0E0,0E0,0E0],"parents":[2147483647,0,0,1,1,2,2],"right_children":[2,4,6,-1,-1,-1,-1],"split_conditions":[1.0624352E1,-2.5929623E0,1.0562518E0,4.744298E1,-4.128423E-1,2.0813105E1,-3.8772793E0],"split_indices":[5,33,3,0,0,0,0],"split_type":[0,0,0,0,0,0,0],"sum_hessian":[6.6604E4,6.4731E4,1.873E3,1.04E2,6.4627E4,1.196E3,6.77E2],"tree_param":{"num_deleted":"0","num_feature":"74","num_nodes":"7","size_leaf_vector":"1"}},{"base_weights":[2.1448577E-2,5.3617153E1,-6.812698E-1,5.8915356E2,1.0026949E1,5.007221E1,-2.7636454E-1],"categories":[],"categories_nodes":[],"categories_segments":[],"categories_sizes":[],"default_left":[0,0,0,0,0,0,0],"id":7,"left_children":[1,3,5,-1,-1,-1,-1],"loss_changes":[2.5085598E6,3.318612E7,2.643858E6,0E0,0E0,0E0,0E0],"parents":[2147483647,0,0,1,1,2,2],"right_children":[2,4,6,-1,-1,-1,-1],"split_conditions":[3.8409155E-2,-2.1199272E0,-2.9744005E0,5.8915356E2,1.0026949E1,5.007221E1,-2.7636454E-1],"split_indices":[3,16,21,0,0,0,0],"split_type":[0,0,0,0,0,0,0],"sum_hessian":[6.6604E4,8.61E2,6.5743E4,8E0,8.53E2,9.3E1,6.565E4],"tree_param":{"num_deleted":"0","num_feature":"74","num_nodes":"7","size_leaf_vector":"1"}},{"base_weights":[2.4757769E-2,1.0612383E1,-2.687745E0,1.08598976E2,2.2124145E0,-8.657579E-1,4.4818184E1],"categories":[],"categories_nodes":[],"categories_segments":[],"categories_sizes":[],"default_left":[0,0,0,0,0,0,0],"id":8,"left_children":[1,3,5,-1,-1,-1,-1],"loss_changes":[1.912855E6,1.545138E7,1.597961E6,0E0,0E0,0E0,0E0],"parents":[2147483647,0,0,1,1,2,2],"right_children":[2,4,6,-1,-1,-1,-1],"split_conditions":[-1.0426263E0,9.602289E-2,3.928535E0,1.08598976E2,2.2124145E0,-8.657579E-1,4.4818184E1],"split_indices":[16,3,45,0,0,0,0],"split_type":[0,0,0,0,0,0,0],"sum_hessian":[6.6604E4,1.3583E4,5.3021E4,1.23E2,1.346E4,5.2953E4,6.8E1],"tree_param":{"num_deleted":"0","num_feature":"74","num_nodes":"7","size_leaf_vector":"1"}},{"base_weights":[1.9653978E-2,5.6358604E0,-4.346875E0,1.1207083E0,2.1827335E1,-1.0896885E0,-1.6994514E1],"categories":[],"categories_nodes":[],"categories_segments":[],"categories_sizes":[],"default_left":[0,0,0,0,0,0,0],"id":9,"left_children":[1,3,5,-1,-1,-1,-1],"loss_changes":[1.633401E6,3.7155605E6,1.4002589E6,0E0,0E0,0E0,0E0],"parents":[2147483647,0,0,1,1,2,2],"right_children":[2,4,6,-1,-1,-1,-1],"split_conditions":[-1.3879712E-1,2.8274415E0,2.8274415E0,1.1207083E0,2.1827335E1,-1.0896885E0,-1.6994514E1],"split_indices":[17,12,12,0,0,0,0],"split_type":[0,0,0,0,0,0,0],"sum_hessian":[6.6604E4,2.9133E4,3.7471E4,2.8332E4,8.01E2,3.6967E4,5.04E2],"tree_param":{"num_deleted":"0","num_feature":"74","num_nodes":"7","size_leaf_vector":"1"}}]},"name":"gbtree"},"learner_model_param":{"base_score":"1.931443E1","boost_from_average":"1","num_class":"0","num_feature":"74","num_target":"1"},"objective":{"name":"reg:squarederror","reg_loss_param":{"scale_pos_weight":"1"}}},"version":[2,1,4]}