{"learner":{"attributes":{"scikit_learn":"{\"_estimator_type\": \"regressor\"}"},"feature_names":[],"feature_types":[],"gradient_booster":{"model":{"gbtree_model_param":{"num_parallel_tree":"1","num_trees":"10"},"iteration_indptr":[0,1,2,3,4,5,6,7,8,9,10],"tree_info":[0,0,0,0,0,0,0,0,0,0],"trees":[{"base_weights":[1.0990674E0,-1.2813702E0,1.2759608E0,-2.9933276E-2,-5.8403516E-1,4.309281E-1,1.4561015E-1],"categories":[],"categories_nodes":[],"categories_segments":[],"categories_sizes":[],"default_left":[0,0,0,0,0,0,0],"id":0,"left_children":[1,3,5,-1,-1,-1,-1],"loss_changes":[1.1551494E5,1.4919471E4,3.2393812E4,0E0,0E0,0E0,0E0],"parents":[2147483647,0,0,1,1,2,2],"right_children":[2,4,6,-1,-1,-1,-1],"split_conditions":[1.0644662E-1,9.244391E-3,1.4867964E0,-2.9933276E-2,-5.8403516E-1,4.309281E-1,1.4561015E-1],"split_indices":[12,54,3,0,0,0,0],"split_type":[0,0,0,0,0,0,0],"sum_hessian":[2.743228E5,1.8974783E4,2.5534803E5,6.8363843E3,1.2138398E4,2.1226412E5,4.3083902E4],"tree_param":{"num_deleted":"0","num_feature":"77","num_nodes":"7","size_leaf_vector":"1"}},{"base_weights":[8.9298606E-1,-3.2549137E-1,1.172503E0,-5.0246084E-1,7.7755876E-2,1.9586407E-1,4.245108E-1],"categories":[],"categories_nodes":[],"categories_segments":[],"categories_sizes":[],"default_left":[0,0,0,0,0,0,0],"id":1,"left_children":[1,3,5,-1,-1,-1,-1],"loss_changes":[8.260483E4,3.570578E4,2.4861562E4,0E0,0E0,0E0,0E0],"parents":[2147483647,0,0,1,1,2,2],"right_children":[2,4,6,-1,-1,-1,-1],"split_conditions":[2.7095503E-1,-2.6822135E-1,1.3095954E-1,-5.0246084E-1,7.7755876E-2,1.9586407E-1,4.245108E-1],"split_indices":[12,24,15,0,0,0,0],"split_type":[0,0,0,0,0,0,0],"sum_hessian":[2.4253583E5,4.5255727E4,1.972801E5,1.3680536E4,3.157519E4,6.277958E4,1.3450052E5],"tree_param":{"num_deleted":"0","num_feature":"77","num_nodes":"7","size_leaf_vector":"1"}},{"base_weights":[7.016917E-1,1.1339968E-1,1.1456885E0,-5.248956E-1,7.926369E-2,-2.7124662E-2,3.92436E-1],"categories":[],"categories_nodes":[],"categories_segments":[],"categories_sizes":[],"default_left":[0,0,0,0,0,0,0],"id":2,"left_children":[1,3,5,-1,-1,-1,-1],"loss_changes":[5.7701055E4,2.6697197E4,2.5277297E4,0E0,0E0,0E0,0E0],"parents":[2147483647,0,0,1,1,2,2],"right_children":[2,4,6,-1,-1,-1,-1],"split_conditions":[1.0064044E0,6.5803364E-2,-3.4105584E-1,-5.248956E-1,7.926369E-2,-2.7124662E-2,3.92436E-1],"split_indices":[12,12,15,0,0,0,0],"split_type":[0,0,0,0,0,0,0],"sum_hessian":[2.2090727E5,9.501476E4,1.258925E5,7.1145923E3,8.7900164E4,1.4621698E4,1.11270805E5],"tree_param":{"num_deleted":"0","num_feature":"77","num_nodes":"7","size_leaf_vector":"1"}},{"base_weights":[5.349238E-1,7.691708E-2,9.105453E-1,-2.9669055E-1,8.620414E-2,3.6831656E-1,8.356446E-2],"categories":[],"categories_nodes":[],"categories_segments":[],"categories_sizes":[],"default_left":[0,0,0,0,0,0,0],"id":3,"left_children":[1,3,5,-1,-1,-1,-1],"loss_changes":[3.5590965E4,2.0908637E4,2.2783836E4,0E0,0E0,0E0,0E0],"parents":[2147483647,0,0,1,1,2,2],"right_children":[2,4,6,-1,-1,-1,-1],"split_conditions":[1.0064044E0,-1.1830711E0,9.9724144E-1,-2.9669055E-1,8.620414E-2,3.6831656E-1,8.356446E-2],"split_indices":[12,59,3,0,0,0,0],"split_type":[0,0,0,0,0,0,0],"sum_hessian":[2.0687892E5,9.321736E4,1.1366156E5,1.5368421E4,7.7848945E4,7.567971E4,3.798185E4],"tree_param":{"num_deleted":"0","num_feature":"77","num_nodes":"7","size_leaf_vector":"1"}},{"base_weights":[3.9779288E-1,4.8976827E-1,-1.107601E0,1.14323094E-1,4.4333324E-1,-5.9990895E-1,3.418128E-2],"categories":[],"categories_nodes":[],"categories_segments":[],"categories_sizes":[],"default_left":[0,0,0,0,0,0,0],"id":4,"left_children":[1,3,5,-1,-1,-1,-1],"loss_changes":[2.7415873E4,2.0038328E4,1.242442E4,0E0,0E0,0E0,0E0],"parents":[2147483647,0,0,1,1,2,2],"right_children":[2,4,6,-1,-1,-1,-1],"split_conditions":[1E0,2.8353508E0,4.6464604E-1,1.14323094E-1,4.4333324E-1,-5.9990895E-1,3.418128E-2],"split_indices":[68,12,42,0,0,0,0],"split_type":[0,0,0,0,0,0,0],"sum_hessian":[1.980019E5,1.8660173E5,1.1400177E4,1.6810933E5,1.8492396E4,6.588169E3,4.8120073E3],"tree_param":{"num_deleted":"0","num_feature":"77","num_nodes":"7","size_leaf_vector":"1"}},{"base_weights":[2.8780743E-1,4.245486E-2,7.2030944E-1,5.399395E-2,-3.5778463E-1,-7.7083975E-2,2.463021E-1],"categories":[],"categories_nodes":[],"categories_segments":[],"categories_sizes":[],"default_left":[0,0,0,0,0,0,0],"id":5,"left_children":[1,3,5,-1,-1,-1,-1],"loss_changes":[2.0388646E4,2.0823006E4,6.843914E3,0E0,0E0,0E0,0E0],"parents":[2147483647,0,0,1,1,2,2],"right_children":[2,4,6,-1,-1,-1,-1],"split_conditions":[1.1560783E0,7.439333E-1,-5.36348E-1,5.399395E-2,-3.5778463E-1,-7.7083975E-2,2.463021E-1],"split_indices":[16,23,18,0,0,0,0],"split_type":[0,0,0,0,0,0,0],"sum_hessian":[1.921357E5,1.2259201E5,6.95437E4,1.1030987E5,1.228214E4,6.49631E3,6.304739E4],"tree_param":{"num_deleted":"0","num_feature":"77","num_nodes":"7","size_leaf_vector":"1"}},{"base_weights":[2.0663351E-1,4.4602472E-1,-2.1418548E-1,-3.7830618E-1,1.6570307E-1,-2.560202E-1,2.2004985E-3],"categories":[],"categories_nodes":[],"categories_segments":[],"categories_sizes":[],"default_left":[0,0,0,0,0,0,0],"id":6,"left_children":[1,3,5,-1,-1,-1,-1],"loss_changes":[1.8943775E4,2.1754252E4,9.655E3,0E0,0E0,0E0,0E0],"parents":[2147483647,0,0,1,1,2,2],"right_children":[2,4,6,-1,-1,-1,-1],"split_conditions":[1.124163E0,1.2386516E-1,-3.5324112E-1,-3.7830618E-1,1.6570307E-1,-2.560202E-1,2.2004985E-3],"split_indices":[3,12,39,0,0,0,0],"split_type":[0,0,0,0,0,0,0],"sum_hessian":[1.8804356E5,1.1985922E5,6.818435E4,7.0267944E3,1.1283242E5,1.7547314E4,5.0637035E4],"tree_param":{"num_deleted":"0","num_feature":"77","num_nodes":"7","size_leaf_vector":"1"}},{"base_weights":[1.4723793E-1,3.171785E-3,7.9841495E-1,3.341016E-2,-2.7646834E-1,4.5157424E-1,9.261621E-2],"categories":[],"categories_nodes":[],"categories_segments":[],"categories_sizes":[],"default_left":[0,0,0,0,0,0,0],"id":7,"left_children":[1,3,5,-1,-1,-1,-1],"loss_changes":[1.7290863E4,1.510031E4,1.1556906E4,0E0,0E0,0E0,0E0],"parents":[2147483647,0,0,1,1,2,2],"right_children":[2,4,6,-1,-1,-1,-1],"split_conditions":[1.7418537E0,2.763208E0,-4.066881E-1,3.341016E-2,-2.7646834E-1,4.5157424E-1,9.261621E-2],"split_indices":[12,1,37,0,0,0,0],"split_type":[0,0,0,0,0,0,0],"sum_hessian":[1.8431189E5,1.509228E5,3.3389094E4,1.3511498E5,1.5807817E4,1.3664077E4,1.9725016E4],"tree_param":{"num_deleted":"0","num_feature":"77","num_nodes":"7","size_leaf_vector":"1"}},{"base_weights":[1.0678431E-1,-5.99785E-1,1.3970688E-1,1.925632E-2,3.2297295E-1],"categories":[],"categories_nodes":[],"categories_segments":[],"categories_sizes":[],"default_left":[0,0,0,0,0],"id":8,"left_children":[1,-1,3,-1,-1],"loss_changes":[1.2566605E4,0E0,1.2625309E4,0E0,0E0],"parents":[2147483647,0,0,2,2],"right_children":[2,-1,4,-1,-1],"split_conditions":[-1.8810105E0,-5.99785E-1,2.8353508E0,1.925632E-2,3.2297295E-1],"split_indices":[22,0,12,0,0],"split_type":[0,0,0,0,0],"sum_hessian":[1.8123412E5,2.7885713E3,1.7844555E5,1.6513539E5,1.3310157E4],"tree_param":{"num_deleted":"0","num_feature":"77","num_nodes":"5","size_leaf_vector":"1"}},{"base_weights":[7.515219E-2,3.2434967E-1,-1.9840676E-1,1.4488815E-1,-1.6558452E-1,3.4277323E-1,-9.1616556E-2],"categories":[],"categories_nodes":[],"categories_segments":[],"categories_sizes":[],"default_left":[0,0,0,0,0,0,0],"id":9,"left_children":[1,3,5,-1,-1,-1,-1],"loss_changes":[1.2235321E4,1.305465E4,1.2274723E4,0E0,0E0,0E0,0E0],"parents":[2147483647,0,0,1,1,2,2],"right_children":[2,4,6,-1,-1,-1,-1],"split_conditions":[-3.3632556E-1,2.5329406E0,9.0658315E-2,1.4488815E-1,-1.6558452E-1,3.4277323E-1,-9.1616556E-2],"split_indices":[37,1,3,0,0,0,0],"split_type":[0,0,0,0,0,0,0],"sum_hessian":[1.7948003E5,9.392198E4,8.5558055E4,7.952781E4,1.439416E4,6.32067E3,7.923738E4],"tree_param":{"num_deleted":"0","num_feature":"77","num_nodes":"7","size_leaf_vector":"1"}}]},"name":"gbtree"},"learner_model_param":{"base_score":"6.172349E0","boost_from_average":"1","num_class":"0",