{"learner":{"attributes":{"scikit_learn":"{\"_estimator_type\": \"regressor\"}"},"feature_names":[],"feature_types":[],"gradient_booster":{"model":{"cats":{"enc":[],"feature_segments":[],"sorted_idx":[]},"gbtree_model_param":{"num_parallel_tree":"1","num_trees":"10"},"iteration_indptr":[0,1,2,3,4,5,6,7,8,9,10],"tree_info":[0,0,0,0,0,0,0,0,0,0],"trees":[{"base_weights":[7.5454814E-8,-1.1419493E0,5.1504755E-1,-4.0532908E-1,1.24483414E-1,2.3821463E-1,-1.5702732E-1],"categories":[],"categories_nodes":[],"categories_segments":[],"categories_sizes":[],"default_left":[0,0,0,0,0,0,0],"id":0,"left_children":[1,3,5,-1,-1,-1,-1],"loss_changes":[1.3480028E5,2.3197695E4,4.5764266E4,0E0,0E0,0E0,0E0],"parents":[2147483647,0,0,1,1,2,2],"right_children":[2,4,6,-1,-1,-1,-1],"split_conditions":[3.406292E-1,6.6599476E-1,1.3780063E0,-4.0532908E-1,1.24483414E-1,2.3821463E-1,-1.5702732E-1],"split_indices":[12,33,3,0,0,0,0],"split_type":[0,0,0,0,0,0,0],"sum_hessian":[2.2918853E5,7.1238734E4,1.579498E5,6.2802234E4,8.4365E3,1.2450098E5,3.344883E4],"tree_param":{"num_deleted":"0","num_feature":"77","num_nodes":"7","size_leaf_vector":"1"}},{"base_weights":[-4.5562177E-3,-6.5730405E-1,6.2952816E-1,-5.3757244E-1,-1.0895368E-1,-2.4480309E-1,2.6265487E-1],"categories":[],"categories_nodes":[],"categories_segments":[],"categories_sizes":[],"default_left":[0,0,0,0,0,0,0],"id":1,"left_children":[1,3,5,-1,-1,-1,-1],"loss_changes":[8.945664E4,3.5539695E4,3.8984797E4,0E0,0E0,0E0,0E0],"parents":[2147483647,0,0,1,1,2,2],"right_children":[2,4,6,-1,-1,-1,-1],"split_conditions":[1.0064044E0,8.51573E-2,-3.4105584E-1,-5.3757244E-1,-1.0895368E-1,-2.4480309E-1,2.6265487E-1],"split_indices":[12,12,15,0,0,0,0],"split_type":[0,0,0,0,0,0,0],"sum_hessian":[2.161305E5,1.06497914E5,1.09632586E5,2.1923129E4,8.457479E4,1.5942842E4,9.368974E4],"tree_param":{"num_deleted":"0","num_feature":"77","num_nodes":"7","size_leaf_vector":"1"}},{"base_weights":[-7.132628E-3,1.6688268E-1,-1.6046633E0,-3.965795E-2,1.9992568E-1,-5.9996E-1,-1.398636E-1],"categories":[],"categories_nodes":[],"categories_segments":[],"categories_sizes":[],"default_left":[0,0,0,0,0,0,0],"id":2,"left_children":[1,3,5,-1,-1,-1,-1],"loss_changes":[5.7156492E4,2.7699725E4,9.085621E3,0E0,0E0,0E0,0E0],"parents":[2147483647,0,0,1,1,2,2],"right_children":[2,4,6,-1,-1,-1,-1],"split_conditions":[1E0,1.1560783E0,4.6464604E-1,-3.965795E-2,1.9992568E-1,-5.9996E-1,-1.398636E-1],"split_indices":[68,16,42,0,0,0,0],"split_type":[0,0,0,0,0,0,0],"sum_hessian":[2.0560078E5,1.8540584E5,2.0194934E4,1.15972836E5,6.9433016E4,1.4990394E4,5.204539E3],"tree_param":{"num_deleted":"0","num_feature":"77","num_nodes":"7","size_leaf_vector":"1"}},{"base_weights":[-1.0275975E-2,1.192774E-1,-1.4727181E0,1.879954E-4,3.906853E-1,-5.9994596E-1,-9.960192E-2],"categories":[],"categories_nodes":[],"categories_segments":[],"categories_sizes":[],"default_left":[0,0,0,0,0,0,0],"id":3,"left_children":[1,3,5,-1,-1,-1,-1],"loss_changes":[3.7807016E4,2.5729996E4,9.763215E3,0E0,0E0,0E0,0E0],"parents":[2147483647,0,0,1,1,2,2],"right_children":[2,4,6,-1,-1,-1,-1],"split_conditions":[1E0,2.8353508E0,4.6464604E-1,1.879954E-4,3.906853E-1,-5.9994596E-1,-9.960192E-2],"split_indices":[68,12,42,0,0,0,0],"split_type":[0,0,0,0,0,0,0],"sum_hessian":[1.9954495E5,1.8330723E5,1.6237722E4,1.6659903E5,1.6708201E4,1.1105378E4,5.1323433E3],"tree_param":{"num_deleted":"0","num_feature":"77","num_nodes":"7","size_leaf_vector":"1"}},{"base_weights":[-1.010794E-2,-1.1337216E0,1.0841669E-1,-4.9754018E-1,-6.410609E-2,1.2663783E-1,-1.3733578E-1],"categories":[],"categories_nodes":[],"categories_segments":[],"categories_sizes":[],"default_left":[0,0,0,0,0,0,0],"id":4,"left_children":[1,3,5,-1,-1,-1,-1],"loss_changes":[2.5944477E4,8.974162E3,3.1301754E4,0E0,0E0,0E0,0E0],"parents":[2147483647,0,0,1,1,2,2],"right_children":[2,4,6,-1,-1,-1,-1],"split_conditions":[1.2386516E-1,1.3780063E0,1.124163E0,-4.9754018E-1,-6.410609E-2,1.2663783E-1,-1.3733578E-1],"split_indices":[12,3,3,0,0,0,0],"split_type":[0,0,0,0,0,0,0],"sum_hessian":[1.9481169E5,1.8588084E4,1.7622361E5,1.1836361E4,6.751722E3,1.1339589E5,6.2827715E4],"tree_param":{"num_deleted":"0","num_feature":"77","num_nodes":"7","size_leaf_vector":"1"}},{"base_weights":[-9.991364E-3,-1.62291E-1,7.0275307E-1,-1.0587252E-1,1.610032E-1,4.407843E-1,5.320679E-2],"categories":[],"categories_nodes":[],"categories_segments":[],"categories_sizes":[],"default_left":[0,0,0,0,0,0,0],"id":5,"left_children":[1,3,5,-1,-1,-1,-1],"loss_changes":[2.0686062E4,2.092013E4,1.3511791E4,0E0,0E0,0E0,0E0],"parents":[2147483647,0,0,1,1,2,2],"right_children":[2,4,6,-1,-1,-1,-1],"split_conditions":[1.7418537E0,1.3847258E0,-4.066881E-1,-1.0587252E-1,1.610032E-1,4.407843E-1,5.320679E-2],"split_indices":[12,5,37,0,0,0,0],"split_type":[0,0,0,0,0,0,0],"sum_hessian":[1.905638E5,1.5701378E5,3.355002E4,1.233698E5,3.3643984E4,1.3643315E4,1.9906705E4],"tree_param":{"num_deleted":"0","num_feature":"77","num_nodes":"7","size_leaf_vector":"1"}},{"base_weights":[-4.7761668E-3,-1.7235928E0,5.122543E-2,-5.9988457E-1,9.4775975E-2,3.5314903E-1,-5.7948926E-3],"categories":[],"categories_nodes":[],"categories_segments":[],"categories_sizes":[],"default_left":[0,0,0,0,0,0,0],"id":6,"left_children":[1,3,5,-1,-1,-1,-1],"loss_changes":[1.8003129E4,3.3229043E3,1.43865E4,0E0,0E0,0E0,0E0],"parents":[2147483647,0,0,1,1,2,2],"right_children":[2,4,6,-1,-1,-1,-1],"split_conditions":[6.5803364E-2,1.8131663E0,9.0658315E-2,-5.9988457E-1,9.4775975E-2,3.5314903E-1,-5.7948926E-3],"split_indices":[12,3,3,0,0,0,0],"split_type":[0,0,0,0,0,0,0],"sum_hessian":[1.8703097E5,5.900529E3,1.8113045E5,5.197176E3,7.0335315E2,1.0678118E4,1.7045233E5],"tree_param":{"num_deleted":"0","num_feature":"77","num_nodes":"7","size_leaf_vector":"1"}},{"base_weights":[-4.723161E-3,9.503193E-2,-8.395441E-1,4.3756753E-2,-5.1482296E-1,4.356851E-1,-3.2282275E-1],"categories":[],"categories_nodes":[],"categories_segments":[],"categories_sizes":[],"default_left":[0,0,0,0,0,0,0],"id":7,"left_children":[1,3,5,-1,-1,-1,-1],"loss_changes":[1.5383783E4,1.5189141E4,1.0690302E4,0E0,0E0,0E0,0E0],"parents":[2147483647,0,0,1,1,2,2],"right_children":[2,4,6,-1,-1,-1,-1],"split_conditions":[2.763208E0,1.3426263E0,-1.7286886E0,4.3756753E-2,-5.1482296E-1,4.356851E-1,-3.2282275E-1],"split_indices":[1,38,29,0,0,0,0],"split_type":[0,0,0,0,0,0,0],"sum_hessian":[1.847269E5,1.6501025E5,1.9716652E4,1.6050697E5,4.50328E3,1.8440404E3,1.7872611E4],"tree_param":{"num_deleted":"0","num_feature":"77","num_nodes":"7","size_leaf_vector":"1"}},{"base_weights":[-5.5274526E-3,-5.998104E-1,2.974493E-2,-4.9545094E-1,2.1544926E-2],"categories":[],"categories_nodes":[],"categories_segments":[],"categories_sizes":[],"default_left":[0,0,0,0,0],"id":8,"left_children":[1,-1,3,-1,-1],"loss_changes":[1.2805183E4,0E0,1.2655193E4,0E0,0E0],"parents":[2147483647,0,0,2,2],"right_children":[2,-1,4,-1,-1],"split_conditions":[-1.8810105E0,-5.998104E-1,6.5803364E-2,-4.9545094E-1,2.1544926E-2],"split_indices":[22,0,12,0,0],"split_type":[0,0,0,0,0],"sum_hessian":[1.8207744E5,3.164112E3,1.7891333E5,4.3668857E3,1.7454644E5],"tree_param":{"num_deleted":"0","num_feature":"77","num_nodes":"5","size_leaf_vector":"1"}},{"base_weights":[-6.4475425E-3,-4.1376337E-1,1.6431473E-1,-4.6388235E-2,-2.72048E-1,9.821358E-2,-1.4120616E-1],"categories":[],"categories_nodes":[],"categories_segments":[],"categories_sizes":[],"default_left":[0,0,0,0,0,0,0],"id":9,"left_children":[1,3,5,-1,-1,-1,-1],"loss_changes":[1.2549951E4,6.8099746E3,1.3164414E4,0E0,0E0,0E0,0E0],"parents":[2147483647,0,0,1,1,2,2],"right_children":[2,4,6,-1,-1,-1,-1],"split_conditions":[2.835838E-2,-1.2194116E-1,1.4867964E0,-4.6388235E-2,-2.72048E-1,9.821358E-2,-1.4120616E-1],"split_indices":[17,27,3,0,0,0,0],"split_type":[0,0,0,0,0,0,0],"sum_hessian":[1.804322E5,5.329863E4,1.2713358E5,3.493788E4,1.8360752E4,1.0115754E5,2.5976035E4],"tree_param":{"num_deleted":"0","num_feature":"77","num_nodes":"7","size_leaf_vector":"1"}}]},"name":"gbtree"},