Day,t_Clicks_OptCost,t_Clicks_ActCost,tm1_Clicks_OptCost,Actual_Clicks,Opt_Cost,Act_Cost,Hist_MSE,Hist_R2,Hist_Bias,Day_MSE,Day_R2,Day_Bias,N_Obs,N_Opt,SlurmJobId,SlurmArrayTaskId,x_max,alpha
2025-12-05,333.0567626953125,158.24674224853516,585.189432172587,230.0,399.79239229548284,247.79000000000002,6.163053512573242,0.9548079967498779,-0.0009084660810276101,0.16435503959655762,0.998415470123291,-0.06801426410675049,33,61,8142993,4,50,0.2
