Day,t_Clicks_OptCost,t_Clicks_ActCost,tm1_Clicks_OptCost,Actual_Clicks,Opt_Cost,Act_Cost,Hist_MSE,Hist_R2,Hist_Bias,Day_MSE,Day_R2,Day_Bias,N_Obs,N_Opt,SlurmJobId,SlurmArrayTaskId,x_max,alpha
2025-12-23,208.70706176757812,199.34420013427734,570.070162762755,260.0,399.9999999999999,312.85999999999996,7.1975531578063965,0.9519952535629272,-0.0004243416123707815,0.09458788484334946,0.9995165467262268,-0.0506654209212253,38,53,8143610,22,50,0.2
