Day,t_Clicks_OptCost,t_Clicks_ActCost,tm1_Clicks_OptCost,Actual_Clicks,Opt_Cost,Act_Cost,Hist_MSE,Hist_R2,Hist_Bias,Day_MSE,Day_R2,Day_Bias,N_Obs,N_Opt,SlurmJobId,SlurmArrayTaskId,x_max,alpha
2025-12-10,361.2738952636719,208.6280746459961,578.2413421939357,278.0,399.9999999999998,340.75,7.550076484680176,0.9493173956871033,-0.00047243682110225657,0.08844928443431854,0.9993013739585876,-0.04597584587154967,33,65,8143133,9,50,0.2
