Day,t_Clicks_OptCost,t_Clicks_ActCost,tm1_Clicks_OptCost,Actual_Clicks,Opt_Cost,Act_Cost,Hist_MSE,Hist_R2,Hist_Bias,Day_MSE,Day_R2,Day_Bias,N_Obs,N_Opt,SlurmJobId,SlurmArrayTaskId,x_max,alpha
2025-12-02,529.3726196289062,228.93316650390625,546.1362866802907,292.0,399.8437566399697,350.34000000000003,6.0584940910339355,0.956011176109314,-0.0013196104942085026,0.2018638253211975,0.9991461634635925,-0.0862741470336914,32,44,8142843,1,50,0.2
