Day,t_Clicks_OptCost,t_Clicks_ActCost,tm1_Clicks_OptCost,Actual_Clicks,Opt_Cost,Act_Cost,Hist_MSE,Hist_R2,Hist_Bias,Day_MSE,Day_R2,Day_Bias,N_Obs,N_Opt,SlurmJobId,SlurmArrayTaskId,x_max,alpha
2025-12-02,182.77926635742188,228.93316650390625,375.43257852137606,292.0,399.82126509406976,350.34000000000003,5.263859272003174,0.9604615569114685,-0.0019330754936824764,0.2018638253211975,0.9991461634635925,-0.0862741470336914,32,116,8173218,1,10.0,0.15
