Day,t_Clicks_OptCost,t_Clicks_ActCost,tm1_Clicks_OptCost,Actual_Clicks,Opt_Cost,Act_Cost,Hist_MSE,Hist_R2,Hist_Bias,Day_MSE,Day_R2,Day_Bias,N_Obs,N_Opt,SlurmJobId,SlurmArrayTaskId,x_max,alpha
2025-12-05,400.32391357421875,221.10304260253906,520.602019278402,303.0,399.9113017263522,326.77000000000004,7.235815525054932,0.9517632126808167,-0.0015732573155469072,0.052484069019556046,0.999660849571228,-0.032251759579307156,38,96,8156372,4,10.0,0.15
