Day,t_Clicks_OptCost,t_Clicks_ActCost,tm1_Clicks_OptCost,Actual_Clicks,Opt_Cost,Act_Cost,Hist_MSE,Hist_R2,Hist_Bias,Day_MSE,Day_R2,Day_Bias,N_Obs,N_Opt,SlurmJobId,SlurmArrayTaskId,x_max,alpha
2025-12-24,329.3316650390625,222.3334503173828,442.92076431858084,294.0,398.44621653192394,353.90999999999997,7.413071155548096,0.9540356397628784,-0.0009021203768932848,0.6013098359107971,0.9983742237091064,-0.13858969509601593,36,115,8173495,23,10.0,0.15
