Day,t_Clicks_OptCost,t_Clicks_ActCost,tm1_Clicks_OptCost,Actual_Clicks,Opt_Cost,Act_Cost,Hist_MSE,Hist_R2,Hist_Bias,Day_MSE,Day_R2,Day_Bias,N_Obs,N_Opt,SlurmJobId,SlurmArrayTaskId,x_max,alpha
2025-12-10,313.09844970703125,209.34768676757812,477.3090030716181,285.0,399.92617409817217,347.52,7.068687915802002,0.9519866704940796,-0.0004584959681465589,0.07023870199918747,0.9993925094604492,-0.04375080058449193,38,105,8156434,9,10.0,0.15
