Day,t_Clicks_OptCost,t_Clicks_ActCost,tm1_Clicks_OptCost,Actual_Clicks,Opt_Cost,Act_Cost,Hist_MSE,Hist_R2,Hist_Bias,Day_MSE,Day_R2,Day_Bias,N_Obs,N_Opt,SlurmJobId,SlurmArrayTaskId,x_max,alpha
2025-12-10,320.40118408203125,209.34768676757812,443.33634955588445,285.0,399.7024650798351,347.52,6.0604472160339355,0.9556744694709778,-0.0010066307395122291,0.07023870199918747,0.9993925094604492,-0.04375080058449193,38,110,8173284,9,10.0,0.15
