Day,t_Clicks_OptCost,t_Clicks_ActCost,tm1_Clicks_OptCost,Actual_Clicks,Opt_Cost,Act_Cost,Hist_MSE,Hist_R2,Hist_Bias,Day_MSE,Day_R2,Day_Bias,N_Obs,N_Opt,SlurmJobId,SlurmArrayTaskId,x_max,alpha
2025-12-26,653.729248046875,236.06975936889648,447.0875578669045,295.0,399.8713213445479,352.57000000000005,7.032216548919678,0.9508581757545471,-0.0010510638639543931,0.34520968794822693,0.9984145164489746,-0.07808306431158996,39,146,8156716,25,10.0,0.15
