Day,t_Clicks_OptCost,t_Clicks_ActCost,tm1_Clicks_OptCost,Actual_Clicks,Opt_Cost,Act_Cost,Hist_MSE,Hist_R2,Hist_Bias,Day_MSE,Day_R2,Day_Bias,N_Obs,N_Opt,SlurmJobId,SlurmArrayTaskId,x_max,alpha
2025-12-31,252.3806915283203,170.35708618164062,406.2755237689331,231.0,399.8135254089207,233.60000000000002,7.193916320800781,0.9509614109992981,-0.001225524371335634,0.042645979672670364,0.999347448348999,-0.03830429835197253,39,101,8156308,30,10.0,0.15
