Day,t_Clicks_OptCost,t_Clicks_ActCost,tm1_Clicks_OptCost,Actual_Clicks,Opt_Cost,Act_Cost,Hist_MSE,Hist_R2,Hist_Bias,Day_MSE,Day_R2,Day_Bias,N_Obs,N_Opt,SlurmJobId,SlurmArrayTaskId,x_max,alpha
2025-12-03,241.68228149414062,217.0236473083496,422.9166393222842,276.0,395.6053288362749,359.4600000000001,6.726939678192139,0.9521603584289551,-0.0005916963166996559,0.20764067769050598,0.9990504384040833,-0.07701633373896281,36,81,8156349,2,10.0,0.15
