Day,t_Clicks_OptCost,t_Clicks_ActCost,tm1_Clicks_OptCost,Actual_Clicks,Opt_Cost,Act_Cost,Hist_MSE,Hist_R2,Hist_Bias,Day_MSE,Day_R2,Day_Bias,N_Obs,N_Opt,SlurmJobId,SlurmArrayTaskId,x_max,alpha
2025-12-15,248.2201385498047,260.1197814941406,404.6278923648798,314.0,399.73605689300666,381.4199999999999,7.609620571136475,0.9479272365570068,-0.0005639293841982692,0.18150389194488525,0.9990571737289429,-0.06515936475051076,38,79,8156514,14,10.0,0.15
