Day,t_Clicks_OptCost,t_Clicks_ActCost,tm1_Clicks_OptCost,Actual_Clicks,Opt_Cost,Act_Cost,Hist_MSE,Hist_R2,Hist_Bias,Day_MSE,Day_R2,Day_Bias,N_Obs,N_Opt,SlurmJobId,SlurmArrayTaskId,x_max,alpha
2025-12-17,241.9699249267578,219.86534881591797,405.62954458132856,295.0,399.89781155920076,335.03000000000003,7.416874885559082,0.9489877820014954,-0.0015901163719853376,0.20545659959316254,0.9992456436157227,-0.08894278662545341,35,134,8173419,16,10.0,0.15
