Day,t_Clicks_OptCost,t_Clicks_ActCost,tm1_Clicks_OptCost,Actual_Clicks,Opt_Cost,Act_Cost,Hist_MSE,Hist_R2,Hist_Bias,Day_MSE,Day_R2,Day_Bias,N_Obs,N_Opt,SlurmJobId,SlurmArrayTaskId,x_max,alpha
2025-12-21,305.01849365234375,224.799072265625,436.12468468838034,270.0,399.9999751247063,340.28000000000003,6.956490993499756,0.9514049887657166,-0.0001329508641787657,0.12477037310600281,0.999349057674408,-0.05675015739492468,37,66,8173460,20,10.0,0.15
