Day,t_Clicks_OptCost,t_Clicks_ActCost,tm1_Clicks_OptCost,Actual_Clicks,Opt_Cost,Act_Cost,Hist_MSE,Hist_R2,Hist_Bias,Day_MSE,Day_R2,Day_Bias,N_Obs,N_Opt,SlurmJobId,SlurmArrayTaskId,x_max,alpha
2025-12-28,218.8179931640625,230.87679290771484,414.070166698923,309.0,399.88380778585525,338.32,7.494844436645508,0.9485574960708618,-0.0011653303931305047,0.08515597879886627,0.9995026588439941,-0.03908027159540277,38,125,8173555,27,10.0,0.15
