Day,t_Clicks_OptCost,t_Clicks_ActCost,tm1_Clicks_OptCost,Actual_Clicks,Opt_Cost,Act_Cost,Hist_MSE,Hist_R2,Hist_Bias,Day_MSE,Day_R2,Day_Bias,N_Obs,N_Opt,SlurmJobId,SlurmArrayTaskId,x_max,alpha
2025-12-09,247.26971435546875,229.7171173095703,433.34092070401175,322.0,399.9999999999998,362.28000000000003,7.319009304046631,0.9478926062583923,-0.0006194613851895868,0.070313960313797,0.9996366500854492,-0.041043148721967425,35,80,8143120,8,50,0.2
