Day,t_Clicks_OptCost,t_Clicks_ActCost,tm1_Clicks_OptCost,Actual_Clicks,Opt_Cost,Act_Cost,Hist_MSE,Hist_R2,Hist_Bias,Day_MSE,Day_R2,Day_Bias,N_Obs,N_Opt,SlurmJobId,SlurmArrayTaskId,x_max,alpha
2025-12-28,343.547119140625,230.87679290771484,628.6483844584498,309.0,399.8837401361402,338.32,8.07589054107666,0.9451817870140076,-0.0013129470252543564,0.08515597879886627,0.9995026588439941,-0.03908027159540277,38,76,8143709,27,50,0.2
