Day,t_Clicks_OptCost,t_Clicks_ActCost,tm1_Clicks_OptCost,Actual_Clicks,Opt_Cost,Act_Cost,Hist_MSE,Hist_R2,Hist_Bias,Day_MSE,Day_R2,Day_Bias,N_Obs,N_Opt,SlurmJobId,SlurmArrayTaskId,x_max,alpha
2025-12-24,229.145751953125,222.3334503173828,585.6992565351833,294.0,399.933191202215,353.90999999999997,7.192615985870361,0.9510869979858398,-0.0009663796165122356,0.6013098359107971,0.9983742237091064,-0.13858969509601593,36,65,8143638,23,50,0.2
