Day,t_Clicks_OptCost,t_Clicks_ActCost,tm1_Clicks_OptCost,Actual_Clicks,Opt_Cost,Act_Cost,Hist_MSE,Hist_R2,Hist_Bias,Day_MSE,Day_R2,Day_Bias,N_Obs,N_Opt,SlurmJobId,SlurmArrayTaskId,x_max,alpha
2025-12-30,291.50146484375,208.44872283935547,534.4776838832934,276.0,399.95342297507176,295.62999999999994,7.594475746154785,0.9501141905784607,-0.0007229186075014448,0.20519641041755676,0.9988126754760742,-0.08123404885593213,38,56,8143806,29,50,0.2
