Day,t_Clicks_OptCost,t_Clicks_ActCost,tm1_Clicks_OptCost,Actual_Clicks,Opt_Cost,Act_Cost,Hist_MSE,Hist_R2,Hist_Bias,Day_MSE,Day_R2,Day_Bias,N_Obs,N_Opt,SlurmJobId,SlurmArrayTaskId,x_max,alpha
2025-12-11,249.64076232910156,149.98030471801758,466.3140071152455,207.0,399.8632748407579,216.09,6.866899490356445,0.9539650678634644,-0.0011398175443297247,0.12226301431655884,0.9987395405769348,-0.06612681970000267,32,90,8143151,10,50,0.2
