Keyword,bert_0,bert_1,bert_2,bert_3,bert_4,bert_5,bert_6,bert_7,bert_8,bert_9,bert_10,bert_11,bert_12,bert_13,bert_14,bert_15,bert_16,bert_17,bert_18,bert_19,bert_20,bert_21,bert_22,bert_23,bert_24,bert_25,bert_26,bert_27,bert_28,bert_29,bert_30,bert_31,bert_32,bert_33,bert_34,bert_35,bert_36,bert_37,bert_38,bert_39,bert_40,bert_41,bert_42,bert_43,bert_44,bert_45,bert_46,bert_47,bert_48,bert_49
university undergraduate courses,0.6038226,-0.3667269,-0.1221636,0.0120260585,-0.01451961,0.02975768,0.41200185,-0.07991618,0.1923946,-0.05632793,-0.34030834,0.07538362,-0.13306636,-0.034021698,-0.09300518,-0.09451285,-0.12440341,0.019876795,-0.0040535224,0.026723094,0.0037302019,0.029167382,-0.001214704,-0.07285964,-0.06863354,0.040993247,0.057064496,-0.081105046,0.040064543,-0.027749972,-0.050713487,0.093043506,0.048316613,-0.007106855,0.099608056,-0.009453691,-0.040857043,-0.07558661,0.043488987,0.10167878,-0.014880632,0.05603144,0.03923253,0.07518538,-0.016207132,0.038980935,-0.022762598,-0.013814852,-0.02789683,-0.109762475
engineering study,0.6813882,0.17472571,-0.20280403,-0.14739488,0.04813214,-0.036449213,0.12736197,0.3609424,-0.104728185,-0.24450484,0.00283601,-0.1655735,-0.033765912,0.09665866,-0.18062793,0.03198977,-0.0039207814,0.08520525,0.03745729,0.030787831,-0.042908538,0.087123744,0.048969552,-0.026830014,0.09251506,0.104652606,-0.06253244,-0.10828132,-0.04017534,0.0075929426,-0.0548395,-0.010543539,0.0092947045,0.11000844,-0.0064829215,-0.04427935,-0.12782791,0.09534891,0.006239063,-0.06067526,-0.030192563,-0.10537242,0.02517794,0.07732281,-0.04142461,-0.10528782,-0.10609395,0.019192593,-0.014100095,-0.034161817
modern enterprise architecture,0.43602815,0.28090236,0.10528891,0.070357144,-0.31903386,0.21589898,-0.23738903,-0.02813678,-0.07370309,-0.10281493,-0.21120378,-0.17777972,-0.07251076,0.20225647,-0.11204424,-0.10573011,0.0293185,0.078262985,0.050297838,-0.0063885404,0.20033178,-0.14115648,0.008625247,-0.1898589,-0.053993963,-0.14022125,0.07838425,-0.03727943,-0.077640824,-0.08482335,-0.04836203,0.16217875,0.017185682,0.14195257,0.084425785,0.14249109,0.08741924,-0.061787516,-0.058550715,-0.13963455,0.18581715,-0.024501799,0.02723959,0.01200764,-0.052916873,-0.0024015275,0.12671141,0.14716576,-0.09148351,0.04906777
mbse training,0.50088763,-0.036607638,0.044963725,-0.17010549,0.036536075,0.035060726,-0.08896378,0.10615666,0.73841065,-0.032804057,0.23436002,-0.14425088,-0.1042195,-0.090613864,-0.02300658,0.11433742,-0.06916458,0.038235616,0.05528436,0.07431431,0.029522156,0.009700186,-0.016763099,0.09773149,-0.027790684,0.0077961725,-0.016054874,0.011646327,-0.045243967,-0.03635092,0.03497647,-0.022072347,-0.04176605,-0.03546033,-0.011852592,0.018333616,0.019639058,0.011603149,-0.010198525,-0.0004742043,0.050945904,-0.0075936746,-0.01793627,0.010461158,-0.030404493,0.011834236,-0.0050041163,0.009954821,-0.0051743663,0.0008443776
msc engineering,0.7887047,0.043678425,-0.14201984,-0.216486,-0.1608994,-0.08948362,0.1470208,0.14298889,0.041942492,-0.14212504,0.12856188,-0.060630247,-0.11088314,0.05587799,-0.040830486,-0.15081076,-0.06522215,0.06819963,-0.093311965,0.0005770965,-0.03929853,0.015818417,0.014169817,-0.08877439,-0.12408315,0.13803148,-0.04590752,-0.0013198507,-0.12967683,0.0259437,-0.081069864,-0.1517903,-0.023008328,0.06237076,-0.004834934,0.085743144,-0.097514085,-0.011522413,-0.008024003,-0.006065569,0.005326217,-0.02041897,0.061671074,-0.073584296,-0.0393917,-0.023892837,-0.06471638,0.034892805,0.033446364,0.007479112
mit systems engineering,0.7560584,0.3957822,0.19342946,-0.26110852,-0.026986275,0.11435214,0.11233716,-0.11064615,-0.10505342,0.08443288,0.10349224,0.16042824,0.12950452,-0.005630809,-0.090120114,0.03448186,-0.07226186,0.036686245,-0.005774113,-0.036215503,0.027950022,0.07431687,-0.00012396538,0.086206295,0.030526517,0.07050118,0.010003079,0.002609139,0.007432102,0.008151734,-0.019443212,0.017980155,-0.016919618,-0.040277064,0.050782505,0.07726039,0.005726934,0.012906644,0.026652021,-0.0037989817,-0.04965279,-0.012361234,0.0070693847,0.027464714,-0.003674869,0.025379566,-0.021377092,0.034345046,0.027861932,0.019798433
mit systems engineering masters,0.7932719,0.19609134,0.13846682,-0.21699001,-0.09840005,0.07095614,0.18819015,-0.18468055,-0.07495499,0.02346621,0.27960324,0.18256968,0.011100102,-0.05443785,0.030874928,-0.06838401,-0.02446503,0.06987699,-0.12703545,-0.06928299,0.08278164,0.0010242815,-0.0160389,0.04276597,0.015638167,-0.0059344238,0.05228292,-0.02099585,0.013119674,0.036034115,-0.0477935,0.00072484126,-0.0018351598,-0.07049947,-0.057716444,0.019198053,0.029169135,0.0029372913,0.018484239,0.005669447,-0.0020678404,-0.015994573,0.031184271,0.0046411967,0.009828027,0.022586128,0.0131383035,0.026036387,-0.010682663,0.008636279
mit architecture and systems engineering,0.67548686,0.4278103,0.22087742,-0.2255334,-0.17604633,0.21735442,0.019745855,-0.2802668,-0.09105924,-0.0031403955,-0.0047536665,0.08182943,0.027112562,0.044553597,-0.12893249,0.122879535,0.04867751,0.08277484,0.0070573566,0.0029644298,0.05663605,0.05649322,0.08158871,0.080035545,-0.015786681,-0.014731842,0.053920772,0.020359552,0.00089122826,-0.023446117,-0.009140193,-0.020680418,-0.0018093731,-0.052055083,-0.0071819145,0.07457954,0.044064227,0.053333137,-0.036468606,0.0023575246,-0.043011993,0.023221957,-0.0066884095,-0.04656776,0.024166621,-0.012616485,-0.023036744,0.013808662,0.017224157,-0.0015276248
mit online,0.5959593,-0.39506254,0.06609883,-0.23703533,-0.08961542,0.4556112,-0.010102007,-0.11132593,-0.15465926,0.112807654,0.15016116,0.14785656,0.18577401,-0.007881203,-0.12521374,-0.01068699,-0.15074147,0.013465515,0.13152964,-0.058391128,-0.023692703,0.023346983,-0.004288727,0.0054808324,0.087443486,0.014599183,0.024839452,0.02351531,-0.054967195,0.015010601,0.0002897193,-0.033965636,-0.00040287222,0.034163788,-0.004849492,0.006126125,-0.00041796576,0.028448211,0.030969227,-0.025784312,-0.0045024385,0.019282736,0.029242326,-0.00036074524,0.065536186,0.005316562,-0.0020466684,0.016431602,0.0044812253,0.03079144
mit ocw courses,0.60411626,-0.30978155,-0.011884677,-0.21163219,-0.023884611,0.20326757,0.29333538,-0.11760513,0.13533182,0.092623584,-0.22226605,0.060026713,0.1251657,-0.020843973,-0.0881288,-0.08919615,-0.019098446,0.013859464,0.007360513,-0.03861523,0.008138984,0.050903726,-0.10911152,-0.06448569,0.057958007,0.11688346,-0.16458651,0.2208831,0.05339175,-0.17648682,0.073856466,0.034206063,-0.042171568,-0.0070232996,-0.22300577,-0.05036892,-0.044702534,-0.029797196,-0.08262629,0.03920268,0.0742049,-0.049884353,-0.025772905,-0.028796388,-0.02215452,0.09030223,0.02002112,0.029463448,-0.026204085,0.029678289
.mit courses,0.70885944,-0.30014297,0.019651858,-0.2938619,-0.13620268,0.15298003,0.3760546,-0.08674313,0.13117926,0.083766304,-0.15937084,0.08146336,0.110981636,-0.036531627,-0.08097628,-0.07068246,-0.0034736854,0.033126753,0.025499221,-0.059985362,-0.024840113,0.091381595,0.018631535,0.051598255,-0.016778413,0.017893165,0.08503455,-0.051295955,-0.014603531,-0.080376364,0.007797089,-0.001610816,0.0052024596,-0.048089292,-0.009455216,0.015491948,-0.015197119,-0.0067557245,0.022358604,-0.003907944,-0.030676318,-0.017361512,0.016945112,0.056981903,0.024444208,0.0067824284,0.037505228,0.033925187,-0.0027062981,0.048471466
embedded systems,0.47612116,0.477776,-0.011812427,0.13650723,-0.00076406583,0.20444004,-0.28472108,0.21671511,0.18198414,0.025397815,-0.21526542,0.37837443,0.006916031,-0.1963875,-0.03483095,-0.15844762,0.06466032,-0.09798188,0.0007796579,-0.0066864886,0.059852093,-0.022899,-0.026284704,0.05233275,-0.043521315,0.12293964,0.009264495,-0.050055437,-0.0020911247,0.0443837,-0.00921568,-0.00355676,0.080761194,-0.035454914,0.030728398,0.00524115,-0.07973811,0.012710776,0.0045132907,-0.028168555,0.054550488,-0.011579435,0.024126107,-0.03566318,0.025289249,-0.009542439,0.013091083,0.008817562,0.049699556,-0.02646029
mit xpro systems engineering,0.6668149,0.37792653,0.16661908,-0.09623983,0.057653684,0.09667818,0.09483217,0.124521345,-0.122632205,-0.033147927,0.00777038,0.11612616,-0.08517877,0.122381635,-0.0071030003,0.06502848,-0.06457372,-0.10097865,-0.068679444,0.24360822,0.12226131,0.058412917,-0.15157443,-0.14503731,-0.040747806,-0.15400608,-0.15550466,0.14494862,-0.01060861,0.006527062,0.056998797,-0.01762461,0.011912297,-0.06798175,0.13843222,-0.09952904,-0.06932696,0.0016751353,0.01830183,0.05678976,-0.0750054,-0.0421568,0.009626677,0.042121,0.0026533303,-0.033518773,0.020998241,0.08458024,-0.0477863,0.067653105
mitx systems engineering,0.6420683,0.4181608,0.16658674,-0.35596517,0.010982453,0.17659692,0.066727914,-0.0689325,-0.057866853,0.041116565,0.041652594,0.21834294,0.09996011,0.072417006,-0.07771131,0.08402026,-0.13513868,0.030811127,-0.060096294,0.036964633,0.07317135,0.086297974,-0.07962654,0.08265277,-0.01566673,-0.07516932,-0.08763897,0.008106967,0.016741509,-0.010822522,-0.01650505,-0.072706565,0.017133834,-0.0081329895,0.16902694,0.07669215,-0.0037465827,-0.087559134,-0.01072146,0.011051329,0.034194306,0.053240426,0.030817064,0.046616025,-0.055670734,-0.024574054,-0.095024355,-0.03525698,0.015469688,-0.036076695
system engineering training,0.77163726,0.27507567,0.13708062,0.08610865,0.27405256,-0.12710045,0.17507498,0.025904907,0.17838003,-0.045793694,0.15418367,-0.031298142,0.06816183,-0.062157925,0.09599712,0.108734354,0.11683939,0.109675474,0.1218767,-0.012978803,0.08721441,0.0019480583,-0.011932639,0.0064615807,-0.11499184,0.017665736,-0.043641303,0.024352312,-0.08160367,0.015076396,-0.070839874,0.003716595,0.014163818,-0.026123112,-0.0178091,-0.03370753,0.0071521364,-0.0015973657,-0.012119282,0.04564954,0.048948146,0.0054386887,-0.040711775,0.06979587,0.00798092,-0.025591211,0.0038684253,-0.0262843,0.01637065,-0.013754076
systems engineering certificate online,0.69667053,-0.11729759,0.29084995,-0.14289956,0.3347545,-0.13704948,-0.35559425,-0.04993406,-0.1983676,0.056694455,0.014432263,0.05055005,-0.030970654,0.1507839,0.084315464,-0.010461287,0.05030329,-0.066012576,0.10540597,-0.00036766197,0.008496194,-0.089040324,0.07164267,-0.075443,-0.0090134125,0.09724285,0.0015431743,-0.010468068,0.014219431,0.018521141,-0.0013564352,-0.06265124,0.013295202,-0.02009477,0.006714937,-0.025021901,-0.034392763,-0.021262081,0.019735903,-0.0018525975,0.02161611,0.029955216,0.010519002,0.0075595593,-0.012039426,0.059012055,0.00849371,0.0063129645,-0.018858192,0.0008900432
electrical engineering degree,0.5841642,-0.13349348,-0.19770652,-0.13061853,-0.09745538,-0.1973671,0.13240996,0.3098024,-0.27230522,-0.27054662,0.06452518,0.031038135,-0.23401226,-0.19835466,-0.011427225,0.038244363,-0.0726514,-0.16798794,0.0724278,-0.1607147,0.092885986,-0.05316376,0.03998763,0.14276075,-0.086266086,-0.08191964,0.0177515,0.039280042,-0.04895274,-0.15843736,0.08437439,-0.032266736,0.021735057,-0.0777263,-0.007823136,0.0066635604,0.065161474,0.010488037,0.0019352246,0.0005644269,0.013034329,0.006897026,-0.046489634,-0.030554077,-0.046016105,-0.013446002,0.07559481,0.012810362,0.03136281,-0.038992163
electrical engineering program,0.57598007,0.02041688,-0.16814406,-0.032359727,0.058136895,-0.14923078,0.09988559,0.43288338,-0.17083904,-0.24824528,-0.11822302,0.010512387,-0.11487887,-0.14487635,0.17671499,0.111905865,-0.37249556,0.06402315,0.09843321,-0.088444725,0.09470504,-0.052368294,0.046995927,0.06818638,0.046269737,-0.070568606,0.027840458,0.020838855,-0.0868536,-0.076681994,0.08264739,-0.01119349,0.022607189,-0.0017013495,-0.032030515,-0.016350027,0.021320226,0.12041211,-0.008391913,0.032974113,0.010431364,0.01738855,-0.030790996,-0.05839532,0.005068705,0.022015719,-0.004616017,0.011678601,0.036800086,0.017502721
electrical engineering programs,0.5602979,0.024905987,-0.20493878,-0.013042403,0.06513201,-0.13774341,0.119180694,0.40214536,-0.17640936,-0.24705349,-0.12850167,0.05163577,-0.14605145,-0.15212798,0.15956663,0.094519965,-0.37886778,0.084733635,0.021303501,-0.11851734,0.1661196,0.04149255,0.09601069,0.058707885,0.05450996,-0.07663808,0.09612065,0.00720175,-0.0061509917,-0.10175637,0.06948309,0.002438761,0.003708873,-0.017384375,-0.02077842,0.013279091,0.039521765,0.059866067,-0.013429174,-0.006046601,0.0023918739,-0.005935316,-0.013743755,-0.044954572,-0.01974504,0.051713288,0.028742883,0.0014693951,0.030588856,-0.0010572103
online computer engineering degree,0.7145217,-0.38058522,-0.001072628,0.20716265,0.059297696,0.1521563,-0.12763478,0.086799435,-0.2648263,-0.10611527,0.20242892,0.06796231,-0.16141763,-0.0012094876,-0.038906325,0.07469354,-0.062531516,-0.09901215,-0.016416293,-0.0055893855,-0.1622015,0.030713605,-0.07024848,0.0013795708,-0.11163603,0.0019138136,-0.007068921,0.049295165,0.042468194,-0.03667357,-0.043474514,0.019159213,0.03826459,-0.0003098667,-0.023800297,0.08208089,0.013599445,-0.0699709,-0.047047332,-0.046929114,-0.043344058,-0.013946731,-0.032957774,0.0011822617,0.017178511,0.010569808,-0.03176494,-0.029129783,-0.0057276674,-0.028027942
university degree courses,0.6320216,-0.40048555,-0.05345814,0.025159739,-0.15046228,-0.11143483,0.31550473,-0.04876915,0.107481755,-0.051134758,-0.21401298,-0.008983367,-0.17980358,-0.13089433,-0.12632598,-0.13788268,0.036990914,0.010166211,0.08795721,0.036476806,-0.09561712,0.09244389,0.006548324,0.010389431,-0.18925595,0.09076705,0.10694017,-0.14420258,0.022398008,-0.093873374,-0.040331095,0.028490165,0.041100767,-0.06217491,0.051963538,-0.046739,-0.07141379,-0.08784825,-0.015418239,0.052866925,0.00071468926,0.05055964,-0.011852157,0.022063563,-0.018346377,0.071466304,0.0147813065,0.04507272,-0.03240097,-0.02396141
courses at university,0.6506592,-0.39652014,-0.10569977,0.05956125,-0.06857645,-0.01578138,0.38758203,-0.032202024,0.19427152,-0.003980333,-0.27701786,-0.00012485079,-0.1090186,-0.054586917,-0.12287172,-0.12194515,-0.0010410766,0.002950158,0.06477153,-0.0075372537,-0.05168416,0.06730482,0.047259755,-0.06520075,-0.11190481,0.07838431,0.112353355,-0.07862939,0.009158777,-0.03457754,-0.07437265,0.052347038,0.034027264,-0.03250394,0.061485082,-0.061203882,-0.045443397,-0.031389274,0.03657351,0.06407728,-0.014741208,0.035839565,0.017577214,0.00173619,0.024107829,0.031334344,0.0041359817,0.047662646,0.016737543,-0.0022422497
electrical university,0.5132485,-0.21116996,-0.22931893,-0.11551038,-0.09438356,-0.06551016,0.114086546,0.27229753,-0.095974185,-0.15395677,-0.12415163,0.070509106,-0.18009074,-0.16257696,-0.059198167,-0.009423736,-0.28549558,-0.15505168,0.2904837,-0.19136757,0.21515623,-0.098408855,0.17543721,-0.03861862,-0.034194626,-0.06884317,0.09037588,0.13834526,-0.030882109,0.1335867,-0.08546083,-0.04296767,-0.060977172,-0.0065423264,0.06967978,-0.08856579,0.02653124,-0.026381446,0.06235014,0.017573291,-0.041128114,0.064457834,-0.02008165,-0.010801716,-0.0046705995,0.054692447,0.03815692,-0.0024058078,0.031871423,-0.0077853226
all university courses,0.62497765,-0.42461485,-0.11500275,-0.028712347,-0.021793086,0.01599007,0.30924845,-0.07867593,0.22481728,-0.008355345,-0.3103539,-0.042182613,-0.13527177,-0.030427901,-0.08379597,-0.12312651,-0.031862233,0.06300932,0.04866385,0.0011628935,-0.017294535,0.073556624,0.009890348,-0.13562283,-0.089379355,0.0023951607,0.12803,-0.0274251,0.05215006,0.010778981,-0.036038578,-0.012916425,-0.049205087,-0.0934677,0.082473606,0.006773838,-0.12736937,-0.039625976,0.028072964,0.0070536016,0.025820134,0.08877825,-0.004893236,-0.018471964,-0.029853499,0.013664215,0.07850101,0.012827806,0.013705681,-0.09079836
access to engineering course,0.7678516,-0.15544748,-0.20572539,-0.14417285,0.1804629,-0.026841845,0.30813304,0.12695265,-0.03478784,-0.17231156,-0.039183788,-0.044955567,-0.058322467,0.011535496,-0.17170806,0.08308467,0.10116244,0.018621892,-0.055811323,-0.042039935,-0.059373997,-0.080007546,0.03501927,-0.014436295,-0.007845756,0.07549209,-0.07164855,-0.013011443,0.07350952,0.060293462,0.043540906,0.11249818,-0.014710958,0.08050943,0.00091710954,-0.03467298,-0.007366373,0.022376522,-0.050600287,-0.0054430747,-0.009065471,0.0015556737,0.084282815,0.01857025,0.0087639075,-0.08197494,-0.04253356,0.085047096,0.009441103,0.091740735
online engineering degree courses,0.7272579,-0.46636006,-0.10360165,0.055038825,0.22383502,0.18615162,0.02275272,0.031975962,-0.18500544,-0.1038371,0.035568666,0.016725332,-0.1466127,-0.008490276,-0.1599196,0.03328416,0.014001933,0.0008955547,-0.05257743,0.014486025,0.019199224,0.06974887,0.0055007464,0.029961772,-0.11974853,0.06535404,-0.04506249,-0.049089897,0.0935544,-0.03180591,0.028785532,0.045432545,0.021980528,-0.01495857,0.022278436,0.050279,0.007890678,0.016958673,-0.072710775,-0.016346967,-0.012240644,-0.013055961,-0.027324522,-0.024733806,-0.006965441,0.006645505,-0.027007852,-0.0348547,-0.018628253,0.002239673
system engineering education,0.7764861,0.29387158,0.14330675,0.105965115,0.17611597,-0.19457096,0.19601414,-0.06057592,0.0020513476,-0.043162655,0.1867156,0.09804877,-0.003056899,-0.014154948,0.04715288,0.0670112,0.14370735,0.038491573,0.12511063,0.004508257,0.03513986,-0.0035015473,0.121998385,0.0059147133,-0.0382626,-0.042705573,0.0039105774,0.009837293,0.032537118,0.09338928,-0.018144403,0.07514206,0.08358525,0.09189875,-0.027294934,-0.051583324,-0.061941892,-0.022677174,-0.01464367,-0.050477494,0.013757433,-0.07056537,-0.04735673,-0.022742078,0.007819977,-0.07200011,0.009701921,-0.028735163,0.038900055,0.0050019883
cloud computing architecture,0.3266717,0.18350963,0.10677647,0.19197313,-0.35697547,0.23212335,-0.25352457,-0.023284879,0.0507949,-0.07010923,-0.23427054,-0.08510714,-0.17704313,0.22916804,0.040935494,0.24347663,0.033889294,-0.061073087,-0.09589637,-0.37644386,-0.08852845,0.015800498,-0.19411048,0.20294951,-0.16530097,0.113084346,0.09734737,0.046987552,0.008215714,0.061723806,0.08027102,-0.041666914,0.0058032027,0.09549784,0.01215971,-0.13148762,-0.075650245,-0.02993867,-0.010167036,-0.008653084,-0.00094877597,-0.03080588,-0.016219232,-0.050990902,0.008994484,0.028334225,-0.0083082635,-0.04577531,0.01109688,-0.061809026
mechatronic systems engineering,0.6202327,0.45632136,-0.04901627,0.033123672,0.060920876,-0.0143273035,0.06085903,0.15263346,-0.13165836,0.04403433,-0.01887081,0.023103312,0.0046894937,0.07992152,0.0029371702,-0.13599934,-0.031891882,-0.014377295,0.054687,0.12359125,-0.06956713,-0.033259127,0.028706579,0.22713801,0.17994113,0.007495654,0.16870053,0.058711436,-0.10979107,0.13469405,-0.0033572488,0.14667884,-0.17480339,-0.038118992,0.002151903,-0.048308164,-0.0016787134,-0.11482869,-0.14353834,0.11756904,0.11853128,0.017178658,-0.066138536,-0.024156703,-0.113975964,-0.03897745,-0.045689605,-0.008074413,-0.12048925,0.035049826
computer systems engineering,0.70761144,0.4658218,0.14448404,0.23386694,0.028337887,-0.04146473,0.052786168,0.13162379,-0.016684763,-0.030623946,-0.03199723,0.07239574,-0.064164996,0.1653442,0.06838971,0.07201152,-0.12904854,-0.14268304,-0.030379778,0.024341695,-0.11378951,0.072357304,-0.063749745,-0.030230435,-0.026037034,0.08125661,0.032802,-0.012561027,-0.0750228,-0.04740348,-0.107858494,0.0017218469,0.079288036,0.004500562,-0.051330555,0.03867727,-0.0055650556,-0.10628769,0.052127223,-0.021700853,-0.05433814,-0.030038312,-0.059851203,0.101275556,-0.00898468,-0.025707647,-0.030258102,-0.028323662,0.0017659102,-0.021631127
energy and power engineering,0.37628534,0.19952956,-0.16491492,-0.16890343,0.05928874,0.051621836,0.095570035,0.4457777,-0.22306313,-0.09329177,-0.09612617,-0.084512785,-0.24503292,-0.0040377188,-0.038644936,0.036904823,-0.04259353,0.14175949,-0.10026164,-0.19241129,0.064591676,0.037104987,0.1768099,0.14699362,0.06917186,-0.035144158,-0.09038568,0.017579338,0.111810036,-0.13721676,0.012841727,-0.11314364,-0.048077323,-0.016279392,-0.09094277,-0.043848343,-0.2295884,0.00869593,0.22529387,-0.109449275,0.06428085,-0.024518058,-0.031189857,0.021183323,0.18806916,0.053081974,-0.15574075,0.08759054,-0.13339244,0.050315946
enterprise architecture system,0.5002385,0.37849748,0.20912306,0.119158834,-0.2806765,0.14272803,-0.21445729,-0.0642854,-0.02523105,-0.117504954,-0.2145707,-0.16299589,-0.054904837,0.15092348,0.014141961,0.043003153,0.0232039,0.045749284,0.11740495,-0.027147312,0.15318532,-0.10971858,-0.073629834,-0.095339574,-0.09948597,-0.0368691,0.12289265,-0.031048188,-0.110479385,-0.069238864,0.020997943,0.15932377,0.1141609,0.16785194,0.027605196,0.108854,0.011137946,0.007027246,-0.10130096,-0.056889426,0.2311246,-0.023461921,-0.017005067,0.020234907,0.01883839,-0.0109768445,0.06681446,0.1263312,0.016600078,0.0612639
ms engineer,0.6918588,0.14777385,-0.10547047,-0.10044172,-0.09265051,-0.07591116,0.010211292,0.27634192,0.11528329,-0.13460739,0.35991472,-0.166977,-0.020115428,0.140345,-0.013923179,-0.17304634,0.060267802,0.042243864,0.06123399,-0.0145422965,-0.10623119,0.053398967,0.03347192,-0.124928825,0.044341914,0.025798947,-0.012727217,-0.014611906,-0.0027124956,0.0483125,0.025012715,-0.006329316,-0.037040625,-0.03091927,0.0051042596,0.055187933,-0.066284396,-0.11786503,-0.03177645,0.061927807,-0.06680062,0.10119903,0.079112366,-0.17153493,-0.07317828,0.08522661,-0.043552596,0.08855342,-0.004168388,0.029129328
engineering masters uk,0.6776948,-0.120652735,-0.17916666,-0.29251572,-0.06777024,0.007735017,0.20635776,0.07488044,0.069506004,-0.23969448,0.2858076,-0.076683454,-0.23962383,-0.023900412,-0.049985293,-0.07542528,0.028959699,0.105299845,-0.18306395,-0.020562442,0.11855644,-0.04499149,-0.09764669,-0.09368785,-0.035943374,0.055372912,0.028673287,-0.017922847,0.03180006,0.13483638,-0.023918742,-0.036693357,-0.013123976,0.030992065,-0.0077984617,-0.118773594,-0.02414398,0.037985332,-0.08789672,-0.006050171,-0.040176634,-0.018225456,0.032082565,0.020264432,0.019303476,0.019517038,-0.044491816,0.036608294,-0.0024307584,-0.01461352
mit system engineering,0.7493382,0.39277643,0.19342363,-0.30885267,-0.02699579,0.1343425,0.12878035,-0.068557605,-0.10983465,0.0639124,0.06800285,0.15855403,0.115343556,-0.004401691,-0.08001457,0.04999062,-0.09884314,0.041998282,0.008420713,-0.0031623812,0.010195765,0.04991521,-0.02623909,0.07823517,0.03141242,0.058052674,-0.03633983,0.011388112,-0.036155306,0.027566152,-0.02169815,0.02407222,0.011711701,-0.03736497,0.05367065,0.047714144,-0.02073936,0.017336572,0.0072327987,0.016552724,-0.01424496,-0.012090593,-0.0016802648,0.037220642,0.034044143,0.0026006931,-0.016262168,0.03776547,0.024545673,0.01817576
mit course ware,0.6171166,-0.22890894,0.106761,-0.34221718,-0.19020824,0.19336756,0.38893136,-0.039295875,0.03778467,0.10805213,-0.041295525,0.07532628,0.24714711,0.08787976,0.044481106,-0.0004565313,-0.05304979,-0.050941337,0.046393596,-0.0749906,-0.13158715,-0.02561665,0.016770963,-0.047904216,-0.017877337,0.05970224,-0.008695373,-0.07041492,-0.059402537,-0.07978934,-0.09227916,0.039721508,0.05962611,-0.014146151,0.055324804,-0.0059221224,0.025292113,0.030495651,-0.074090794,0.012015543,-0.03591612,-0.03200865,-0.010419596,0.06366177,0.026158562,0.09459148,0.08439195,-0.1208405,0.064093746,0.044452295
embedded programming,0.48636281,0.3082623,-0.0717379,0.20036322,0.0011082076,0.24939987,-0.22437474,0.3298598,0.18302646,-0.07669572,-0.20022418,0.29449168,0.09653523,-0.31860903,0.11374512,-0.04711582,0.057959557,0.06419984,-0.07408911,0.050838184,-0.16301529,-0.012667491,-0.028319767,-0.12616527,0.03537819,-0.03639677,-0.07561301,-0.022603344,0.05164511,-0.017322015,-0.048950553,0.088271074,-0.024782944,0.03819779,-0.070186324,0.03725988,0.081308454,-0.0004044231,-0.024350751,-0.0373146,-0.01687353,0.049334347,0.015697774,-0.029895995,0.021470144,0.051387552,-0.057849143,0.0040242425,0.020697221,-0.029862324
aircraft engineering,0.5853995,0.32312626,-0.57509726,0.040979177,0.017103216,-0.05939181,0.012160521,0.0036059164,-0.041283455,-0.097933225,-0.031753752,-0.17794052,0.08828901,0.11683053,-0.060799282,0.035871554,0.045388494,-0.03055086,-0.015980966,0.08370518,-0.03851979,0.034679167,-0.08898456,-0.03998256,0.13912536,0.13248248,0.04118908,0.004531463,0.025403194,-0.05110063,0.050365303,-0.057639655,0.046006363,-0.016525015,0.003925707,0.020742657,-0.0022672405,0.014827625,0.1257114,0.048805214,0.049978685,-0.035681587,-0.12247084,0.09163011,-0.11571291,0.10480566,-0.052828446,0.0093825925,0.00087138946,-0.015553641
marine propulsion engine,0.28397018,0.13412438,-0.35479084,-0.21290319,0.014656049,0.010509674,-0.07908709,0.137849,-0.077810414,0.55902666,0.02503429,-0.101367354,-0.25716877,-0.024801854,0.021032164,0.026723672,0.059348654,0.11677111,0.09511805,-0.035733406,-0.051898308,-0.049166292,-0.12435551,0.01504196,-0.085807055,-0.09608189,-0.08317596,0.073701106,0.15015227,0.10443693,0.031713367,-0.074392244,0.16205262,0.11327316,-0.11991701,0.075137906,0.041711196,0.054616325,-0.004608926,0.20310892,-0.09412951,0.1315439,-0.06521711,-0.03374912,-0.12108153,-0.08317959,0.13885623,0.09469625,0.050615,-0.030464992
aerospace and engineering,0.62203085,0.19474347,-0.69319546,-0.030228714,-0.05712983,-0.09753694,-0.03665453,-0.053937297,-0.002835771,-0.037757996,0.018551093,-0.04811264,0.1252856,0.08015356,-0.05324095,0.0039156005,0.059625987,-0.040790696,-0.01083564,-0.05492181,-0.013150144,0.060168326,0.05704289,0.029920842,0.045760572,-0.017179145,-0.017989539,-0.070290305,-0.004098814,-0.046043824,-0.017621817,0.028510397,0.012640408,0.0051055853,-0.01937484,-0.038882796,-0.05029168,0.020269416,0.04434583,-0.06882185,-0.017782168,0.072022565,0.004539543,-0.022075597,-0.032417927,-0.030594578,-0.02195708,0.006354522,0.0042529902,0.012692324
embedded engineering,0.57176864,0.4119386,-0.17043866,-0.03376302,0.04875788,0.14376435,-0.27760613,0.35074732,0.06438964,-0.16355287,-0.1477735,0.22677587,0.01565248,-0.1908795,-0.17478766,-0.04810724,0.11906585,0.041890766,-0.10813192,-0.0037862696,-0.008932895,-0.03795105,0.0286908,-0.033188883,0.031718787,0.06953712,-0.10006222,-0.012819439,0.04336849,-0.046613447,-0.082902,0.0075878226,-0.046943586,0.032964148,0.0295416,0.050910298,0.015403096,0.0074938247,0.045727264,0.008702158,-0.014352467,0.039993636,0.018826691,0.0032901613,-0.012174879,-0.06227185,-0.045199078,0.0012021388,-0.028202659,0.004664613
mit model based systems engineering certification,0.65729463,0.18902367,0.4067984,-0.32655048,0.17397575,-0.047455866,-0.10430217,-0.24519952,-0.045413155,0.07292324,-0.032121874,-0.15289395,0.101679586,-0.18847466,-0.062127985,-0.038747594,0.011427611,-0.08567341,-0.109715216,-0.10933196,-0.048552576,0.04493573,0.0067435256,0.02822101,0.038487703,-0.08366678,0.03504547,0.09025343,0.011100895,-0.023906779,-0.054519627,0.010443199,-0.011558503,-0.020218661,0.049248576,0.0020905745,-0.0070788176,0.03756009,-0.032234807,0.0121911345,-0.046146248,0.012509824,0.007361426,-0.024751354,0.014025583,-0.03658151,-0.03190128,0.0638139,0.0042003742,-0.007320956
model based systems engineering course,0.6948615,0.26968533,0.2706459,0.15915644,0.25773668,-0.0033757554,0.18665642,-0.24307896,-0.012112613,0.062136658,-0.06196874,-0.22792664,0.0055379216,-0.18832363,-0.06043689,-0.061314836,-0.06215201,-0.07865731,-0.0824475,-0.12722754,-0.11970153,-0.11937672,0.0024103327,-0.051608503,0.040539704,-0.07069259,0.018686116,0.004409737,0.012990097,0.049164336,0.032189153,0.012084624,-0.0025639138,-0.011654593,-0.017089488,-0.0012570695,0.018516952,0.0072430666,0.03299292,0.021745527,-0.013288911,0.009512062,0.024411596,-0.042513724,0.0093108285,-0.021267075,0.025199262,0.02348562,-0.005037243,0.030139355
online certificate courses in engineering,0.7096555,-0.49469143,0.005913589,-0.14276594,0.35029137,0.065524384,-0.0762681,0.054053288,-0.1420797,-0.058332257,-0.09913754,0.0007086374,-0.08151491,0.06955989,-0.061242837,0.007363882,0.085350305,-0.00029932792,-0.08316529,0.026112419,0.051770557,0.04851187,0.064947955,-0.04280936,-0.08330512,0.033866238,-0.00072525593,-0.036863208,0.046957448,-0.009901826,0.037436113,0.032768823,-0.00016845645,0.014007724,-0.021128261,0.02890353,0.031949714,0.00047758702,-0.016278503,-0.014114213,0.014425938,0.0021804895,-0.011619383,-0.020118501,-0.014836488,0.0077595147,-0.014982908,-0.04495459,0.01723813,-0.008914171
mbse course,0.6030223,-0.14617424,0.02948818,-0.18165134,-0.047866132,0.03718003,0.051438782,0.049253426,0.65121,-0.022598004,0.13658091,-0.0933718,-0.19725038,0.07247131,-0.067645244,0.009662617,-0.13120584,-0.11458985,0.010636231,0.012933941,-0.11011792,-0.036405966,0.0593418,0.028772565,0.008911156,-0.035245035,-0.04621102,-0.04705516,0.02230647,0.010531137,0.040286213,0.032246217,0.0113543775,-0.018943982,-3.2254415e-05,-0.026407322,0.04764787,0.021594802,-0.02459772,-0.037326645,-0.018710941,-0.029016772,-0.027020797,-0.035627667,0.007883102,-0.0058738617,-0.004118744,0.015839307,-0.022720499,0.06508709
system engineering training course,0.80457956,0.16521814,0.1729708,0.11619837,0.28862187,-0.15394472,0.2698116,-0.027650781,0.1632248,-0.011369611,0.031434532,0.025641927,0.022314917,0.0060576224,0.07713222,0.08227769,0.07980932,0.0797735,0.051504556,-0.016945293,0.014806834,-0.09595514,-0.00087456906,0.008698224,-0.09239688,-0.0039552534,-0.033904362,0.025476743,-0.07572781,0.020979732,-0.04008831,-0.0035370511,0.0052678115,-0.043455284,-0.023939135,-0.037851714,0.0037832155,0.03183745,-0.021620112,0.04613561,0.06743282,-0.0009574565,-0.014328949,0.007984034,0.046969872,-0.027996838,0.020546468,-0.004930386,-0.022640815,0.008023226
mit systems architecture,0.63904434,0.39882535,0.23265912,-0.21194255,-0.23711053,0.30245507,-0.00474423,-0.28474292,-0.047216475,0.022103587,-0.10732747,0.108589515,0.016717004,0.011072552,-0.074563995,0.057796445,0.027378267,0.058834534,0.052742526,0.012196101,0.08314459,0.08297941,0.017324975,0.11267533,-0.035775695,-0.03704835,0.058024697,0.019121207,-0.031670675,0.036501393,0.05219964,-0.011760989,0.0016822331,-0.06659666,0.023599075,0.05895729,-0.0065801973,0.0388373,-0.06047019,-0.00094200403,0.0022893904,-0.014520003,0.026365656,-0.03637961,0.012954197,0.02499448,-0.046706446,0.009334952,0.06946424,0.0075821406
online certification courses for engineering,0.6810945,-0.49823755,0.017496597,-0.11204111,0.4164411,0.07401286,-0.09654532,0.03369404,-0.06907189,-0.063545264,-0.10757573,-0.01625741,-0.062004115,0.04699772,-0.036597904,-0.0077760285,0.1102368,-0.006707819,-0.095002934,0.0043326835,0.054676775,0.11104685,0.010316277,0.008543536,-0.011431612,-0.012872983,0.009921534,0.051954985,0.055595607,-0.027002975,0.0132142175,0.025201878,0.0016681933,-0.009172881,0.0011294819,0.035093255,0.028680773,0.04684635,-0.05375002,-0.031967934,0.00036017192,-0.01575079,0.00080387265,-0.012319374,-0.02541064,-0.026424438,-0.04509268,-0.025618894,-0.014255487,-0.014243583
linux engineer,0.590098,0.1814792,-0.104486145,-0.065728925,-0.032105174,0.11089947,0.07393479,0.333958,0.019138075,-0.22134876,0.14327447,0.061347418,-0.030496197,0.045628287,-0.021833235,-0.0321683,0.088923015,0.07097377,0.11103296,-0.03641155,-0.17065041,0.16951774,-0.275902,-0.15794465,0.1806069,-0.018679073,-0.008514783,-0.06757458,0.010828264,0.024761263,0.12834056,0.10900464,-0.052550197,-0.12875639,0.1001191,-0.15732533,0.101978466,0.03384703,-0.06996097,0.05996296,0.01303057,0.0934175,0.010835175,0.1738922,0.11994189,-0.06251045,0.03186833,0.03612003,0.04553708,0.08250378
aviation engineer,0.58324283,0.21076821,-0.52834934,-0.08317424,-0.09206082,-0.10353587,0.006678994,0.0662758,-0.0033232742,-0.17277405,0.18911083,-0.15098163,0.08938059,0.09426752,0.010759839,-0.07385396,0.14804512,-0.10909431,0.09349425,-0.03262187,-0.025784524,0.062614195,-0.12035764,-0.095365375,0.17575172,0.070850566,0.044450928,0.045161873,0.019363152,-0.032145478,0.13976687,-0.04891829,0.041490223,-0.058902778,0.0188027,0.06309683,0.08205729,0.013625641,0.054844193,0.07515996,0.08426714,0.035994574,0.0043791593,-0.07040543,0.019129787,0.003340946,-0.075253084,0.090091206,0.06207385,-0.05746103
embedded systems engineering,0.57484245,0.5596316,-0.014278758,0.07799405,0.11038426,0.09472288,-0.25643826,0.17288849,0.088546775,-0.07505808,-0.09690234,0.3107536,0.0021443914,-0.17224117,-0.09545071,-0.056226514,0.10242131,-0.017225197,-0.0726945,-0.011939831,0.00801911,-0.058725573,0.033011112,-0.009552148,-0.018362477,0.12226283,-0.062292784,-0.015494061,0.040415496,-0.0770573,-0.07573609,-0.0060698,-0.020835297,0.04115498,-0.007858903,0.046980456,0.025629336,0.024497265,0.06596614,0.024047768,-0.01636522,0.041145433,0.00235209,-0.019611122,-0.0076466873,-0.06580151,-0.025585886,0.0076991743,-0.012995844,0.005833196
mit systems engineering certificate,0.68626106,0.00861359,0.32719973,-0.53055584,0.04153592,-0.14986983,-0.15286706,-0.11478683,-0.13062622,0.076321274,-0.03341413,0.14060576,0.07556243,0.030977119,0.002945746,0.035731655,0.052539248,-0.020112526,0.009049077,0.0032137649,0.005528463,-0.06067117,0.035906658,0.009330305,-0.051890828,0.048498455,-0.0065659177,0.0066133933,-0.008560144,0.047876164,0.014082413,-0.0464907,0.00977455,-0.064720444,0.02613257,0.004753123,-0.030517872,-0.0014798983,0.027248794,0.015919102,-0.0002512941,0.021848788,-0.010195019,-0.015212291,0.01362686,0.035408504,0.0036845936,0.015731163,0.017345956,0.0052385493
sysml training,0.46749818,0.07611723,0.12082524,0.034144785,0.16695723,0.050533067,0.122052215,-0.042935614,0.32968813,0.062881045,-0.038980905,-0.10619385,0.113843635,-0.11678795,0.20638138,-0.062192462,0.094037965,0.06620623,0.14901516,0.047238022,0.052671205,0.04413106,-0.2371601,-0.05511204,-0.099415995,-0.044006195,-0.075498156,0.03330413,-0.23582593,-0.20360637,0.044777866,-0.07579791,-0.2442429,-0.11902453,0.009362279,0.03710469,-0.16983539,-0.18850228,0.0009410177,-0.21075894,-0.061292,0.056356836,-0.21708132,-0.18454535,0.08786402,0.03924203,0.032781247,0.02069208,7.282178e-05,-0.07833283
control systems course,0.6796859,0.06794932,0.10610258,0.15515381,0.19658814,-0.027116522,0.30107808,-0.06997241,0.0718869,0.1646048,-0.15294369,0.13567078,-0.098181345,-0.052092545,0.12553744,-0.22237793,-0.013571445,-0.083522655,0.047820933,0.027811414,0.0051366775,-0.15070911,-0.013186775,0.11277002,0.10794067,-0.042453535,0.07688379,0.029737025,-0.083011165,0.11973519,0.19182171,-0.03651235,0.015437521,-0.13483873,-0.084383205,-0.094492674,0.029319951,0.032421153,0.017036011,-0.116388336,0.061581086,-0.013192146,0.019781088,-0.06297868,-0.044002753,0.14336619,-0.029064778,0.009814767,-0.031315185,0.055850606
systems engineer education requirements,0.76803803,0.21969473,0.1388799,0.14787692,0.1474215,-0.27332452,0.14297695,-0.09166077,0.008241099,-0.0756381,0.19232045,0.102521144,-0.043244157,0.02877914,0.011592167,0.0741795,0.21908547,0.089776956,0.008752495,0.048582334,0.03309346,0.029829172,0.022186598,0.0417622,-0.006302218,-0.027075173,0.04410202,0.0065632006,0.02984026,0.021841394,0.035431404,0.06677412,0.0469328,0.13149947,-0.022908488,-0.07089389,-0.09146682,0.015728418,-0.033574782,-0.02411412,-0.012779248,0.0058879377,-0.030167103,-0.12851351,0.045623537,-0.008131891,-0.0055806036,-0.06182454,0.0009030228,-0.047313366
aerospace universities,0.55312383,-0.015644528,-0.6628306,0.017624404,-0.11760196,-0.11540972,-0.06686267,-0.25942588,0.07700896,-0.028705832,-0.06976316,0.056313977,0.05005526,-0.064321,-0.06222704,0.035963487,-0.10998645,-0.06903308,0.098614395,-0.0047272625,0.03300203,0.0034754483,0.060910836,-0.043512795,-0.11414105,-0.0059583243,0.017889729,0.061231773,0.03806084,0.116705805,-0.13700964,0.054400165,-0.058464143,0.05897405,0.088104784,-0.0959979,-0.012854935,-0.05948661,-0.0023370418,-0.017226439,-0.03687257,0.07332833,0.06901256,0.022670098,0.0145542845,0.024915393,-0.0013475223,0.010936664,-0.013200064,-0.019035872
aerospace programs,0.58907944,0.083566874,-0.6690867,0.11882281,-0.054228365,-0.13679452,-0.065524235,-0.1715396,0.09326161,-0.019927984,-0.0762194,0.007644579,0.11246532,-0.102674216,0.14294378,0.050918557,-0.16860893,0.09828,0.03430853,0.032724425,-0.022058852,0.07761315,0.023605946,0.032853637,-0.0060086623,-0.010864533,-0.023463408,-0.07298586,0.02984081,-0.006106746,-0.010336488,0.03697997,-0.031973805,0.012232282,-0.005174818,-0.027439917,-0.021330895,0.022086566,-0.030683978,-0.017942358,-0.019346148,0.002470809,0.0450945,-0.031792887,-0.009468271,-0.0011132585,-0.03476665,0.04128878,-0.009740795,0.0074933404
mit mbse,0.5288565,-0.0075180903,0.1054261,-0.4659206,-0.25557443,0.16454527,-0.03461008,-0.007843452,0.46449435,0.0397774,0.23093176,0.03148864,-0.023498924,0.05731641,-0.11816693,0.044561964,-0.18637569,-0.10082434,0.09165346,-0.01830405,-0.08397472,-0.003207481,0.087062605,0.010883016,0.09015954,0.0054696216,0.0059706983,0.013402144,0.034873232,0.0086639365,0.06902037,0.07012633,0.014884393,0.05224091,-0.03845683,-0.021694267,0.018462786,0.028695581,0.010841535,0.00014211456,-0.015557175,-0.006170986,-0.03762065,0.012454409,0.068877175,-0.006492906,0.03674625,-0.048641857,0.0019459688,0.051741585
mit model based systems engineering,0.5866894,0.43697736,0.3332822,-0.20293479,0.069105946,0.16859457,0.036062937,-0.26942602,-0.13511351,0.106836244,0.051782243,-0.13071689,0.13568804,-0.23497108,-0.1632945,0.0037225352,-0.12813425,-0.025114011,-0.09526216,-0.09226818,-0.048323907,0.015422961,0.011911704,0.022527471,0.00022926742,-0.027220523,0.0063720355,0.022238115,0.011174318,0.02541061,0.005138526,-0.00026266635,0.013091664,0.01054136,0.060348675,0.05513184,0.0349383,0.004124311,-0.01583275,0.0046548503,-0.037210368,0.020101849,0.008277379,-0.021566845,0.033194385,0.0005922808,0.0017040987,0.04407435,0.035541482,0.026765086
incose certification,0.37765,-0.25111434,0.051265705,-0.24577472,0.045557585,-0.16890448,-0.24155116,0.12567769,0.050945908,-0.051766925,-0.1757144,-0.1021197,0.020046536,0.07919822,0.06928343,-0.23182963,0.041091967,-0.098107435,0.16136892,0.013187136,0.013938607,-0.06155723,-0.14656678,0.2019534,0.14541592,-0.19107044,-0.053696435,-0.16154256,0.21301433,-0.025652329,-0.3471108,-0.070510715,-0.15840681,0.011402501,0.07325156,0.067719705,-0.087417684,0.045212306,-0.077483125,0.18412156,0.08080855,-0.19817302,-0.06637441,-0.033782747,0.076080844,-0.0095599005,0.019387102,-0.021728922,0.0999789,-0.002086645
electrical engineering certificate online,0.5408065,-0.37420812,0.040547147,-0.2636601,0.28894186,-0.07197652,-0.30241635,0.2526949,-0.28341517,-0.10956542,-0.0743529,-0.0005590264,-0.12681326,0.05515731,0.083068445,0.05284518,-0.042178303,-0.15306897,0.072491795,-0.116410606,0.15306754,-0.119199306,0.10794252,0.026852379,0.029989893,-0.017988376,0.004469076,0.049755014,-0.081468016,-0.03401552,0.057410926,-0.0863213,0.02220321,-0.004772158,-0.0023206514,-0.020551398,0.015793908,0.006500464,-0.0008418747,-0.0045484733,0.037941523,0.043519985,-0.010025215,0.002790594,0.018329559,0.044496324,0.040631898,0.007006839,0.011095519,-0.023648757
engineering foundation degree,0.6671933,-0.16403152,-0.14393221,-0.1734843,-0.14248446,-0.18530723,0.060234632,0.020471074,-0.15218881,-0.26500693,0.12669621,0.035602447,-0.21184812,-0.1392474,-0.15411624,-0.04896317,0.17190154,0.03449904,-0.0014517758,0.032610066,-0.102649175,-0.045500077,-0.0745587,-0.027472772,-0.11342594,0.037851032,-0.12697256,-0.0033577636,0.010965148,0.009135423,0.08780099,-0.009878833,-0.1166755,-0.106116146,0.10861851,-0.068502806,-0.11864653,0.07949815,0.04519322,-0.025768308,0.029342445,-0.12209502,-0.029814519,0.15299155,-0.06041848,0.014961713,0.051244836,-0.062056404,0.09060375,0.07111423
aerospace degree,0.56321275,-0.046112694,-0.65310144,0.02366128,-0.1672273,-0.20110588,-0.088732906,-0.25425088,-0.031159228,-0.04646024,0.08581674,0.02164424,0.020656483,-0.13999166,0.006831611,0.0446078,0.09655622,-0.12524992,-0.0015370715,0.020315198,-0.09339066,-0.036868148,-0.04004296,0.10074894,-0.07736536,-0.022746334,-0.05770693,-0.042252433,-0.0450941,-0.069738306,-0.0037745414,0.010733462,-0.009496045,-0.06353798,0.016383564,-0.019430395,0.020633468,-0.055931,-0.004220625,-0.020479728,-0.0040736706,0.0059049823,0.041197255,-0.022290193,-0.0026946894,-0.023820592,0.03632574,0.026152438,-0.00979074,-0.0050634122
systems development engineer,0.7174626,0.38374338,0.15299855,0.13160582,0.03570498,-0.17670019,0.056726955,0.081975155,-0.015572038,-0.12898347,0.26908785,0.027749594,0.038135294,0.105219714,0.09534109,-0.06840554,0.14501233,0.03840158,0.13451709,-0.043840915,-0.07381728,0.08439019,-0.03670835,-0.11240155,0.10308856,0.009968068,0.027740648,-0.0571308,-0.06544932,-0.030112343,0.087074555,0.027756784,0.006124837,0.06971555,0.0274639,0.01573925,-0.0005455422,-0.007926443,0.06008567,0.050677937,-0.073223315,0.01810221,0.0030612303,-0.06262647,-0.013663553,0.10047121,-0.008411936,-0.05703945,-0.075675026,0.0015426973
mis course,0.40501347,-0.17311078,0.0031092558,0.044642854,-0.078908056,-0.015472227,0.21486618,0.109502316,0.16290615,0.09497993,-0.102417156,-0.040360726,0.05946918,0.13697712,0.06397576,-0.21463384,0.046620842,-0.20267707,0.23723881,-0.15921655,0.11656864,-0.0639011,0.055734597,-0.06665985,0.00026137,0.03909696,-0.19980446,-0.15655036,-0.019904926,0.096920386,-0.12803654,-0.0017652127,0.18332255,-0.17077595,0.22861698,-0.02656083,0.26310697,0.17405535,-0.1948599,-0.14130972,-0.15456764,-0.03718299,-0.10111379,-0.12084777,-0.015838698,0.13344133,-0.105534196,-0.055678673,-0.14511994,-0.017984983
mbse certificate,0.36378664,-0.20713633,0.21985945,-0.46964303,0.013537832,-0.23591694,-0.39906695,0.0086609265,0.41656855,0.017340798,0.080964796,-0.05593766,-0.21146703,0.0911982,-0.058112934,0.059278265,-0.05943403,-0.14103505,-0.051837943,0.071484916,-0.07001504,-0.084977046,0.138695,-0.00053793634,-0.016339393,0.0010185351,0.006058637,-0.053478308,0.0059881727,0.057046458,0.048369426,0.04777387,0.0063657057,0.028595652,-0.061006006,-0.09688494,0.027893923,-0.012455498,0.036546737,-0.0028809977,-0.0010943502,0.0050683245,-0.028651448,-0.037816927,-0.0060998537,0.015274592,0.01194137,-0.02245452,0.05342924,0.035913933
best online courses,0.5596043,-0.6008649,-0.060353875,0.18558596,0.16858646,0.3240314,0.06865722,-0.037820432,0.11395012,0.07299237,-0.09133563,-0.018304704,-0.031444997,0.06872586,-0.040022798,-0.10848502,-0.047582284,-0.032908462,-0.02260867,-0.017897323,0.05722263,0.15170632,0.011821552,-0.07698516,0.015518346,-0.021448178,0.038668007,-0.054942988,0.02237666,-0.0066314745,0.010954549,-0.0057325987,-0.014024859,-0.095516264,-0.042970262,0.011710053,-0.037170827,0.052829534,0.07851835,0.002788052,0.016205566,0.0108862305,-0.097975805,-0.022054046,-0.041112438,-0.09327925,0.08605032,-0.08646258,0.010961531,0.046160594
software engineer institute,0.7865942,-0.017021803,-0.0027784577,-0.025135646,-0.20557381,-0.030010942,0.07084935,0.14748181,-0.041402936,-0.20342782,0.037228253,-0.011424099,0.038973086,0.024575869,0.15145747,0.06032475,-0.044932615,-0.024670012,0.09482302,-0.010360725,-0.19450268,0.11889107,-0.009627598,-0.08510611,-0.12042878,0.05156906,-0.078186035,0.03258406,0.060856327,0.15856187,-0.020926425,0.030721065,-0.15088129,0.030744085,-0.02810599,0.01577547,0.1592971,0.12208447,-0.024871206,0.106690615,-0.12923583,-0.032536305,-0.039068177,-0.0012325657,-0.028925197,-0.04415557,-0.03502036,-0.031171886,-0.0952619,0.033503845
embedded systems programmer,0.5702566,0.40505838,-0.011458343,0.24423711,0.02328831,0.0997898,-0.21406169,0.1961958,0.17402877,-0.06863222,0.007209628,0.38953558,0.035654515,-0.25631997,0.13127002,-0.097895406,0.12808742,0.003736778,-0.01037093,-0.012344003,-0.117884874,-0.017796572,-0.03759915,-0.07806299,0.024922527,-0.056178376,-0.002513081,-0.014538981,0.027985057,-0.02032426,0.026536526,0.08193381,0.009015028,0.017465621,-0.060287744,0.045891907,0.06268518,0.048371196,0.029792132,0.044359937,0.017320413,0.057137854,-0.024469504,-0.023239573,0.05019888,0.03217791,-0.021674838,-0.012787007,0.015162839,-0.013419204
gis certification programs,0.5365688,-0.24189636,0.20593417,-0.120296426,0.05273078,-0.30407354,-0.18534648,-0.018536838,0.11447931,-0.06197096,-0.22713934,0.070033126,-0.09490242,-0.1400952,0.27946782,-0.11313941,-0.0046308935,0.18369395,0.01876541,-0.09099692,-0.04573023,0.3279562,-0.02875722,0.18014513,0.14765698,-0.00085420796,-0.07074277,0.08704748,-0.018055318,0.042113848,0.035569295,-0.0039320467,0.07667235,0.049121253,0.04307324,0.042720392,0.008178007,-0.030259004,0.0071108686,-0.0072086747,-0.030162789,-0.031134207,-0.059894428,0.06397853,0.002906506,-0.066534996,0.06053395,0.01702573,-0.13984661,-0.011451368
system engineering schools,0.7987474,0.25038236,0.08868388,0.05541377,0.14794753,-0.10431688,0.18528828,-0.10232701,-0.007927975,-0.0508285,0.10074022,0.14468007,-0.03568067,-0.03424741,0.10341187,0.017792862,0.012096374,0.08985084,0.13660012,-0.004127716,0.035487726,-0.008468323,0.18368377,-0.015378337,-0.007325625,-0.06265963,0.045258537,0.10491453,0.12051542,0.18312253,-0.0021262318,0.04645704,0.027414408,0.010059847,-0.010317851,-0.055751216,-0.09928334,-0.04952764,-0.005618074,-0.109916985,-0.02175233,-0.049754947,0.029446179,-0.008519403,-0.009646806,-0.02102652,1.8023162e-05,0.007919397,0.012190715,0.032151073
rocket engine,0.31045204,0.18987101,-0.39947447,-0.104296334,-0.04099224,0.07099468,-0.03302697,0.20820552,0.011681616,0.44327518,0.019787159,-0.19003636,-0.14165439,0.059821393,0.076096885,0.09432344,0.11858907,0.006638227,0.124851756,-0.15074016,-0.14908756,-0.115382336,-0.028942736,-0.013274956,-0.068848655,0.023282282,-0.008558816,-0.064702794,0.16668697,0.21717131,-0.057889644,-0.055646714,0.07431694,-0.19987427,-0.04237219,-0.06311815,0.14139538,-0.043844126,0.071617,-0.13362318,0.14245375,-0.101701714,-0.05306818,-0.0356796,0.035839908,-0.14965196,0.00814539,0.16715468,-0.059722323,-0.09188447
embedded systems development,0.4870747,0.51443917,0.032846823,0.14058357,0.057614956,0.09546781,-0.27897346,0.17178744,0.16154037,-0.04923978,-0.13407739,0.37731636,0.058131877,-0.21942791,-0.04377445,-0.13158329,0.17701729,0.0005591123,-0.028287422,-0.0032912497,0.017493978,-0.08669259,-0.032713976,-0.033415083,0.02324575,0.064753786,-0.008321285,-0.036759287,-0.009630774,-0.02449099,0.04620131,-0.031346485,0.0003006372,0.098437645,0.057351414,-0.02952006,0.027474442,0.06518831,0.058047846,0.014287272,-0.057943415,-0.034709036,0.023458652,-0.047088254,-0.06174543,0.0381436,0.026983928,-0.037531175,-0.09250575,0.006023744
aerospace aeronautical,0.4902588,0.18264791,-0.72169304,-0.0014235777,-0.09096327,-0.09334268,-0.06682159,-0.16465136,0.09137477,0.066142894,0.009654577,-0.04011924,0.109859094,0.07561091,0.023226358,0.04318627,0.0423455,-0.18402238,0.030888258,0.050425936,0.062254034,-0.018948546,-0.0750551,-0.06568681,0.12420863,0.0399331,0.0016977988,0.057645503,-0.098835245,0.008980785,-0.004976442,-0.075782605,0.014867315,-0.0005539017,0.047987882,0.058249295,0.036311653,0.021679522,0.12266058,0.024430523,0.02832431,-0.034469284,-0.048182763,-0.025598058,0.00653926,-0.016307585,-0.0053448942,-0.037396096,0.053916544,0.001750315
information technology courses,0.692527,-0.360848,0.18115707,0.32867697,-0.16698675,-0.12521933,0.18894324,0.062174708,0.09386462,0.15096803,-0.14941835,-0.07788177,0.1153871,0.060253993,-0.14997628,0.044162907,0.06245543,0.033905108,-0.15900776,0.00023885253,0.035064127,0.012060091,0.07663485,0.0069151865,0.0107235825,-0.061766945,-0.058954127,0.03193665,0.0341272,0.029110014,0.020360745,0.028016541,-0.033182174,0.007163421,0.007409897,0.022745876,0.06034721,0.012394991,0.03738663,0.033508986,0.012003879,0.01820637,0.030528963,-0.02348611,0.027478866,0.06172123,-0.01135904,0.020867173,-0.0040976712,0.020626217
information technology certificate,0.5564854,-0.31745204,0.35880354,-0.10031288,-0.17004652,-0.36641356,-0.3457128,0.121136285,-0.071514554,0.15921225,-0.12994358,-0.1067128,0.10874513,0.124644935,0.00058512285,0.033988934,0.1181932,-0.094673745,-0.0512884,0.030386964,0.021261722,-0.07545513,0.088659,-0.04023361,-0.005453748,0.015350929,-0.038821336,0.022030557,-0.04877111,0.077381834,-0.03487413,-0.018516688,-0.012570278,-0.012880122,-0.029713325,-0.051145524,-0.028567556,-0.013301342,0.048288703,0.03039219,0.044640843,0.01956321,-0.017187119,-0.008163235,0.007663148,0.01900649,-0.01533661,-0.011293033,-0.0038674888,-0.015001803
electronic health records course,0.46778676,-0.38979772,0.09973011,0.13556904,-0.00437476,-0.06834485,0.05499636,0.113223694,0.12893255,0.0055841613,-0.24439245,-0.080375254,0.09515701,0.040399216,-0.067459136,0.022367928,-0.004330542,-0.16707139,0.117477715,0.05933664,0.2400381,-0.28460643,-0.2982278,0.05795172,0.05416151,0.06501366,0.1418271,-0.07092738,0.15282553,0.05937574,0.10440532,0.017819034,-0.02204529,-0.07008832,-0.15221408,0.143964,-0.058261838,-0.03651842,-0.018615287,-0.031003552,-0.22365367,0.02864068,0.05266655,0.009198166,0.07871656,-0.0789503,-0.049801797,0.021194432,-0.04731834,0.09268785
online certification courses,0.5907092,-0.6371532,0.13011277,0.060754858,0.29551345,0.09891239,-0.11603344,-0.03508514,0.037685107,0.0673646,-0.18101272,0.0006037358,-0.029180828,0.050379485,0.018305698,-0.107245244,0.06883873,-0.02469753,-0.024868788,0.009016969,0.013764597,0.12929781,-0.030672204,0.035093237,0.021847451,-0.04340494,0.076905474,0.03669923,-0.02162888,-0.044986818,-0.0018008237,0.018572055,0.04463935,-0.029638512,-0.03648786,-0.013259434,0.053594872,0.028385855,0.017488422,0.029054856,-0.02648226,-0.035556924,0.030923875,-0.021244887,-0.04038609,-0.039895173,-0.07232312,-0.007422531,0.0012315477,-0.0063740145
systems engineer education,0.79645675,0.22155182,0.10028986,0.15259635,0.13471247,-0.2264549,0.17385411,-0.04716018,-0.008376438,-0.065371715,0.23953335,0.086825915,-0.0061924667,0.0033148148,0.028035024,0.025605563,0.18394692,0.054298215,0.11961687,-0.009478473,0.016188333,0.05805827,0.08406524,0.0080247875,-0.016898472,-0.05131627,0.055604182,0.003939841,0.04091924,0.06805645,0.038696446,0.03663707,0.053802196,0.08900111,-0.057238095,-0.048187315,-0.045553666,-0.033206504,0.00232558,-0.041066643,-0.02437896,-0.04448887,-0.016178932,-0.0746169,0.0055799447,-0.010142668,-0.029614069,-0.035780206,0.033241563,-0.019937795
aerospace schools,0.5482191,-0.02230712,-0.6979408,0.01611082,0.008060896,-0.05407164,-0.016809132,-0.25554878,0.11280226,0.00075031415,-0.063497834,0.040312614,0.07323903,-0.08939969,0.08699774,0.08125385,-0.01672253,-0.028104544,0.016721686,0.00047618864,0.048969273,-0.011521712,0.10396425,0.05381759,0.00789167,-0.08970034,-0.022471806,0.042226736,0.025781974,0.123954244,-0.048762094,0.015826404,-0.016087484,0.031347934,0.013593114,-0.1325272,-0.038907617,-0.07579991,0.023310944,-0.11413336,-0.052649308,-0.035360564,0.07178818,-0.019915951,0.0022724292,-0.013708911,-0.013587069,0.013465894,0.02231291,-0.0021006134
magnetic propulsion,0.2538441,0.10842589,-0.32799086,-0.21565974,-0.04740833,-0.0029744832,0.0248146,0.253166,-0.015961852,0.590537,-0.010017973,-0.019118672,-0.29431465,-0.08709073,-0.015080031,0.05091163,0.07711558,0.13738056,-0.036540557,0.013648043,0.008932811,-0.094716735,0.10429655,-0.020340113,0.09988698,0.012685724,0.07074544,0.09556653,-0.1931157,-0.14767939,-0.016355645,0.08799363,-0.18036544,0.00479305,0.075001374,0.008563735,0.098336615,-0.07172944,-0.0292548,-0.06611368,-0.1773406,-0.06870719,0.01904274,0.01898451,-0.018594373,-0.12037948,0.009009587,-0.08897949,-0.012894493,-0.0032554024
electromagnetic propulsion,0.25321725,0.12006319,-0.41943005,-0.17429693,-0.038801137,-0.035201486,0.0047878264,0.2885701,-0.08320424,0.55374736,-0.09251193,0.014644134,-0.27863258,-0.15881202,-0.118849255,0.08367902,0.024236413,0.08868227,-0.023054358,-0.07416671,0.10730578,-0.06378098,0.0751681,-0.063698694,0.065406464,-0.002359015,0.01647748,0.051129203,-0.18002747,-0.115759976,-0.09533909,0.04213792,-0.15489645,0.05703892,0.052990634,0.02631515,0.09158791,-0.06770822,-0.056791637,-0.056927048,-0.06913422,-0.050941464,0.10417355,-0.043356624,0.0018011273,-0.026643638,0.038221117,-0.02018656,0.045844637,0.064910986
aerospace technology,0.51914114,0.26768023,-0.6496366,0.06442413,-0.08068869,-0.10569572,-0.18968037,0.019395672,0.003914282,0.13214281,-0.021668525,-0.07809176,0.24447642,0.08925114,-0.0683769,0.051028214,0.04665393,-0.079523705,-0.052258372,0.06610192,-0.0005982485,0.078873135,0.013487197,0.10179435,0.024365796,-0.01580893,0.009521008,-0.04817905,-0.100582264,0.055578012,-0.05250278,-0.022514474,0.041783962,-0.0030034732,-0.033505216,-0.061490327,-0.06897661,-0.005807728,-0.016688222,-0.043125417,-0.0183173,-0.01768916,-0.03847342,0.012996809,-0.014583591,0.064775586,0.065445855,-0.01219124,0.0074392646,0.051896825
learn embedded systems,0.55078775,0.24287242,-0.009982829,0.16661066,0.1826203,0.23364216,-0.13880217,0.17398179,0.27550185,0.0060414085,-0.1313081,0.32404014,0.094290316,-0.28978762,0.07172417,-0.06127514,0.2508406,-0.020613423,-0.03395276,-0.08295703,0.090409644,-0.05236903,5.2377967e-05,-0.038009956,-0.055702977,-0.0027674949,-0.06085707,-0.07902343,-0.060083773,0.07760582,0.008002842,0.024190513,-0.020443356,-0.040121183,0.04851853,-0.091178656,-0.01658387,-0.009956574,0.0028661764,0.009742773,0.033096235,-0.008024317,-0.11717873,0.06527411,-0.07343011,-0.042836275,0.024892757,0.0742413,0.1394319,0.012591214
information systems certifications,0.63782793,-0.13387738,0.3402787,0.016065428,-0.027017858,-0.3523738,-0.28690448,-0.038821425,0.086951435,0.13464934,-0.16275814,-0.06524531,0.012230347,0.08133194,0.11992622,-0.12197381,0.09332177,-0.07959719,-0.040366184,-0.06880813,0.14331034,0.14358297,-0.047004014,0.053224493,0.13366476,0.015256952,0.004508279,0.08197762,0.016040402,-0.05956806,0.0025616847,0.09992548,0.02330149,-0.0025115253,0.07631809,-0.017631976,-0.0673978,0.029832345,-0.049174465,-0.027835097,-0.015142193,-0.018023184,-0.009558708,0.10376295,-0.055930853,-0.012634602,-0.12582947,0.027507277,0.040835112,-0.059282742
electronic engineering technology,0.62601185,0.23717302,-0.12769417,0.05094983,-0.04684605,-0.073788755,-0.06806648,0.43874145,-0.16725822,-0.07259137,-0.07214601,-0.09621741,0.123457655,0.10853183,-0.15596487,0.1725491,-0.06311086,-0.16648257,-0.14057203,0.0958353,0.08077296,0.09480288,-0.06769362,0.033794694,0.001880174,0.0018050864,0.105566755,-0.0034174544,-0.054364823,0.030024033,-0.067274705,0.019186143,0.122673765,0.04934274,-0.048656642,0.048617683,-0.032977674,-0.014958442,-0.0869938,-0.023129478,-0.07282941,-0.0042223753,-0.20381297,-0.009628963,-0.057795614,0.080770925,0.07142054,-0.0243063,0.0057301074,0.058279824
mit mbse certificate,0.42305848,-0.21184276,0.24678789,-0.6299214,-0.06828481,-0.124724574,-0.29138356,-0.05446155,0.29971394,0.048818726,0.094102055,0.03459983,-0.093771376,0.03704263,-0.07794681,0.079006076,-0.0798283,-0.09646201,-0.06884849,0.055753473,-0.06843815,-0.07400529,0.102446504,0.018829376,0.005368383,0.0053707385,0.03441256,-0.04034771,-0.0068517197,0.043995474,0.08275615,0.037678517,0.015907671,0.049561445,-0.06674458,-0.0850941,0.042095844,-0.015086692,0.039983667,0.004326394,0.0034452516,0.013961822,-0.04340199,-0.03444675,0.02900065,0.0010394659,0.017246667,-0.04106858,0.050906632,0.035048753
embedded technology,0.46143317,0.3316556,-0.1067733,0.08923773,-0.11012483,0.14390436,-0.33428147,0.43198714,0.1459457,0.018202951,-0.20210247,0.2574887,0.15218636,-0.16904294,-0.21381152,-0.083884016,0.14991562,-0.04507818,-0.10961757,0.064661466,0.04144858,-0.02225728,0.033734377,0.060157716,-0.0008830125,0.048481114,0.007851014,0.013496254,-0.0331144,0.07894031,-0.07826273,-0.06376259,0.04873939,0.01282676,-0.010349174,0.015133468,-0.084955156,0.016193634,-0.005051948,-0.030397696,0.02491872,-0.012662281,0.011468712,-0.04163074,0.0032993504,0.0067939763,0.09876233,0.0021050046,-0.020941332,0.035616245
aerospace propulsion,0.3443058,0.18921673,-0.6511036,-0.11722455,-0.027109656,-0.051769946,-0.039937332,0.050004326,-0.039015863,0.56615126,-0.001984992,-0.06260846,-0.13220431,0.010001099,-0.04229075,0.11323585,0.059356067,0.075666204,0.016725872,-0.009734214,-0.034791972,-0.026746089,-0.018135892,-0.041698318,0.0018468845,-0.030306004,-0.0075789904,-0.04605411,-0.05379775,-0.086240165,-0.071400814,0.023055818,-0.02352412,0.036324672,0.0102915475,0.006353287,0.0030138835,-0.003675101,0.006490597,-0.017692981,-0.027043255,0.038908463,-0.010996106,0.031708978,0.030466534,0.016942464,-0.007565893,-0.0456653,0.018100828,0.012978523
aerospace engineering companies,0.5100907,0.18831,-0.65853703,-0.04306625,-0.018079132,-0.091913536,-0.20625982,-0.02834703,0.0013012383,-0.051052514,0.031910155,-0.028734215,0.22088884,0.15159643,0.006074348,-0.14745526,-0.015420304,0.034853566,0.018626884,-0.14985451,0.012786686,0.03948564,0.10614269,-0.06218606,-0.124412194,-0.10140586,-0.008746438,0.0057178396,0.025127335,-0.03266801,0.12884144,0.04027034,0.016676908,-0.016931718,-0.03900536,0.045250013,-0.0065170797,-0.018702652,-0.076322146,0.054971423,-0.020219587,-0.026257658,0.022370884,0.10191584,0.04835348,0.028670428,-0.014466286,-0.034394003,-0.033283047,-0.027794965
propulsion systems,0.3688812,0.25833032,-0.33456293,-0.11362928,0.0581069,0.035317644,0.08428656,0.084836334,-0.109566614,0.66252923,-0.08853974,0.013594733,-0.34988773,-0.005649216,0.0050180205,-0.059446443,0.029928118,0.11884132,0.062113125,0.059804637,0.02246656,0.01486688,-0.009557071,0.018613223,-0.020974495,0.018248565,0.080754526,-0.029160159,0.018189821,0.038226068,0.05107165,0.012241417,0.038557105,-0.042241648,0.026656773,0.013974899,-0.07776797,0.01173801,-0.036821976,-0.02844048,0.033326294,-0.053570703,0.029241912,0.035911873,0.031835753,0.07477898,-0.06730735,-0.039791405,0.02551841,-0.010102674
system engineer responsibilities,0.637816,0.4680529,0.13391271,0.024474792,0.15798292,-0.17594464,0.10825913,0.083649196,0.035293195,-0.068188936,0.19984774,0.008928853,0.031447772,0.22518983,0.019395323,-0.04708559,0.08226653,0.04588197,0.12631245,0.0356305,0.011448661,0.14450294,-0.021911038,0.018163772,0.004792103,0.017193757,0.05767548,-0.11098336,-0.01962836,-0.031305604,0.06337556,-0.02794607,0.03174673,0.00827383,-0.014645694,-0.05714965,-0.036740724,-0.014009537,-0.09518853,0.08239231,0.027806247,0.16535488,0.06109453,-0.10269296,0.1653631,0.0261933,0.064283155,-0.028236018,0.0047776764,-0.1156378
information systems masters,0.6936997,-0.0071463953,0.24837534,0.18923904,-0.3607665,-0.057203714,0.0059458497,-0.10839381,0.025306907,0.12038903,0.26634407,0.01685076,-0.092154466,-0.006308581,0.1449565,-0.17304222,-0.020360703,0.0016867087,-0.18355247,-0.11021027,0.22036092,-0.02364186,-0.062080894,-0.029754765,0.12002843,0.016163373,-0.03312756,-0.042253423,-0.01026701,0.037511922,0.011756019,0.024588026,0.004378789,0.027182145,-0.010499752,-0.02682477,0.01731791,-0.030569125,-0.02361363,-0.013345805,0.0048320633,-0.0032891545,-0.0016939971,0.028782869,-0.0011081052,0.022258457,-0.046579294,-0.00012446406,0.052420605,-0.020417798
it information technology courses,0.6946601,-0.23753224,0.24072435,0.34781152,-0.21228889,-0.16324581,0.10379695,0.04290663,0.08297446,0.16307317,-0.06981663,-0.04795304,0.14682859,0.03141282,-0.15703997,0.0937105,0.08804193,0.040442463,-0.1282691,0.0052969586,-0.036390856,-0.030244416,0.096221566,-0.05170961,0.03742107,-0.07812943,0.063337326,0.058777235,0.10707444,-0.04678658,0.037454393,-0.11145559,-0.039446607,0.031492885,0.04879528,-0.008185531,0.004791699,0.038383942,-0.05190878,0.025448643,-0.041303456,0.020431828,-0.007955379,-0.067599945,0.03421135,-0.0046298173,-0.025535563,-0.0135353785,-0.0027871195,0.0043551745
electronic health records training,0.36471388,-0.28075844,0.13526466,0.12893736,0.03205282,-0.04935469,-0.13627964,0.19381936,0.2092722,0.0060399915,-0.09147693,-0.19078717,0.209852,-0.06711206,0.022626169,0.112117074,0.045927018,-0.0673769,0.21632463,0.07529374,0.3724689,-0.20790245,-0.33612803,0.07974832,-0.010895483,0.112105444,0.15531538,-0.04323779,0.09314982,0.04681285,0.042281836,-0.00025322908,-0.029259438,-0.07171517,-0.13737553,0.14485082,-0.062951565,-0.05776173,-0.023825802,-0.040945336,-0.20178777,0.034241267,0.06361487,0.13131367,0.07444355,-0.05570715,-0.042642046,0.0065866816,-0.026754666,0.043185014
engineering technician,0.6440152,0.025546258,-0.19055305,-0.09999163,-0.012183501,-0.17634709,0.114729695,0.35045436,-0.05648034,-0.19461276,0.20000988,-0.10963413,0.15119214,0.0052469242,0.029343393,0.04961503,0.13446555,-0.12746787,0.05876928,-0.034283627,-0.028592449,0.19581972,-0.094825625,0.121545665,0.11042966,-0.100031234,-0.0023226764,0.035069704,-0.06910672,0.14218196,0.032147367,-0.019620836,0.037672326,-0.098078564,0.018020522,0.043193012,0.05679619,-0.12650423,-0.056992903,0.017758114,0.034637164,-0.058490913,0.18393579,-0.057270683,0.039722454,0.010212434,0.03891088,0.056531947,0.1159987,-0.049222786
top aerospace companies,0.34973004,0.14518155,-0.6417844,-0.047763355,-0.07112159,-0.03884326,-0.27926496,-0.09555365,0.0696805,0.060750503,0.05101739,-0.019202376,0.20339401,0.18737909,0.03539156,-0.20050153,-0.046204593,-0.034336913,-0.052641425,-0.17215525,0.040051047,0.055137403,0.12020347,-0.10218775,-0.13610429,-0.1782387,0.034071427,0.0971049,0.021101456,2.4445666e-05,0.104478784,0.004829981,-0.049292587,-0.11583292,-0.10287788,0.06504788,-0.0732103,0.0149281975,-0.08481095,0.027949577,0.00984607,-0.07632674,-0.024212416,0.12973878,0.03871915,-0.04957573,0.07557434,-0.06228302,-0.02445908,-0.008576668
information technology training,0.648967,-0.20510902,0.21076542,0.31732044,-0.1520055,-0.13005054,-0.009805498,0.20364863,0.17677698,0.13320671,0.05684781,-0.20463093,0.2642894,-0.07950187,-0.03936114,0.15760413,0.11318983,0.12863213,-0.016733274,-0.013269353,0.13029307,0.014284694,0.005330847,0.031383295,-0.054124627,-0.040404152,-0.047062285,0.08796215,-0.12414073,0.016344147,-0.08547946,-0.036828212,-0.051096566,0.005437074,-0.0036111288,-0.044491258,0.06411806,0.007685635,0.046427675,0.080710895,0.03497371,-0.0068762586,0.024682825,0.051508553,-0.0045406627,0.04794168,-0.037083026,-0.006223875,0.023564726,-0.015982367
gis certification courses,0.56467557,-0.312088,0.18651716,-0.07819194,0.091864675,-0.23965524,0.026081521,-0.05723837,0.20411691,-0.019325472,-0.2725725,0.054894753,-0.1269095,-0.07740636,0.20196007,-0.13674915,0.10981526,0.1225782,-0.043513987,-0.11196932,-0.016754648,0.27386197,0.005809491,0.23868285,0.11533681,-0.0055475864,-0.11330644,0.07064117,-0.030241093,0.03212774,0.066401206,-0.05661568,0.07664162,0.07762025,0.032693077,0.066549905,0.021501182,-0.046122525,0.02479585,0.007649314,-0.03532984,-0.015059011,-0.048168685,0.018018331,0.047136016,-0.048962172,0.07827576,0.0009669408,-0.14828774,-0.0062280386
aerospace industry,0.49462312,0.2514296,-0.68810195,0.052451197,-0.08207861,-0.08247146,-0.19020726,-0.03793605,0.038468774,0.04879286,0.035925206,-0.07545374,0.2513438,0.14575177,-0.01596345,-0.1001496,-0.00076793105,-0.037921987,0.049536604,-0.09031394,-0.015814899,0.02740697,0.07431587,0.07321399,-0.0767354,-0.056818053,0.00019895135,-0.032832198,-0.05814386,-0.037099067,0.013909798,0.0068956306,0.054126486,0.017436018,-0.044611398,-0.058238566,0.012811565,0.0105041275,0.0038405214,-0.02435759,-0.04026274,-0.0023303167,0.013253278,0.032995794,-0.01605277,-0.03808976,-0.02757413,0.053754956,0.022840438,0.04239687
embedded computing,0.45567307,0.30096984,-0.03991513,0.19452742,-0.13135715,0.25564238,-0.31822783,0.34327036,0.24709728,-0.040711083,-0.20210028,0.32998332,0.011392148,-0.16014408,-0.046416078,-0.03501346,0.06695252,-0.11962275,-0.12946376,-0.083330646,-0.13341877,-0.022005256,-0.09428891,-0.021727728,-0.040393025,0.023451157,0.064487696,0.070592806,0.038396038,0.021627078,-0.084038645,-0.030859878,-0.012146745,0.040781144,-0.04519553,-0.019293038,0.010024568,-0.07740218,0.007355628,-0.03766068,-0.02221543,0.06598595,0.005726372,-0.056673825,0.009448299,0.048020545,-0.018391553,0.0012635421,0.07003552,0.009109925
it architecture,0.55811334,0.31925255,0.16474496,0.20865622,-0.41950867,0.20171666,-0.17477503,-0.0010205165,0.047636427,-0.0057507167,-0.15942383,-0.14105108,0.017954802,0.097468026,-0.05684961,0.14484596,0.16426069,-0.016672812,0.08520645,0.01991175,0.028610032,-0.0390335,0.14671738,-0.0509822,0.06569369,-0.045175444,0.07435803,0.006062506,0.10895617,-0.11088432,0.012077027,-0.19180024,-0.0002595925,-0.0006726815,0.0040978235,-0.069590956,-0.05893278,0.090258926,-0.12342924,-0.036680344,-0.056335356,-0.030361207,-0.00083277805,-0.07179138,0.017845277,-0.052568603,-0.013563625,-0.06230678,0.035270464,-0.043910153
cloud application architecture,0.30288205,0.22541256,0.127663,0.11255981,-0.31354922,0.27025884,-0.27808514,-0.13091353,0.039853342,-0.0801055,-0.26050857,-0.1079964,-0.1497597,0.2025,0.010049457,0.26459426,-0.010019171,0.09198397,-0.07406993,-0.36101827,-0.020590264,0.085192785,-0.23013534,0.15173718,-0.20623286,0.10659943,0.08729979,0.010888069,-0.01281684,0.034218118,0.016223585,0.029480416,-0.019217053,0.0012307274,0.05867949,-0.13319436,0.0009635182,0.03893767,0.05826136,0.053038355,0.010020819,-0.06634349,0.0627444,-0.08940526,-0.014021357,-0.017265424,0.0048580267,-0.044301618,-0.0320433,-0.014529799
information systems masters degree,0.6905133,-0.10829747,0.2929454,0.17537722,-0.38015422,-0.15154049,-0.036552917,-0.18519193,-0.04730309,0.08830852,0.23362438,0.06718573,-0.1733192,-0.0838387,0.045760173,-0.1044522,-0.016201869,0.015418095,-0.14739493,-0.0231995,0.14513311,-0.056638237,-0.04901144,0.036218785,-0.006404134,0.045660798,-0.02530081,-0.03332694,-0.0024570704,-0.031350538,-0.024605758,-0.0014519667,0.0475712,0.032369513,0.001780755,-0.041422118,-0.0033590018,-0.009564902,-0.047761783,-0.008171979,-0.019655665,-0.04682788,-0.04448624,0.03957369,-0.018048342,0.033423703,-0.029403323,0.017612712,-0.0019932215,-0.011101989
geographic information system course,0.5928703,-0.20520853,0.17312156,0.20313016,-0.073754646,-0.11674845,0.23427203,-0.08870334,0.14420602,0.05216833,-0.2796464,0.06682563,-0.119124874,0.06406965,0.12819636,-0.053928655,-0.021538671,0.09324762,-0.0029244465,-0.040493038,0.025972288,0.03488662,0.0388204,0.13935363,0.22955468,0.14130467,-0.18883161,0.0032906013,-0.07070771,0.030638058,0.07153223,-0.048641615,0.15581411,0.08446883,0.12434021,0.025472606,-0.07282039,-0.036760088,-0.0035919447,-0.076158196,0.030231874,0.15185818,0.04208291,0.04572315,0.13416338,-0.10163873,0.17569824,-0.031395532,0.03739426,0.06877242
propulsion engineer,0.5592582,0.1877621,-0.43758538,-0.25348923,-0.03632856,-0.03692712,0.09535986,0.2809126,-0.10157864,0.26343134,0.15618697,-0.15911584,-0.20185106,0.047781177,0.007138313,-0.042074587,0.14274508,0.13563074,0.060991768,-0.014296333,-0.09647798,0.037895475,-0.08270754,-0.09248587,0.078174815,-0.017037377,-0.011375042,-0.022009782,0.01812117,-0.05143152,0.06564103,0.0074434113,-0.015179149,-0.045718066,0.021798227,0.04474527,0.0018135475,-0.006532156,-0.008394346,0.027357733,0.068932645,0.107089214,0.05355208,-0.048047528,0.11531645,-0.043640025,-0.05926891,0.02340189,0.0032972165,-0.041884363
jet propulsion,0.32593006,0.21150486,-0.48687303,-0.11254421,-0.05359207,-0.018156134,0.07273623,0.16870938,-0.030127618,0.6207722,0.004749243,-0.14644025,-0.13708712,-0.0019018659,-0.031248316,0.07488038,0.07879242,0.100176565,0.104468755,-0.050479263,-0.09501874,0.03129348,-0.020782454,-0.07416243,-0.011553422,0.04061258,-0.00915004,-0.0029395265,0.11512782,-0.107035525,-0.07682337,-0.02891219,0.012107595,-0.066637665,-0.05647756,-0.014010707,0.0861536,-0.02118123,0.09874748,-0.06647927,0.01564425,-0.044550672,-0.060064435,0.048947778,-0.0060396926,0.060006693,0.041174788,0.044901863,-0.06422029,0.023774628
information technology program,0.65312564,-0.09341861,0.16015363,0.31803274,-0.33801904,-0.16720544,-0.08699159,0.20900051,-0.02537011,0.07684764,-0.075378746,-0.09395306,0.21711545,-0.047752947,0.06800279,0.08561498,-0.26041582,0.17529874,0.061678506,0.13021298,-0.02951337,0.010518206,-0.00691122,-0.023211287,0.03248721,0.05023285,-0.10095364,0.0034130649,0.003299252,0.07873934,-0.010810739,0.003072077,0.023141427,-0.02364448,-0.014232348,0.0051287925,-0.016056778,0.10441463,0.016117524,0.004320582,0.036706418,0.013128766,0.016987009,-0.047972437,0.045152564,0.009406109,-0.0076710493,0.030276451,-0.016808102,0.027575888
aerospace companies,0.41627523,0.17446171,-0.67785746,0.008414441,-0.0770486,-0.07257926,-0.2385945,-0.06258552,0.066287294,0.06810715,-0.00030664375,-0.02061522,0.24074514,0.16859585,0.017415212,-0.18201166,-0.031237744,-0.019679636,0.048164997,-0.1658607,0.0077237547,0.033182144,0.13236693,-0.026766332,-0.1292789,-0.13718021,0.002016228,-0.014229229,-0.01091717,-0.013873702,0.11600287,0.019788139,0.038698953,-0.060371056,-0.041503996,0.009610786,0.012633011,-0.030591967,-0.051281627,0.03867011,-0.045750007,-0.05924478,0.05175493,0.10203905,0.040991995,0.028001972,-0.019352857,-0.0034965933,-0.02433478,-0.02434047
embedded systems companies,0.44852486,0.3111672,-0.1201533,0.09069378,-0.0768789,0.062197242,-0.37911728,0.21661353,0.1745846,-0.040056445,-0.05695217,0.3111463,0.14370243,-0.06321569,-0.0532157,-0.36874214,0.06749724,0.029600233,0.04632923,-0.18959007,0.04657935,-0.04838018,0.17624508,-0.07321143,-0.10889329,-0.058678597,0.07767835,0.054160427,0.04009237,0.016812697,0.15031394,-0.03161941,0.044474527,-0.0613814,-0.020076428,0.06944228,0.0026454986,0.05809335,-0.012016576,0.051613543,0.008528299,-0.07724249,0.0712235,0.0993882,0.04443561,-0.041013535,-0.009518338,-0.023716688,-0.074306466,-0.033600323
online technology courses,0.6474982,-0.50185835,-0.007564521,0.28242728,0.15703526,0.21182606,0.08869594,0.0695429,-0.024548797,0.13407099,-0.07648622,0.00032388855,0.11300501,0.04181935,-0.21242954,-0.01981795,0.08017038,-0.0018168096,-0.08298612,0.04021185,-0.01384341,0.11104875,0.0717845,0.04278347,-0.0060827225,-0.086085066,0.051714066,0.04744575,-0.0032313436,0.06892019,-0.0225608,0.013512734,0.00570296,-0.036674544,-0.048354216,0.0252295,0.029387288,0.008297684,0.075506166,0.019345578,0.0149380425,-0.011429184,0.06397917,-0.07084728,0.022314603,0.06671364,0.025664475,0.02211705,-0.03600196,0.043325227
online tech courses,0.6862,-0.49943948,-0.020514786,0.2534829,0.22023727,0.17571531,0.085058555,0.08840202,-0.020487528,0.08301589,-0.018225051,0.010912105,0.09371212,0.04528246,-0.15182346,-0.012507429,0.04150239,-0.03525121,-0.06122278,0.04939839,0.009221102,0.12766664,0.05707045,0.06946089,-0.024292637,-0.09425741,0.051397696,0.035020594,-0.027673393,0.05258969,-0.005843855,0.010431886,0.02521222,-0.031835247,-0.035219666,0.072651334,0.037121978,-0.036562674,0.053687178,0.014450692,0.010597221,-0.029013412,0.080711104,-0.047273286,0.022261472,0.04833206,0.030978411,0.017211985,-0.017588006,0.00854921
aerospace electronic engineering,0.6249515,0.27925694,-0.5655295,0.07943288,-0.022739042,-0.09110237,-0.15246063,0.04883224,-0.04782026,-0.008602557,-0.03285614,0.006791709,0.13177499,0.08669108,-0.034339637,0.17573336,-0.041192997,-0.16920719,-0.094245434,-0.026040312,0.04177255,-0.026243065,-0.06637058,0.042887773,0.036808144,-0.08819491,-0.0092538735,-0.06143619,-0.0077981506,-0.065843515,-0.04011766,0.047126334,0.015287577,0.019642357,-0.033702493,0.005220669,0.03403911,-0.046088357,-0.004480232,0.01743731,-0.05843806,0.0899663,-0.10599306,0.003296832,-0.072106175,0.06823174,-0.0010499695,-0.046164982,-0.008121408,0.0214839
information technology certificate programs,0.6364532,-0.31652424,0.30944547,-0.02413268,-0.13350604,-0.38264993,-0.29131517,0.08287967,-0.08429528,0.09550779,-0.19469215,-0.03809681,0.10773632,0.008532649,0.11643058,0.040180977,-0.08685585,0.097438894,-0.04890433,0.08864498,0.037132792,0.040760987,0.058753684,-0.09751673,-0.0041598096,0.008623739,0.034392036,-0.02937564,0.026000807,0.02536765,-0.013314664,0.047439024,-0.0051679704,-0.056321632,-0.02683226,-0.024629043,0.021170953,-0.031188658,0.004484538,0.01614788,0.032559413,0.00375252,0.015227115,-0.01786545,-0.03973184,0.016609076,-0.021986779,-0.0040895524,-0.0021593918,-0.024535747
marine propulsion systems,0.3455504,0.2073051,-0.3253872,-0.13193312,0.091420084,-0.040446337,-0.021140821,-0.013153456,-0.06392243,0.61414564,-0.07513879,0.03315342,-0.30350372,-0.032059085,0.03224172,-0.046986822,-0.015706537,0.12745452,0.073935986,0.032263316,0.056855895,0.12204668,-0.12195526,0.037917305,-0.0437737,-0.057559144,-0.052619476,0.01266818,0.06986187,0.08818976,0.10305257,-0.055715006,0.14148535,0.106427245,-0.04814317,0.103264965,-0.05954128,0.05356109,-0.059689116,0.15855214,-0.09033442,0.08499671,0.008268046,-0.0043601943,-0.13795972,0.049188852,0.09614493,-0.011282947,0.03867534,0.010761877
information technology classes,0.7114937,-0.20994145,0.19020507,0.3071538,-0.20784624,-0.10947987,0.11560469,0.08709974,0.07024417,0.11904778,-0.20733003,-0.15315588,0.14888422,0.06865023,-0.118898116,0.11659212,-0.018444998,0.014513332,-0.10161475,0.019779336,0.052493684,-0.04757694,0.065012895,0.014691411,0.0142252045,-0.074038215,-0.13238591,0.01888371,0.0068028006,0.06021326,0.021296617,0.00076269516,-0.016240897,-0.033739593,-0.04082256,0.08132125,-0.0034040874,-0.0020614679,0.09512279,-0.039254736,0.068598814,0.022317678,0.123376265,0.021338496,-0.046024326,-0.0011519823,-0.046904314,-0.0058804755,-0.028802613,-0.090059616
cis degree,0.40310344,-0.26431462,0.09933043,-0.06749714,-0.27819654,-0.16748488,0.0045075505,0.0526533,-0.05311895,-0.06780205,-0.035776563,-0.0861042,-0.116464436,-0.104694895,0.004201585,-0.11071441,0.08679998,-0.22212031,0.32524878,0.092779346,-0.13234793,0.15562803,-0.11648657,0.22851878,-0.13182022,-0.11158967,-0.014743134,-0.029743848,0.021921525,-0.04204003,-0.094456926,-0.20980477,-0.053754076,0.12701064,-0.05865387,-0.031846564,0.12724371,0.19024108,-0.016174195,-0.15073298,0.10764744,0.22614834,0.09500008,0.11401901,-0.008491601,-0.018929737,-0.01586363,-0.09913928,-0.044362336,0.1763116
information systems degree,0.6764273,-0.13582987,0.24577366,0.2881605,-0.39089254,-0.24499191,-0.037888933,-0.13458961,-0.10945616,0.077522255,0.13363457,0.086746775,-0.12768295,-0.0889328,-0.006172014,-0.06444756,0.016603595,-0.073180035,0.07767213,-0.057020884,0.005339546,-0.0458819,-0.034083948,0.07395573,-0.021442274,0.053659018,-0.083642885,-0.000550948,0.032766774,-0.038409363,0.104537316,0.053500302,0.0055639073,-0.012101772,0.07202661,0.04265759,-0.032807726,-0.035194,-0.020402355,-0.032224108,0.00873064,-0.04748648,-0.03914074,0.015518934,-0.066613,0.022101887,-0.043875527,0.012390025,0.057834554,0.02544597
online learning courses,0.53049517,-0.6219753,0.005626255,0.2561138,0.27140972,0.32852885,0.07374576,0.0286602,0.06413751,0.100146644,-0.10687474,-0.017549902,-0.0028427646,0.007836196,-0.07929826,-0.031091684,0.018951783,0.015453034,0.0060103447,0.033927355,0.029870568,0.10300865,0.024327716,-0.031243654,-0.005560432,-0.00570714,0.028456721,-0.088392995,-0.025934301,-0.0011110639,0.0023037859,0.016000202,0.06360584,0.006076701,-0.03136555,-0.0517452,-0.0047535663,-0.014693883,0.048382662,0.05115336,-0.012575124,0.005254468,-0.03594129,-0.017125623,-0.045680083,-0.010135852,-0.039094422,0.015881054,0.025319818,0.035269763
hybrid propulsion system,0.25931853,0.23308042,-0.31349543,-0.14209321,0.05946339,0.076692216,-0.008947975,0.080640405,-0.17217064,0.57533944,-0.03371755,0.020292047,-0.3827403,-0.12062137,-0.017511299,-0.026605273,-0.0077709965,0.0824832,0.013177556,0.15147035,-0.01990876,-0.060049348,-0.13759626,-0.015884621,-0.042461667,-0.041484054,0.0027364066,-0.0076621883,-0.034959104,0.08485094,0.014435713,0.054710872,0.05218438,0.01853836,-0.005313511,0.015859375,-0.10248463,0.17217185,0.0114091,-0.03598417,0.14516819,-0.040373854,0.030282732,0.011040289,0.11010091,0.070765145,-0.17383233,-0.18479426,-6.755583e-05,-0.034017887
electrical engineering undergraduate,0.58847386,-0.052556906,-0.27802572,-0.12016038,0.041933015,-0.068627365,0.25298604,0.33286253,-0.15110196,-0.28150633,-0.034882847,0.07655266,-0.18161324,-0.11931384,-0.003360636,0.089550994,-0.19874682,-0.113400355,-0.0009781517,-0.17942977,0.19091405,-0.108737394,0.051124282,0.042142168,0.09650201,-0.14378388,0.009858566,0.030638816,-0.025923908,-0.08575555,0.05293672,0.025701927,0.03145187,0.014339406,0.011672971,-0.031618785,0.07203295,-0.0037608491,0.05162418,0.0467263,-0.030587336,0.016391974,0.026839415,0.018109158,-0.042318825,-0.027585717,0.0030910354,-0.024538731,0.053659376,-0.11454674
information technology training programs,0.6394237,-0.23382974,0.20317964,0.34779972,-0.14102502,-0.18390243,-0.047516614,0.16549203,0.12529132,0.10942061,0.022891302,-0.15372838,0.245853,-0.1534293,0.027430559,0.17164853,-0.04488798,0.25019652,-0.028773144,0.06593624,0.14587629,0.046291,0.0064841746,0.010733958,-0.05694232,-0.01254687,-0.020029036,0.07965328,-0.030404162,0.014289917,-0.072328575,-0.022560539,-0.03315983,-0.022538401,-0.0074342336,-0.0013465261,0.050010845,0.026959574,-0.007968332,0.045406617,0.057045612,-0.009441315,0.019810058,0.020792285,0.005155293,0.046367742,-0.025596734,0.0069133043,0.010331705,-0.0166754
information technology degree,0.64367193,-0.27476668,0.2055058,0.24156973,-0.47285712,-0.23305736,-0.060369954,0.055965774,-0.1574848,0.06852412,0.1341897,-0.0128202895,0.0111788,-0.1018749,-0.13690537,0.015741238,0.058992073,-0.05396602,-0.020006608,0.026789892,-0.0714751,-0.025468051,0.010658244,0.07612045,-0.07524188,0.000780766,-0.089285366,0.041845966,0.022452725,-0.042141598,0.015039081,0.010373639,-0.018776067,-0.05359939,0.022961058,0.019191913,0.004823246,-0.025814213,0.010619395,0.023344966,0.024592979,-0.0023950555,-0.022104383,0.011134876,-0.012178515,0.031572714,0.027206652,0.021983417,-0.03363379,-0.01966091
information systems masters online,0.668813,-0.26400024,0.20968705,0.24142402,-0.15054552,0.18580224,-0.14002022,-0.11942777,-0.08748104,0.16501494,0.3008726,0.054779373,-0.10963054,0.02652255,0.09050206,-0.1550109,-0.07969135,0.019397667,-0.12552226,-0.06936186,0.19822809,-0.018670848,-0.05761342,-0.024576072,0.14960612,0.025812443,-0.034496803,-0.030768098,-0.024163784,0.039880734,-0.0033747277,0.007045221,0.028047554,0.066206604,0.0018640837,-0.047324155,0.015089923,-0.020871403,-0.03435304,-0.0017998447,0.007277979,0.005648819,0.01625735,0.019006368,0.008853711,0.044569604,-0.056659706,0.013996229,0.047610268,-0.01860171
information systems courses,0.7007645,-0.17919181,0.28654733,0.4034709,-0.100059,-0.16055128,0.13956042,-0.12625185,0.10939204,0.20055826,-0.12903869,0.019622192,-0.01225201,0.095559314,0.00038601004,-0.024443684,-0.008311884,0.02407296,-0.04729283,-0.06072112,0.11755465,-0.030219872,0.0041765017,-0.0019739408,0.058094326,-0.007930964,-0.0666667,-0.036303755,0.028940585,0.030129088,0.11430146,0.091473594,-0.0019215188,0.04223596,0.057288893,0.023018233,0.012455042,0.0009826284,-0.027907316,-0.01424769,0.0036136233,-0.021972306,-0.042645633,0.024339274,-0.025940813,0.029578406,-0.070279196,0.0017654711,0.0923288,0.056989003
engineering technology,0.61945915,0.26681253,-0.21397197,-0.106031254,-0.014545842,-0.059875797,0.005770631,0.43839508,-0.17203209,-0.072488174,-0.011884814,-0.15884888,0.10824159,0.10497378,-0.21455391,0.07054524,0.047967523,0.022616075,-0.08023722,0.1277903,0.0038009551,0.16681789,0.039890435,0.058179613,0.026691694,0.089266896,0.015292145,-0.011729052,-0.019098861,0.13197774,-0.06825027,-0.03784644,0.09471003,0.017778013,-0.00062153616,0.013333143,-0.120641045,0.014289672,-0.08359888,-0.10570558,-0.011400216,-0.07730867,-0.048801202,0.01804305,-0.036444347,0.035994105,0.09732043,-0.0089043565,0.012874805,0.056575693
xpro architecture of complex systems,0.38208857,0.44947094,0.18084331,0.1525346,-0.03907702,0.26080263,0.011623091,0.035924092,-0.10594526,-0.034381613,-0.2149095,0.004145375,-0.23178011,0.08814942,0.07341747,-0.037172936,-0.010421547,-0.20862125,-0.026417587,0.39073214,0.13168423,0.124304555,-0.074153945,-0.08354197,-0.1617865,-0.19416924,-0.14989288,0.055267185,0.0009400688,0.031617984,0.14163397,-0.04083656,-0.08806492,0.009608686,0.018865377,-0.1419725,0.0006141073,-0.024633875,-0.030330645,0.013680968,-0.05426297,-0.051057316,0.019564023,0.00393071,0.054733675,0.016460102,0.009094668,0.062166117,0.016101496,-0.016519913
information technology major,0.65408385,-0.15470588,0.12562552,0.2457353,-0.4793475,-0.14740364,0.03957097,0.14802569,-0.07411068,0.068561174,0.06382957,-0.052999914,0.1606746,0.06945555,-0.10723336,-0.061671205,-0.099999,-0.048460998,-0.06806737,-0.03705405,0.010274804,0.05716758,0.08877433,-0.05697626,-0.009462037,-0.047161974,-0.12151266,-0.065852344,0.035084546,0.063305646,-0.0027791604,-0.021269457,-0.0896429,0.012790267,-0.096074894,0.019555993,0.05278609,0.030192576,0.12924123,-0.0327435,0.012630685,0.03155068,-0.0777717,-0.0753181,-0.0019356301,-0.13127266,0.0568973,-0.026103904,0.026900765,-0.008021671
mit system engineering certificate,0.6670236,0.0011451016,0.32994643,-0.5660664,0.045024753,-0.13806194,-0.14431354,-0.08314797,-0.1341083,0.05718762,-0.049201045,0.12914148,0.07171655,0.019247608,0.009323487,0.049775038,0.041606992,-0.01599187,0.02200461,0.023761032,-0.012324125,-0.06560358,0.02882106,0.0024202995,-0.049566537,0.044533774,-0.0352265,0.0027951738,-0.031227045,0.057775393,0.01125475,-0.037839185,0.019180175,-0.05065887,0.023976993,-0.012628955,-0.035232406,0.0030818512,0.012114689,0.020226214,0.012497757,0.018745441,-0.011157854,-0.011308934,0.03387838,0.016732626,0.0054968763,0.025026662,0.016986394,0.005064313
online it programs,0.5863567,-0.058742676,0.18925597,0.35655695,-0.034626942,0.084176525,-0.17853506,0.10763526,-0.017553579,0.14897108,0.06463977,0.06900843,0.12725054,-0.10223209,0.03558563,0.13313125,-0.091315955,0.09380415,0.015429679,0.018915566,-0.14408061,-0.047744792,0.12816258,-0.12387131,0.17221163,0.059624188,0.22437172,0.031544637,0.13758592,-0.07854605,0.11109941,-0.3119832,0.042899508,0.036196753,0.12267795,-0.09029403,0.008090748,-0.070234925,-0.1620642,0.0057712207,0.043178655,-0.04489293,0.022054266,0.062443033,0.018318303,0.0008821957,0.04127964,0.017786609,-0.016577594,-0.02344581
it degree programs,0.6341817,-0.17281145,0.1293404,0.28242892,-0.36071575,-0.2507652,-0.026900725,0.0007722656,-0.041999243,0.015798649,0.08005834,0.024636226,0.050244544,-0.21902318,-0.015282011,0.0679406,-0.016370498,0.107876435,0.051982537,0.023591943,-0.14586703,0.0069265473,0.049954187,-0.05222787,0.0043468466,-0.010893602,0.19737227,-0.02521216,0.18250346,-0.17124869,0.077360384,-0.13982601,0.026829448,-0.016116397,0.025594223,-0.045505147,-0.06311409,-0.020953974,-0.14553878,-0.016348694,-0.037960768,-0.018894527,-0.016962586,-0.022288034,0.010322975,-0.094480366,-0.037356924,-0.027737938,0.00036057935,-0.019704206
systems engineering continuing education,0.77273315,0.15124571,0.1626402,0.13250406,0.15319192,-0.22102675,0.09058031,-0.12938277,0.018342096,0.0028090144,0.15078819,0.0044835666,-0.007809297,0.019325394,-0.009612818,0.0404173,0.17360562,0.099674635,0.18329437,-0.011796058,0.07362023,0.010789066,0.035025444,-0.002194432,-0.02234439,-0.07820161,0.06440165,0.02017527,0.09531577,0.009430978,-0.060166743,0.10200665,-0.010807578,0.2439886,-0.022149753,0.008651212,0.00011305981,-0.07905797,0.017341819,-0.008127443,-0.041892793,-0.11684351,0.061550543,-0.054103322,-0.080943696,-0.019061035,0.024886383,-0.013300351,-0.036802955,0.02251025
information technology programs,0.63559425,-0.080081284,0.15334657,0.36098474,-0.3384529,-0.17705773,-0.08136839,0.19114453,-0.041028325,0.09777714,-0.07588252,-0.07676294,0.21160403,-0.048318934,0.041731305,0.053042237,-0.25929412,0.21559821,-0.010879401,0.1035372,0.05439801,0.11493612,0.055520564,-0.021288624,0.039785933,0.04739593,-0.0010937101,-0.01491731,0.085965805,0.048722696,-0.025385154,0.030352779,0.017385226,-0.021295497,0.003190319,0.023825135,0.019764433,0.03451567,-0.006203853,-0.028162394,0.030766742,0.011602078,0.039452855,-0.036581434,0.02175593,0.053602193,0.007348179,0.034969423,-0.0077883084,-0.010731517
online bachelor degree,0.5180003,-0.54942703,-0.0072226604,0.14479864,-0.049979515,0.20921811,-0.22568342,-0.09334618,-0.2278151,-0.04108959,0.16134238,0.0698083,-0.16910064,-0.12290336,-0.14180046,-0.06657446,-0.071872056,-0.06461327,0.14630121,0.11546514,-0.10962814,-0.029708747,-0.03289532,0.03410344,-0.039118413,0.059160557,0.042227156,-0.007395212,-0.13127209,-0.029986512,-0.01118932,0.13194007,0.0580873,0.010194027,-0.0029775444,0.04201236,0.009706492,-0.024766997,-0.0018334236,0.049736153,-0.0038018124,-0.026902124,0.012022252,0.0033304177,0.0059919613,-0.12776063,-0.034328155,-0.094201274,-0.053699736,-0.098776594
information technology masters degree,0.64995235,-0.2535651,0.22330822,0.09024273,-0.4682285,-0.1157002,-0.023751568,-0.01759145,-0.06518527,0.041277252,0.25986472,-0.023865806,-0.07584965,-0.10715525,-0.0615176,-0.07003856,0.012043902,0.032303672,-0.25277802,0.03529496,0.08332041,-0.0444649,-0.023565803,0.025810631,-0.039709203,0.010785703,-0.02666998,-0.0020358947,-0.024339916,-0.03621121,-0.10509548,-0.065336645,0.03850835,-0.009655304,-0.06370074,-0.051432945,0.02240109,0.008839467,-0.016153457,0.04732027,-0.012663228,-0.0059193354,-0.01421046,0.031467605,0.024588928,0.052691296,0.022112783,0.034916367,-0.085325904,-0.023792611
certificate course in information technology,0.68001777,-0.39469108,0.3193471,-0.00057117647,-0.06813378,-0.28039804,-0.058092758,0.09847577,-0.0058025955,0.12705234,-0.2405897,-0.053510718,0.046926253,0.108934216,-0.013076491,0.044063177,0.11806807,-0.06574924,-0.15531681,0.018538788,-0.009945367,-0.06742676,0.058624823,-0.07166144,-0.0071893283,-0.029970543,0.011724773,-0.04168461,-0.07802176,0.0025721586,0.015087514,0.0533326,-0.021424377,0.026822316,-0.040460788,-0.07916397,0.062418394,0.013228479,0.041575037,0.070249505,0.007918224,0.02950756,0.002718325,-0.0125622945,0.020755058,0.008730292,-0.007937617,-0.020667093,0.019923635,-0.011048374
aerospace masters programs,0.6169727,-0.046947844,-0.5910228,0.017945558,-0.09018658,-0.08057182,-0.025437603,-0.27717802,0.10168479,-0.0385875,0.07800845,0.046528,-0.01737906,-0.13683082,0.15839761,-0.008512818,-0.113867134,0.10789059,-0.18922721,0.057351124,0.07475174,-0.01933463,-0.055693112,0.02737504,0.008073354,-0.020522757,0.022098351,-0.08496717,-0.019816354,-0.002627636,-0.08418331,-0.0063361553,-0.020307845,0.02480635,-0.061949477,-0.08481035,0.008430516,0.029831937,-0.041765407,0.014739755,-0.029847382,-0.0074474034,0.03351906,-0.0033601758,0.010246417,0.00076945673,0.016240383,0.03387948,-0.05704171,-0.008711298
online architecture program,0.587914,-0.027852787,0.07118618,0.25357446,-0.019046726,0.48380354,-0.33199957,-0.08971267,-0.099059924,-0.21659093,-0.12544793,-0.03924455,-0.073460095,0.0342186,0.11393142,0.15661082,-0.0497963,0.22904792,0.117403485,0.047638122,-0.060004182,-0.04852568,-0.0008464416,-0.09117266,0.091389515,0.0024802634,-0.028143506,0.019405128,-0.0017406363,-0.007203957,0.0006471185,0.010274424,0.012921407,-0.046161365,-0.01596291,0.043510627,0.057299525,0.024404874,-0.027527517,0.0057935985,0.034935948,-0.021891864,-0.007895298,0.0032160485,0.03025391,0.041282676,-0.0031880848,-0.014591346,0.012444074,0.0678165
engineering technology degree online,0.73526716,-0.35559928,-0.090626985,0.052791778,0.101913564,0.1293294,-0.14517827,0.12078666,-0.3393404,-0.097792745,0.21925214,-0.0018380748,-0.031111354,-0.058138885,-0.19615407,0.049880475,0.048848275,-0.0034253153,0.003001447,0.05762586,-0.07158611,0.022240024,0.0020179464,0.062177412,-0.0767647,0.008475357,-0.023282917,0.04443671,0.0271458,0.046713088,-0.01995203,-0.017048076,0.006483245,-0.04463647,-0.005781348,0.04635628,-0.020427935,-0.02093695,-0.027506273,-0.025185348,0.013883337,-0.007825619,0.01821769,-0.031242762,0.0061749783,0.035019502,0.030501502,0.0037044478,-0.056194704,0.018759686
architecture degree online,0.5859478,-0.33329982,-0.030774483,0.13818537,-0.13271543,0.34375992,-0.22855096,-0.22361782,-0.20026365,-0.2803604,0.012743928,-0.04321389,-0.21309544,-0.07439929,0.0030878265,0.032720458,0.14459305,0.11252592,0.15082787,0.05316748,-0.093461566,-0.08361477,0.08656028,0.007509992,0.070768,-0.05002722,0.0010556959,0.04688967,-0.003829469,0.0073334547,-0.015320283,-0.018000478,0.0063067046,-0.030718597,-0.038392123,0.0458616,0.03154365,-0.04666857,0.023305358,-0.036111496,-0.019700691,-0.002977983,-0.035038635,0.06541036,-0.0106471935,0.041771814,-0.017562918,0.0042584995,0.023100434,0.06153181
computer science course online,0.61205775,-0.4078122,0.09087418,0.36473238,0.18263145,0.19260707,0.11104871,0.08271963,-0.028933095,0.09016688,-0.025648193,0.05945066,-0.046674892,0.086478785,0.09957745,0.14119866,-0.094655804,-0.107486986,-0.08259407,-0.029026145,-0.29259098,-0.00085275806,-0.013016623,-0.06983734,0.03537402,-0.101126164,0.01821813,0.05958427,-0.059982795,0.048693404,-0.049781006,-0.008955501,0.0044663777,0.051648352,-0.022549562,0.04034136,0.021700168,-0.023170833,-0.020913076,-0.073718525,-0.050711237,-0.011526839,-6.353099e-05,0.101411425,0.03764483,0.0023336455,-0.042187516,0.06763073,0.015374857,-0.0080787195
mit architecture course,0.6698996,-0.08518429,0.03236469,-0.21796884,-0.22071499,0.30874276,0.25248417,-0.24996626,0.029759567,-0.17691702,-0.22222634,0.0016667056,-0.023085808,0.004195173,-0.010189111,0.08648699,0.13915636,0.1851134,-0.053032715,0.021524778,-0.041302238,-0.1208364,0.09371616,0.018769246,0.12830694,-0.07989569,-0.039159756,0.021264903,-0.04715025,0.03901126,0.006639975,-0.039586075,0.0074125165,-0.01272017,-0.034323648,0.06624899,0.06242546,-0.0041855853,0.009857164,-0.016202714,-0.023368021,-0.007191218,-0.033480927,0.046002407,0.0313344,0.043300364,0.010613877,0.0007212477,0.059699424,0.049803887
engineering training courses,0.72006506,-0.15810803,-0.16348954,-0.12752791,0.2470426,-0.07377323,0.3500002,0.15247212,0.16246463,-0.1836822,-0.08124097,-0.12774281,-0.026408548,-0.08355677,-0.0776959,0.0985703,0.1348914,0.10936775,-0.060168594,0.0022958724,0.12198566,0.05871587,0.012518511,0.037881467,-0.14222278,0.057337478,-0.048917513,-0.0073114927,0.029609352,0.0040602777,0.03461964,0.012928819,-0.014042193,-0.017630978,-0.0004689865,0.045239557,0.015695242,0.024769548,-0.06366959,0.012111497,0.04626374,-0.02680965,-0.004840718,0.012806915,0.0045528854,0.008266182,-0.009245995,-0.031465303,0.006506967,-0.03193909
engineering certificate programs,0.6951476,-0.19126527,0.07703147,-0.3278549,0.109352194,-0.32979226,-0.17542087,0.122683264,-0.11175162,-0.13757269,-0.21158224,-0.011974876,-0.04986794,-0.021496907,0.16818304,0.057686716,-0.056596767,0.12191777,-0.022556053,0.08380989,-0.028095823,0.08695812,0.010739619,-0.11955233,-0.03609165,0.07056034,0.048337523,-0.09044614,0.07744412,0.01341661,-0.0045820973,0.07720156,-0.02114072,-0.032196283,-0.022324774,0.0046081645,0.018247556,-0.04189035,-0.03246275,-0.027330292,-2.7935841e-05,-0.009858054,0.027814431,0.015291889,-0.062028363,-0.017300267,0.00061321823,-0.015619473,0.016742729,-0.018675163
model based systems engineering training,0.63762367,0.3175236,0.23489442,0.0964842,0.32395986,0.007178249,0.06290889,-0.16801865,0.101717256,0.025558826,0.089078136,-0.33941668,0.09657718,-0.32759717,-0.020796606,0.011229739,0.03863384,0.021716261,0.023446597,-0.10434041,0.021249836,-0.024871876,0.017361073,-0.040969316,-0.085836224,-0.02810851,-0.0062734876,0.031900182,-0.047626562,0.019632254,-0.0319488,-0.03634802,-0.010794796,-0.010774359,-0.013925938,0.01158565,0.031432547,-0.0051015057,0.004446226,0.03784881,0.008890984,0.027756525,-0.030928086,0.045083616,-0.008110846,-0.0023179292,0.013450459,-0.028547524,0.030784609,-0.0074210404
mit engineering certificates,0.58767116,-0.17348145,0.18883625,-0.698117,-0.0017543931,-0.12120632,-0.1201257,0.0030474472,-0.13738793,0.003979163,-0.07017431,0.059560414,0.088956505,0.021775309,-0.035517413,0.053858582,0.057119194,0.03696736,-0.09705069,-0.0018260049,0.010163396,0.0055357274,0.02997829,-0.0022067807,-0.07019309,0.041979536,0.030138139,-0.04486122,0.033445653,0.023710726,0.028078776,-0.002966356,-0.014586088,-0.017644301,0.005880859,0.011106373,0.005124541,-0.02067462,0.010237284,-0.0097715,-0.0042182608,0.021165686,-0.017379526,0.022275968,0.016586518,0.024071403,-0.011610489,0.022408813,0.002455092,-0.034631193
aeronautical engineering courses,0.6320768,-0.07505106,-0.5094462,-0.0078057046,0.08321436,-0.1072084,0.2799942,-0.15009677,0.15234356,-0.09770788,-0.16403338,-0.033898145,-0.042255588,0.080005005,-0.012104601,0.009176368,0.06458815,-0.090555236,-0.10064962,0.09643033,0.077976204,-0.00039300584,-0.04404722,-0.05091753,0.085200004,0.13150972,0.059786934,0.1013188,0.034916885,-0.01701986,0.08355155,-0.044544484,0.010517272,0.0517027,0.08309132,0.12452894,0.042568147,0.064082,0.06418084,0.030369762,0.06327438,-0.046059508,-0.0590792,-0.056467976,0.057119947,-0.030866764,-0.015723873,-0.032062415,0.028906796,-0.010459161
model based systems engineering certification,0.5964369,0.25594723,0.35424182,-0.08954521,0.2906452,-0.14276409,-0.18559764,-0.1965059,-0.009260924,0.016731367,-0.10634293,-0.34024224,0.016841237,-0.20735717,-0.026764963,-0.11627152,0.023418473,-0.16133742,-0.06375907,-0.11191698,-0.061505944,0.038826838,0.0005590895,-0.024869433,0.06500081,-0.06686602,0.0239377,0.07705443,0.015429953,-0.053029574,-0.07500859,0.02480749,-0.0020655543,-0.010614212,0.020574806,-0.015773972,-0.027214987,0.032734,-0.016446978,0.011859807,-0.029236244,0.012057409,0.010999923,-0.011671787,-0.014677815,-0.048781645,-0.025412932,0.016780078,-0.02750079,-0.01583
mbse certification,0.48269314,-0.13705216,0.17256466,-0.36097372,0.02021577,-0.15675096,-0.3199714,0.017949965,0.5708588,-0.032887105,0.13134238,-0.07916967,-0.18318908,0.059277613,-0.052845646,-0.006499159,-0.04551786,-0.11458164,-0.049942486,0.06694161,-0.056318417,0.021280792,0.056154452,0.113805525,0.059547145,-0.07156513,0.019097557,0.07784128,0.017531745,-0.01874725,0.0019367576,0.05085318,-0.0121142585,0.023149654,-0.011510367,-0.011731499,-0.03073133,0.057264354,-0.003787187,-0.017536627,0.0015448685,-0.032780323,0.00026224446,0.0051670466,-0.019618796,-0.02292772,-0.038786434,0.024248227,-0.0039278097,0.014376269
architecture and systems engineering mit,0.71430147,0.43421778,0.20391695,-0.15294702,-0.17239147,0.19023965,0.023230447,-0.2792108,-0.06992387,-0.035706595,0.0035353685,0.07631277,0.008768047,0.07758314,-0.09046963,0.10740645,0.07523011,0.08014567,0.03155996,-0.018055592,0.045957133,0.0531273,0.09033246,0.03812841,0.013182427,-0.028102852,0.06225118,0.02009893,0.0061603063,-0.03508216,-0.012094824,-0.006443253,-0.0006235164,-0.059027117,-0.044744812,0.059127994,0.04696857,0.048326924,-0.025651904,0.0018726675,-0.032310706,0.03371861,-0.018493608,-0.03835631,-0.0003703822,-0.010576137,-0.029522335,0.008409464,0.009160002,0.007552553
mit systems engineering course,0.82778084,0.17188883,0.21157612,-0.102604344,0.08048604,0.0011799933,0.30237675,-0.17231266,-0.03869045,0.08568043,0.023764592,0.20862892,0.04717432,0.036717195,-0.04628168,0.027646648,-0.03533682,0.014986114,-0.061131343,-0.07023664,-0.035534676,-0.09159077,0.0014009374,0.071046956,0.029149257,0.00028252142,0.01139227,0.0011234387,-0.012788908,0.014473961,0.028299218,0.009616751,-0.013395545,-0.06724844,-0.0036425483,0.026691671,0.016073817,0.043573953,0.00824344,0.0022214008,-0.007780525,-0.017011674,0.042334724,-0.024804419,0.036442943,0.02220995,0.018210601,0.044335924,0.018978106,0.030722167
architecture of complex systems,0.4194305,0.4545943,0.13911428,0.18266757,-0.12372288,0.2950891,-4.640806e-05,-0.13214536,-0.11031536,0.0350232,-0.3047925,-0.070391014,-0.17029305,0.03906849,0.101112366,-0.11847683,0.0036034212,-0.16214137,0.09903612,0.2388589,0.03485993,0.11290365,0.09737854,0.12997894,-0.09748917,0.029110214,0.0013416833,-0.10163104,-0.0043563577,0.05655963,0.141137,-0.0664936,-0.15212654,0.06836998,-0.14697812,-0.054521754,0.11170105,-0.03843552,-0.03340922,-0.004744963,0.027717046,-0.027043954,-0.0008726539,0.03757101,0.050900474,0.06825371,-0.02934047,0.008775843,0.10914693,-0.081090465
online aerospace engineering programs,0.6616329,-0.16591759,-0.50001895,0.18467079,0.2041163,0.16508006,-0.24127208,-0.14160492,-0.12603202,-0.032941997,0.06295399,0.061383177,0.07713658,-0.022336481,0.057006344,0.104003884,-0.1712898,0.07452091,-0.0039444254,0.03124488,0.0015896115,0.05452624,-0.019383254,-0.0062954174,0.015980309,0.025634551,-0.048643403,-0.03526034,0.06126179,-0.0021170792,0.018007183,0.038217705,-0.02050733,0.042389173,0.031455353,0.03589595,0.0033400436,-0.0067784013,-0.04387389,-0.010639657,0.0036904414,0.0017077802,0.0048533315,-0.030222764,0.017825553,0.0133550465,-0.020082517,-0.003318329,-0.016008375,0.012029768
architecture and systems engineering,0.6454458,0.56272125,0.10527695,0.097688,-0.093260095,0.135521,-0.07008429,-0.15299217,-0.03080558,-0.119472265,-0.12757017,-0.06783571,-0.15933076,0.18277948,-0.04343217,0.06355028,0.10184994,-0.026108578,0.09324125,0.058422543,0.037907004,0.056484893,0.10766683,0.016973738,0.023829056,0.046000008,0.0636207,-0.029256143,0.013144592,-0.09747064,-0.015972825,-0.035261687,0.04079288,-0.08569161,-0.10485678,0.018618515,0.030290276,0.056581527,-0.03866129,-0.0023294098,-0.020153096,0.03416847,-0.014099742,-0.039427467,-0.0014692144,-0.04331217,0.0048644366,-0.0057712537,0.004731174,-0.015398103
radar systems engineering course,0.6532454,-0.020834455,-0.03760596,0.04051292,0.11905248,-0.16103104,0.24919523,-0.07318497,0.0061722975,-0.08213971,-0.10470286,0.10199417,-0.04025983,0.096374646,0.058736596,0.020903364,0.11688075,-0.012765072,-0.14376174,-0.037707437,-0.022923907,-0.10646453,-0.07268075,-0.05942784,0.1330165,0.21607058,-0.06982132,-0.040219612,-0.1090669,0.0041591497,0.092433736,-0.23884413,-0.11134532,-0.06971603,-0.0756478,0.03674422,0.0088057555,-0.057894588,-0.12237925,-0.042497665,0.07394359,-0.07850562,0.27639654,-0.018990938,-0.23281595,-0.020111604,0.11810955,-0.10285872,-0.0037724732,0.04723241
model based systems engineering certificate,0.6016076,0.21778375,0.3924899,-0.16986057,0.24507158,-0.16980189,-0.24094415,-0.17767674,-0.11151143,0.032184035,-0.12218775,-0.3141173,-0.017632892,-0.16773134,-0.012376745,-0.0667854,-0.0020471285,-0.17464387,-0.03335308,-0.06206374,-0.07084873,-0.07540815,0.03902761,-0.101226375,0.001250912,-0.011258251,-0.008664688,0.0014839144,0.004463312,-0.008518399,-0.0075936243,-0.012885789,0.0007279268,-0.025657428,-0.0072402367,-0.050687794,-0.039632425,-0.008550281,0.03750909,0.025736853,-0.0131846145,0.02100108,0.015773846,-0.028438782,-0.011832718,0.01802714,0.027819056,0.003579507,-0.02597786,-0.005826388
certified systems engineering professional csep,0.67853737,0.055044692,0.28780806,-0.055747084,0.14690134,-0.26116413,-0.153966,0.09342305,0.027162626,-0.045325305,0.03741913,-0.024047254,-0.0011160626,0.11013295,0.16824213,-0.023186972,0.06794521,-0.15146346,0.056091104,-0.045198075,-0.12377637,0.110396236,-0.14956215,-0.09680039,0.062161166,-0.2058298,0.031819936,0.07670947,-0.0105003845,-0.11158558,-0.11518942,-0.00027158472,-0.0006097553,0.06915444,-0.04115987,0.0326586,-0.020421524,0.08013384,0.06348877,-0.043606866,-0.09254644,-0.037482154,0.19328244,0.06394506,0.0053126984,0.14088883,0.039889712,-0.0701398,0.11650252,0.0028252858
mit engineering certificate,0.59972966,-0.18801533,0.17586781,-0.6964087,-0.05749982,-0.09358774,-0.09710783,0.007942217,-0.14525719,0.009613161,-0.02973592,0.056752678,0.10111004,0.007119815,-0.04593985,0.0690086,0.06573818,0.017269723,-0.045482725,0.010236062,-0.034182694,-0.054550476,0.014806319,0.0014981178,-0.046557244,0.039348513,-0.033256017,-0.018221628,-0.007126867,0.042825453,0.014475178,-0.042558517,4.930223e-05,-0.017354473,0.0008498586,0.009914507,0.008517727,-0.008138525,0.019144712,-0.019209664,-0.0019829983,0.005698415,-0.030112205,0.00067710946,0.039282512,-0.018961653,0.009201377,0.0137579525,0.020068888,-0.006521701
model based systems engineering program,0.565108,0.48298982,0.26876104,0.12012698,0.19335783,0.0016655163,-0.030256746,-0.1915846,-0.10704475,0.027493075,-0.05643035,-0.28994992,0.04778207,-0.30021447,-0.01536041,-0.04590274,-0.24111803,-0.020168696,-0.012892064,-0.019407338,-0.12414892,-0.04207358,-0.020272516,-0.07526666,0.040169265,-0.0011588635,-0.008314762,-0.013910665,0.010570809,0.0075385137,0.011794226,-0.005187968,0.042131335,-0.004177922,-0.011365568,0.037346832,-0.009748747,0.025899855,0.0025978812,-0.000868233,-0.0003953151,0.0071977186,0.01693515,-0.02725283,0.010740732,-0.0007819842,0.022716021,0.0032847177,-0.013134774,0.03050435
best online courses for aerospace engineering,0.6166029,-0.34531313,-0.48428988,0.124541,0.27134874,0.1970377,-0.07736957,-0.2066854,0.018573562,0.01346802,-0.020628618,0.027913906,0.04553603,0.05927632,0.008841827,0.05357291,-0.0142121455,-0.043791916,-0.14891416,-0.019523298,0.07494928,0.049325615,0.029443972,-0.035391178,0.0065486343,-0.058283865,-0.05157603,-0.030640362,0.04327578,-0.03040819,0.03150396,0.0106066195,-0.059978772,-0.022478374,0.016928406,0.043727506,-0.057348315,0.030809661,0.0152086485,-0.04375404,0.0431214,0.031814862,-0.06779973,-0.025878295,0.004592887,-0.03864319,0.06469407,-0.077729635,-0.02027028,0.01799576
computer systems engineering course,0.7760729,0.12571533,0.1764471,0.26176658,0.1281438,-0.114865914,0.27502984,0.024669165,0.041730516,0.0045065344,-0.08596447,0.13180861,-0.10574495,0.16256922,0.03898157,0.08565182,-0.058047548,-0.122453034,-0.120146446,-0.056659106,-0.16198702,-0.10130648,-0.04100589,-0.0414968,-0.015566657,-0.04466195,0.032741465,0.04375747,-0.05451229,-0.0026308952,-0.059233773,-0.0055524795,0.046019573,-0.035771623,-0.06492358,0.024861889,0.026202168,-0.04613688,-0.0010006301,0.0051834565,-0.00055235,-0.022350568,-0.016850471,0.032790717,0.03669241,-0.025506292,-0.010961026,0.009692614,-0.019285578,-0.014876504
mit xpro architecture and systems engineering,0.608569,0.45852563,0.21027832,-0.085619025,-0.0718,0.19492066,0.004820836,-0.037001573,-0.11094169,-0.07792545,-0.05884572,0.081569195,-0.12832786,0.11902795,-0.07668831,0.118575454,0.026385851,-0.053395506,-0.0638346,0.2407364,0.1413361,0.069851846,-0.07531785,-0.1304261,-0.1056225,-0.20128125,-0.12202633,0.1331819,0.001695997,-0.02220221,0.049106907,-0.024997957,0.025792288,-0.057165366,0.084383845,-0.08493451,-0.025880674,0.05180001,-0.016947242,0.041273136,-0.09319648,-0.015841756,-0.0021356465,-0.026178915,0.031529687,-0.050394047,0.008747823,0.05979644,-0.03941481,0.03622945
systems engineering principles and practice,0.61439836,0.49858588,0.22499242,0.14984654,0.17242794,-0.061523575,0.05056094,-0.0740519,-0.040445123,0.021187117,0.023574878,-0.051155526,-0.05478734,0.18960963,-0.1094559,0.06114363,-0.05303794,-0.08202109,0.04551028,0.08286067,0.10084147,-0.08996784,0.09761972,0.0578606,0.04882881,0.061154176,-0.035126347,-0.09210585,-0.006711879,-0.1090919,-0.06817416,-0.029245857,-0.03220942,-0.083536506,0.0628236,-0.04785171,-0.05110314,0.086514704,0.018677833,-0.05091233,-0.05434453,-0.010517678,0.09165283,0.05186793,0.01742084,0.03958413,0.1970318,-0.010033017,-0.13832515,-0.12282196
aerospace engineering course,0.6919661,-0.057853203,-0.59265965,0.022793435,0.09072819,-0.0977994,0.16034165,-0.14918396,0.07028656,-0.02557416,-0.10390815,-0.0099431025,0.04290715,0.057948057,0.026318507,0.08478279,0.05155969,-0.062421475,-0.1170207,-0.03707191,-0.05090669,-0.12029893,-0.019387743,0.048374932,0.031845063,-0.010480499,-0.10791695,-0.05918052,-0.033579636,-0.021460336,0.016468832,0.010330558,-0.035943296,0.006900147,0.013751812,-0.018682068,0.031704552,0.015399496,-0.011387343,0.0064893733,0.004177609,0.037287787,0.023340855,-0.041658055,0.04959161,-0.03398873,0.005696183,0.010992584,0.008090443,0.016897202
best systems engineering phd programs,0.7331864,0.22910991,0.073357284,0.11060541,-0.030801099,-0.123133555,0.070378676,-0.17002496,-0.017196275,-0.009811019,0.16142951,0.11726194,-0.084419474,-0.052555192,0.10309788,-0.020128774,-0.06492886,0.09970714,0.038981445,0.0019777915,0.029360838,0.12473842,-0.04534202,-0.15022588,0.016550448,-0.071730725,0.19220895,-0.039147492,0.16922468,0.085465714,-0.004060026,0.093645416,-0.16435322,-0.13407867,-0.014113602,0.018745784,-0.10276274,0.069909915,0.11242113,-0.13566926,0.054592546,0.029769009,-0.03042124,-0.02207305,-0.07523946,-0.033297017,0.07574527,-0.088847354,-0.032825705,0.13074954
aerospace engineering program,0.64747715,0.11679048,-0.61303324,0.068394154,-0.013523486,-0.14681743,-0.06204498,-0.117438525,0.016463706,-0.09911389,-0.040168073,-0.010837408,0.122877836,-0.0686188,0.14258985,0.12126727,-0.1547891,0.10507941,0.0141475815,0.07144005,-0.081601396,-0.037682526,-0.05285391,0.023881936,0.0049378085,0.012006541,-0.09842831,-0.060471773,-0.014402337,-0.005975459,0.012454865,0.02731716,-0.026688064,0.036972504,-0.013540209,-0.016311517,-0.019835757,0.061114214,-0.028956799,0.027066564,-0.002468551,0.027855562,-0.008695134,-0.03956901,0.021146292,-0.016342536,-0.031558,0.009118919,0.0044165873,0.041539498
process engineering certifications,0.61220855,0.03723613,0.28298676,-0.21976678,0.19012116,-0.2581457,-0.15120019,0.07073692,-0.007636711,-0.02101866,-0.08946965,-0.1439587,-0.0030478535,0.14597571,0.13167574,-0.17264035,0.11591189,0.046311256,-0.044743672,0.015577619,-0.02456605,0.081220806,-0.13533667,0.04148867,0.08860375,-0.0051002717,0.036252983,0.22219221,0.09740849,-0.19224106,-0.15612754,0.14776364,-0.02543415,0.015933702,0.054438073,-0.06510265,0.07702064,0.054400217,0.0023983452,-0.16835937,-0.0018461068,0.06263311,0.03131263,-0.024657456,-0.03069802,-0.049431033,0.012629262,0.109596714,0.060024545,-0.028235273
manufacturing engineering masters,0.6590063,0.0097905,-0.15319252,-0.23380321,-0.10480803,0.08992396,0.14006416,0.1322701,-0.042100877,-0.16823661,0.27969262,-0.095576555,0.031970706,0.08757566,0.035423227,-0.30453137,0.017301818,0.17948003,-0.25734448,0.04752809,-0.0010711664,-0.12905402,-0.097892374,0.05568126,-0.05072057,-0.01713881,0.07634275,0.03516745,0.041457683,-0.036756393,-0.08378068,-0.031901263,0.08573579,0.00063455984,-0.098066114,-0.11121392,0.098842226,-0.019139552,-0.029463857,-0.07336415,0.022388998,0.067419864,0.040514406,0.038401052,0.0064824517,-0.007708344,0.02952637,-0.02428991,0.046324424,-0.04694629
model based engineering training,0.59334373,0.16210045,0.008941641,-0.07742242,0.30343094,0.089748114,0.08670531,0.061368074,0.050282545,-0.13857934,0.027494807,-0.50561357,0.110795975,-0.3892802,-0.07471971,0.019521235,0.05726145,0.056153968,-0.06352103,-0.06554105,0.05643927,0.002080019,-0.03139725,-0.031778276,-0.08603821,0.015863355,-0.052161217,0.0045123477,-0.056301296,0.06555845,0.030834565,-0.016935628,-0.027911155,-0.005471126,0.017336564,0.021351947,0.00026966012,-0.004315217,-0.027123146,0.019748352,0.01472714,-0.01376954,-0.036702063,0.06426816,-0.029625399,-0.0034325887,-0.019226825,-0.062058937,0.04759992,-0.035387702
aerospace engineering certificate online,0.6328198,-0.31303108,-0.315542,-0.1603204,0.25055346,-0.07169009,-0.4308733,-0.15015322,-0.15885745,0.011931015,-0.031279437,-0.0003631476,0.055885915,0.09410007,0.06642417,0.059449993,0.068196006,-0.10010988,0.007916239,0.018937645,0.010690684,-0.12314639,0.0040841806,-0.014959826,0.008809538,0.04872384,-0.08203493,0.00025299183,-0.02101495,0.014652759,0.008910372,-0.05168237,-0.006679234,0.03969854,0.023656804,-0.020525336,-0.023856591,-0.03847755,-0.016979402,-0.016885623,0.032305393,0.039381783,0.011696374,0.01851461,0.046588704,0.00059523684,0.007899307,0.0007998698,-0.007619548,0.00965539
mit mechatronics engineering,0.6502119,0.2433066,-0.15550715,-0.27274385,-0.112724006,0.083342664,0.16079012,0.18401705,-0.14583609,0.038782764,0.012647171,0.044569507,0.10116011,0.05314956,-0.09041471,-0.07706636,-0.023463842,0.0020934308,-0.010052453,0.0706145,-0.09441564,-0.057110503,-0.0072551235,0.21685125,0.18044846,-0.021813985,0.16411926,0.07614137,-0.114292726,0.11443864,0.027857194,0.09893932,-0.18062064,-0.062002428,-0.0063130865,-0.05522693,0.0042181714,-0.08612992,-0.15106453,0.09932673,0.06156983,0.0018440976,-0.105720274,-0.0069029867,-0.075470604,-0.056034252,-0.055327125,0.002582327,-0.117368795,0.015093526
online courses for aerospace engineering,0.63770384,-0.3567932,-0.47000918,0.1462447,0.31157133,0.17881565,-0.08252203,-0.19934662,-0.031375688,0.0241125,-0.03643611,0.04446409,0.040298115,0.041553337,-0.027460253,0.079152375,0.019471694,-0.021459104,-0.10751551,0.022183985,0.031571545,0.0073842783,0.035437535,0.021238018,-0.00753905,-0.0148537615,-0.059369408,-0.017371418,0.024982825,-0.03288975,0.035003204,0.014578668,-0.008831803,0.03162847,0.04699443,0.017841933,0.0021945988,-0.006182836,-0.016594818,-0.018740518,0.025641236,0.02692886,-0.014253322,-0.027468165,0.044799615,0.01423927,-0.00794711,-0.017930504,-0.022608984,0.016661383
fundamentals of systems engineering mit,0.6914791,0.4475231,0.26145467,-0.15975228,0.0026980147,0.06333045,0.13563177,-0.1830075,-0.0840358,0.10582022,0.13499428,0.17025843,0.13829443,0.053756632,-0.112570636,0.08799606,-0.06190387,0.015704017,-0.03410406,-0.04474032,0.05825945,0.092802405,0.013047185,0.07377504,0.009266987,0.048502862,0.025046252,-0.012300848,0.0071637756,-0.065786645,-0.04507519,0.030364228,-0.05755587,-0.043981887,-4.8428945e-05,0.029477421,-0.00026502277,0.06255946,0.08217076,0.038257822,-0.052986056,0.05817198,-0.024379019,0.029534027,0.009860618,-0.014507947,0.025921345,0.026495792,0.00923235,-0.02845167
computer systems engineering program,0.7021572,0.34885487,0.15627797,0.22181727,0.04644252,-0.15721962,0.05689533,0.122390755,-0.04475,-0.027775878,-0.06744609,0.09222677,-0.048701406,0.086923815,0.1852446,0.11682899,-0.28709388,0.007902654,0.014559136,0.093356825,-0.19149442,-0.028969433,-0.10270652,-0.075690225,-0.014853693,0.058614373,0.0023192675,0.0036868793,-0.100855224,-0.006454912,-0.056877248,-0.010740005,0.10827535,0.0059776334,-0.051621612,0.056644417,-0.033439454,-0.0356011,-0.0022445724,-0.009637898,0.024892315,-0.022276286,-0.055577666,0.07103141,0.015087445,0.009033269,-0.021644495,-0.009508541,-0.012360265,-0.0033528686
systems engineering certificate program,0.7102217,0.044565193,0.3111628,-0.17492951,0.17938347,-0.3932907,-0.22307451,-0.033366226,-0.08119941,0.017639527,-0.09621128,0.05430927,-0.020604506,0.039255537,0.199358,0.05352135,-0.041703746,0.024663446,0.10009805,0.084145844,-0.056741264,-0.0785849,0.039431516,-0.10815321,-0.038389124,0.08613119,0.0046195425,-0.0440362,-0.0046605957,-0.0047630514,-0.014028631,-0.0127158705,0.020373682,-0.053065296,-0.028931934,-0.038791586,-0.040718123,0.010794733,0.014012271,0.024606131,0.010557343,0.03121335,0.0067055263,-0.022646712,-0.026975758,0.013375176,0.014535121,-0.012601513,-0.013920579,0.01212252
aerospace certificate programs,0.6320549,-0.20120764,-0.42336905,-0.12225017,0.046850648,-0.3310656,-0.2675222,-0.25856194,0.020076413,-0.011255677,-0.1910732,0.03228976,0.049078446,-0.07520921,0.19968553,0.044948008,-0.051507246,0.011244931,-0.017828016,0.10601997,-0.0011157916,0.0035085732,-0.0038061938,-0.00044726353,-0.038481187,-0.018079985,-0.009343709,-0.04683758,0.013261834,-0.019511394,-0.013015362,0.03656491,-0.01805542,-0.0007424561,-0.0056466125,-0.034232482,-0.022614777,-0.02447485,-0.045568474,0.0039613284,0.006761066,-0.012236682,0.036562175,-0.0072396845,-0.020830194,-0.01344545,0.0041815178,0.0033575636,-0.009675145,0.0007925336
intro to systems engineering,0.67892176,0.47118917,0.17091906,0.20974545,0.101791956,-0.103856444,0.1708405,-0.060752656,-0.0150950365,0.033786703,0.075675525,0.09438341,-0.013510663,0.1330799,0.03943913,0.026254779,-0.05792821,-0.022730337,0.08255306,-0.014007583,0.01654909,-0.07241419,0.037758935,-0.005138432,0.08473953,0.04385103,-0.027187409,-0.06366569,-0.035847962,-0.085867986,0.0068796645,-0.005395335,0.00981622,-0.081832,-0.054850906,-0.047987066,-0.007505718,0.08418896,0.21082354,0.046324756,-0.04313019,-0.072993584,0.118966915,0.07064338,-0.10658324,-0.072536305,0.019296324,0.017008983,-0.0605528,0.00808793
aerospace engineering masters programs online,0.65974617,-0.26694664,-0.45094076,0.083254166,0.13300227,0.16881216,-0.18330868,-0.24719155,-0.08321754,-0.033838015,0.15679032,0.07620521,-0.015137165,-0.088108525,0.08289261,0.045096375,-0.13222983,0.08678949,-0.1481368,0.056282118,0.08298659,-0.02596942,-0.033140957,-0.00908979,0.034313586,0.020330431,-0.017500097,-0.054797016,-0.01049043,0.013946558,-0.057287302,-0.031353846,0.0051606433,0.057797965,-0.020866074,-0.048862655,0.023073623,-0.005620671,-0.062075768,-0.0011478892,-0.008295215,0.0068027563,0.028748488,0.016653994,0.05413116,0.014988067,0.008120991,0.022026515,-0.054270566,-0.011201069
ocw mit edu,0.53251016,-0.2390328,-0.0016632802,-0.2432928,-0.22825678,0.28061226,0.2400753,-0.022782588,-0.015280176,0.031386003,-0.10089178,0.0897211,0.14091149,-0.052917697,-0.13851795,-0.006132902,-0.13503486,-0.05596672,0.29602313,-0.09654812,0.065175794,-0.016440649,-0.05610419,-0.14209151,0.051215697,0.0926035,-0.1394412,0.17407556,0.1496248,-0.056544162,-0.08300818,0.055501822,0.028609091,0.118533276,-0.14492953,-0.18823889,-0.07220118,-0.099329315,-0.068654925,0.022267101,0.07264617,0.064878,0.011694938,0.006747983,-0.042628143,-0.01359984,-0.012786841,-0.02875271,-0.049609095,-0.019537866
mit ocw,0.38869944,-0.1267649,0.029334905,-0.3794393,-0.19684243,0.33167335,0.178139,-0.03309338,0.00484609,0.13899565,-0.07983691,0.044555902,0.2532559,0.04891155,-0.087472364,-0.07187371,-0.047379762,-0.07431369,0.24413906,-0.16904072,0.0008870829,0.03695919,-0.07352862,-0.13612457,0.07497918,0.16308865,-0.24930748,0.24557437,0.050596077,-0.10850238,-0.028972326,0.048301365,-0.03234393,0.05925208,-0.24747416,-0.11112204,-0.022709664,-0.02182302,-0.09178761,0.015419826,0.051625688,-0.10099813,-0.011565029,-0.032525543,-0.004906813,0.045172684,0.022247676,-0.030120455,-0.01686222,-0.01812034
mit ai course,0.5922462,-0.16580412,0.033777453,-0.29584283,-0.20063643,0.3552189,0.35621035,0.023882812,0.022445522,0.09748271,-0.0152483545,0.0022617108,0.20926006,-0.0048518963,0.18238108,0.04487041,0.07039274,-0.16593899,0.036623117,-0.04169396,-0.08552106,-0.052328557,0.07382713,0.055088457,-0.03215418,0.035464358,0.07400156,-0.0474845,-0.05365844,-0.02569464,-0.023889141,0.03868094,-0.044413414,0.10499937,0.0683712,-0.0020106463,-0.087073736,0.18648942,-0.07569817,-0.031757545,-0.045749366,0.04024405,-0.02780033,0.05082771,-0.035219055,0.016764075,0.015047474,0.05277761,-0.032996304,-0.025717378
mitx pro,0.32922632,0.049181826,0.1544301,-0.5056933,-0.19911808,0.28410983,0.0778536,0.07895701,0.10558327,0.081857495,0.03929347,0.13075082,0.2732288,0.061734427,0.023199648,0.039807472,-0.11508008,-0.0053161457,0.048277352,-0.022205373,0.0025862383,0.08570647,-0.21794087,-0.07565165,-0.020312758,-0.24580853,-0.070193015,-0.09643682,0.05605508,0.07063865,-0.011591301,-0.22480853,0.04970152,-0.007057996,0.14918303,0.061713185,0.08354365,-0.17597696,0.046212833,-0.16899352,0.0911958,-0.0046630832,0.009762188,0.003705833,-0.120796986,-0.06567166,-0.054055013,-0.112491444,-0.062858626,-0.07236823
generative ai,0.24103081,0.09899693,-0.041319143,-0.08283804,-0.16704352,0.35782722,0.1468765,0.32454827,0.0029014782,0.09039493,0.11245352,-0.25309223,0.14855625,-0.10821259,0.5438914,0.00071442313,0.13534324,-0.1591703,-0.090968065,0.05108586,0.00730238,-0.038851406,0.18097068,0.073105566,-0.036140297,0.12795874,0.019738216,-0.03718891,0.17397727,-0.055479635,-0.00084522803,0.09942125,0.090212755,-0.05735473,0.06312161,0.004203929,0.050161943,-0.13825966,0.08485691,0.046246912,0.045149315,-0.03296831,0.019499848,-0.0021460298,0.040490206,0.017516688,0.010306481,-0.10394639,-0.024829896,0.07709236
mit generative ai,0.28771093,0.06069803,0.049191583,-0.32123572,-0.2475114,0.46373072,0.23942652,0.16252127,-0.06783663,0.10615001,0.14324787,-0.13897479,0.1739147,-0.09911464,0.43350273,0.047682688,0.10569783,-0.12714504,-0.12346253,0.08107793,0.03759768,-0.030861614,0.14187962,0.107049674,-0.040473174,0.07163904,0.04825544,0.017270947,0.11477883,-0.102414325,0.008240948,0.0564154,0.082511894,0.025132967,0.055965774,0.023322865,0.016570223,-0.09804114,0.050650395,0.055446804,0.022428166,-0.036274977,0.02989711,-0.039168615,0.019650262,-0.015296925,0.011738599,-0.07867884,-0.012903297,0.06695529
mit ai class,0.51836735,-0.047523323,0.040100254,-0.2368924,-0.22676297,0.38264126,0.3048943,0.056044385,0.022891758,0.11817767,-0.025958652,-0.108368576,0.23834905,-0.061513174,0.23914757,0.12197924,0.07979976,-0.20627199,0.041642796,0.019600734,-0.059022456,-0.11336345,0.06817751,0.12637107,-0.073791414,0.0136184925,0.042370375,-0.053714067,-0.04690556,0.023916759,0.026958456,0.029254219,-0.038585786,0.1073465,0.0023323505,0.06871845,-0.15780859,0.17378789,-0.0077842367,-0.011479736,0.015023505,0.029326655,0.07180084,0.027293071,-0.08885371,-0.055242106,-0.047649134,0.05256956,-0.022808345,-0.13646744
systems engineering models and methods to manage complex systems,0.47180742,0.56039476,0.23683676,0.15579915,0.15568405,0.058223747,0.018680345,-0.09468103,-0.112579405,0.09386615,-0.088281505,-0.15726751,-0.061578076,0.0077380966,-0.054344177,-0.16526364,-0.12781021,-0.093719564,-0.007815043,0.06988781,0.043502446,0.15282945,0.0739608,0.05678497,-0.083453886,0.14479724,-0.0120498985,-0.14685033,0.04685834,-0.012781709,0.062691465,-0.069870114,-0.20968212,0.14982119,-0.015047553,-0.0028140566,0.18689954,-0.10239105,0.0029246842,0.015723389,-0.0029777861,-0.010493085,-0.028014664,0.08683148,0.073344484,0.0052632005,0.045384467,0.046813704,-0.03851881,-0.034585953
best online engineering masters,0.6635935,-0.31434476,-0.12497097,-0.05871598,0.03424729,0.3555378,-0.05313235,0.047752175,-0.12887864,-0.106428154,0.2890398,-0.0060843136,-0.14589137,0.028243989,0.041060295,-0.09107077,-0.07137256,-0.0042416877,-0.18656123,-0.107807055,0.16554694,0.10315265,-0.07710494,-0.13987654,0.06419454,-0.024816211,-0.009433211,-0.049009174,0.056550086,0.0664136,-0.059761394,0.011103342,-0.053498972,-0.048111428,-0.051320765,0.016280225,-0.023259204,0.05418231,-0.03727076,-0.03518267,0.0030873765,0.008580716,-0.02617985,-0.0112617025,0.0023293188,-0.047518853,0.059612658,-0.09262875,-0.009816182,-0.048033908
online tech degree,0.6474244,-0.50041544,-0.0033415526,0.23175408,-0.013797299,0.114277035,-0.16867994,0.04526276,-0.25370443,0.005781166,0.22681604,0.047684774,-0.018943142,-0.09036585,-0.14495577,-0.039484985,0.015901674,-0.09316559,0.074247904,0.069690585,-0.06847645,0.092651196,-0.025122475,0.12339726,-0.044801973,-0.03647848,0.025981339,0.02573909,-0.051533062,0.006936612,-0.025800455,0.0077009704,0.035714474,-0.05138679,-0.044519156,0.065693304,0.00088369095,-0.06508268,0.044198222,-0.0052296673,-0.0101993885,-0.048181806,0.052267138,-0.059810463,-0.0071456586,0.011978979,0.035357896,0.009377907,-0.021999862,-0.0043379446
learn online,0.43595633,-0.49880767,-0.008101244,0.25554594,0.22305416,0.44537964,-0.08164575,0.116352014,0.012810499,0.120677106,0.12287535,-0.06483554,0.07730734,0.016069107,-0.024296002,0.017290762,0.06889372,-0.0684255,0.15609299,-0.0065971557,0.07320076,0.09669346,0.060481463,-0.0039090896,0.064012766,0.013159491,-0.021005737,-0.19023602,-0.11499207,0.0026940468,0.010915052,-0.05983034,0.066601895,-0.010950217,-0.037023224,-0.17608865,0.0064888694,-0.025910659,0.06903133,0.038516913,-0.008277263,-0.018707208,-0.045744393,0.04710363,-0.060608283,-0.11822348,0.02748725,0.063380726,0.07193226,0.004308001
online elearning,0.4605251,-0.44166657,-0.11253781,0.2226046,0.123377755,0.42514133,-0.18241504,0.17830448,-0.080452785,0.0620744,0.10518563,-0.111098245,-0.02094329,0.04730902,0.015692852,-0.0030158644,-0.06265675,-0.062246405,0.1902638,-0.06254347,0.028538227,0.10183036,0.05639904,-0.02822917,0.117203936,0.095495515,-0.013985216,-0.16447428,-0.093674384,-0.07515999,-0.026742954,0.036197342,0.09400619,0.0033093248,0.119557306,-0.08782237,-0.08389858,-0.10114368,0.043205343,0.09834722,-0.059629787,-0.07718083,0.09964152,-0.040896215,0.032468274,0.005060676,-0.020309959,0.06650004,0.10711231,0.071687296
architecture degree,0.5725443,-0.07137559,-0.06155696,0.0034532966,-0.39334917,0.08595763,-0.02038573,-0.22262399,-0.11914581,-0.38525224,-0.08697952,-0.09216306,-0.2713128,-0.13575496,0.054812923,0.019260976,0.25691172,0.10160567,0.13086043,0.070251144,-0.13903503,-0.08616844,0.08731255,0.045598798,0.015545617,-0.06514238,-0.014911028,0.033298522,0.030761844,-0.045646656,-0.0018214749,-0.006482158,0.035136987,-0.0715033,-0.08239323,0.052250426,0.038021047,-0.036251236,0.02468662,-0.029664526,-0.0055228756,-0.007963204,-0.05235682,0.07033215,-0.044202436,0.026613785,0.005184557,0.00839988,0.034048095,0.03956255
masters architecture,0.5887299,0.063506804,-0.01855718,-0.1290694,-0.34595525,0.3151206,0.0117262425,-0.14262412,0.06514283,-0.20541613,-0.031329647,-0.12972537,-0.2674519,0.01996088,0.10570584,-0.15540822,0.07758542,0.18240717,-0.17098853,0.09883492,0.1701749,-0.04751405,0.034521405,0.0045281397,0.113984905,-0.04917481,0.033672154,-0.026899477,-0.075407915,0.07457762,-0.18841621,-0.090667635,0.04227587,0.010050051,-0.105603926,-0.103331886,0.007370141,-0.014953312,-0.0032551812,0.0026585464,-0.05167477,0.03947972,-0.014071886,0.08152975,0.028336817,0.0100416215,-0.008320953,-0.03224876,-0.033435415,-0.014448568
learn it courses online,0.66951555,-0.33600062,0.21155961,0.33938807,0.06553521,0.077266775,0.03159672,0.011919322,0.049454927,0.14238122,0.04770922,-0.008814322,0.086190164,0.013873056,-0.111807235,0.12518837,0.1010667,0.046259712,-0.07198086,-0.0047909175,-0.08788816,-0.028727647,0.10619389,-0.11575309,0.07890204,-0.11401604,0.111278296,-0.022767216,-0.015336286,-0.11195849,0.07419631,-0.1939314,-0.027938578,0.060808297,0.077008255,-0.1332859,-0.007071844,0.0045674257,-0.09187859,0.061452143,-0.02602454,0.023636265,-0.119609416,0.02281585,-0.006244011,-0.07811095,-0.050733786,-0.016657926,0.006422966,0.047810335
msc supply chain,0.4791752,-0.001172495,0.029766345,-0.12029327,-0.1392705,-0.044124514,-0.021385308,0.07061936,0.13954645,0.022423979,0.014773785,-0.0735494,0.073171385,0.2522466,0.07751009,-0.48877704,-0.24668722,0.18630248,0.013004505,-0.024147786,-0.028084384,-0.08782318,0.048615143,-0.015472999,-0.3016105,-0.06918727,0.00012379742,0.0020789348,-0.2195306,-0.12054571,0.028197836,-0.11063992,0.024858084,0.043438815,0.051984068,0.092486076,-0.09996778,0.021098066,0.026723277,0.10780817,0.047979385,-0.013052434,0.014164481,-0.08068524,-0.036944754,-0.07656101,-0.12122254,-4.4618813e-05,-0.0043659164,0.20529798
computer science msc,0.69968194,-0.17945051,0.0679031,0.10119711,-0.33576244,-0.13421272,0.14851253,0.08074795,0.11308989,0.009192339,0.11382949,0.009921579,-0.112886935,0.023361476,0.176722,-0.11082493,-0.1293566,-0.13492754,-0.04631167,-0.057238057,-0.21385333,0.078647934,-0.044201992,-0.092583634,-0.12900852,0.031305443,0.028754005,0.041761756,-0.15667479,0.040971752,-0.10496389,-0.12363792,-0.010822742,0.050284237,-0.07059501,0.08576708,-0.06345603,-0.027777107,0.006043124,-0.039161664,-0.07648732,-0.05572975,0.031650774,-0.049519744,0.023891388,-0.05351384,-0.050394397,0.031213745,0.058022078,0.04156667
architecture ba,0.5841548,0.15980816,-0.07267675,-0.05824131,-0.34542367,0.21660437,-0.11264755,-0.1746105,0.112174556,-0.2734547,-0.1743992,-0.1738683,-0.14399719,0.07348337,0.0059552663,0.07470888,0.1312579,0.110148326,0.1568254,0.11934305,-0.09158375,-0.073839284,0.17608409,-0.08864827,0.14648084,-0.09246204,-0.076558895,-0.003899941,-0.080740534,0.02481599,-0.017618729,0.0857099,0.0222452,-0.058802247,-0.049621344,0.15476589,-0.062740676,-0.0039213193,0.013606181,0.00747117,-0.034638725,0.023934076,-0.005241261,-0.00011659039,-0.002294877,0.023268018,-0.029745726,-0.08834848,0.04520135,-0.12713519
artificial intelligence course online,0.5850061,-0.38606498,-0.0050904974,0.16542561,0.13861983,0.38036543,0.13970092,0.08106153,-0.03861187,0.08994228,-0.054687437,0.0033812716,0.025751468,-0.010830755,0.25502136,0.07914311,0.06818497,-0.12511358,-0.022536276,-0.0070636924,-0.21627422,-0.06821416,0.05757523,-0.010464603,-0.0040732175,0.009576551,0.05639036,0.014674713,-0.06561234,0.11496539,0.049667984,-0.00363509,-0.10715313,0.09648885,0.05712568,0.08345828,-0.08297249,0.13589779,-0.04846616,-0.041298494,0.034455944,0.08683889,-0.016084509,0.062390834,-0.077503555,0.037115853,0.0046520387,0.15250248,-0.018086318,-0.05631412
courses online with certification,0.5890393,-0.63730985,0.12376164,0.03356834,0.31160858,0.112067476,-0.09654508,-0.049499493,0.039064843,0.07571785,-0.20901673,0.000309698,-0.025667047,0.040468454,0.016495343,-0.11516182,0.08005865,-0.007666586,-0.022647655,0.03422059,-0.0043247566,0.0949549,-0.0049855537,0.030961292,0.020059645,-0.02988055,0.08075044,0.03826898,-0.04150046,-0.054237865,-0.0034383002,-0.008080332,0.036185343,-0.011776171,0.010518871,-0.028610732,0.03490456,0.021923734,0.017086238,0.024029713,0.009632427,-0.03133251,0.01622779,-0.00853008,-0.0105860755,-0.018875232,-0.04880202,-0.010359879,-0.011484035,0.024059972
cloud architect,0.41156372,0.09805409,0.013542764,0.08126457,-0.26207292,0.26665714,-0.2862196,-0.052741498,-0.0035038283,-0.119349316,-0.0636503,-0.14345029,-0.15068254,0.19033343,0.14074922,0.1697105,0.09212478,0.1633491,-0.07962144,-0.50288033,-0.0725838,-0.015035235,-0.16950332,0.03549598,-0.051121853,-0.009376095,0.019649368,0.027668733,0.07761123,0.09606123,0.056759298,-0.02006565,-0.16343434,0.064212225,0.12508687,0.009182552,-0.0040861666,-0.092813775,0.0836745,0.06635228,-0.046102725,0.03075889,0.00095858774,0.037238967,0.00825539,0.1123263,0.012416239,-0.045168895,-0.020796398,0.06563287
architecture ma,0.49577573,0.13583653,-0.054635756,-0.031371467,-0.40020537,0.28532696,-0.08183519,-0.18170893,0.006732538,-0.21261276,-0.20692757,-0.17531465,-0.1782437,0.066540994,0.086009815,-0.10600255,0.1352554,0.21067728,0.133473,0.021385984,0.019204764,-0.057577264,0.17099407,-0.002607795,0.13541399,-0.034631226,-0.12718149,0.011072054,-0.061810605,0.12442002,-0.12124055,-0.06574656,0.0789989,-0.06647308,-0.014210815,0.05062642,-0.058235582,-0.14608355,0.057485264,0.091298014,-0.1386923,0.11376367,-0.0061940327,-0.017727084,-0.058721278,-0.0038624743,-0.04503493,-0.01011501,-0.027566766,0.011846031
aerospace degree programs,0.57282364,-0.038721092,-0.64827186,0.08867772,-0.11219761,-0.21495965,-0.08693914,-0.2840681,0.0029286887,-0.06908783,0.0139295915,0.036128696,0.021066982,-0.18207987,0.09546863,0.068773486,-0.030446284,0.012309721,-0.018253269,0.0692398,-0.059906542,0.0063478067,-0.03990518,0.073636085,-0.052921135,-0.012517992,-0.03235062,-0.06995352,0.0060020713,-0.07294838,0.0007629888,0.032318804,-0.0091797905,-0.02846262,-0.00060803164,-0.039395988,0.0027108896,-0.02754799,-0.04675788,-0.001174504,-0.012277631,-0.010204391,0.030228063,-0.03586506,-2.4183533e-05,-0.018158395,0.016552908,0.028645134,-0.0070127114,-0.001971395
aerospace degree online,0.5817067,-0.32677233,-0.52117074,0.14519563,0.053624123,0.11352406,-0.29270607,-0.25535536,-0.14284869,-0.0041340026,0.14660881,0.060943108,0.013141604,-0.08474922,-0.034291804,0.029374175,0.0022407512,-0.1004558,0.064521335,0.027514676,-0.06218982,-0.03249184,-0.021387694,0.06266255,-0.011827323,-0.0101124365,-0.048221506,-0.010535048,-0.048146006,-0.03822305,-0.004038972,0.0006428284,-0.0021907394,0.00177092,0.03759686,-0.018574646,-0.009345625,-0.047164034,-0.0060360683,-0.024238572,-0.0062690475,0.00014063636,0.04965968,0.00075210736,0.027866287,-0.0030626452,-0.01277956,0.013396454,-0.028982528,0.022144105
doctorate in information technology,0.5487876,-0.20875159,0.13176951,0.22658987,-0.50354046,-0.10815435,-0.079899766,0.08850581,-0.11181177,0.0894686,0.18351188,-0.046899505,0.030481009,-0.059156325,-0.1603778,-0.042902566,0.15324289,-0.10111253,0.03512687,0.032081533,0.028647752,-0.01568495,-0.14502619,-0.093204856,0.07753031,-0.07389907,0.14521489,0.008007922,-0.023852633,0.063147016,0.011491199,0.10184699,-0.09078841,-0.0180493,0.10690914,-0.12741777,-0.04024537,0.042965986,0.1322301,0.043784004,0.074714616,0.1450634,0.0216281,0.020258833,0.022669448,0.053686835,0.03850004,-0.05124385,-0.08308676,0.057047263
computer system engineering course,0.76925415,0.11115457,0.16736744,0.23912439,0.12907568,-0.1060605,0.27549002,0.07498591,0.06263875,-0.019388925,-0.10084671,0.1248548,-0.111045256,0.15725635,0.055049144,0.087043785,-0.076684915,-0.12787576,-0.114465035,-0.033621445,-0.16098706,-0.09553617,-0.0538921,-0.045822892,-0.02227159,-0.062044587,0.009241773,0.04606522,-0.08219731,0.03493093,-0.06641726,0.0014387809,0.07066055,-0.0416236,-0.05798204,-0.0030752495,0.01394361,-0.053889755,-0.018112246,0.02155879,0.0132714,-0.026673438,-0.0339319,0.060064334,0.07094067,-0.049403366,-0.0036415188,0.0075344476,-0.02377653,-0.018642757
aeronautical universities,0.53170186,-0.029270342,-0.5606306,-0.030433381,-0.15539083,-0.10823258,0.066708215,-0.21307662,0.11248854,-0.11654757,-0.079326995,0.033043116,-0.041274548,-0.027735544,-0.08169619,-0.057443537,-0.10040124,-0.12215605,0.13725019,0.102244,0.103804104,0.015771216,0.0058935434,-0.13327433,-0.0010692436,0.15555502,0.16567737,0.24075764,0.047475636,0.1267301,-0.06863476,-0.05249856,-0.012143266,0.09520779,0.16424336,0.010138927,0.035827372,0.01672964,0.09604711,0.017095378,0.018703673,-0.012890287,-0.0042897337,-0.0010991745,0.04197519,-0.010207909,-0.01714309,-0.007949175,0.022265384,-0.01699704
aircraft and aerospace engineering,0.5640544,0.25302774,-0.68891734,0.029948078,0.004326769,-0.10452296,-0.025958166,-0.11449186,-0.011638581,-0.05551623,-0.03437734,-0.08754847,0.1368426,0.088293664,-0.07769978,0.03177964,0.057158355,-0.034155853,-0.050712842,0.023584668,-0.003988589,0.048552606,-0.027233472,-0.0028463823,0.09266134,0.038065795,0.046817884,-0.03299006,0.024639424,-0.07138854,0.04000037,0.008822869,0.022578074,0.0059783957,-0.015933879,-0.020686477,-0.028630905,0.043285534,0.097622395,-0.01813849,0.033136528,0.0495034,-0.06995767,0.03965005,-0.083974324,0.08256103,-0.05109304,0.0110202115,-0.0053517907,-0.012327436
information science degree,0.6070455,-0.28905463,0.14732021,0.2519594,-0.46653977,-0.23018545,-0.01632919,-0.028148795,-0.12855071,0.09163088,0.1350822,0.004547539,-0.09093868,-0.12426328,-0.049563833,0.010229752,0.043287717,-0.1022315,0.045476705,-0.0026205326,-0.05000415,-0.017672583,0.0033550933,0.06369862,0.00036658184,0.088588916,-0.17763786,-0.0040500425,0.08007126,-0.063457705,0.09993668,0.07644552,-0.03826125,-0.025490405,0.09506798,0.050602898,-0.014981455,0.017256785,-0.05674467,-0.05902796,-0.01738218,-0.0002583016,-0.0035572692,0.064930074,-0.013366537,0.011061014,0.0001596844,0.06606055,0.056627646,-0.035758343
best online masters in artificial intelligence,0.46971163,-0.3211318,-0.031746343,0.027561227,-0.05676996,0.5112565,-0.044361282,0.009870762,-0.06525155,0.05370618,0.23925689,-0.021620655,-0.111221336,0.04229128,0.35254171,-0.13553245,0.00014363494,-0.14696707,-0.16649581,-0.10022733,0.05920299,0.07369376,0.0009925873,-0.113690026,0.04686119,0.0032390654,0.07358326,-0.020007934,-0.015168653,0.05266009,-0.06653424,0.0011373891,-0.13092539,-0.027392006,-0.07360286,0.08452514,-0.09448777,0.1457279,-0.04215491,-0.03163366,0.038933422,0.0740692,-0.009452786,-0.033265762,-0.031622723,0.012845548,0.07959842,0.028555319,0.00907027,-0.0972965
aeronautical science colleges,0.5482705,-0.12480586,-0.56514996,-0.054744363,-0.050168633,-0.116080895,0.13140656,-0.22635652,0.057564557,-0.06277654,-0.11983814,0.047620215,-0.03347235,-0.010385831,0.0329931,0.0030063156,-0.08383265,-0.12822232,0.068982005,0.12650521,0.044294685,0.012264529,-0.018921716,-0.070861,0.04159207,0.111641735,0.0977327,0.29371887,0.058898553,0.10803156,-0.01628608,-0.103083566,-0.021108046,0.068621434,0.1104352,0.10318568,0.09083285,-0.0074367872,0.07176629,-0.0044365856,0.03652534,-0.09588803,-0.032583255,-0.024393821,0.049395274,-0.02386303,0.019868711,-0.05416421,0.049727257,-0.022037627
information systems major,0.67848605,-0.005014034,0.18892972,0.32236966,-0.40981716,-0.15721725,0.037172005,-0.03094511,-0.03034694,0.09812701,0.06955835,0.036428116,0.01100985,0.07630832,0.009646903,-0.12209209,-0.12820841,-0.074855454,0.007037242,-0.11128167,0.10289352,0.040341917,0.026167909,-0.038195044,0.06301148,0.014985993,-0.11543666,-0.1175071,0.038968258,0.050538797,0.09961961,0.05237087,-0.057412624,0.044021163,-0.03500102,0.033426143,-0.003454395,0.017813811,0.07526362,-0.0807417,0.021154514,-0.015146499,-0.08412668,-0.039086,-0.05051503,-0.13751756,0.0023581595,-0.030324062,0.13666485,-0.0035430922
information systems technology degree,0.6982496,-0.14887778,0.25934947,0.28466555,-0.39333928,-0.2669561,-0.043093715,-0.06849762,-0.14214268,0.07957572,0.13947652,0.05831603,-0.054230284,-0.07419007,-0.06707802,-0.025747707,0.0398399,-0.04902907,0.0044315974,-0.0071866508,-0.027791502,-0.044122577,-0.03588783,0.081444845,-0.059910998,0.022362089,-0.0727816,0.037936367,0.004004563,-0.050549828,0.0383095,0.029537454,0.01616148,-0.041429225,0.048062075,0.02930901,-0.020910535,-0.029920505,-0.0026940801,0.0038685114,0.022615062,-0.036861207,-0.043724544,-0.014207069,-0.05100947,0.041120328,0.023234611,0.012536282,0.0016971661,0.023225004
system engineering training online,0.7606552,0.008543122,0.13751544,0.1850684,0.45008868,0.14309132,-0.02931836,0.013389585,0.024193607,0.015974572,0.20389892,0.014792348,0.065551355,-0.020958327,0.07606452,0.11701071,0.04791657,0.114607826,0.14806229,-0.020610055,0.080135316,-0.026227009,-0.018306954,-0.014269493,-0.07657688,0.019980095,-0.056692805,0.047377624,-0.062181257,0.031431824,-0.053309802,-0.01771789,0.0047286344,-0.010802762,0.02063928,0.002331654,0.00363988,0.012740793,-0.0041385326,0.022953277,0.074779816,0.006104637,-0.0113729015,0.06576095,0.022195077,0.010623578,0.0073252013,-0.0022044934,0.0021435544,0.0052669523
application architecture,0.44038588,0.4272952,0.14863312,0.09459523,-0.28144863,0.2938085,-0.17881602,-0.07672574,0.08277457,-0.10539779,-0.31321183,-0.10634171,-0.1066348,0.10495853,0.0110137835,0.20761614,-0.013702114,0.08888343,0.030960245,0.008165491,0.004360361,0.12419883,-0.1457146,-0.0110114375,-0.043876182,0.058072485,0.030921804,-0.055443656,-0.06217457,-0.09691437,-0.06475258,0.08384745,0.029156916,-0.14235467,-0.01936781,-0.117969505,0.09626647,0.113040544,0.028675998,0.057233777,0.030599535,-0.085011624,0.119907245,-0.12593894,-0.038006704,-0.118300654,0.0065896953,-0.029986458,0.000922278,0.0010461295
aviation masters degree,0.5652036,-0.08045518,-0.41751957,-0.08891751,-0.22900058,-0.09728304,0.011495688,-0.33158064,0.060840186,-0.10366621,0.17681235,0.0081281485,-0.09009272,-0.15224862,0.051709495,-0.13844182,0.06665741,-0.08203275,-0.10660018,0.12925464,0.07873149,-0.05094781,-0.15471211,-0.040330403,0.02285512,0.122316234,0.15191226,0.060354143,-0.023412747,-0.08949822,-0.013930081,-0.12856384,0.122408904,-0.009523565,-0.0330001,0.0033290782,0.09139615,0.098369375,0.075679176,0.085042015,0.019616552,-0.09820671,-0.06153126,-0.015866937,-0.013926405,-0.0046220818,0.009983488,0.11949664,-0.059135824,-0.023235045
bachelor of information technology,0.6410024,-0.18747179,0.17386436,0.15024632,-0.49997464,-0.14715596,-0.1279955,0.10021483,-0.05710723,0.033574358,0.08355185,-0.015903363,0.043655865,-0.023572676,-0.1027652,-0.00869987,0.023949236,-0.1136956,0.037611715,0.100028105,-0.06439239,-0.057880536,0.04108148,-0.0031212254,0.015376866,0.027696691,-0.061436888,0.08261558,-0.14884159,0.004060452,0.036968533,0.10179147,0.007694077,2.0926409e-05,0.014151206,0.07228789,-0.0581392,0.0075871334,0.018057927,0.08478127,0.048772234,0.049373962,0.03497913,0.04303823,0.12743534,-0.111689456,0.07197684,-0.12859,-0.06975814,-0.13838339
systems engineering online course,0.81404096,-0.06280343,0.16982572,0.2804466,0.3402643,0.083307065,0.10043644,-0.114525035,-0.09480106,0.09651367,0.076077364,0.12380503,-0.032419622,0.12898795,-0.010878132,0.015794337,-0.022185007,-0.014581865,0.028172484,-0.053218827,-0.030835785,-0.08301263,0.039497312,-0.014252037,0.025604174,0.0028325154,-0.012371724,-0.006916178,0.015008699,-0.0043184627,-0.0030951372,0.016909793,-0.011522541,-0.0068993443,-0.017061634,0.007861058,0.011892371,0.048847817,0.028584281,0.00623841,0.012068986,-6.125553e-05,0.029359154,-0.034428697,-0.0013670578,-0.00045897398,-0.014961572,0.017252117,-0.0119997645,0.019679494
mit professional education,0.5575773,-0.25174487,0.11286883,-0.41368553,-0.18308264,0.12430572,0.19655661,-0.09213994,-0.009430357,0.019586178,0.061261237,0.09800758,0.20436634,-0.17909619,-0.093959086,-0.002747422,0.023475852,0.058409683,0.12827763,0.018440276,0.023908848,0.013070222,-0.1425218,0.0137542505,0.046811093,-0.2326708,0.12361235,-0.18534139,-0.06384281,-0.016489873,0.048801314,0.011544043,0.10420968,0.18799658,-0.05365031,-0.036063336,0.0028185167,-0.044307,0.105958804,-0.07875075,0.017599659,-0.10557389,-0.017809734,-0.017267091,0.061650813,-0.025954919,0.009866976,0.058041915,-0.017395953,-0.065840185
lean manufacturing online course,0.49249044,-0.2632132,-0.04406689,0.17447694,0.20929298,0.29090866,-0.060578,0.09004901,-0.03498578,-0.0023685608,-0.01785996,-0.115479164,0.16862196,0.24663302,-0.054749448,-0.29527986,-0.094586484,0.26487473,0.014540807,0.08931784,-0.16671804,-0.28989902,-0.067063734,0.16300817,-0.026905874,-0.0080736745,-0.030994486,0.11437787,0.022269404,0.0018184031,0.06693054,0.021877963,-0.029611807,0.020314626,0.102691725,-0.10203999,0.0055653853,0.045189884,0.10705596,-0.038027767,-0.12589216,-0.023522416,-0.039333783,-0.00052172877,-0.038012385,-0.0131514035,0.06561132,-0.010444053,0.041774027,-0.0883262
manufacturing engineering courses,0.68833745,-0.099592626,-0.15590411,-0.0886462,0.16830753,-0.012011806,0.31059033,0.15004747,0.029314356,-0.14986724,-0.08012289,-0.10043785,0.114727065,0.1602637,-0.1030958,-0.21382277,0.059750453,0.15973914,-0.15081829,0.08549337,-0.086995855,-0.12407806,-0.013313997,0.1202697,-0.11687666,-0.022851437,0.015622903,0.09015723,0.1284001,-0.054826856,0.027432004,0.057019502,0.06721839,0.00613691,0.013003855,-0.016104499,0.1303099,-0.021333326,-0.02166454,-0.08634841,0.01927629,0.088112436,0.027991423,-0.007165922,0.0048323004,-0.020583838,0.007257001,-0.05976161,0.12412948,-0.0063183764
mit certificate programs,0.566471,-0.29572412,0.26383394,-0.49210882,-0.10051929,-0.106955245,-0.11724483,-0.0797637,-0.09169703,0.0909255,-0.21125658,0.14963323,0.13962063,-0.10733914,0.13068466,0.06189611,-0.14841019,0.13457261,-0.037364945,0.048009723,-0.02880128,0.09530261,-0.01551742,-0.09124962,-0.028857825,-0.007448969,0.098937996,-0.09560749,-0.0017411244,0.021423459,0.03909339,0.03999066,-0.0144875785,-0.07464718,-0.026632037,-0.019018782,0.055934094,-0.0334271,0.0134358555,-0.008249098,0.0020465842,-0.0114783775,0.008965993,0.009160749,-0.04829255,-0.012590812,0.009409675,-0.0020651994,0.05070771,-0.008942361
lean manufacturing online program,0.39527652,-0.09664277,-0.00079052977,0.22373883,0.13909061,0.27728444,-0.25232077,0.1605489,-0.07916995,-0.024487607,0.049712744,-0.12608694,0.22534372,0.15461549,0.05669148,-0.2337746,-0.24767026,0.37983194,0.07121022,0.1690868,-0.16232003,-0.23958889,-0.10231622,0.15594408,-0.043598793,0.022466887,-0.026962219,0.11024957,0.07123775,0.008741303,0.05770461,0.028720155,-0.032133944,0.010265814,0.0937035,-0.07672356,-0.018254308,0.053804595,0.07702354,-0.05324916,-0.10096184,-0.040289488,-0.039465625,-0.036936253,-0.040227585,0.012640578,0.06377421,-0.0066100834,0.028278476,-0.09623929
mit xpro generative ai,0.32932878,0.097307295,0.04752898,-0.16872942,-0.18295471,0.4137382,0.19541818,0.25146663,-0.08651992,0.053878438,0.10932504,-0.17372766,0.05732115,-0.057440203,0.48464447,0.061418686,0.11221625,-0.23030597,-0.13134177,0.23361897,0.098698005,-0.024414944,0.07468541,-0.042153127,-0.10964434,-0.03497021,-0.045955766,0.10189255,0.12175074,-0.086065054,0.05630113,0.06758946,0.034488603,0.01347083,0.086841635,-0.028791681,-0.0581186,-0.03709332,0.053910237,0.070132,-0.022916693,-0.024785921,0.034029447,-0.03434936,-0.0071670297,-0.018608999,0.033979785,0.0015527534,-0.048852764,0.08312886
online systems engineering degree,0.7909877,-0.1451082,0.11504052,0.23602399,0.1255376,0.083935276,-0.123650804,-0.1321252,-0.26849982,0.0053768596,0.26304933,0.1430792,-0.13581972,-0.02039478,-0.053333938,-0.015333648,-0.0012430246,-0.054207463,0.09840674,-0.029767118,-0.02470258,-0.006523949,-0.02242398,0.06507667,-0.057192516,0.04827353,-0.019480413,0.010603489,0.06397884,-0.053118985,-0.020782743,0.049029544,0.027377155,-0.036985945,-0.013620988,0.03459912,0.004998333,0.00057767855,0.009073604,-0.008837336,-0.0065909345,-0.013416226,-0.011164601,-0.073155135,-0.026577363,0.0073767263,-0.011375917,0.0029293078,0.0051044906,0.0019235743
model based systems engineering,0.50031006,0.5513602,0.25463727,0.06571773,0.20626295,0.080511004,-0.072036125,-0.19147421,-0.102135025,0.052732155,-0.045133162,-0.34773198,0.031749386,-0.25568396,-0.11537156,-0.1143497,-0.13773808,-0.123285875,-0.02334308,-0.075123,-0.07370176,0.0057469443,0.004835918,-0.041886736,0.043255668,0.0089902375,-0.0031708502,-0.0178146,0.016100217,0.0005577122,0.0016861963,-0.0039853775,0.05628147,0.014576611,0.008392754,0.022364073,-0.0068551195,-0.0161817,0.010002903,-0.008623003,-0.015429454,0.009901648,0.017699525,-0.0063346145,0.010672283,-0.011111388,0.016963601,-0.018923305,-0.0019395566,0.023428766
engineering management certificate online,0.6787589,-0.3284428,0.109148294,-0.27277902,0.2381545,-0.038707312,-0.3003405,0.077707514,-0.19255197,-0.0591993,0.016093232,-0.09234817,-0.09178679,0.16122298,0.009948601,-0.096834235,0.03148996,0.025598584,0.005615318,-0.02503754,0.08133106,-0.11076586,0.04116164,-0.107017286,-0.055971026,0.15620996,-0.035832096,-0.023171585,-0.036146767,0.068105124,0.052084457,-0.058051355,-0.046892434,0.04430411,0.007849602,0.021515533,0.032506563,-0.036773857,-0.040727507,-0.012353831,0.021692943,0.05767663,-0.025314314,-0.008375951,0.06160212,-0.03613325,-0.010012389,0.026197175,-0.0367935,0.03154692
mit engineering certificate program,0.6484422,-0.18918529,0.19942832,-0.5738223,-0.027890868,-0.14061536,-0.10719888,0.015553827,-0.13318978,-0.0033648377,-0.08737373,0.091633685,0.12327216,-0.08469594,0.07864003,0.131191,-0.078886576,0.14524642,-0.026973212,0.079268016,-0.07831313,-0.053442027,-0.03268933,-0.04928529,-0.044727616,0.04521186,-0.02376267,-0.062914796,-0.012654915,0.022944715,0.036011267,-0.02395482,-0.007986315,-0.040679343,-0.004522275,0.008403228,0.02888311,0.012979509,-0.0048766513,0.0039488343,-0.00203601,0.0019719952,-0.018529553,-0.00923926,0.012735012,-0.024820156,0.0072082286,0.010239726,0.021007685,0.015826393
edx systems engineering course,0.7554474,0.08710328,0.10355052,0.024355548,0.16509861,-0.0009892571,0.19446221,-0.053327333,-0.020426016,-0.02917152,-0.03293813,0.16184466,-0.020407075,0.09950703,-0.03571246,0.10513316,-0.09299933,-0.085696116,0.004913019,-0.022733638,0.12405241,-0.1829408,-0.08753799,0.029695192,-3.4223135e-06,-0.19620383,-0.100536935,-0.06859341,0.15423805,-0.09822414,-0.020478066,-0.06679127,0.062599756,0.038592402,0.033356197,-0.008038335,-0.027102642,-0.13517864,0.0028171986,0.045802537,0.13351956,0.15137604,0.010484032,-0.0094854515,-0.15106632,-0.076600686,-0.13546357,-0.05062274,-0.0861468,-0.0077435942
systems engineering training,0.77501476,0.24117321,0.1653905,0.1389886,0.24727996,-0.16514283,0.15574777,-0.043373626,0.15978453,0.009556024,0.19199641,-0.023508595,0.07684112,-0.06630908,0.070329,0.09650183,0.13929394,0.10582476,0.1290183,-0.054653846,0.11120311,0.007347132,0.028088164,0.0021796008,-0.11123501,0.022300744,0.014508352,0.026887592,-0.04527339,-0.015805049,-0.05969746,-0.023213435,-0.021601921,-0.024554625,-0.026685499,-0.0018120281,0.022731395,0.0023563202,0.015444537,0.030890143,-0.000704044,-0.0013531725,-0.028217267,0.046402745,-0.026321722,0.010070534,-0.010845066,-0.029665373,0.016937573,-0.013221849
model based engineering,0.50670636,0.42723027,0.060926072,-0.077240884,0.18463036,0.13930984,-0.039950654,0.020628463,-0.16630626,-0.08644125,-0.09829393,-0.5055909,0.03963995,-0.28652516,-0.17749502,-0.12177033,-0.10641077,-0.06168262,-0.1122327,-0.062291916,-0.08629653,0.0317572,-0.0083061475,-0.05281344,0.06583826,0.018471092,-0.024327023,-0.032509003,0.019442426,0.043512437,0.046787348,0.019883165,0.026250476,0.02570124,0.03593815,0.017726155,-0.04854481,-0.024148485,-0.011650185,-0.033082455,-0.024872627,-0.017596062,0.004650851,0.009111826,-0.017850962,-0.009651283,-0.02733906,-0.033235047,0.0038308972,0.024043493
systems engineering mbse,0.5857374,0.38488087,0.21754828,-0.08725693,0.084156916,0.0048043355,-0.19675596,-0.014011331,0.45463356,-0.01718129,0.25853902,0.028088592,-0.18073285,0.12506999,-0.110352255,0.11664654,-0.14989671,-0.07574456,-0.045957766,0.06145523,-0.04566996,-0.0026024766,0.052120246,0.024245266,0.024192039,0.012025048,-0.00872386,0.0022616365,0.07990954,-0.039013863,-0.0070522055,0.044711962,0.0055267154,0.024137462,0.026651002,0.034203324,-0.021617066,-0.018880604,0.0043296595,0.023831377,0.0191501,0.008243475,0.0003530218,0.028230824,0.004783008,0.04676134,0.012650815,-0.02063934,-0.029877184,-0.00550472
systems engineering management,0.7138378,0.4557472,0.15833874,0.09344628,0.1291368,-0.16352797,0.062730454,-0.043224964,-0.017166497,-0.022776859,0.1871084,-0.044464312,-0.011962453,0.15110965,0.007475507,-0.08436677,-0.016961511,0.013595452,0.023226345,-0.08816825,0.094192825,0.03695389,0.08213899,-0.07323909,-0.100837044,0.20091523,0.011125229,-0.07008589,0.019505542,-0.0124752065,-0.03349361,0.026478851,-0.030199572,0.08012838,0.033252385,0.05148868,0.08488878,-0.03019226,-0.014720021,-0.029207816,-0.045724522,0.038892873,-0.058425896,-0.017749345,0.09120558,-0.054194577,0.033644218,0.004495811,-0.035655327,0.03745131
complex systems engineering,0.61030936,0.50743526,0.15501112,0.15528478,0.10976623,0.08655084,0.049674034,-0.008460375,-0.14914662,0.06466346,-0.07854386,-0.011505029,-0.05700548,0.065820344,0.016140822,-0.16924769,-0.08909923,-0.11576515,0.0811262,0.15441221,0.02333768,0.12666285,0.11918058,0.084505856,-0.030884674,0.07842023,-0.04092647,-0.0950258,0.06283461,0.0014819385,0.041351862,-0.09223307,-0.22119182,0.122579984,-0.07259846,-0.009666689,0.13756107,-0.05815101,0.085908614,-0.008373065,-0.022828953,-0.0033361968,0.019458937,0.034233168,-0.03288218,0.042317245,-0.056591835,0.0048731435,0.007885646,-0.04010549
model based system design,0.392302,0.5290092,0.25082856,0.08680074,0.12730041,0.16612318,-0.08343258,-0.1677271,-0.092949875,0.048634373,-0.19219932,-0.310194,-0.028369132,-0.27754793,-0.07257564,-0.15321419,-0.15972397,-0.1545343,-0.030988496,-0.003992403,-0.044373587,-0.04403155,-0.14346161,0.007688515,0.056399953,-0.024713513,-0.040579125,-0.02640024,-0.07504672,0.09769467,0.07718969,0.032866515,0.14748213,-0.040509168,-0.018430475,-0.10694124,-0.044503637,-0.019357903,-0.041310407,-0.015651386,0.06615571,-0.03076622,0.009935844,-0.035086196,0.035021335,0.0012852638,0.0040384866,-0.12206547,-0.02325969,0.008820426
systems engineering for manufacturing,0.62861574,0.57109725,0.12023953,0.05570936,0.1768844,-0.020093052,-8.949237e-05,0.050648186,-0.10201759,0.035871457,0.079026386,-0.017605504,0.11077299,0.20039232,-0.035992604,-0.17914377,-0.07758889,0.07245837,-0.009676066,0.10849261,-0.014883361,-0.04107307,-0.025091715,0.1297734,-0.050550554,0.078646705,0.10583372,0.05115079,0.027950322,-0.09150911,-0.033261605,0.018657051,0.101470545,-0.009757335,0.006847607,-0.063770376,0.022855991,-0.032266103,0.03849993,-0.07883296,-0.0018515984,0.08342683,0.014793179,0.045356367,-0.0146287475,0.020298742,0.021050273,-0.072401606,0.088350706,0.001965303
systems engineering training online,0.7608243,0.0009526314,0.17052715,0.23200886,0.4128151,0.09208134,-0.03251853,-0.048559163,0.03236009,0.07344572,0.23715222,0.013077486,0.077466555,-0.016376736,0.053473964,0.10700506,0.07339112,0.110574335,0.15432125,-0.05721288,0.091076724,-0.016283287,0.015343751,-0.016036978,-0.067599945,0.020476282,-0.0055657895,0.0445202,-0.036648363,-0.0016394482,-0.0498662,-0.027639966,-0.024797123,0.0016938447,0.0053189225,0.020356556,0.021629276,0.010623614,0.021686517,0.01781716,0.031106438,0.003887943,-0.00041015557,0.0457791,-0.01873939,0.03432579,-0.0047727353,-0.0021760731,0.008805231,0.00044545153
computer systems engineering courses,0.78561985,0.09321492,0.19006148,0.29528812,0.1461861,-0.13155496,0.26895145,-0.023798468,0.08000066,0.04262529,-0.08797195,0.13231975,-0.08696673,0.14010662,0.03417766,0.073934466,-0.035863955,-0.085571505,-0.12256394,-0.05180649,-0.103545904,-0.023802843,-0.0043326244,-0.04030987,-0.058175456,-0.06325836,0.060289398,0.04135123,0.011837342,0.018558258,-0.045232814,0.026538664,0.033505354,-0.01067979,-0.05869185,0.046958756,0.021548945,-0.062449303,-0.0003285829,-0.002748968,-0.0040443437,-0.017766304,-0.05097852,0.03681461,0.024476679,0.0025966906,-0.021672662,-0.005889574,-0.0075138886,-1.33303665e-05
mbse examples,0.3728533,0.15143745,0.113772854,-0.1682077,-0.048239995,0.1460365,-0.19249259,0.086792365,0.6703102,0.029153388,0.15047868,-0.06583111,-0.23458111,0.060781233,-0.12805353,0.087363414,-0.20083049,-0.06376819,-0.054175645,0.04796979,-0.08376396,0.0027321933,0.09392747,-0.040178366,0.07305258,-0.036236357,-0.062890545,-0.07410832,0.13287084,-0.029446518,0.06511058,0.034269135,0.0062319236,-0.05290449,0.0370941,0.07688011,-0.0574894,-0.06595137,-0.03248784,-0.055585,-0.014936199,-0.021840286,0.0712695,0.05389409,-0.08425336,0.09238147,0.057105534,0.077929065,-0.017099425,-0.07534684
mbse online training,0.5268293,-0.2466651,0.07780225,-0.020013219,0.1744163,0.2532945,-0.25768414,0.052466337,0.5736028,0.011786184,0.2685444,-0.099554725,-0.077044636,-0.03994505,-0.056192182,0.12409665,-0.11661212,0.033573426,0.07254789,0.07400005,0.06549263,-0.0045340275,-0.021396663,0.09986706,-0.014050386,0.030618425,-0.01099925,0.026349463,-0.032858904,-0.029431004,0.03669926,-0.023031246,-0.02092757,-0.004571736,0.009314736,0.032977592,0.032216728,0.027556045,0.006760401,0.021761397,0.051849548,0.010640438,0.014745102,-0.015285806,-0.009998291,0.022565644,-0.0009097755,-0.0009184557,-0.017260512,-0.0074114455
engineering professional development course,0.71173316,-0.1171509,-0.06563812,-0.13559985,0.17807701,-0.12123275,0.29764014,0.19457982,-0.019328712,-0.26540077,-0.028841255,-0.08206924,-0.035011485,-0.02205924,-0.107150495,0.05508507,0.14784391,0.07197462,-0.01962397,-0.007243759,-0.04635955,-0.08564882,-0.11520648,-0.116117716,0.023157874,-0.056373835,-0.04635267,-0.14300944,-0.0018146718,0.02101709,0.13148436,0.037049677,-0.0102751935,0.19558877,0.018667731,0.05228082,0.042234387,0.042385798,0.019210976,-0.008996965,-0.030194683,-0.11721442,0.013453755,-0.0472464,-0.001385656,0.05423942,0.041161172,-0.050461214,-0.09786548,-0.033374626
incose systems engineering course,0.734169,0.12208573,0.07281142,0.10043884,0.18931289,-0.07937627,0.16810536,0.00027930317,-0.027782232,-0.017429417,-0.065385826,0.08419984,-0.067476116,0.1178026,-0.022459857,-0.10242023,-0.06415202,-0.0027159108,0.06320251,-0.012628635,-0.06348065,-0.2019393,-0.056431845,0.09450563,0.094891295,-0.12858853,-0.05384196,-0.19005734,0.1932198,-0.029276405,-0.19924513,-0.052148655,-0.1379299,0.009461756,0.033149105,0.07791301,-0.037376232,-0.013871923,-0.027880441,0.18918584,0.087483555,-0.118458845,-0.028393555,-0.024516461,0.08552547,0.04272324,0.089522,0.007513435,0.055027943,0.01709241
mit online certificate engineering,0.62617856,-0.3469729,0.26167953,-0.41468403,0.09150822,0.13382791,-0.30412886,-0.007566607,-0.22671649,0.05506754,-0.049483843,0.0712965,0.09109031,0.103744194,-0.0395859,0.075880826,-0.051098466,-0.020215139,-0.057605654,-0.0057713618,0.043641884,0.04688531,-0.034816813,-0.0333173,0.017512882,0.07471744,0.007892643,-0.07089395,-0.029052228,-0.017803537,-0.00651143,0.051565643,-0.029946353,0.008437377,-0.0078722425,0.029461462,0.022644537,-0.04183234,0.04882098,0.017441552,-0.016046565,0.018549936,-0.022921965,0.0097108735,0.0047028395,-0.01733457,-0.036908522,-0.014865361,0.038505588,-0.02813108
mit professional development certificate,0.5196974,-0.29750136,0.2827256,-0.54559475,-0.10052147,-0.1034574,-0.029544165,-0.048559006,-0.08312188,-0.011661123,-0.015154699,0.073307194,0.13341631,-0.09334842,0.018289676,-0.015501991,0.11807224,0.10189242,0.08735604,0.027794292,-0.050206933,-0.06457535,-0.13541073,-0.08393307,0.03607901,-0.11303122,0.06822844,-0.12990153,-0.103645355,-0.029372597,0.121124364,-0.02421719,-0.0018060051,0.14708915,-0.017692134,-0.03645832,0.0489417,-0.015026428,0.12675416,0.0030791373,-0.05357922,-0.09378954,-0.024629256,-0.02048447,0.007824405,0.094973154,0.029395888,-0.004278233,-0.08533219,-0.02896865
systems engineering certification online,0.7420784,-0.10540826,0.27646163,-0.03298316,0.4051593,-0.09298759,-0.28805524,-0.086137354,-0.08329605,0.051925823,0.039928287,0.04980726,-0.0050959587,0.11991602,0.1055663,-0.053598147,0.09195172,-0.053788014,0.06847445,-0.05886226,0.006105847,0.041948926,0.029356569,-0.0086622,0.06347236,0.016098712,0.024078097,0.106671065,0.019263525,-0.04411154,-0.07084955,-0.0068247034,0.011266638,-0.017176704,0.031495694,-0.0057486077,-0.026744073,0.03818035,-0.020896003,-0.027795658,0.0070817103,0.0035642444,0.0069789914,0.013915892,-0.029133638,0.001662049,-0.03806054,0.036449753,-0.0264252,-0.0058739525
online mbse training,0.519709,-0.23882541,0.067261055,0.001303582,0.21495709,0.27452433,-0.26531643,0.0511869,0.55912435,0.0003767806,0.2769867,-0.07100305,-0.104452975,-0.036005493,-0.05673163,0.11372693,-0.12245281,0.036377773,0.05415557,0.08041463,0.044215832,0.016723314,-0.018373523,0.082063,-0.015003379,0.03181487,0.017281279,0.04193149,-0.024397645,-0.026882246,0.030557182,-0.027590448,-0.001422226,0.007722535,0.017626237,0.034203213,0.04923464,0.0021315506,0.007428095,-0.0056136134,0.06235523,0.009151647,0.01912962,0.01289769,-0.01794951,0.007125881,-0.0028214268,-0.01707959,-0.018692164,0.009956228
aerospace systems engineering course,0.75240844,0.11000728,-0.45041808,0.11111101,0.16043648,-0.14737016,0.12149269,-0.24214724,0.041904658,0.035751548,-0.077866465,0.08231677,0.022617962,0.06686018,0.041952766,0.06760505,0.024892237,-0.06255857,-0.10015911,-0.03876606,-0.03181637,-0.13017996,-0.028236352,0.063448794,0.04036307,-0.007848163,-0.0782807,-0.04272614,-0.040030677,-0.00962906,0.024677267,0.001901722,-0.0046467017,-0.015774414,-0.00061100145,-0.029748049,-0.00047022986,0.011828795,-0.016686123,0.027465487,0.017292073,0.04133393,0.015031632,-0.03508625,0.038625646,-0.0008975282,0.009416772,0.005540916,0.010439979,0.014221256
